20251210;00:00:05;-0,5;0,0;0,0;0,0;50,0;Подготовка;
20251210;00:00:10;-0,5;0,0;0,0;0,0;50,0;Подготовка;
20251210;00:00:15;-0,5;0,0;0,0;0,0;50,0;Подготовка;
20251210;00:00:20;-0,5;0,0;0,0;0,0;50,0;Подготовка;
20251210;00:00:26;-0,5;0,0;0,0;0,0;50,0;Подготовка;
20251210;00:00:31;-0,5;0,0;0,0;0,0;50,0;Подготовка;
20251210;00:00:36;-0,5;0,0;0,0;0,0;50,0;Подготовка;
20251210;00:00:41;-0,5;0,0;0,0;0,0;50,0;Подготовка;
20251210;00:00:46;-0,5;0,0;0,0;0,0;50,0;Подготовка;
20251210;00:00:51;-0,5;0,0;0,0;0,0;50,0;Подготовка;
20251210;00:00:56;-0,5;0,0;0,0;0,0;50,0;Подготовка;
20251210;00:01:01;-0,5;0,0;0,0;0,0;50,0;Подготовка;
20251210;00:01:06;-0,5;0,0;0,0;0,0;50,0;Подготовка;
20251210;00:01:11;-0,5;0,0;0,0;0,0;50,0;Подготовка;
20251210;00:01:16;-0,5;0,0;0,0;0,0;50,0;Подготовка;
20251210;00:01:21;-0,5;0,0;0,0;0,0;50,0;Подготовка;
20251210;00:01:26;-0,5;0,0;0,0;0,0;50,0;Подготовка;
20251210;00:01:31;-0,5;0,0;0,0;0,0;50,0;Подготовка;
20251210;00:01:36;-0,5;0,0;0,0;0,0;50,0;Подготовка;
20251210;00:01:41;-0,5;0,0;0,0;0,0;50,0;Подготовка;
20251210;00:01:46;-0,5;0,0;0,0;0,0;50,0;Подготовка;
20251210;00:01:51;-0,5;0,0;0,0;0,0;50,0;Подготовка;
20251210;00:01:56;-0,5;0,0;0,0;0,0;50,0;Подготовка;
20251210;00:02:01;-0,5;0,0;0,0;0,0;50,0;Подготовка;
20251210;00:02:06;-0,5;0,0;0,0;0,0;50,0;Подготовка;
20251210;00:02:11;-0,5;0,0;0,0;0,0;50,0;Подготовка;
20251210;00:02:16;-0,5;0,0;0,0;0,0;50,0;Подготовка;
20251210;00:02:21;-0,5;0,0;0,0;0,0;50,0;Подготовка;
20251210;00:02:26;-0,5;0,0;0,0;0,0;50,0;Подготовка;
20251210;00:02:32;-0,5;0,0;0,0;0,0;50,0;Подготовка;
20251210;00:02:37;-0,5;0,0;0,0;0,0;50,0;Подготовка;
20251210;00:02:42;-0,5;0,0;0,0;0,0;50,0;Подготовка;
20251210;00:02:47;-0,5;0,0;0,0;0,0;50,0;Подготовка;
20251210;00:02:52;-0,5;0,0;0,0;0,0;50,0;Подготовка;
20251210;00:02:57;-0,5;0,0;0,0;0,0;50,0;Подготовка;
20251210;00:03:02;-0,5;0,0;0,0;0,0;50,0;Подготовка;
20251210;00:03:07;-0,5;0,0;0,0;0,0;50,0;Подготовка;
20251210;00:03:12;-0,5;0,0;0,0;0,0;50,0;Подготовка;
20251210;00:03:17;-0,5;0,0;0,0;0,0;50,0;Подготовка;
20251210;00:03:22;-0,5;0,0;0,0;0,0;50,0;Подготовка;
20251210;00:03:27;-0,5;0,0;0,0;0,0;50,0;Подготовка;
20251210;00:03:32;-0,5;0,0;0,0;0,0;50,0;Подготовка;
20251210;00:03:37;-0,5;0,0;0,0;0,0;50,0;Подготовка;
20251210;00:03:42;-0,5;0,0;0,0;0,0;50,0;Подготовка;
20251210;00:03:47;-0,5;0,0;0,0;0,0;50,0;Подготовка;
20251210;00:03:52;-0,5;0,0;0,0;0,0;50,0;Подготовка;
20251210;00:03:57;-0,5;0,0;0,0;0,0;50,0;Подготовка;
20251210;00:04:02;-0,5;0,0;0,0;0,0;50,0;Подготовка;
20251210;00:04:07;-0,5;0,0;0,0;0,0;50,0;Подготовка;
20251210;00:04:12;-0,5;0,0;0,0;0,0;50,0;Подготовка;
20251210;00:04:17;-0,5;0,0;0,0;0,0;50,0;Подготовка;
20251210;00:04:22;-0,5;0,0;0,0;0,0;50,0;Подготовка;
20251210;00:04:27;-0,5;0,0;0,0;0,0;50,0;Подготовка;
20251210;00:04:32;-0,5;0,0;0,0;0,0;50,0;Подготовка;
20251210;00:04:38;-0,5;0,0;0,0;0,0;50,0;Подготовка;
20251210;00:04:43;-0,5;0,0;0,0;0,0;50,0;Подготовка;
20251210;00:04:48;-0,5;0,0;0,0;0,0;50,0;Подготовка;
20251210;00:04:53;-0,5;0,0;0,0;0,0;50,0;Подготовка;
20251210;00:04:58;-0,5;0,0;0,0;0,0;50,0;Подготовка;
20251210;00:05:03;-0,5;0,0;0,0;0,0;50,0;Подготовка;
20251210;00:05:08;-0,5;0,0;0,0;0,0;50,0;Подготовка;
20251210;00:05:13;-0,5;0,0;0,0;0,0;50,0;Подготовка;
20251210;00:05:18;-0,5;0,0;0,0;0,0;50,0;Подготовка;
20251210;00:05:23;-0,5;0,0;0,0;0,0;50,0;Подготовка;
20251210;00:05:28;-0,5;0,0;0,0;0,0;50,0;Подготовка;
20251210;00:05:33;-0,5;0,0;0,0;0,0;50,0;Подготовка;
20251210;00:05:38;-0,5;0,0;0,0;0,0;50,0;Подготовка;
20251210;00:05:43;-0,5;0,0;0,0;0,0;50,0;Подготовка;
20251210;00:05:48;-0,5;0,0;0,0;0,0;50,0;Подготовка;
20251210;00:05:53;-0,5;0,0;0,0;0,0;50,0;Подготовка;
20251210;00:05:58;-0,5;0,0;0,0;0,0;50,0;Подготовка;
20251210;00:06:03;-0,5;0,0;0,0;0,0;50,0;Подготовка;
20251210;00:06:08;-0,5;0,0;0,0;0,0;50,0;Подготовка;
20251210;00:06:13;-0,5;0,0;0,0;0,0;50,0;Подготовка;
20251210;00:06:18;-0,5;0,0;0,0;0,0;50,0;Подготовка;
20251210;00:06:23;-0,5;0,0;0,0;0,0;50,0;Подготовка;
20251210;00:06:28;-0,5;0,0;0,0;0,0;50,0;Подготовка;
20251210;00:06:33;-0,5;0,0;0,0;0,0;50,0;Подготовка;
20251210;00:06:38;-0,5;0,0;0,0;0,0;50,0;Подготовка;
20251210;00:06:44;-0,5;0,0;0,0;0,0;50,0;Подготовка;
20251210;00:06:49;-0,5;0,0;0,0;0,0;50,0;Подготовка;
20251210;00:06:54;-0,5;0,0;0,0;0,0;50,0;Подготовка;
20251210;00:06:59;-0,5;0,0;0,0;0,0;50,0;Подготовка;
20251210;00:07:04;-0,5;0,0;0,0;0,0;50,0;Подготовка;
20251210;00:07:09;-0,5;0,0;0,0;0,0;50,0;Подготовка;
20251210;00:07:14;-0,5;0,0;0,0;0,0;50,0;Подготовка;
20251210;00:07:19;-0,5;0,0;0,0;0,0;50,0;Подготовка;
20251210;00:07:24;-0,5;0,0;0,0;0,0;50,0;Подготовка;
20251210;00:07:29;-0,5;0,0;0,0;0,0;50,0;Подготовка;
20251210;00:07:34;-0,5;0,0;0,0;0,0;50,0;Подготовка;
20251210;00:07:39;-0,5;0,0;0,0;0,0;50,0;Подготовка;
20251210;00:07:44;-0,5;0,0;0,0;0,0;50,0;Подготовка;
20251210;00:07:49;-0,5;0,0;0,0;0,0;50,0;Подготовка;
20251210;00:07:54;-0,5;0,0;0,0;0,0;50,0;Подготовка;
20251210;00:07:59;-0,5;0,0;0,0;0,0;50,0;Подготовка;
20251210;00:08:04;-0,5;0,0;0,0;0,0;50,0;Подготовка;
20251210;00:08:09;-0,5;0,0;0,0;0,0;50,0;Подготовка;
20251210;00:08:14;-0,5;0,0;0,0;0,0;50,0;Подготовка;
20251210;00:08:19;-0,5;0,0;0,0;0,0;50,0;Подготовка;
20251210;00:08:24;-0,5;0,0;0,0;0,0;50,0;Подготовка;
20251210;00:08:29;-0,5;0,0;0,0;0,0;50,0;Подготовка;
20251210;00:08:34;-0,5;0,0;0,0;0,0;50,0;Подготовка;
20251210;00:08:39;-0,5;0,0;0,0;0,0;50,0;Подготовка;
20251210;00:08:44;-0,5;0,0;0,0;0,0;50,0;Подготовка;
20251210;00:08:50;-0,5;0,0;0,0;0,0;50,0;Подготовка;
20251210;00:08:55;-0,5;0,0;0,0;0,0;50,0;Подготовка;
20251210;00:09:00;-0,5;0,0;0,0;0,0;50,0;Подготовка;
20251210;00:09:05;-0,5;0,0;0,0;0,0;50,0;Подготовка;
20251210;00:09:10;-0,5;0,0;0,0;0,0;50,0;Подготовка;
20251210;00:09:15;-0,5;0,0;0,0;0,0;50,0;Подготовка;
20251210;00:09:20;-0,5;0,0;0,0;0,0;50,0;Подготовка;
20251210;00:09:25;-0,5;0,0;0,0;0,0;50,0;Подготовка;
20251210;00:09:30;-0,5;0,0;0,0;0,0;50,0;Подготовка;
20251210;00:09:35;-0,5;0,0;0,0;0,0;50,0;Подготовка;
20251210;00:09:40;-0,5;0,0;0,0;0,0;50,0;Подготовка;
20251210;00:09:45;-0,5;0,0;0,0;0,0;50,0;Подготовка;
20251210;00:09:50;-0,5;0,0;0,0;0,0;50,0;Подготовка;
20251210;00:09:55;-0,5;0,0;0,0;0,0;50,0;Подготовка;
20251210;00:10:00;-0,5;0,0;0,0;0,0;50,0;Подготовка;
20251210;00:10:05;-0,5;0,0;0,0;0,0;50,0;Подготовка;
20251210;00:10:10;-0,5;0,0;0,0;0,0;50,0;Подготовка;
20251210;00:10:15;-0,5;0,0;0,0;0,0;50,0;Подготовка;
20251210;00:10:20;-0,5;0,0;0,0;0,0;50,0;Подготовка;
20251210;00:10:25;-0,5;0,0;0,0;0,0;50,0;Подготовка;
20251210;00:10:30;-0,5;0,0;0,0;0,0;50,0;Подготовка;
20251210;00:10:35;-0,5;0,0;0,0;0,0;50,0;Подготовка;
20251210;00:10:40;-0,5;0,0;0,0;0,0;50,0;Подготовка;
20251210;00:10:45;-0,5;0,0;0,0;0,0;50,0;Подготовка;
20251210;00:10:50;-0,5;0,0;0,0;0,0;50,0;Подготовка;
20251210;00:10:56;-0,5;0,0;0,0;0,0;50,0;Подготовка;
20251210;00:11:01;-0,5;0,0;0,0;0,0;50,0;Подготовка;
20251210;00:11:06;-0,5;0,0;0,0;0,0;50,0;Подготовка;
20251210;00:11:11;-0,5;0,0;0,0;0,0;50,0;Подготовка;
20251210;00:11:16;-0,5;0,0;0,0;0,0;50,0;Подготовка;
20251210;00:11:21;-0,5;0,0;0,0;0,0;50,0;Подготовка;
20251210;00:11:26;-0,5;0,0;0,0;0,0;50,0;Подготовка;
20251210;00:11:31;-0,5;0,0;0,0;0,0;50,0;Подготовка;
20251210;00:11:36;-0,5;0,0;0,0;0,0;50,0;Подготовка;
20251210;00:11:41;-0,5;0,0;0,0;0,0;50,0;Подготовка;
20251210;00:11:46;-0,5;0,0;0,0;0,0;50,0;Подготовка;
20251210;00:11:51;-0,5;0,0;0,0;0,0;50,0;Подготовка;
20251210;00:11:56;-0,5;0,0;0,0;0,0;50,0;Подготовка;
20251210;00:12:01;-0,5;0,0;0,0;0,0;50,0;Подготовка;
20251210;00:12:06;-0,5;0,0;0,0;0,0;50,0;Подготовка;
20251210;00:12:11;-0,5;0,0;0,0;0,0;50,0;Подготовка;
20251210;00:12:16;-0,5;0,0;0,0;0,0;50,0;Подготовка;
20251210;00:12:21;-0,5;0,0;0,0;0,0;50,0;Подготовка;
20251210;00:12:26;-0,5;0,0;0,0;0,0;50,0;Подготовка;
20251210;00:12:31;-0,5;0,0;0,0;0,0;50,0;Подготовка;
20251210;00:12:36;-0,5;0,0;0,0;0,0;50,0;Подготовка;
20251210;00:12:41;-0,5;0,0;0,0;0,0;50,0;Подготовка;
20251210;00:12:46;-0,5;0,0;0,0;0,0;50,0;Подготовка;
20251210;00:12:51;-0,5;0,0;0,0;0,0;50,0;Подготовка;
20251210;00:12:56;-0,5;0,0;0,0;0,0;50,0;Подготовка;
20251210;00:13:02;-0,5;0,0;0,0;0,0;50,0;Подготовка;
20251210;00:13:07;-0,5;0,0;0,0;0,0;50,0;Подготовка;
20251210;00:13:12;-0,5;0,0;0,0;0,0;50,0;Подготовка;
20251210;00:13:17;-0,5;0,0;0,0;0,0;50,0;Подготовка;
20251210;00:13:22;-0,5;0,0;0,0;0,0;50,0;Подготовка;
20251210;00:13:27;-0,5;0,0;0,0;0,0;50,0;Подготовка;
20251210;00:13:32;-0,5;0,0;0,0;0,0;50,0;Подготовка;
20251210;00:13:37;-0,5;0,0;0,0;0,0;50,0;Подготовка;
20251210;00:13:42;-0,5;0,0;0,0;0,0;50,0;Подготовка;
20251210;00:13:47;-0,5;0,0;0,0;0,0;50,0;Подготовка;
20251210;00:13:52;-0,5;0,0;0,0;0,0;50,0;Подготовка;
20251210;00:13:57;-0,5;0,0;0,0;0,0;50,0;Подготовка;
20251210;00:14:02;-0,5;0,0;0,0;0,0;50,0;Подготовка;
20251210;00:14:07;-0,5;0,0;0,0;0,0;50,0;Подготовка;
20251210;00:14:12;-0,5;0,0;0,0;0,0;50,0;Подготовка;
20251210;00:14:17;-0,5;0,0;0,0;0,0;50,0;Подготовка;
20251210;00:14:22;-0,5;0,0;0,0;0,0;50,0;Подготовка;
20251210;00:14:27;-0,5;0,0;0,0;0,0;50,0;Подготовка;
20251210;00:14:32;-0,5;0,0;0,0;0,0;50,0;Подготовка;
20251210;00:14:37;-0,5;0,0;0,0;0,0;50,0;Подготовка;
20251210;00:14:42;-0,5;0,0;0,0;0,0;50,0;Подготовка;
20251210;00:14:47;-0,5;0,0;0,0;0,0;50,0;Подготовка;
20251210;00:14:52;-0,5;0,0;0,0;0,0;50,0;Подготовка;
20251210;00:14:57;-0,5;0,0;0,0;0,0;50,0;Подготовка;
20251210;00:15:02;-0,5;0,0;0,0;0,0;50,0;Подготовка;
20251210;00:15:08;-0,5;0,0;0,0;0,0;50,0;Подготовка;
20251210;00:15:13;-0,5;0,0;0,0;0,0;50,0;Подготовка;
20251210;00:15:18;-0,5;0,0;0,0;0,0;50,0;Подготовка;
20251210;00:15:23;-0,5;0,0;0,0;0,0;50,0;Подготовка;
20251210;00:15:28;-0,5;0,0;0,0;0,0;50,0;Подготовка;
20251210;00:15:33;-0,5;0,0;0,0;0,0;50,0;Подготовка;
20251210;00:15:38;-0,5;0,0;0,0;0,0;50,0;Подготовка;
20251210;00:15:43;-0,5;0,0;0,0;0,0;50,0;Подготовка;
20251210;00:15:48;-0,5;0,0;0,0;0,0;50,0;Подготовка;
20251210;00:15:53;-0,5;0,0;0,0;0,0;50,0;Подготовка;
20251210;00:15:58;-0,5;0,0;0,0;0,0;50,0;Подготовка;
20251210;00:16:03;-0,5;0,0;0,0;0,0;50,0;Подготовка;
20251210;00:16:08;-0,5;0,0;0,0;0,0;50,0;Подготовка;
20251210;00:16:13;-0,5;0,0;0,0;0,0;50,0;Подготовка;
20251210;00:16:18;-0,5;0,0;0,0;0,0;50,0;Подготовка;
20251210;00:16:23;-0,5;0,0;0,0;0,0;50,0;Подготовка;
20251210;00:16:28;-0,5;0,0;0,0;0,0;50,0;Подготовка;
20251210;00:16:33;-0,5;0,0;0,0;0,0;50,0;Подготовка;
20251210;00:16:38;-0,5;0,0;0,0;0,0;50,0;Подготовка;
20251210;00:16:43;-0,5;0,0;0,0;0,0;50,0;Подготовка;
20251210;00:16:48;-0,5;0,0;0,0;0,0;50,0;Подготовка;
20251210;00:16:53;-0,5;0,0;0,0;0,0;50,0;Подготовка;
20251210;00:16:58;-0,5;0,0;0,0;0,0;50,0;Подготовка;
20251210;00:17:03;-0,5;0,0;0,0;0,0;50,0;Подготовка;
20251210;00:17:08;-0,5;0,0;0,0;0,0;50,0;Подготовка;
20251210;00:17:14;-0,5;0,0;0,0;0,0;50,0;Подготовка;
20251210;00:17:19;-0,5;0,0;0,0;0,0;50,0;Подготовка;
20251210;00:17:24;-0,5;0,0;0,0;0,0;50,0;Подготовка;
20251210;00:17:29;-0,5;0,0;0,0;0,0;50,0;Подготовка;
20251210;00:17:34;-0,5;0,0;0,0;0,0;50,0;Подготовка;
20251210;00:17:39;-0,5;0,0;0,0;0,0;50,0;Подготовка;
20251210;00:17:44;-0,5;0,0;0,0;0,0;50,0;Подготовка;
20251210;00:17:49;-0,5;0,0;0,0;0,0;50,0;Подготовка;
20251210;00:17:54;-0,5;0,0;0,0;0,0;50,0;Подготовка;
20251210;00:17:59;-0,5;0,0;0,0;0,0;50,0;Подготовка;
20251210;00:18:04;-0,5;0,0;0,0;0,0;50,0;Подготовка;
20251210;00:18:09;-0,5;0,0;0,0;0,0;50,0;Подготовка;
20251210;00:18:14;-0,5;0,0;0,0;0,0;50,0;Подготовка;
20251210;00:18:19;-0,5;0,0;0,0;0,0;50,0;Подготовка;
20251210;00:18:24;-0,5;0,0;0,0;0,0;50,0;Подготовка;
20251210;00:18:29;-0,5;0,0;0,0;0,0;50,0;Подготовка;
20251210;00:18:34;-0,5;0,0;0,0;0,0;50,0;Подготовка;
20251210;00:18:39;-0,5;0,0;0,0;0,0;50,0;Подготовка;
20251210;00:18:44;-0,5;0,0;0,0;0,0;50,0;Подготовка;
20251210;00:18:49;-0,5;0,0;0,0;0,0;50,0;Подготовка;
20251210;00:18:54;-0,5;0,0;0,0;0,0;50,0;Подготовка;
20251210;00:18:59;-0,5;0,0;0,0;0,0;50,0;Подготовка;
20251210;00:19:04;-0,5;0,0;0,0;0,0;50,0;Подготовка;
20251210;00:19:09;-0,5;0,0;0,0;0,0;50,0;Подготовка;
20251210;00:19:14;-0,5;0,0;0,0;0,0;50,0;Подготовка;
20251210;00:19:20;-0,5;0,0;0,0;0,0;50,0;Подготовка;
20251210;00:19:25;-0,5;0,0;0,0;0,0;50,0;Подготовка;
20251210;00:19:30;-0,5;0,0;0,0;0,0;50,0;Подготовка;
20251210;00:19:35;-0,5;0,0;0,0;0,0;50,0;Подготовка;
20251210;00:19:40;-0,5;0,0;0,0;0,0;50,0;Подготовка;
20251210;00:19:45;-0,5;0,0;0,0;0,0;50,0;Подготовка;
20251210;00:19:50;-0,5;0,0;0,0;0,0;50,0;Подготовка;
20251210;00:19:55;-0,5;0,0;0,0;0,0;50,0;Подготовка;
20251210;00:20:00;-0,5;0,0;0,0;0,0;50,0;Подготовка;
20251210;00:20:05;-0,5;0,0;0,0;0,0;50,0;Подготовка;
20251210;00:20:10;-0,5;0,0;0,0;0,0;50,0;Подготовка;
20251210;00:20:15;-0,5;0,0;0,0;0,0;50,0;Подготовка;
20251210;00:20:20;-0,5;0,0;0,0;0,0;50,0;Подготовка;
20251210;00:20:25;-0,5;0,0;0,0;0,0;50,0;Подготовка;
20251210;00:20:30;-0,5;0,0;0,0;0,0;50,0;Подготовка;
20251210;00:20:35;-0,5;0,0;0,0;0,0;50,0;Подготовка;
20251210;00:20:40;-0,5;0,0;0,0;0,0;50,0;Подготовка;
20251210;00:20:45;-0,5;0,0;0,0;0,0;50,0;Подготовка;
20251210;00:20:50;-0,5;0,0;0,0;0,0;50,0;Подготовка;
20251210;00:20:55;-0,5;0,0;0,0;0,0;50,0;Подготовка;
20251210;00:21:00;-0,5;0,0;0,0;0,0;50,0;Подготовка;
20251210;00:21:05;-0,5;0,0;0,0;0,0;50,0;Подготовка;
20251210;00:21:10;-0,5;0,0;0,0;0,0;50,0;Подготовка;
20251210;00:21:15;-0,5;0,0;0,0;0,0;50,0;Подготовка;
20251210;00:21:20;-0,5;0,0;0,0;0,0;50,0;Подготовка;
20251210;00:21:26;-0,5;0,0;0,0;0,0;50,0;Подготовка;
20251210;00:21:31;-0,5;0,0;0,0;0,0;50,0;Подготовка;
20251210;00:21:36;-0,5;0,0;0,0;0,0;50,0;Подготовка;
20251210;00:21:41;-0,5;0,0;0,0;0,0;50,0;Подготовка;
20251210;00:21:46;-0,5;0,0;0,0;0,0;50,0;Подготовка;
20251210;00:21:51;-0,5;0,0;0,0;0,0;50,0;Подготовка;
20251210;00:21:56;-0,5;0,0;0,0;0,0;50,0;Подготовка;
20251210;00:22:01;-0,5;0,0;0,0;0,0;50,0;Подготовка;
20251210;00:22:06;-0,5;0,0;0,0;0,0;50,0;Подготовка;
20251210;00:22:11;-0,5;0,0;0,0;0,0;50,0;Подготовка;
20251210;00:22:16;-0,5;0,0;0,0;0,0;50,0;Подготовка;
20251210;00:22:21;-0,5;0,0;0,0;0,0;50,0;Подготовка;
20251210;00:22:26;-0,5;0,0;0,0;0,0;50,0;Подготовка;
20251210;00:22:31;-0,5;0,0;0,0;0,0;50,0;Подготовка;
20251210;00:22:36;-0,5;0,0;0,0;0,0;50,0;Подготовка;
20251210;00:22:41;-0,5;0,0;0,0;0,0;50,0;Подготовка;
20251210;00:22:46;-0,5;0,0;0,0;0,0;50,0;Подготовка;
20251210;00:22:51;-0,5;0,0;0,0;0,0;50,0;Подготовка;
20251210;00:22:56;-0,5;0,0;0,0;0,0;50,0;Подготовка;
20251210;00:23:01;-0,5;0,0;0,0;0,0;50,0;Подготовка;
20251210;00:23:06;-0,5;0,0;0,0;0,0;50,0;Подготовка;
20251210;00:23:11;-0,5;0,0;0,0;0,0;50,0;Подготовка;
20251210;00:23:16;-0,5;0,0;0,0;0,0;50,0;Подготовка;
20251210;00:23:21;-0,5;0,0;0,0;0,0;50,0;Подготовка;
20251210;00:23:26;-0,5;0,0;0,0;0,0;50,0;Подготовка;
20251210;00:23:32;-0,5;0,0;0,0;0,0;50,0;Подготовка;
20251210;00:23:37;-0,5;0,0;0,0;0,0;50,0;Подготовка;
20251210;00:23:42;-0,5;0,0;0,0;0,0;50,0;Подготовка;
20251210;00:23:47;-0,5;0,0;0,0;0,0;50,0;Подготовка;
20251210;00:23:52;-0,5;0,0;0,0;0,0;50,0;Подготовка;
20251210;00:23:57;-0,5;0,0;0,0;0,0;50,0;Подготовка;
20251210;00:24:02;-0,5;0,0;0,0;0,0;50,0;Подготовка;
20251210;00:24:07;-0,5;0,0;0,0;0,0;50,0;Подготовка;
20251210;00:24:12;-0,5;0,0;0,0;0,0;50,0;Подготовка;
20251210;00:24:17;-0,5;0,0;0,0;0,0;50,0;Подготовка;
20251210;00:24:22;-0,5;0,0;0,0;0,0;50,0;Подготовка;
20251210;00:24:27;-0,5;0,0;0,0;0,0;50,0;Подготовка;
20251210;00:24:32;-0,5;0,0;0,0;0,0;50,0;Подготовка;
20251210;00:24:37;-0,5;0,0;0,0;0,0;50,0;Подготовка;
20251210;00:24:42;-0,5;0,0;0,0;0,0;50,0;Подготовка;
20251210;00:24:47;-0,5;0,0;0,0;0,0;50,0;Подготовка;
20251210;00:24:52;-0,5;0,0;0,0;0,0;50,0;Подготовка;
20251210;00:24:57;-0,5;0,0;0,0;0,0;50,0;Подготовка;
20251210;00:25:02;-0,5;0,0;0,0;0,0;50,0;Подготовка;
20251210;00:25:07;-0,5;0,0;0,0;0,0;50,0;Подготовка;
20251210;00:25:12;-0,5;0,0;0,0;0,0;50,0;Подготовка;
20251210;00:25:17;-0,5;0,0;0,0;0,0;50,0;Подготовка;
20251210;00:25:22;-0,5;0,0;0,0;0,0;50,0;Подготовка;
20251210;00:25:27;-0,5;0,0;0,0;0,0;50,0;Подготовка;
20251210;00:25:32;-0,5;0,0;0,0;0,0;50,0;Подготовка;
20251210;00:25:38;-0,5;0,0;0,0;0,0;50,0;Подготовка;
20251210;00:25:43;-0,5;0,0;0,0;0,0;50,0;Подготовка;
20251210;00:25:48;-0,5;0,0;0,0;0,0;50,0;Подготовка;
20251210;00:25:53;-0,5;0,0;0,0;0,0;50,0;Подготовка;
20251210;00:25:58;-0,5;0,0;0,0;0,0;50,0;Подготовка;
20251210;00:26:03;-0,5;0,0;0,0;0,0;50,0;Подготовка;
20251210;00:26:08;-0,5;0,0;0,0;0,0;50,0;Подготовка;
20251210;00:26:13;-0,5;0,0;0,0;0,0;50,0;Подготовка;
20251210;00:26:18;-0,5;0,0;0,0;0,0;50,0;Подготовка;
20251210;00:26:23;-0,5;0,0;0,0;0,0;50,0;Подготовка;
20251210;00:26:28;-0,5;0,0;0,0;0,0;50,0;Подготовка;
20251210;00:26:33;-0,5;0,0;0,0;0,0;50,0;Подготовка;
20251210;00:26:38;-0,5;0,0;0,0;0,0;50,0;Подготовка;
20251210;00:26:43;-0,5;0,0;0,0;0,0;50,0;Подготовка;
20251210;00:26:48;-0,5;0,0;0,0;0,0;50,0;Подготовка;
20251210;00:26:53;-0,5;0,0;0,0;0,0;50,0;Подготовка;
20251210;00:26:58;-0,5;0,0;0,0;0,0;50,0;Подготовка;
20251210;00:27:03;-0,5;0,0;0,0;0,0;50,0;Подготовка;
20251210;00:27:08;-0,5;0,0;0,0;0,0;50,0;Подготовка;
20251210;00:27:13;-0,5;0,0;0,0;0,0;50,0;Подготовка;
20251210;00:27:18;-0,5;0,0;0,0;0,0;50,0;Подготовка;
20251210;00:27:23;-0,5;0,0;0,0;0,0;50,0;Подготовка;
20251210;00:27:28;-0,5;0,0;0,0;0,0;50,0;Подготовка;
20251210;00:27:33;-0,5;0,0;0,0;0,0;50,0;Подготовка;
20251210;00:27:38;-0,5;0,0;0,0;0,0;50,0;Подготовка;
20251210;00:27:44;-0,5;0,0;0,0;0,0;50,0;Подготовка;
20251210;00:27:49;-0,5;0,0;0,0;0,0;50,0;Подготовка;
20251210;00:27:54;-0,5;0,0;0,0;0,0;50,0;Подготовка;
20251210;00:27:59;-0,5;0,0;0,0;0,0;50,0;Подготовка;
20251210;00:28:04;-0,5;0,0;0,0;0,0;50,0;Подготовка;
20251210;00:28:09;-0,5;0,0;0,0;0,0;50,0;Подготовка;
20251210;00:28:14;-0,5;0,0;0,0;0,0;50,0;Подготовка;
20251210;00:28:19;-0,5;0,0;0,0;0,0;50,0;Подготовка;
20251210;00:28:24;-0,5;0,0;0,0;0,0;50,0;Подготовка;
20251210;00:28:29;-0,5;0,0;0,0;0,0;50,0;Подготовка;
20251210;00:28:34;-0,5;0,0;0,0;0,0;50,0;Подготовка;
20251210;00:28:39;-0,5;0,0;0,0;0,0;50,0;Подготовка;
20251210;00:28:44;-0,5;0,0;0,0;0,0;50,0;Подготовка;
20251210;00:28:49;-0,5;0,0;0,0;0,0;50,0;Подготовка;
20251210;00:28:54;-0,5;0,0;0,0;0,0;50,0;Подготовка;
20251210;00:28:59;-0,5;0,0;0,0;0,0;50,0;Подготовка;
20251210;00:29:04;-0,5;0,0;0,0;0,0;50,0;Подготовка;
20251210;00:29:09;-0,5;0,0;0,0;0,0;50,0;Подготовка;
20251210;00:29:14;-0,5;0,0;0,0;0,0;50,0;Подготовка;
20251210;00:29:19;-0,5;0,0;0,0;0,0;50,0;Подготовка;
20251210;00:29:24;-0,5;0,0;0,0;0,0;50,0;Подготовка;
20251210;00:29:29;-0,5;0,0;0,0;0,0;50,0;Подготовка;
20251210;00:29:34;-0,5;0,0;0,0;0,0;50,0;Подготовка;
20251210;00:29:39;-0,5;0,0;0,0;0,0;50,0;Подготовка;
20251210;00:29:44;-0,5;0,0;0,0;0,0;50,0;Подготовка;
20251210;00:29:50;-0,5;0,0;0,0;0,0;50,0;Подготовка;
20251210;00:29:55;-0,5;0,0;0,0;0,0;50,0;Подготовка;
20251210;00:30:00;-0,5;0,0;0,0;0,0;50,0;Подготовка;
20251210;00:30:05;-0,5;0,0;0,0;0,0;50,0;Подготовка;
20251210;00:30:10;-0,5;0,0;0,0;0,0;50,0;Подготовка;
20251210;00:30:15;-0,5;0,0;0,0;0,0;50,0;Подготовка;
20251210;00:30:20;-0,5;0,0;0,0;0,0;50,0;Подготовка;
20251210;00:30:25;-0,5;0,0;0,0;0,0;50,0;Подготовка;
20251210;00:30:30;-0,5;0,0;0,0;0,0;50,0;Подготовка;
20251210;00:30:35;-0,5;0,0;0,0;0,0;50,0;Подготовка;
20251210;00:30:40;-0,5;0,0;0,0;0,0;50,0;Подготовка;
20251210;00:30:45;-0,5;0,0;0,0;0,0;50,0;Подготовка;
20251210;00:30:50;-0,5;0,0;0,0;0,0;50,0;Подготовка;
20251210;00:30:55;-0,5;0,0;0,0;0,0;50,0;Подготовка;
20251210;00:31:00;-0,5;0,0;0,0;0,0;50,0;Подготовка;
20251210;00:31:05;-0,5;0,0;0,0;0,0;50,0;Подготовка;
20251210;00:31:10;-0,5;0,0;0,0;0,0;50,0;Подготовка;
20251210;00:31:15;-0,5;0,0;0,0;0,0;50,0;Подготовка;
20251210;00:31:20;-0,5;0,0;0,0;0,0;50,0;Подготовка;
20251210;00:31:25;-0,5;0,0;0,0;0,0;50,0;Подготовка;
20251210;00:31:30;-0,5;0,0;0,0;0,0;50,0;Подготовка;
20251210;00:31:35;-0,5;0,0;0,0;0,0;50,0;Подготовка;
20251210;00:31:40;-0,5;0,0;0,0;0,0;50,0;Подготовка;
20251210;00:31:45;-0,5;0,0;0,0;0,0;50,0;Подготовка;
20251210;00:31:50;-0,5;0,0;0,0;0,0;50,0;Подготовка;
20251210;00:31:56;-0,5;0,0;0,0;0,0;50,0;Подготовка;
20251210;00:32:01;-0,5;0,0;0,0;0,0;50,0;Подготовка;
20251210;00:32:06;-0,5;0,0;0,0;0,0;50,0;Подготовка;
20251210;00:32:11;-0,5;0,0;0,0;0,0;50,0;Подготовка;
20251210;00:32:16;-0,5;0,0;0,0;0,0;50,0;Подготовка;
20251210;00:32:21;-0,5;0,0;0,0;0,0;50,0;Подготовка;
20251210;00:32:26;-0,5;0,0;0,0;0,0;50,0;Подготовка;
20251210;00:32:31;-0,5;0,0;0,0;0,0;50,0;Подготовка;
20251210;00:32:36;-0,5;0,0;0,0;0,0;50,0;Подготовка;
20251210;00:32:41;-0,5;0,0;0,0;0,0;50,0;Подготовка;
20251210;00:32:46;-0,5;0,0;0,0;0,0;50,0;Подготовка;
20251210;00:32:51;-0,5;0,0;0,0;0,0;50,0;Подготовка;
20251210;00:32:56;-0,5;0,0;0,0;0,0;50,0;Подготовка;
20251210;00:33:01;-0,5;0,0;0,0;0,0;50,0;Подготовка;
20251210;00:33:06;-0,5;0,0;0,0;0,0;50,0;Подготовка;
20251210;00:33:11;-0,5;0,0;0,0;0,0;50,0;Подготовка;
20251210;00:33:16;-0,5;0,0;0,0;0,0;50,0;Подготовка;
20251210;00:33:21;-0,5;0,0;0,0;0,0;50,0;Подготовка;
20251210;00:33:26;-0,5;0,0;0,0;0,0;50,0;Подготовка;
20251210;00:33:31;-0,5;0,0;0,0;0,0;50,0;Подготовка;
20251210;00:33:36;-0,5;0,0;0,0;0,0;50,0;Подготовка;
20251210;00:33:41;-0,5;0,0;0,0;0,0;50,0;Подготовка;
20251210;00:33:46;-0,5;0,0;0,0;0,0;50,0;Подготовка;
20251210;00:33:51;-0,5;0,0;0,0;0,0;50,0;Подготовка;
20251210;00:33:56;-0,5;0,0;0,0;0,0;50,0;Подготовка;
20251210;00:34:02;-0,5;0,0;0,0;0,0;50,0;Подготовка;
20251210;00:34:07;-0,5;0,0;0,0;0,0;50,0;Подготовка;
20251210;00:34:12;-0,5;0,0;0,0;0,0;50,0;Подготовка;
20251210;00:34:17;-0,5;0,0;0,0;0,0;50,0;Подготовка;
20251210;00:34:22;-0,5;0,0;0,0;0,0;50,0;Подготовка;
20251210;00:34:27;-0,5;0,0;0,0;0,0;50,0;Подготовка;
20251210;00:34:32;-0,5;0,0;0,0;0,0;50,0;Подготовка;
20251210;00:34:37;-0,5;0,0;0,0;0,0;50,0;Подготовка;
20251210;00:34:42;-0,5;0,0;0,0;0,0;50,0;Подготовка;
20251210;00:34:47;-0,5;0,0;0,0;0,0;50,0;Подготовка;
20251210;00:34:52;-0,5;0,0;0,0;0,0;50,0;Подготовка;
20251210;00:34:57;-0,5;0,0;0,0;0,0;50,0;Подготовка;
20251210;00:35:02;-0,5;0,0;0,0;0,0;50,0;Подготовка;
20251210;00:35:07;-0,5;0,0;0,0;0,0;50,0;Подготовка;
20251210;00:35:12;-0,5;0,0;0,0;0,0;50,0;Подготовка;
Предприятие;
Объект;
Вид оборудования;
Дисп. наименование;
Тип;
Зав. номер;
Сер. номер;
Год выпуска;
Год ввода в эксплуатацию;
Дата отбора пробы;
Марка пробы;
Температура пробы;
DATE ;TIME ;TS_TEMP ;PROB_TEMP ;PROB_OTN_VL ;PROBE_VlAGOSOD ;SP ;STATUS ; 
20251210;00:35:29;-0,39;0,0;0,0;0,0;50,0;Включение;
20251210;00:35:34;-0,49;0,0;0,0;0,0;50,0;Включение;
20251210;00:35:39;-0,49;0,0;0,0;0,0;50,0;Подготовка;
20251210;00:35:44;-0,49;0,0;0,0;0,0;50,0;Подготовка;
20251210;00:35:49;-0,49;0,0;0,0;0,0;50,0;Подготовка;
20251210;00:35:55;-0,49;0,0;0,0;0,0;50,0;Подготовка;
20251210;00:36:00;-0,5;0,0;0,0;0,0;50,0;Подготовка;
20251210;00:36:05;-0,5;0,0;0,0;0,0;50,0;Подготовка;
20251210;00:36:10;-0,5;0,0;0,0;0,0;50,0;Подготовка;
20251210;00:36:15;-0,5;0,0;0,0;0,0;50,0;Подготовка;
20251210;00:36:20;-0,5;0,0;0,0;0,0;50,0;Подготовка;
20251210;00:36:25;-0,5;0,0;0,0;0,0;50,0;Подготовка;
20251210;00:36:30;-0,5;0,0;0,0;0,0;50,0;Подготовка;
20251210;00:36:35;-0,5;0,0;0,0;0,0;50,0;Подготовка;
20251210;00:36:40;-0,5;0,0;0,0;0,0;50,0;Подготовка;
20251210;00:36:45;-0,5;0,0;0,0;0,0;50,0;Подготовка;
20251210;00:36:50;-0,5;0,0;0,0;0,0;50,0;Подготовка;
20251210;00:36:55;-0,5;0,0;0,0;0,0;50,0;Подготовка;
20251210;00:37:00;-0,5;0,0;0,0;0,0;50,0;Подготовка;
20251210;00:37:05;-0,5;0,0;0,0;0,0;50,0;Подготовка;
20251210;00:37:10;-0,5;0,0;0,0;0,0;50,0;Подготовка;
20251210;00:37:15;-0,5;0,0;0,0;0,0;50,0;Подготовка;
20251210;00:37:20;-0,5;0,0;0,0;0,0;50,0;Подготовка;
20251210;00:37:25;-0,5;0,0;0,0;0,0;50,0;Подготовка;
20251210;00:37:30;-0,5;0,0;0,0;0,0;50,0;Подготовка;
20251210;00:37:35;-0,5;0,0;0,0;0,0;50,0;Подготовка;
20251210;00:37:40;-0,5;0,0;0,0;0,0;50,0;Подготовка;
20251210;00:37:45;-0,5;0,0;0,0;0,0;50,0;Подготовка;
20251210;00:37:50;-0,5;0,0;0,0;0,0;50,0;Подготовка;
20251210;00:37:55;-0,5;0,0;0,0;0,0;50,0;Подготовка;
20251210;00:38:01;-0,5;0,0;0,0;0,0;50,0;Подготовка;
20251210;00:38:06;-0,5;0,0;0,0;0,0;50,0;Подготовка;
20251210;00:38:11;-0,5;0,0;0,0;0,0;50,0;Подготовка;
20251210;00:38:16;-0,5;0,0;0,0;0,0;50,0;Подготовка;
20251210;00:38:21;-0,5;0,0;0,0;0,0;50,0;Подготовка;
20251210;00:38:26;-0,5;0,0;0,0;0,0;50,0;Подготовка;
20251210;00:38:31;-0,5;0,0;0,0;0,0;50,0;Подготовка;
20251210;00:38:36;-0,5;0,0;0,0;0,0;50,0;Подготовка;
20251210;00:38:41;-0,5;0,0;0,0;0,0;50,0;Подготовка;
20251210;00:38:46;-0,5;0,0;0,0;0,0;50,0;Подготовка;
20251210;00:38:51;-0,5;0,0;0,0;0,0;50,0;Подготовка;
20251210;00:38:56;-0,5;0,0;0,0;0,0;50,0;Подготовка;
20251210;00:39:01;-0,5;0,0;0,0;0,0;50,0;Подготовка;
20251210;00:39:06;-0,5;0,0;0,0;0,0;50,0;Подготовка;
20251210;00:39:11;-0,5;0,0;0,0;0,0;50,0;Подготовка;
20251210;00:39:16;-0,5;0,0;0,0;0,0;50,0;Подготовка;
20251210;00:39:21;-0,5;0,0;0,0;0,0;50,0;Подготовка;
20251210;00:39:26;-0,5;0,0;0,0;0,0;50,0;Подготовка;
20251210;00:39:31;-0,5;0,0;0,0;0,0;50,0;Подготовка;
20251210;00:39:36;-0,5;0,0;0,0;0,0;50,0;Подготовка;
20251210;00:39:41;-0,5;0,0;0,0;0,0;50,0;Подготовка;
20251210;00:39:46;-0,5;0,0;0,0;0,0;50,0;Подготовка;
20251210;00:39:51;-0,5;0,0;0,0;0,0;50,0;Подготовка;
20251210;00:39:56;-0,5;0,0;0,0;0,0;50,0;Подготовка;
20251210;00:40:01;-0,5;0,0;0,0;0,0;50,0;Подготовка;
20251210;00:40:07;-0,5;0,0;0,0;0,0;50,0;Подготовка;
20251210;00:40:12;-0,5;0,0;0,0;0,0;50,0;Подготовка;
20251210;00:40:17;-0,5;0,0;0,0;0,0;50,0;Подготовка;
20251210;00:40:22;-0,5;0,0;0,0;0,0;50,0;Подготовка;
20251210;00:40:27;-0,5;0,0;0,0;0,0;50,0;Подготовка;
20251210;00:40:32;-0,5;0,0;0,0;0,0;50,0;Подготовка;
20251210;00:40:37;-0,5;0,0;0,0;0,0;50,0;Подготовка;
20251210;00:40:42;-0,5;0,0;0,0;0,0;50,0;Подготовка;
20251210;00:40:47;-0,5;0,0;0,0;0,0;50,0;Подготовка;
20251210;00:40:52;-0,5;0,0;0,0;0,0;50,0;Подготовка;
20251210;00:40:57;-0,5;0,0;0,0;0,0;50,0;Подготовка;
20251210;00:41:02;-0,5;0,0;0,0;0,0;50,0;Подготовка;
20251210;00:41:07;-0,5;0,0;0,0;0,0;50,0;Подготовка;
20251210;00:41:12;-0,5;0,0;0,0;0,0;50,0;Подготовка;
20251210;00:41:17;-0,5;0,0;0,0;0,0;50,0;Подготовка;
20251210;00:41:22;-0,5;0,0;0,0;0,0;50,0;Подготовка;
20251210;00:41:27;-0,5;0,0;0,0;0,0;50,0;Подготовка;
20251210;00:41:32;-0,5;0,0;0,0;0,0;50,0;Подготовка;
20251210;00:41:37;-0,5;0,0;0,0;0,0;50,0;Подготовка;
20251210;00:41:42;-0,5;0,0;0,0;0,0;50,0;Подготовка;
20251210;00:41:47;-0,5;0,0;0,0;0,0;50,0;Подготовка;
20251210;00:41:52;-0,5;0,0;0,0;0,0;50,0;Подготовка;
20251210;00:41:57;-0,5;0,0;0,0;0,0;50,0;Подготовка;
20251210;00:42:02;-0,5;0,0;0,0;0,0;50,0;Подготовка;
20251210;00:42:07;-0,5;0,0;0,0;0,0;50,0;Подготовка;
20251210;00:42:13;-0,5;0,0;0,0;0,0;50,0;Подготовка;
20251210;00:42:18;-0,5;0,0;0,0;0,0;50,0;Подготовка;
20251210;00:42:23;-0,5;0,0;0,0;0,0;50,0;Подготовка;
20251210;00:42:28;-0,5;0,0;0,0;0,0;50,0;Подготовка;
20251210;00:42:33;-0,5;0,0;0,0;0,0;50,0;Подготовка;
20251210;00:42:38;-0,5;0,0;0,0;0,0;50,0;Подготовка;
20251210;00:42:43;-0,5;0,0;0,0;0,0;50,0;Подготовка;
20251210;00:42:48;-0,5;0,0;0,0;0,0;50,0;Подготовка;
20251210;00:42:53;-0,5;0,0;0,0;0,0;50,0;Подготовка;
20251210;00:42:58;-0,5;0,0;0,0;0,0;50,0;Подготовка;
20251210;00:43:03;-0,5;0,0;0,0;0,0;50,0;Подготовка;
20251210;00:43:08;-0,5;0,0;0,0;0,0;50,0;Подготовка;
20251210;00:43:13;-0,5;0,0;0,0;0,0;50,0;Подготовка;
20251210;00:43:18;-0,5;0,0;0,0;0,0;50,0;Подготовка;
20251210;00:43:23;-0,5;0,0;0,0;0,0;50,0;Подготовка;
20251210;00:43:28;-0,5;0,0;0,0;0,0;50,0;Подготовка;
20251210;00:43:33;-0,5;0,0;0,0;0,0;50,0;Подготовка;
20251210;00:43:38;-0,5;0,0;0,0;0,0;50,0;Подготовка;
20251210;00:43:43;-0,5;0,0;0,0;0,0;50,0;Подготовка;
20251210;00:43:48;-0,5;0,0;0,0;0,0;50,0;Подготовка;
20251210;00:43:53;-0,5;0,0;0,0;0,0;50,0;Подготовка;
20251210;00:43:58;-0,5;0,0;0,0;0,0;50,0;Подготовка;
20251210;00:44:03;-0,5;0,0;0,0;0,0;50,0;Подготовка;
20251210;00:44:08;-0,5;0,0;0,0;0,0;50,0;Подготовка;
20251210;00:44:13;-0,5;0,0;0,0;0,0;50,0;Подготовка;
20251210;00:44:19;-0,5;0,0;0,0;0,0;50,0;Подготовка;
20251210;00:44:24;-0,5;0,0;0,0;0,0;50,0;Подготовка;
20251210;00:44:29;-0,5;0,0;0,0;0,0;50,0;Подготовка;
20251210;00:44:34;-0,5;0,0;0,0;0,0;50,0;Подготовка;
20251210;00:44:39;-0,5;0,0;0,0;0,0;50,0;Подготовка;
20251210;00:44:44;-0,5;0,0;0,0;0,0;50,0;Подготовка;
20251210;00:44:49;-0,5;0,0;0,0;0,0;50,0;Подготовка;
20251210;00:44:54;-0,5;0,0;0,0;0,0;50,0;Подготовка;
20251210;00:44:59;-0,5;0,0;0,0;0,0;50,0;Подготовка;
20251210;00:45:04;-0,5;0,0;0,0;0,0;50,0;Подготовка;
20251210;00:45:09;-0,5;0,0;0,0;0,0;50,0;Подготовка;
20251210;00:45:14;-0,5;0,0;0,0;0,0;50,0;Подготовка;
20251210;00:45:19;-0,5;0,0;0,0;0,0;50,0;Подготовка;
20251210;00:45:24;-0,5;0,0;0,0;0,0;50,0;Подготовка;
20251210;00:45:29;-0,5;0,0;0,0;0,0;50,0;Подготовка;
20251210;00:45:34;-0,5;0,0;0,0;0,0;50,0;Подготовка;
20251210;00:45:39;-0,5;0,0;0,0;0,0;50,0;Подготовка;
20251210;00:45:44;-0,5;0,0;0,0;0,0;50,0;Подготовка;
20251210;00:45:49;-0,5;0,0;0,0;0,0;50,0;Подготовка;
20251210;00:45:54;-0,5;0,0;0,0;0,0;50,0;Подготовка;
20251210;00:45:59;-0,5;0,0;0,0;0,0;50,0;Подготовка;
20251210;00:46:04;-0,5;0,0;0,0;0,0;50,0;Подготовка;
20251210;00:46:09;-0,5;0,0;0,0;0,0;50,0;Подготовка;
20251210;00:46:14;-0,5;0,0;0,0;0,0;50,0;Подготовка;
20251210;00:46:19;-0,5;0,0;0,0;0,0;50,0;Подготовка;
20251210;00:46:25;-0,5;0,0;0,0;0,0;50,0;Подготовка;
20251210;00:46:30;-0,5;0,0;0,0;0,0;50,0;Подготовка;
20251210;00:46:35;-0,5;0,0;0,0;0,0;50,0;Подготовка;
20251210;00:46:40;-0,5;0,0;0,0;0,0;50,0;Подготовка;
20251210;00:46:45;-0,5;0,0;0,0;0,0;50,0;Подготовка;
20251210;00:46:50;-0,5;0,0;0,0;0,0;50,0;Подготовка;
20251210;00:46:55;-0,5;0,0;0,0;0,0;50,0;Подготовка;
20251210;00:47:00;-0,5;0,0;0,0;0,0;50,0;Подготовка;
20251210;00:47:05;-0,5;0,0;0,0;0,0;50,0;Подготовка;
20251210;00:47:10;-0,5;0,0;0,0;0,0;50,0;Подготовка;
20251210;00:47:15;-0,5;0,0;0,0;0,0;50,0;Подготовка;
20251210;00:47:20;-0,5;0,0;0,0;0,0;50,0;Подготовка;
20251210;00:47:25;-0,5;0,0;0,0;0,0;50,0;Подготовка;
20251210;00:47:30;-0,5;0,0;0,0;0,0;50,0;Подготовка;
20251210;00:47:35;-0,5;0,0;0,0;0,0;50,0;Подготовка;
20251210;00:47:40;-0,5;0,0;0,0;0,0;50,0;Подготовка;
20251210;00:47:45;-0,5;0,0;0,0;0,0;50,0;Подготовка;
20251210;00:47:50;-0,5;0,0;0,0;0,0;50,0;Подготовка;
20251210;00:47:55;-0,5;0,0;0,0;0,0;50,0;Подготовка;
20251210;00:48:00;-0,5;0,0;0,0;0,0;50,0;Подготовка;
20251210;00:48:05;-0,5;0,0;0,0;0,0;50,0;Подготовка;
20251210;00:48:10;-0,5;0,0;0,0;0,0;50,0;Подготовка;
20251210;00:48:15;-0,5;0,0;0,0;0,0;50,0;Подготовка;
20251210;00:48:20;-0,5;0,0;0,0;0,0;50,0;Подготовка;
20251210;00:48:25;-0,5;0,0;0,0;0,0;50,0;Подготовка;
20251210;00:48:31;-0,5;0,0;0,0;0,0;50,0;Подготовка;
20251210;00:48:36;-0,5;0,0;0,0;0,0;50,0;Подготовка;
20251210;00:48:41;-0,5;0,0;0,0;0,0;50,0;Подготовка;
20251210;00:48:46;-0,5;0,0;0,0;0,0;50,0;Подготовка;
20251210;00:48:51;-0,5;0,0;0,0;0,0;50,0;Подготовка;
20251210;00:48:56;-0,5;0,0;0,0;0,0;50,0;Подготовка;
20251210;00:49:01;-0,5;0,0;0,0;0,0;50,0;Подготовка;
20251210;00:49:06;-0,5;0,0;0,0;0,0;50,0;Подготовка;
20251210;00:49:11;-0,5;0,0;0,0;0,0;50,0;Подготовка;
20251210;00:49:16;-0,5;0,0;0,0;0,0;50,0;Подготовка;
20251210;00:49:21;-0,5;0,0;0,0;0,0;50,0;Подготовка;
20251210;00:49:26;-0,5;0,0;0,0;0,0;50,0;Подготовка;
20251210;00:49:31;-0,5;0,0;0,0;0,0;50,0;Подготовка;
20251210;00:49:36;-0,5;0,0;0,0;0,0;50,0;Подготовка;
20251210;00:49:41;-0,5;0,0;0,0;0,0;50,0;Подготовка;
20251210;00:49:46;-0,5;0,0;0,0;0,0;50,0;Подготовка;
20251210;00:49:51;-0,5;0,0;0,0;0,0;50,0;Подготовка;
20251210;00:49:56;-0,5;0,0;0,0;0,0;50,0;Подготовка;
20251210;00:50:01;-0,5;0,0;0,0;0,0;50,0;Подготовка;
20251210;00:50:06;-0,5;0,0;0,0;0,0;50,0;Подготовка;
20251210;00:50:11;-0,5;0,0;0,0;0,0;50,0;Подготовка;
20251210;00:50:16;-0,5;0,0;0,0;0,0;50,0;Подготовка;
20251210;00:50:21;-0,5;0,0;0,0;0,0;50,0;Подготовка;
20251210;00:50:26;-0,5;0,0;0,0;0,0;50,0;Подготовка;
20251210;00:50:31;-0,5;0,0;0,0;0,0;50,0;Подготовка;
20251210;00:50:37;-0,5;0,0;0,0;0,0;50,0;Подготовка;
20251210;00:50:42;-0,5;0,0;0,0;0,0;50,0;Подготовка;
20251210;00:50:47;-0,5;0,0;0,0;0,0;50,0;Подготовка;
20251210;00:50:52;-0,5;0,0;0,0;0,0;50,0;Подготовка;
20251210;00:50:57;-0,5;0,0;0,0;0,0;50,0;Подготовка;
20251210;00:51:02;-0,5;0,0;0,0;0,0;50,0;Подготовка;
20251210;00:51:07;-0,5;0,0;0,0;0,0;50,0;Подготовка;
20251210;00:51:12;-0,5;0,0;0,0;0,0;50,0;Подготовка;
20251210;00:51:17;-0,5;0,0;0,0;0,0;50,0;Подготовка;
20251210;00:51:22;-0,5;0,0;0,0;0,0;50,0;Подготовка;
20251210;00:51:27;-0,5;0,0;0,0;0,0;50,0;Подготовка;
20251210;00:51:32;-0,5;0,0;0,0;0,0;50,0;Подготовка;
20251210;00:51:37;-0,5;0,0;0,0;0,0;50,0;Подготовка;
20251210;00:51:42;-0,5;0,0;0,0;0,0;50,0;Подготовка;
20251210;00:51:47;-0,5;0,0;0,0;0,0;50,0;Подготовка;
20251210;00:51:52;-0,5;0,0;0,0;0,0;50,0;Подготовка;
20251210;00:51:57;-0,5;0,0;0,0;0,0;50,0;Подготовка;
20251210;00:52:02;-0,5;0,0;0,0;0,0;50,0;Подготовка;
20251210;00:52:07;-0,5;0,0;0,0;0,0;50,0;Подготовка;
20251210;00:52:12;-0,5;0,0;0,0;0,0;50,0;Подготовка;
20251210;00:52:17;-0,5;0,0;0,0;0,0;50,0;Подготовка;
20251210;00:52:22;-0,5;0,0;0,0;0,0;50,0;Подготовка;
20251210;00:52:27;-0,5;0,0;0,0;0,0;50,0;Подготовка;
20251210;00:52:32;-0,5;0,0;0,0;0,0;50,0;Подготовка;
20251210;00:52:37;-0,5;0,0;0,0;0,0;50,0;Подготовка;
20251210;00:52:43;-0,5;0,0;0,0;0,0;50,0;Подготовка;
20251210;00:52:48;-0,5;0,0;0,0;0,0;50,0;Подготовка;
20251210;00:52:53;-0,5;0,0;0,0;0,0;50,0;Подготовка;
20251210;00:52:58;-0,5;0,0;0,0;0,0;50,0;Подготовка;
20251210;00:53:03;-0,5;0,0;0,0;0,0;50,0;Подготовка;
20251210;00:53:08;-0,5;0,0;0,0;0,0;50,0;Подготовка;
20251210;00:53:13;-0,5;0,0;0,0;0,0;50,0;Подготовка;
20251210;00:53:18;-0,5;0,0;0,0;0,0;50,0;Подготовка;
20251210;00:53:23;-0,5;0,0;0,0;0,0;50,0;Подготовка;
20251210;00:53:28;-0,5;0,0;0,0;0,0;50,0;Подготовка;
20251210;00:53:33;-0,5;0,0;0,0;0,0;50,0;Подготовка;
20251210;00:53:38;-0,5;0,0;0,0;0,0;50,0;Подготовка;
20251210;00:53:43;-0,5;0,0;0,0;0,0;50,0;Подготовка;
20251210;00:53:48;-0,5;0,0;0,0;0,0;50,0;Подготовка;
20251210;00:53:53;-0,5;0,0;0,0;0,0;50,0;Подготовка;
20251210;00:53:58;-0,5;0,0;0,0;0,0;50,0;Подготовка;
20251210;00:54:03;-0,5;0,0;0,0;0,0;50,0;Подготовка;
20251210;00:54:08;-0,5;0,0;0,0;0,0;50,0;Подготовка;
20251210;00:54:13;-0,5;0,0;0,0;0,0;50,0;Подготовка;
20251210;00:54:18;-0,5;0,0;0,0;0,0;50,0;Подготовка;
20251210;00:54:23;-0,5;0,0;0,0;0,0;50,0;Подготовка;
20251210;00:54:28;-0,5;0,0;0,0;0,0;50,0;Подготовка;
20251210;00:54:33;-0,5;0,0;0,0;0,0;50,0;Подготовка;
20251210;00:54:38;-0,5;0,0;0,0;0,0;50,0;Подготовка;
20251210;00:54:43;-0,5;0,0;0,0;0,0;50,0;Подготовка;
20251210;00:54:49;-0,5;0,0;0,0;0,0;50,0;Подготовка;
20251210;00:54:54;-0,5;0,0;0,0;0,0;50,0;Подготовка;
20251210;00:54:59;-0,5;0,0;0,0;0,0;50,0;Подготовка;
20251210;00:55:04;-0,5;0,0;0,0;0,0;50,0;Подготовка;
20251210;00:55:09;-0,5;0,0;0,0;0,0;50,0;Подготовка;
20251210;00:55:14;-0,5;0,0;0,0;0,0;50,0;Подготовка;
20251210;00:55:19;-0,5;0,0;0,0;0,0;50,0;Подготовка;
20251210;00:55:24;-0,5;0,0;0,0;0,0;50,0;Подготовка;
20251210;00:55:29;-0,5;0,0;0,0;0,0;50,0;Подготовка;
20251210;00:55:34;-0,5;0,0;0,0;0,0;50,0;Подготовка;
20251210;00:55:39;-0,5;0,0;0,0;0,0;50,0;Подготовка;
20251210;00:55:44;-0,5;0,0;0,0;0,0;50,0;Подготовка;
20251210;00:55:49;-0,5;0,0;0,0;0,0;50,0;Подготовка;
20251210;00:55:54;-0,5;0,0;0,0;0,0;50,0;Подготовка;
20251210;00:55:59;-0,5;0,0;0,0;0,0;50,0;Подготовка;
20251210;00:56:04;-0,5;0,0;0,0;0,0;50,0;Подготовка;
20251210;00:56:09;-0,5;0,0;0,0;0,0;50,0;Подготовка;
20251210;00:56:14;-0,5;0,0;0,0;0,0;50,0;Подготовка;
20251210;00:56:19;-0,5;0,0;0,0;0,0;50,0;Подготовка;
20251210;00:56:24;-0,5;0,0;0,0;0,0;50,0;Подготовка;
20251210;00:56:29;-0,5;0,0;0,0;0,0;50,0;Подготовка;
20251210;00:56:34;-0,5;0,0;0,0;0,0;50,0;Подготовка;
20251210;00:56:39;-0,5;0,0;0,0;0,0;50,0;Подготовка;
20251210;00:56:44;-0,5;0,0;0,0;0,0;50,0;Подготовка;
20251210;00:56:49;-0,5;0,0;0,0;0,0;50,0;Подготовка;
20251210;00:56:55;-0,5;0,0;0,0;0,0;50,0;Подготовка;
20251210;00:57:00;-0,5;0,0;0,0;0,0;50,0;Подготовка;
20251210;00:57:05;-0,5;0,0;0,0;0,0;50,0;Подготовка;
20251210;00:57:10;-0,5;0,0;0,0;0,0;50,0;Подготовка;
20251210;00:57:15;-0,5;0,0;0,0;0,0;50,0;Подготовка;
20251210;00:57:20;-0,5;0,0;0,0;0,0;50,0;Подготовка;
20251210;00:57:25;-0,5;0,0;0,0;0,0;50,0;Подготовка;
20251210;00:57:30;-0,5;0,0;0,0;0,0;50,0;Подготовка;
20251210;00:57:35;-0,5;0,0;0,0;0,0;50,0;Подготовка;
20251210;00:57:40;-0,5;0,0;0,0;0,0;50,0;Подготовка;
20251210;00:57:45;-0,5;0,0;0,0;0,0;50,0;Подготовка;
20251210;00:57:50;-0,5;0,0;0,0;0,0;50,0;Подготовка;
20251210;00:57:55;-0,5;0,0;0,0;0,0;50,0;Подготовка;
20251210;00:58:00;-0,5;0,0;0,0;0,0;50,0;Подготовка;
20251210;00:58:05;-0,5;0,0;0,0;0,0;50,0;Подготовка;
20251210;00:58:10;-0,5;0,0;0,0;0,0;50,0;Подготовка;
20251210;00:58:15;-0,5;0,0;0,0;0,0;50,0;Подготовка;
20251210;00:58:20;-0,5;0,0;0,0;0,0;50,0;Подготовка;
20251210;00:58:25;-0,5;0,0;0,0;0,0;50,0;Подготовка;
20251210;00:58:30;-0,5;0,0;0,0;0,0;50,0;Подготовка;
20251210;00:58:35;-0,5;0,0;0,0;0,0;50,0;Подготовка;
20251210;00:58:40;-0,5;0,0;0,0;0,0;50,0;Подготовка;
20251210;00:58:45;-0,5;0,0;0,0;0,0;50,0;Подготовка;
20251210;00:58:50;-0,5;0,0;0,0;0,0;50,0;Подготовка;
20251210;00:58:55;-0,5;0,0;0,0;0,0;50,0;Подготовка;
20251210;00:59:01;-0,5;0,0;0,0;0,0;50,0;Подготовка;
20251210;00:59:06;-0,5;0,0;0,0;0,0;50,0;Подготовка;
20251210;00:59:11;-0,5;0,0;0,0;0,0;50,0;Подготовка;
20251210;00:59:16;-0,5;0,0;0,0;0,0;50,0;Подготовка;
20251210;00:59:21;-0,5;0,0;0,0;0,0;50,0;Подготовка;
20251210;00:59:26;-0,5;0,0;0,0;0,0;50,0;Подготовка;
20251210;00:59:31;-0,5;0,0;0,0;0,0;50,0;Подготовка;
20251210;00:59:36;-0,5;0,0;0,0;0,0;50,0;Подготовка;
20251210;00:59:41;-0,5;0,0;0,0;0,0;50,0;Подготовка;
20251210;00:59:46;-0,5;0,0;0,0;0,0;50,0;Подготовка;
20251210;00:59:51;-0,5;0,0;0,0;0,0;50,0;Подготовка;
20251210;00:59:56;-0,5;0,0;0,0;0,0;50,0;Подготовка;
20251210;01:00:01;-0,5;0,0;0,0;0,0;50,0;Подготовка;
20251210;01:00:06;-0,5;0,0;0,0;0,0;50,0;Подготовка;
20251210;01:00:11;-0,5;0,0;0,0;0,0;50,0;Подготовка;
20251210;01:00:16;-0,5;0,0;0,0;0,0;50,0;Подготовка;
20251210;01:00:21;-0,5;0,0;0,0;0,0;50,0;Подготовка;
20251210;01:00:26;-0,5;0,0;0,0;0,0;50,0;Подготовка;
20251210;01:00:31;-0,5;0,0;0,0;0,0;50,0;Подготовка;
20251210;01:00:36;-0,5;0,0;0,0;0,0;50,0;Подготовка;
20251210;01:00:41;-0,5;0,0;0,0;0,0;50,0;Подготовка;
20251210;01:00:46;-0,5;0,0;0,0;0,0;50,0;Подготовка;
20251210;01:00:51;-0,5;0,0;0,0;0,0;50,0;Подготовка;
20251210;01:00:56;-0,5;0,0;0,0;0,0;50,0;Подготовка;
20251210;01:01:01;-0,5;0,0;0,0;0,0;50,0;Подготовка;
20251210;01:01:07;-0,5;0,0;0,0;0,0;50,0;Подготовка;
20251210;01:01:12;-0,5;0,0;0,0;0,0;50,0;Подготовка;
20251210;01:01:17;-0,5;0,0;0,0;0,0;50,0;Подготовка;
20251210;01:01:22;-0,5;0,0;0,0;0,0;50,0;Подготовка;
20251210;01:01:27;-0,5;0,0;0,0;0,0;50,0;Подготовка;
20251210;01:01:32;-0,5;0,0;0,0;0,0;50,0;Подготовка;
20251210;01:01:37;-0,5;0,0;0,0;0,0;50,0;Подготовка;
20251210;01:01:42;-0,5;0,0;0,0;0,0;50,0;Подготовка;
20251210;01:01:47;-0,5;0,0;0,0;0,0;50,0;Подготовка;
20251210;01:01:52;-0,5;0,0;0,0;0,0;50,0;Подготовка;
20251210;01:01:57;-0,5;0,0;0,0;0,0;50,0;Подготовка;
20251210;01:02:02;-0,5;0,0;0,0;0,0;50,0;Подготовка;
20251210;01:02:07;-0,5;0,0;0,0;0,0;50,0;Подготовка;
20251210;01:02:12;-0,5;0,0;0,0;0,0;50,0;Подготовка;
20251210;01:02:17;-0,5;0,0;0,0;0,0;50,0;Подготовка;
20251210;01:02:22;-0,5;0,0;0,0;0,0;50,0;Подготовка;
20251210;01:02:27;-0,5;0,0;0,0;0,0;50,0;Подготовка;
20251210;01:02:32;-0,5;0,0;0,0;0,0;50,0;Подготовка;
20251210;01:02:37;-0,5;0,0;0,0;0,0;50,0;Подготовка;
20251210;01:02:42;-0,5;0,0;0,0;0,0;50,0;Подготовка;
20251210;01:02:47;-0,5;0,0;0,0;0,0;50,0;Подготовка;
20251210;01:02:52;-0,5;0,0;0,0;0,0;50,0;Подготовка;
20251210;01:02:57;-0,5;0,0;0,0;0,0;50,0;Подготовка;
20251210;01:03:02;-0,5;0,0;0,0;0,0;50,0;Подготовка;
20251210;01:03:07;-0,5;0,0;0,0;0,0;50,0;Подготовка;
20251210;01:03:13;-0,5;0,0;0,0;0,0;50,0;Подготовка;
20251210;01:03:18;-0,5;0,0;0,0;0,0;50,0;Подготовка;
20251210;01:03:23;-0,5;0,0;0,0;0,0;50,0;Подготовка;
20251210;01:03:28;-0,5;0,0;0,0;0,0;50,0;Подготовка;
20251210;01:03:33;-0,5;0,0;0,0;0,0;50,0;Подготовка;
20251210;01:03:38;-0,5;0,0;0,0;0,0;50,0;Подготовка;
20251210;01:03:43;-0,5;0,0;0,0;0,0;50,0;Подготовка;
20251210;01:03:48;-0,5;0,0;0,0;0,0;50,0;Подготовка;
20251210;01:03:53;-0,5;0,0;0,0;0,0;50,0;Подготовка;
20251210;01:03:58;-0,5;0,0;0,0;0,0;50,0;Подготовка;
20251210;01:04:03;-0,5;0,0;0,0;0,0;50,0;Подготовка;
20251210;01:04:08;-0,5;0,0;0,0;0,0;50,0;Подготовка;
20251210;01:04:13;-0,5;0,0;0,0;0,0;50,0;Подготовка;
20251210;01:04:18;-0,5;0,0;0,0;0,0;50,0;Подготовка;
20251210;01:04:23;-0,5;0,0;0,0;0,0;50,0;Подготовка;
20251210;01:04:28;-0,5;0,0;0,0;0,0;50,0;Подготовка;
20251210;01:04:33;-0,5;0,0;0,0;0,0;50,0;Подготовка;
20251210;01:04:38;-0,5;0,0;0,0;0,0;50,0;Подготовка;
20251210;01:04:43;-0,5;0,0;0,0;0,0;50,0;Подготовка;
20251210;01:04:48;-0,5;0,0;0,0;0,0;50,0;Подготовка;
20251210;01:04:53;-0,5;0,0;0,0;0,0;50,0;Подготовка;
20251210;01:04:58;-0,5;0,0;0,0;0,0;50,0;Подготовка;
20251210;01:05:03;-0,5;0,0;0,0;0,0;50,0;Подготовка;
20251210;01:05:08;-0,5;0,0;0,0;0,0;50,0;Подготовка;
20251210;01:05:13;-0,5;0,0;0,0;0,0;50,0;Подготовка;
20251210;01:05:19;-0,5;0,0;0,0;0,0;50,0;Подготовка;
20251210;01:05:24;-0,5;0,0;0,0;0,0;50,0;Подготовка;
20251210;01:05:29;-0,5;0,0;0,0;0,0;50,0;Подготовка;
20251210;01:05:34;-0,5;0,0;0,0;0,0;50,0;Подготовка;
20251210;01:05:39;-0,5;0,0;0,0;0,0;50,0;Подготовка;
20251210;01:05:44;-0,5;0,0;0,0;0,0;50,0;Подготовка;
20251210;01:05:49;-0,5;0,0;0,0;0,0;50,0;Подготовка;
20251210;01:05:54;-0,5;0,0;0,0;0,0;50,0;Подготовка;
20251210;01:05:59;-0,5;0,0;0,0;0,0;50,0;Подготовка;
20251210;01:06:04;-0,5;0,0;0,0;0,0;50,0;Подготовка;
20251210;01:06:09;-0,5;0,0;0,0;0,0;50,0;Подготовка;
20251210;01:06:14;-0,5;0,0;0,0;0,0;50,0;Подготовка;
20251210;01:06:19;-0,5;0,0;0,0;0,0;50,0;Подготовка;
20251210;01:06:24;-0,5;0,0;0,0;0,0;50,0;Подготовка;
20251210;01:06:29;-0,5;0,0;0,0;0,0;50,0;Подготовка;
20251210;01:06:34;-0,5;0,0;0,0;0,0;50,0;Подготовка;
20251210;01:06:39;-0,5;0,0;0,0;0,0;50,0;Подготовка;
20251210;01:06:44;-0,5;0,0;0,0;0,0;50,0;Подготовка;
20251210;01:06:49;-0,5;0,0;0,0;0,0;50,0;Подготовка;
20251210;01:06:54;-0,5;0,0;0,0;0,0;50,0;Подготовка;
20251210;01:06:59;-0,5;0,0;0,0;0,0;50,0;Подготовка;
20251210;01:07:04;-0,5;0,0;0,0;0,0;50,0;Подготовка;
20251210;01:07:09;-0,5;0,0;0,0;0,0;50,0;Подготовка;
20251210;01:07:14;-0,5;0,0;0,0;0,0;50,0;Подготовка;
20251210;01:07:19;-0,5;0,0;0,0;0,0;50,0;Подготовка;
20251210;01:07:25;-0,5;0,0;0,0;0,0;50,0;Подготовка;
20251210;01:07:30;-0,5;0,0;0,0;0,0;50,0;Подготовка;
20251210;01:07:35;-0,5;0,0;0,0;0,0;50,0;Подготовка;
20251210;01:07:40;-0,5;0,0;0,0;0,0;50,0;Подготовка;
20251210;01:07:45;-0,5;0,0;0,0;0,0;50,0;Подготовка;
20251210;01:07:50;-0,5;0,0;0,0;0,0;50,0;Подготовка;
20251210;01:07:55;-0,5;0,0;0,0;0,0;50,0;Подготовка;
20251210;01:08:00;-0,5;0,0;0,0;0,0;50,0;Подготовка;
20251210;01:08:05;-0,5;0,0;0,0;0,0;50,0;Подготовка;
20251210;01:08:10;-0,5;0,0;0,0;0,0;50,0;Подготовка;
20251210;01:08:15;-0,5;0,0;0,0;0,0;50,0;Подготовка;
20251210;01:08:20;-0,5;0,0;0,0;0,0;50,0;Подготовка;
20251210;01:08:25;-0,5;0,0;0,0;0,0;50,0;Подготовка;
20251210;01:08:30;-0,5;0,0;0,0;0,0;50,0;Подготовка;
20251210;01:08:35;-0,5;0,0;0,0;0,0;50,0;Подготовка;
20251210;01:08:40;-0,5;0,0;0,0;0,0;50,0;Подготовка;
20251210;01:08:45;-0,5;0,0;0,0;0,0;50,0;Подготовка;
20251210;01:08:50;-0,5;0,0;0,0;0,0;50,0;Подготовка;
20251210;01:08:55;-0,5;0,0;0,0;0,0;50,0;Подготовка;
20251210;01:09:00;-0,5;0,0;0,0;0,0;50,0;Подготовка;
20251210;01:09:05;-0,5;0,0;0,0;0,0;50,0;Подготовка;
20251210;01:09:10;-0,5;0,0;0,0;0,0;50,0;Подготовка;
20251210;01:09:15;-0,5;0,0;0,0;0,0;50,0;Подготовка;
20251210;01:09:20;-0,5;0,0;0,0;0,0;50,0;Подготовка;
20251210;01:09:25;-0,5;0,0;0,0;0,0;50,0;Подготовка;
20251210;01:09:31;-0,5;0,0;0,0;0,0;50,0;Подготовка;
20251210;01:09:36;-0,5;0,0;0,0;0,0;50,0;Подготовка;
20251210;01:09:41;-0,5;0,0;0,0;0,0;50,0;Подготовка;
20251210;01:09:46;-0,5;0,0;0,0;0,0;50,0;Подготовка;
20251210;01:09:51;-0,5;0,0;0,0;0,0;50,0;Подготовка;
20251210;01:09:56;-0,5;0,0;0,0;0,0;50,0;Подготовка;
20251210;01:10:01;-0,5;0,0;0,0;0,0;50,0;Подготовка;
20251210;01:10:06;-0,5;0,0;0,0;0,0;50,0;Подготовка;
20251210;01:10:11;-0,5;0,0;0,0;0,0;50,0;Подготовка;
20251210;01:10:16;-0,5;0,0;0,0;0,0;50,0;Подготовка;
20251210;01:10:21;-0,5;0,0;0,0;0,0;50,0;Подготовка;
20251210;01:10:26;-0,5;0,0;0,0;0,0;50,0;Подготовка;
20251210;01:10:31;-0,5;0,0;0,0;0,0;50,0;Подготовка;
20251210;01:10:36;-0,5;0,0;0,0;0,0;50,0;Подготовка;
20251210;01:10:41;-0,5;0,0;0,0;0,0;50,0;Подготовка;
20251210;01:10:46;-0,5;0,0;0,0;0,0;50,0;Подготовка;
20251210;01:10:51;-0,5;0,0;0,0;0,0;50,0;Подготовка;
20251210;01:10:56;-0,5;0,0;0,0;0,0;50,0;Подготовка;
20251210;01:11:01;-0,5;0,0;0,0;0,0;50,0;Подготовка;
20251210;01:11:06;-0,5;0,0;0,0;0,0;50,0;Подготовка;
20251210;01:11:11;-0,5;0,0;0,0;0,0;50,0;Подготовка;
20251210;01:11:16;-0,5;0,0;0,0;0,0;50,0;Подготовка;
20251210;01:11:21;-0,5;0,0;0,0;0,0;50,0;Подготовка;
20251210;01:11:26;-0,5;0,0;0,0;0,0;50,0;Подготовка;
20251210;01:11:31;-0,5;0,0;0,0;0,0;50,0;Подготовка;
20251210;01:11:37;-0,5;0,0;0,0;0,0;50,0;Подготовка;
20251210;01:11:42;-0,5;0,0;0,0;0,0;50,0;Подготовка;
20251210;01:11:47;-0,5;0,0;0,0;0,0;50,0;Подготовка;
20251210;01:11:52;-0,5;0,0;0,0;0,0;50,0;Подготовка;
20251210;01:11:57;-0,5;0,0;0,0;0,0;50,0;Подготовка;
20251210;01:12:02;-0,5;0,0;0,0;0,0;50,0;Подготовка;
20251210;01:12:07;-0,5;0,0;0,0;0,0;50,0;Подготовка;
20251210;01:12:12;-0,5;0,0;0,0;0,0;50,0;Подготовка;
20251210;01:12:17;-0,5;0,0;0,0;0,0;50,0;Подготовка;
20251210;01:12:22;-0,5;0,0;0,0;0,0;50,0;Подготовка;
20251210;01:12:27;-0,5;0,0;0,0;0,0;50,0;Подготовка;
20251210;01:12:32;-0,5;0,0;0,0;0,0;50,0;Подготовка;
20251210;01:12:37;-0,5;0,0;0,0;0,0;50,0;Подготовка;
20251210;01:12:42;-0,5;0,0;0,0;0,0;50,0;Подготовка;
20251210;01:12:47;-0,5;0,0;0,0;0,0;50,0;Подготовка;
20251210;01:12:52;-0,5;0,0;0,0;0,0;50,0;Подготовка;
20251210;01:12:57;-0,5;0,0;0,0;0,0;50,0;Подготовка;
20251210;01:13:02;-0,5;0,0;0,0;0,0;50,0;Подготовка;
20251210;01:13:07;-0,5;0,0;0,0;0,0;50,0;Подготовка;
20251210;01:13:12;-0,5;0,0;0,0;0,0;50,0;Подготовка;
20251210;01:13:17;-0,5;0,0;0,0;0,0;50,0;Подготовка;
20251210;01:13:22;-0,5;0,0;0,0;0,0;50,0;Подготовка;
20251210;01:13:27;-0,5;0,0;0,0;0,0;50,0;Подготовка;
20251210;01:13:32;-0,5;0,0;0,0;0,0;50,0;Подготовка;
20251210;01:13:37;-0,5;0,0;0,0;0,0;50,0;Подготовка;
20251210;01:13:43;-0,5;0,0;0,0;0,0;50,0;Подготовка;
20251210;01:13:48;-0,5;0,0;0,0;0,0;50,0;Подготовка;
20251210;01:13:53;-0,5;0,0;0,0;0,0;50,0;Подготовка;
20251210;01:13:58;-0,5;0,0;0,0;0,0;50,0;Подготовка;
20251210;01:14:03;-0,5;0,0;0,0;0,0;50,0;Подготовка;
20251210;01:14:08;-0,5;0,0;0,0;0,0;50,0;Подготовка;
20251210;01:14:13;-0,5;0,0;0,0;0,0;50,0;Подготовка;
20251210;01:14:18;-0,5;0,0;0,0;0,0;50,0;Подготовка;
20251210;01:14:23;-0,5;0,0;0,0;0,0;50,0;Подготовка;
20251210;01:14:28;-0,5;0,0;0,0;0,0;50,0;Подготовка;
20251210;01:14:33;-0,5;0,0;0,0;0,0;50,0;Подготовка;
20251210;01:14:38;-0,5;0,0;0,0;0,0;50,0;Подготовка;
20251210;01:14:43;-0,5;0,0;0,0;0,0;50,0;Подготовка;
20251210;01:14:48;-0,5;0,0;0,0;0,0;50,0;Подготовка;
20251210;01:14:53;-0,5;0,0;0,0;0,0;50,0;Подготовка;
20251210;01:14:58;-0,5;0,0;0,0;0,0;50,0;Подготовка;
20251210;01:15:03;-0,5;0,0;0,0;0,0;50,0;Подготовка;
20251210;01:15:08;-0,5;0,0;0,0;0,0;50,0;Подготовка;
20251210;01:15:13;-0,5;0,0;0,0;0,0;50,0;Подготовка;
20251210;01:15:18;-0,5;0,0;0,0;0,0;50,0;Подготовка;
20251210;01:15:23;-0,5;0,0;0,0;0,0;50,0;Подготовка;
20251210;01:15:28;-0,5;0,0;0,0;0,0;50,0;Подготовка;
20251210;01:15:33;-0,5;0,0;0,0;0,0;50,0;Подготовка;
20251210;01:15:38;-0,5;0,0;0,0;0,0;50,0;Подготовка;
20251210;01:15:43;-0,5;0,0;0,0;0,0;50,0;Подготовка;
20251210;01:15:49;-0,5;0,0;0,0;0,0;50,0;Подготовка;
20251210;01:15:54;-0,5;0,0;0,0;0,0;50,0;Подготовка;
20251210;01:15:59;-0,5;0,0;0,0;0,0;50,0;Подготовка;
20251210;01:16:04;-0,5;0,0;0,0;0,0;50,0;Подготовка;
20251210;01:16:09;-0,5;0,0;0,0;0,0;50,0;Подготовка;
20251210;01:16:14;-0,5;0,0;0,0;0,0;50,0;Подготовка;
20251210;01:16:19;-0,5;0,0;0,0;0,0;50,0;Подготовка;
20251210;01:16:24;-0,5;0,0;0,0;0,0;50,0;Подготовка;
20251210;01:16:29;-0,5;0,0;0,0;0,0;50,0;Подготовка;
20251210;01:16:34;-0,5;0,0;0,0;0,0;50,0;Подготовка;
20251210;01:16:39;-0,5;0,0;0,0;0,0;50,0;Подготовка;
20251210;01:16:44;-0,5;0,0;0,0;0,0;50,0;Подготовка;
20251210;01:16:49;-0,5;0,0;0,0;0,0;50,0;Подготовка;
20251210;01:16:54;-0,5;0,0;0,0;0,0;50,0;Подготовка;
20251210;01:16:59;-0,5;0,0;0,0;0,0;50,0;Подготовка;
20251210;01:17:04;-0,5;0,0;0,0;0,0;50,0;Подготовка;
20251210;01:17:09;-0,5;0,0;0,0;0,0;50,0;Подготовка;
20251210;01:17:14;-0,5;0,0;0,0;0,0;50,0;Подготовка;
20251210;01:17:19;-0,5;0,0;0,0;0,0;50,0;Подготовка;
20251210;01:17:24;-0,5;0,0;0,0;0,0;50,0;Подготовка;
20251210;01:17:29;-0,5;0,0;0,0;0,0;50,0;Подготовка;
20251210;01:17:34;-0,5;0,0;0,0;0,0;50,0;Подготовка;
20251210;01:17:39;-0,5;0,0;0,0;0,0;50,0;Подготовка;
20251210;01:17:44;-0,5;0,0;0,0;0,0;50,0;Подготовка;
20251210;01:17:49;-0,5;0,0;0,0;0,0;50,0;Подготовка;
20251210;01:17:55;-0,5;0,0;0,0;0,0;50,0;Подготовка;
20251210;01:18:00;-0,5;0,0;0,0;0,0;50,0;Подготовка;
20251210;01:18:05;-0,5;0,0;0,0;0,0;50,0;Подготовка;
20251210;01:18:10;-0,5;0,0;0,0;0,0;50,0;Подготовка;
20251210;01:18:15;-0,5;0,0;0,0;0,0;50,0;Подготовка;
20251210;01:18:20;-0,5;0,0;0,0;0,0;50,0;Подготовка;
20251210;01:18:25;-0,5;0,0;0,0;0,0;50,0;Подготовка;
20251210;01:18:30;-0,5;0,0;0,0;0,0;50,0;Подготовка;
20251210;01:18:35;-0,5;0,0;0,0;0,0;50,0;Подготовка;
20251210;01:18:40;-0,5;0,0;0,0;0,0;50,0;Подготовка;
20251210;01:18:45;-0,5;0,0;0,0;0,0;50,0;Подготовка;
20251210;01:18:50;-0,5;0,0;0,0;0,0;50,0;Подготовка;
20251210;01:18:55;-0,5;0,0;0,0;0,0;50,0;Подготовка;
20251210;01:19:00;-0,5;0,0;0,0;0,0;50,0;Подготовка;
20251210;01:19:05;-0,5;0,0;0,0;0,0;50,0;Подготовка;
20251210;01:19:10;-0,5;0,0;0,0;0,0;50,0;Подготовка;
20251210;01:19:15;-0,5;0,0;0,0;0,0;50,0;Подготовка;
20251210;01:19:20;-0,5;0,0;0,0;0,0;50,0;Подготовка;
20251210;01:19:25;-0,5;0,0;0,0;0,0;50,0;Подготовка;
20251210;01:19:30;-0,5;0,0;0,0;0,0;50,0;Подготовка;
20251210;01:19:35;-0,5;0,0;0,0;0,0;50,0;Подготовка;
20251210;01:19:40;-0,5;0,0;0,0;0,0;50,0;Подготовка;
20251210;01:19:45;-0,5;0,0;0,0;0,0;50,0;Подготовка;
20251210;01:19:50;-0,5;0,0;0,0;0,0;50,0;Подготовка;
20251210;01:19:55;-0,5;0,0;0,0;0,0;50,0;Подготовка;
20251210;01:20:01;-0,5;0,0;0,0;0,0;50,0;Подготовка;
20251210;01:20:06;-0,5;0,0;0,0;0,0;50,0;Подготовка;
20251210;01:20:11;-0,5;0,0;0,0;0,0;50,0;Подготовка;
20251210;01:20:16;-0,5;0,0;0,0;0,0;50,0;Подготовка;
20251210;01:20:21;-0,5;0,0;0,0;0,0;50,0;Подготовка;
20251210;01:20:26;-0,5;0,0;0,0;0,0;50,0;Подготовка;
20251210;01:20:31;-0,5;0,0;0,0;0,0;50,0;Подготовка;
20251210;01:20:36;-0,5;0,0;0,0;0,0;50,0;Подготовка;
20251210;01:20:41;-0,5;0,0;0,0;0,0;50,0;Подготовка;
20251210;01:20:46;-0,5;0,0;0,0;0,0;50,0;Подготовка;
20251210;01:20:51;-0,5;0,0;0,0;0,0;50,0;Подготовка;
20251210;01:20:56;-0,5;0,0;0,0;0,0;50,0;Подготовка;
20251210;01:21:01;-0,5;0,0;0,0;0,0;50,0;Подготовка;
20251210;01:21:06;-0,5;0,0;0,0;0,0;50,0;Подготовка;
20251210;01:21:11;-0,5;0,0;0,0;0,0;50,0;Подготовка;
20251210;01:21:16;-0,5;0,0;0,0;0,0;50,0;Подготовка;
20251210;01:21:21;-0,5;0,0;0,0;0,0;50,0;Подготовка;
20251210;01:21:26;-0,5;0,0;0,0;0,0;50,0;Подготовка;
20251210;01:21:31;-0,5;0,0;0,0;0,0;50,0;Подготовка;
20251210;01:21:36;-0,5;0,0;0,0;0,0;50,0;Подготовка;
20251210;01:21:41;-0,5;0,0;0,0;0,0;50,0;Подготовка;
20251210;01:21:46;-0,5;0,0;0,0;0,0;50,0;Подготовка;
20251210;01:21:51;-0,5;0,0;0,0;0,0;50,0;Подготовка;
20251210;01:21:56;-0,5;0,0;0,0;0,0;50,0;Подготовка;
20251210;01:22:01;-0,5;0,0;0,0;0,0;50,0;Подготовка;
20251210;01:22:07;-0,5;0,0;0,0;0,0;50,0;Подготовка;
20251210;01:22:12;-0,5;0,0;0,0;0,0;50,0;Подготовка;
20251210;01:22:17;-0,5;0,0;0,0;0,0;50,0;Подготовка;
20251210;01:22:22;-0,5;0,0;0,0;0,0;50,0;Подготовка;
20251210;01:22:27;-0,5;0,0;0,0;0,0;50,0;Подготовка;
20251210;01:22:32;-0,5;0,0;0,0;0,0;50,0;Подготовка;
20251210;01:22:37;-0,5;0,0;0,0;0,0;50,0;Подготовка;
20251210;01:22:42;-0,5;0,0;0,0;0,0;50,0;Подготовка;
20251210;01:22:47;-0,5;0,0;0,0;0,0;50,0;Подготовка;
20251210;01:22:52;-0,5;0,0;0,0;0,0;50,0;Подготовка;
20251210;01:22:57;-0,5;0,0;0,0;0,0;50,0;Подготовка;
20251210;01:23:02;-0,5;0,0;0,0;0,0;50,0;Подготовка;
20251210;01:23:07;-0,5;0,0;0,0;0,0;50,0;Подготовка;
20251210;01:23:12;-0,5;0,0;0,0;0,0;50,0;Подготовка;
20251210;01:23:17;-0,5;0,0;0,0;0,0;50,0;Подготовка;
20251210;01:23:22;-0,5;0,0;0,0;0,0;50,0;Подготовка;
20251210;01:23:27;-0,5;0,0;0,0;0,0;50,0;Подготовка;
20251210;01:23:32;-0,5;0,0;0,0;0,0;50,0;Подготовка;
20251210;01:23:37;-0,5;0,0;0,0;0,0;50,0;Подготовка;
20251210;01:23:42;-0,5;0,0;0,0;0,0;50,0;Подготовка;
20251210;01:23:47;-0,5;0,0;0,0;0,0;50,0;Подготовка;
20251210;01:23:52;-0,5;0,0;0,0;0,0;50,0;Подготовка;
20251210;01:23:57;-0,5;0,0;0,0;0,0;50,0;Подготовка;
20251210;01:24:02;-0,5;0,0;0,0;0,0;50,0;Подготовка;
20251210;01:24:07;-0,5;0,0;0,0;0,0;50,0;Подготовка;
20251210;01:24:13;-0,5;0,0;0,0;0,0;50,0;Подготовка;
20251210;01:24:18;-0,5;0,0;0,0;0,0;50,0;Подготовка;
20251210;01:24:23;-0,5;0,0;0,0;0,0;50,0;Подготовка;
20251210;01:24:28;-0,5;0,0;0,0;0,0;50,0;Подготовка;
20251210;01:24:33;-0,5;0,0;0,0;0,0;50,0;Подготовка;
20251210;01:24:38;-0,5;0,0;0,0;0,0;50,0;Подготовка;
20251210;01:24:43;-0,5;0,0;0,0;0,0;50,0;Подготовка;
20251210;01:24:48;-0,5;0,0;0,0;0,0;50,0;Подготовка;
20251210;01:24:53;-0,5;0,0;0,0;0,0;50,0;Подготовка;
20251210;01:24:58;-0,5;0,0;0,0;0,0;50,0;Подготовка;
20251210;01:25:03;-0,5;0,0;0,0;0,0;50,0;Подготовка;
20251210;01:25:08;-0,5;0,0;0,0;0,0;50,0;Подготовка;
20251210;01:25:13;-0,5;0,0;0,0;0,0;50,0;Подготовка;
20251210;01:25:18;-0,5;0,0;0,0;0,0;50,0;Подготовка;
20251210;01:25:23;-0,5;0,0;0,0;0,0;50,0;Подготовка;
20251210;01:25:28;-0,5;0,0;0,0;0,0;50,0;Подготовка;
20251210;01:25:33;-0,5;0,0;0,0;0,0;50,0;Подготовка;
20251210;01:25:38;-0,5;0,0;0,0;0,0;50,0;Подготовка;
20251210;01:25:43;-0,5;0,0;0,0;0,0;50,0;Подготовка;
20251210;01:25:48;-0,5;0,0;0,0;0,0;50,0;Подготовка;
20251210;01:25:53;-0,5;0,0;0,0;0,0;50,0;Подготовка;
20251210;01:25:58;-0,5;0,0;0,0;0,0;50,0;Подготовка;
20251210;01:26:03;-0,5;0,0;0,0;0,0;50,0;Подготовка;
20251210;01:26:08;-0,5;0,0;0,0;0,0;50,0;Подготовка;
20251210;01:26:13;-0,5;0,0;0,0;0,0;50,0;Подготовка;
20251210;01:26:19;-0,5;0,0;0,0;0,0;50,0;Подготовка;
20251210;01:26:24;-0,5;0,0;0,0;0,0;50,0;Подготовка;
20251210;01:26:29;-0,5;0,0;0,0;0,0;50,0;Подготовка;
20251210;01:26:34;-0,5;0,0;0,0;0,0;50,0;Подготовка;
20251210;01:26:39;-0,5;0,0;0,0;0,0;50,0;Подготовка;
20251210;01:26:44;-0,5;0,0;0,0;0,0;50,0;Подготовка;
20251210;01:26:49;-0,5;0,0;0,0;0,0;50,0;Подготовка;
20251210;01:26:54;-0,5;0,0;0,0;0,0;50,0;Подготовка;
20251210;01:26:59;-0,5;0,0;0,0;0,0;50,0;Подготовка;
20251210;01:27:04;-0,5;0,0;0,0;0,0;50,0;Подготовка;
20251210;01:27:09;-0,5;0,0;0,0;0,0;50,0;Подготовка;
20251210;01:27:14;-0,5;0,0;0,0;0,0;50,0;Подготовка;
20251210;01:27:19;-0,5;0,0;0,0;0,0;50,0;Подготовка;
20251210;01:27:24;-0,5;0,0;0,0;0,0;50,0;Подготовка;
20251210;01:27:29;-0,5;0,0;0,0;0,0;50,0;Подготовка;
20251210;01:27:34;-0,5;0,0;0,0;0,0;50,0;Подготовка;
20251210;01:27:39;-0,5;0,0;0,0;0,0;50,0;Подготовка;
20251210;01:27:44;-0,5;0,0;0,0;0,0;50,0;Подготовка;
20251210;01:27:49;-0,5;0,0;0,0;0,0;50,0;Подготовка;
20251210;01:27:54;-0,5;0,0;0,0;0,0;50,0;Подготовка;
20251210;01:27:59;-0,5;0,0;0,0;0,0;50,0;Подготовка;
20251210;01:28:04;-0,5;0,0;0,0;0,0;50,0;Подготовка;
20251210;01:28:09;-0,5;0,0;0,0;0,0;50,0;Подготовка;
20251210;01:28:14;-0,5;0,0;0,0;0,0;50,0;Подготовка;
20251210;01:28:19;-0,5;0,0;0,0;0,0;50,0;Подготовка;
20251210;01:28:25;-0,5;0,0;0,0;0,0;50,0;Подготовка;
20251210;01:28:30;-0,5;0,0;0,0;0,0;50,0;Подготовка;
20251210;01:28:35;-0,5;0,0;0,0;0,0;50,0;Подготовка;
20251210;01:28:40;-0,5;0,0;0,0;0,0;50,0;Подготовка;
20251210;01:28:45;-0,5;0,0;0,0;0,0;50,0;Подготовка;
20251210;01:28:50;-0,5;0,0;0,0;0,0;50,0;Подготовка;
20251210;01:28:55;-0,5;0,0;0,0;0,0;50,0;Подготовка;
20251210;01:29:00;-0,5;0,0;0,0;0,0;50,0;Подготовка;
20251210;01:29:05;-0,5;0,0;0,0;0,0;50,0;Подготовка;
20251210;01:29:10;-0,5;0,0;0,0;0,0;50,0;Подготовка;
20251210;01:29:15;-0,5;0,0;0,0;0,0;50,0;Подготовка;
20251210;01:29:20;-0,5;0,0;0,0;0,0;50,0;Подготовка;
20251210;01:29:25;-0,5;0,0;0,0;0,0;50,0;Подготовка;
20251210;01:29:30;-0,5;0,0;0,0;0,0;50,0;Подготовка;
20251210;01:29:35;-0,5;0,0;0,0;0,0;50,0;Подготовка;
20251210;01:29:40;-0,5;0,0;0,0;0,0;50,0;Подготовка;
20251210;01:29:45;-0,5;0,0;0,0;0,0;50,0;Подготовка;
20251210;01:29:50;-0,5;0,0;0,0;0,0;50,0;Подготовка;
20251210;01:29:55;-0,5;0,0;0,0;0,0;50,0;Подготовка;
20251210;01:30:00;-0,5;0,0;0,0;0,0;50,0;Подготовка;
20251210;01:30:05;-0,5;0,0;0,0;0,0;50,0;Подготовка;
20251210;01:30:10;-0,5;0,0;0,0;0,0;50,0;Подготовка;
20251210;01:30:15;-0,5;0,0;0,0;0,0;50,0;Подготовка;
20251210;01:30:20;-0,5;0,0;0,0;0,0;50,0;Подготовка;
20251210;01:30:25;-0,5;0,0;0,0;0,0;50,0;Подготовка;
20251210;01:30:31;-0,5;0,0;0,0;0,0;50,0;Подготовка;
20251210;01:30:36;-0,5;0,0;0,0;0,0;50,0;Подготовка;
20251210;01:30:41;-0,5;0,0;0,0;0,0;50,0;Подготовка;
20251210;01:30:46;-0,5;0,0;0,0;0,0;50,0;Подготовка;
20251210;01:30:51;-0,5;0,0;0,0;0,0;50,0;Подготовка;
20251210;01:30:56;-0,5;0,0;0,0;0,0;50,0;Подготовка;
20251210;01:31:01;-0,5;0,0;0,0;0,0;50,0;Подготовка;
20251210;01:31:06;-0,5;0,0;0,0;0,0;50,0;Подготовка;
20251210;01:31:11;-0,5;0,0;0,0;0,0;50,0;Подготовка;
20251210;01:31:16;-0,5;0,0;0,0;0,0;50,0;Подготовка;
20251210;01:31:21;-0,5;0,0;0,0;0,0;50,0;Подготовка;
20251210;01:31:26;-0,5;0,0;0,0;0,0;50,0;Подготовка;
20251210;01:31:31;-0,5;0,0;0,0;0,0;50,0;Подготовка;
20251210;01:31:36;-0,5;0,0;0,0;0,0;50,0;Подготовка;
20251210;01:31:41;-0,5;0,0;0,0;0,0;50,0;Подготовка;
20251210;01:31:46;-0,5;0,0;0,0;0,0;50,0;Подготовка;
20251210;01:31:51;-0,5;0,0;0,0;0,0;50,0;Подготовка;
20251210;01:31:56;-0,5;0,0;0,0;0,0;50,0;Подготовка;
20251210;01:32:01;-0,5;0,0;0,0;0,0;50,0;Подготовка;
20251210;01:32:06;-0,5;0,0;0,0;0,0;50,0;Подготовка;
20251210;01:32:11;-0,5;0,0;0,0;0,0;50,0;Подготовка;
20251210;01:32:16;-0,5;0,0;0,0;0,0;50,0;Подготовка;
20251210;01:32:21;-0,5;0,0;0,0;0,0;50,0;Подготовка;
20251210;01:32:26;-0,5;0,0;0,0;0,0;50,0;Подготовка;
20251210;01:32:31;-0,5;0,0;0,0;0,0;50,0;Подготовка;
20251210;01:32:37;-0,5;0,0;0,0;0,0;50,0;Подготовка;
20251210;01:32:42;-0,5;0,0;0,0;0,0;50,0;Подготовка;
20251210;01:32:47;-0,5;0,0;0,0;0,0;50,0;Подготовка;
20251210;01:32:52;-0,5;0,0;0,0;0,0;50,0;Подготовка;
20251210;01:32:57;-0,5;0,0;0,0;0,0;50,0;Подготовка;
20251210;01:33:02;-0,5;0,0;0,0;0,0;50,0;Подготовка;
20251210;01:33:07;-0,5;0,0;0,0;0,0;50,0;Подготовка;
20251210;01:33:12;-0,5;0,0;0,0;0,0;50,0;Подготовка;
20251210;01:33:17;-0,5;0,0;0,0;0,0;50,0;Подготовка;
20251210;01:33:22;-0,5;0,0;0,0;0,0;50,0;Подготовка;
20251210;01:33:27;-0,5;0,0;0,0;0,0;50,0;Подготовка;
20251210;01:33:32;-0,5;0,0;0,0;0,0;50,0;Подготовка;
20251210;01:33:37;-0,5;0,0;0,0;0,0;50,0;Подготовка;
20251210;01:33:42;-0,5;0,0;0,0;0,0;50,0;Подготовка;
20251210;01:33:47;-0,5;0,0;0,0;0,0;50,0;Подготовка;
20251210;01:33:52;-0,5;0,0;0,0;0,0;50,0;Подготовка;
20251210;01:33:57;-0,5;0,0;0,0;0,0;50,0;Подготовка;
20251210;01:34:02;-0,5;0,0;0,0;0,0;50,0;Подготовка;
20251210;01:34:07;-0,5;0,0;0,0;0,0;50,0;Подготовка;
20251210;01:34:12;-0,5;0,0;0,0;0,0;50,0;Подготовка;
20251210;01:34:17;-0,5;0,0;0,0;0,0;50,0;Подготовка;
20251210;01:34:22;-0,5;0,0;0,0;0,0;50,0;Подготовка;
20251210;01:34:27;-0,5;0,0;0,0;0,0;50,0;Подготовка;
20251210;01:34:32;-0,5;0,0;0,0;0,0;50,0;Подготовка;
20251210;01:34:37;-0,5;0,0;0,0;0,0;50,0;Подготовка;
20251210;01:34:43;-0,5;0,0;0,0;0,0;50,0;Подготовка;
20251210;01:34:48;-0,5;0,0;0,0;0,0;50,0;Подготовка;
20251210;01:34:53;-0,5;0,0;0,0;0,0;50,0;Подготовка;
20251210;01:34:58;-0,5;0,0;0,0;0,0;50,0;Подготовка;
20251210;01:35:03;-0,5;0,0;0,0;0,0;50,0;Подготовка;
20251210;01:35:08;-0,5;0,0;0,0;0,0;50,0;Подготовка;
20251210;01:35:13;-0,5;0,0;0,0;0,0;50,0;Подготовка;
20251210;01:35:18;-0,5;0,0;0,0;0,0;50,0;Подготовка;
Предприятие;
Объект;
Вид оборудования;
Дисп. наименование;
Тип;
Зав. номер;
Сер. номер;
Год выпуска;
Год ввода в эксплуатацию;
Дата отбора пробы;
Марка пробы;
Температура пробы;
DATE ;TIME ;TS_TEMP ;PROB_TEMP ;PROB_OTN_VL ;PROBE_VlAGOSOD ;SP ;STATUS ; 
20251210;01:35:35;-0,39;0,0;0,0;0,0;50,0;Включение;
20251210;01:35:40;-0,49;0,0;0,0;0,0;50,0;Включение;
20251210;01:35:45;-0,49;0,0;0,0;0,0;50,0;Подготовка;
20251210;01:35:50;-0,49;0,0;0,0;0,0;50,0;Подготовка;
20251210;01:35:55;-0,49;0,0;0,0;0,0;50,0;Подготовка;
20251210;01:36:00;-0,49;0,0;0,0;0,0;50,0;Подготовка;
20251210;01:36:05;-0,5;0,0;0,0;0,0;50,0;Подготовка;
20251210;01:36:10;-0,5;0,0;0,0;0,0;50,0;Подготовка;
20251210;01:36:15;-0,5;0,0;0,0;0,0;50,0;Подготовка;
20251210;01:36:20;-0,5;0,0;0,0;0,0;50,0;Подготовка;
20251210;01:36:25;-0,5;0,0;0,0;0,0;50,0;Подготовка;
20251210;01:36:30;-0,5;0,0;0,0;0,0;50,0;Подготовка;
20251210;01:36:35;-0,5;0,0;0,0;0,0;50,0;Подготовка;
20251210;01:36:40;-0,5;0,0;0,0;0,0;50,0;Подготовка;
20251210;01:36:45;-0,5;0,0;0,0;0,0;50,0;Подготовка;
20251210;01:36:50;-0,5;0,0;0,0;0,0;50,0;Подготовка;
20251210;01:36:55;-0,5;0,0;0,0;0,0;50,0;Подготовка;
20251210;01:37:00;-0,5;0,0;0,0;0,0;50,0;Подготовка;
20251210;01:37:05;-0,5;0,0;0,0;0,0;50,0;Подготовка;
20251210;01:37:10;-0,5;0,0;0,0;0,0;50,0;Подготовка;
20251210;01:37:15;-0,5;0,0;0,0;0,0;50,0;Подготовка;
20251210;01:37:20;-0,5;0,0;0,0;0,0;50,0;Подготовка;
20251210;01:37:25;-0,5;0,0;0,0;0,0;50,0;Подготовка;
20251210;01:37:30;-0,5;0,0;0,0;0,0;50,0;Подготовка;
20251210;01:37:36;-0,5;0,0;0,0;0,0;50,0;Подготовка;
20251210;01:37:41;-0,5;0,0;0,0;0,0;50,0;Подготовка;
20251210;01:37:46;-0,5;0,0;0,0;0,0;50,0;Подготовка;
20251210;01:37:51;-0,5;0,0;0,0;0,0;50,0;Подготовка;
20251210;01:37:56;-0,5;0,0;0,0;0,0;50,0;Подготовка;
20251210;01:38:01;-0,5;0,0;0,0;0,0;50,0;Подготовка;
20251210;01:38:06;-0,5;0,0;0,0;0,0;50,0;Подготовка;
20251210;01:38:11;-0,5;0,0;0,0;0,0;50,0;Подготовка;
20251210;01:38:16;-0,5;0,0;0,0;0,0;50,0;Подготовка;
20251210;01:38:21;-0,5;0,0;0,0;0,0;50,0;Подготовка;
20251210;01:38:26;-0,5;0,0;0,0;0,0;50,0;Подготовка;
20251210;01:38:31;-0,5;0,0;0,0;0,0;50,0;Подготовка;
20251210;01:38:36;-0,5;0,0;0,0;0,0;50,0;Подготовка;
20251210;01:38:41;-0,5;0,0;0,0;0,0;50,0;Подготовка;
20251210;01:38:46;-0,5;0,0;0,0;0,0;50,0;Подготовка;
20251210;01:38:51;-0,5;0,0;0,0;0,0;50,0;Подготовка;
20251210;01:38:56;-0,5;0,0;0,0;0,0;50,0;Подготовка;
20251210;01:39:01;-0,5;0,0;0,0;0,0;50,0;Подготовка;
20251210;01:39:06;-0,5;0,0;0,0;0,0;50,0;Подготовка;
20251210;01:39:11;-0,5;0,0;0,0;0,0;50,0;Подготовка;
20251210;01:39:16;-0,5;0,0;0,0;0,0;50,0;Подготовка;
20251210;01:39:21;-0,5;0,0;0,0;0,0;50,0;Подготовка;
20251210;01:39:26;-0,5;0,0;0,0;0,0;50,0;Подготовка;
20251210;01:39:31;-0,5;0,0;0,0;0,0;50,0;Подготовка;
20251210;01:39:36;-0,5;0,0;0,0;0,0;50,0;Подготовка;
20251210;01:39:42;-0,5;0,0;0,0;0,0;50,0;Подготовка;
20251210;01:39:47;-0,5;0,0;0,0;0,0;50,0;Подготовка;
20251210;01:39:52;-0,5;0,0;0,0;0,0;50,0;Подготовка;
20251210;01:39:57;-0,5;0,0;0,0;0,0;50,0;Подготовка;
20251210;01:40:02;-0,5;0,0;0,0;0,0;50,0;Подготовка;
20251210;01:40:07;-0,5;0,0;0,0;0,0;50,0;Подготовка;
20251210;01:40:12;-0,5;0,0;0,0;0,0;50,0;Подготовка;
20251210;01:40:17;-0,5;0,0;0,0;0,0;50,0;Подготовка;
20251210;01:40:22;-0,5;0,0;0,0;0,0;50,0;Подготовка;
20251210;01:40:27;-0,5;0,0;0,0;0,0;50,0;Подготовка;
20251210;01:40:32;-0,5;0,0;0,0;0,0;50,0;Подготовка;
20251210;01:40:37;-0,5;0,0;0,0;0,0;50,0;Подготовка;
20251210;01:40:42;-0,5;0,0;0,0;0,0;50,0;Подготовка;
20251210;01:40:47;-0,5;0,0;0,0;0,0;50,0;Подготовка;
20251210;01:40:52;-0,5;0,0;0,0;0,0;50,0;Подготовка;
20251210;01:40:57;-0,5;0,0;0,0;0,0;50,0;Подготовка;
20251210;01:41:02;-0,5;0,0;0,0;0,0;50,0;Подготовка;
20251210;01:41:07;-0,5;0,0;0,0;0,0;50,0;Подготовка;
20251210;01:41:12;-0,5;0,0;0,0;0,0;50,0;Подготовка;
20251210;01:41:17;-0,5;0,0;0,0;0,0;50,0;Подготовка;
20251210;01:41:22;-0,5;0,0;0,0;0,0;50,0;Подготовка;
20251210;01:41:27;-0,5;0,0;0,0;0,0;50,0;Подготовка;
20251210;01:41:32;-0,5;0,0;0,0;0,0;50,0;Подготовка;
20251210;01:41:37;-0,5;0,0;0,0;0,0;50,0;Подготовка;
20251210;01:41:42;-0,5;0,0;0,0;0,0;50,0;Подготовка;
20251210;01:41:48;-0,5;0,0;0,0;0,0;50,0;Подготовка;
20251210;01:41:53;-0,5;0,0;0,0;0,0;50,0;Подготовка;
20251210;01:41:58;-0,5;0,0;0,0;0,0;50,0;Подготовка;
20251210;01:42:03;-0,5;0,0;0,0;0,0;50,0;Подготовка;
20251210;01:42:08;-0,5;0,0;0,0;0,0;50,0;Подготовка;
20251210;01:42:13;-0,5;0,0;0,0;0,0;50,0;Подготовка;
20251210;01:42:18;-0,5;0,0;0,0;0,0;50,0;Подготовка;
20251210;01:42:23;-0,5;0,0;0,0;0,0;50,0;Подготовка;
20251210;01:42:28;-0,5;0,0;0,0;0,0;50,0;Подготовка;
20251210;01:42:33;-0,5;0,0;0,0;0,0;50,0;Подготовка;
20251210;01:42:38;-0,5;0,0;0,0;0,0;50,0;Подготовка;
20251210;01:42:43;-0,5;0,0;0,0;0,0;50,0;Подготовка;
20251210;01:42:48;-0,5;0,0;0,0;0,0;50,0;Подготовка;
20251210;01:42:53;-0,5;0,0;0,0;0,0;50,0;Подготовка;
20251210;01:42:58;-0,5;0,0;0,0;0,0;50,0;Подготовка;
20251210;01:43:03;-0,5;0,0;0,0;0,0;50,0;Подготовка;
20251210;01:43:08;-0,5;0,0;0,0;0,0;50,0;Подготовка;
20251210;01:43:13;-0,5;0,0;0,0;0,0;50,0;Подготовка;
20251210;01:43:18;-0,5;0,0;0,0;0,0;50,0;Подготовка;
20251210;01:43:23;-0,5;0,0;0,0;0,0;50,0;Подготовка;
20251210;01:43:28;-0,5;0,0;0,0;0,0;50,0;Подготовка;
20251210;01:43:33;-0,5;0,0;0,0;0,0;50,0;Подготовка;
20251210;01:43:38;-0,5;0,0;0,0;0,0;50,0;Подготовка;
20251210;01:43:43;-0,5;0,0;0,0;0,0;50,0;Подготовка;
20251210;01:43:48;-0,5;0,0;0,0;0,0;50,0;Подготовка;
20251210;01:43:54;-0,5;0,0;0,0;0,0;50,0;Подготовка;
20251210;01:43:59;-0,5;0,0;0,0;0,0;50,0;Подготовка;
20251210;01:44:04;-0,5;0,0;0,0;0,0;50,0;Подготовка;
20251210;01:44:09;-0,5;0,0;0,0;0,0;50,0;Подготовка;
20251210;01:44:14;-0,5;0,0;0,0;0,0;50,0;Подготовка;
20251210;01:44:19;-0,5;0,0;0,0;0,0;50,0;Подготовка;
20251210;01:44:24;-0,5;0,0;0,0;0,0;50,0;Подготовка;
20251210;01:44:29;-0,5;0,0;0,0;0,0;50,0;Подготовка;
20251210;01:44:34;-0,5;0,0;0,0;0,0;50,0;Подготовка;
20251210;01:44:39;-0,5;0,0;0,0;0,0;50,0;Подготовка;
20251210;01:44:44;-0,5;0,0;0,0;0,0;50,0;Подготовка;
20251210;01:44:49;-0,5;0,0;0,0;0,0;50,0;Подготовка;
20251210;01:44:54;-0,5;0,0;0,0;0,0;50,0;Подготовка;
20251210;01:44:59;-0,5;0,0;0,0;0,0;50,0;Подготовка;
20251210;01:45:04;-0,5;0,0;0,0;0,0;50,0;Подготовка;
20251210;01:45:09;-0,5;0,0;0,0;0,0;50,0;Подготовка;
20251210;01:45:14;-0,5;0,0;0,0;0,0;50,0;Подготовка;
20251210;01:45:19;-0,5;0,0;0,0;0,0;50,0;Подготовка;
20251210;01:45:24;-0,5;0,0;0,0;0,0;50,0;Подготовка;
20251210;01:45:29;-0,5;0,0;0,0;0,0;50,0;Подготовка;
20251210;01:45:34;-0,5;0,0;0,0;0,0;50,0;Подготовка;
20251210;01:45:39;-0,5;0,0;0,0;0,0;50,0;Подготовка;
20251210;01:45:44;-0,5;0,0;0,0;0,0;50,0;Подготовка;
20251210;01:45:49;-0,5;0,0;0,0;0,0;50,0;Подготовка;
20251210;01:45:54;-0,5;0,0;0,0;0,0;50,0;Подготовка;
20251210;01:46:00;-0,5;0,0;0,0;0,0;50,0;Подготовка;
20251210;01:46:05;-0,5;0,0;0,0;0,0;50,0;Подготовка;
20251210;01:46:10;-0,5;0,0;0,0;0,0;50,0;Подготовка;
20251210;01:46:15;-0,5;0,0;0,0;0,0;50,0;Подготовка;
20251210;01:46:20;-0,5;0,0;0,0;0,0;50,0;Подготовка;
20251210;01:46:25;-0,5;0,0;0,0;0,0;50,0;Подготовка;
20251210;01:46:30;-0,5;0,0;0,0;0,0;50,0;Подготовка;
20251210;01:46:35;-0,5;0,0;0,0;0,0;50,0;Подготовка;
20251210;01:46:40;-0,5;0,0;0,0;0,0;50,0;Подготовка;
20251210;01:46:45;-0,5;0,0;0,0;0,0;50,0;Подготовка;
20251210;01:46:50;-0,5;0,0;0,0;0,0;50,0;Подготовка;
20251210;01:46:55;-0,5;0,0;0,0;0,0;50,0;Подготовка;
20251210;01:47:00;-0,5;0,0;0,0;0,0;50,0;Подготовка;
20251210;01:47:05;-0,5;0,0;0,0;0,0;50,0;Подготовка;
20251210;01:47:10;-0,5;0,0;0,0;0,0;50,0;Подготовка;
20251210;01:47:15;-0,5;0,0;0,0;0,0;50,0;Подготовка;
20251210;01:47:20;-0,5;0,0;0,0;0,0;50,0;Подготовка;
20251210;01:47:25;-0,5;0,0;0,0;0,0;50,0;Подготовка;
20251210;01:47:30;-0,5;0,0;0,0;0,0;50,0;Подготовка;
20251210;01:47:35;-0,5;0,0;0,0;0,0;50,0;Подготовка;
20251210;01:47:40;-0,5;0,0;0,0;0,0;50,0;Подготовка;
20251210;01:47:45;-0,5;0,0;0,0;0,0;50,0;Подготовка;
20251210;01:47:50;-0,5;0,0;0,0;0,0;50,0;Подготовка;
20251210;01:47:55;-0,5;0,0;0,0;0,0;50,0;Подготовка;
20251210;01:48:00;-0,5;0,0;0,0;0,0;50,0;Подготовка;
20251210;01:48:06;-0,5;0,0;0,0;0,0;50,0;Подготовка;
20251210;01:48:11;-0,5;0,0;0,0;0,0;50,0;Подготовка;
20251210;01:48:16;-0,5;0,0;0,0;0,0;50,0;Подготовка;
20251210;01:48:21;-0,5;0,0;0,0;0,0;50,0;Подготовка;
20251210;01:48:26;-0,5;0,0;0,0;0,0;50,0;Подготовка;
20251210;01:48:31;-0,5;0,0;0,0;0,0;50,0;Подготовка;
20251210;01:48:36;-0,5;0,0;0,0;0,0;50,0;Подготовка;
20251210;01:48:41;-0,5;0,0;0,0;0,0;50,0;Подготовка;
20251210;01:48:46;-0,5;0,0;0,0;0,0;50,0;Подготовка;
20251210;01:48:51;-0,5;0,0;0,0;0,0;50,0;Подготовка;
20251210;01:48:56;-0,5;0,0;0,0;0,0;50,0;Подготовка;
20251210;01:49:01;-0,5;0,0;0,0;0,0;50,0;Подготовка;
20251210;01:49:06;-0,5;0,0;0,0;0,0;50,0;Подготовка;
20251210;01:49:11;-0,5;0,0;0,0;0,0;50,0;Подготовка;
20251210;01:49:16;-0,5;0,0;0,0;0,0;50,0;Подготовка;
20251210;01:49:21;-0,5;0,0;0,0;0,0;50,0;Подготовка;
20251210;01:49:26;-0,5;0,0;0,0;0,0;50,0;Подготовка;
20251210;01:49:31;-0,5;0,0;0,0;0,0;50,0;Подготовка;
20251210;01:49:36;-0,5;0,0;0,0;0,0;50,0;Подготовка;
20251210;01:49:41;-0,5;0,0;0,0;0,0;50,0;Подготовка;
20251210;01:49:46;-0,5;0,0;0,0;0,0;50,0;Подготовка;
20251210;01:49:51;-0,5;0,0;0,0;0,0;50,0;Подготовка;
20251210;01:49:56;-0,5;0,0;0,0;0,0;50,0;Подготовка;
20251210;01:50:01;-0,5;0,0;0,0;0,0;50,0;Подготовка;
20251210;01:50:06;-0,5;0,0;0,0;0,0;50,0;Подготовка;
20251210;01:50:12;-0,5;0,0;0,0;0,0;50,0;Подготовка;
20251210;01:50:17;-0,5;0,0;0,0;0,0;50,0;Подготовка;
20251210;01:50:22;-0,5;0,0;0,0;0,0;50,0;Подготовка;
20251210;01:50:27;-0,5;0,0;0,0;0,0;50,0;Подготовка;
20251210;01:50:32;-0,5;0,0;0,0;0,0;50,0;Подготовка;
20251210;01:50:37;-0,5;0,0;0,0;0,0;50,0;Подготовка;
20251210;01:50:42;-0,5;0,0;0,0;0,0;50,0;Подготовка;
20251210;01:50:47;-0,5;0,0;0,0;0,0;50,0;Подготовка;
20251210;01:50:52;-0,5;0,0;0,0;0,0;50,0;Подготовка;
20251210;01:50:57;-0,5;0,0;0,0;0,0;50,0;Подготовка;
20251210;01:51:02;-0,5;0,0;0,0;0,0;50,0;Подготовка;
20251210;01:51:07;-0,5;0,0;0,0;0,0;50,0;Подготовка;
20251210;01:51:12;-0,5;0,0;0,0;0,0;50,0;Подготовка;
20251210;01:51:17;-0,5;0,0;0,0;0,0;50,0;Подготовка;
20251210;01:51:22;-0,5;0,0;0,0;0,0;50,0;Подготовка;
20251210;01:51:27;-0,5;0,0;0,0;0,0;50,0;Подготовка;
20251210;01:51:32;-0,5;0,0;0,0;0,0;50,0;Подготовка;
20251210;01:51:37;-0,5;0,0;0,0;0,0;50,0;Подготовка;
20251210;01:51:42;-0,5;0,0;0,0;0,0;50,0;Подготовка;
20251210;01:51:47;-0,5;0,0;0,0;0,0;50,0;Подготовка;
20251210;01:51:52;-0,5;0,0;0,0;0,0;50,0;Подготовка;
20251210;01:51:57;-0,5;0,0;0,0;0,0;50,0;Подготовка;
20251210;01:52:02;-0,5;0,0;0,0;0,0;50,0;Подготовка;
20251210;01:52:07;-0,5;0,0;0,0;0,0;50,0;Подготовка;
20251210;01:52:12;-0,5;0,0;0,0;0,0;50,0;Подготовка;
20251210;01:52:18;-0,5;0,0;0,0;0,0;50,0;Подготовка;
20251210;01:52:23;-0,5;0,0;0,0;0,0;50,0;Подготовка;
20251210;01:52:28;-0,5;0,0;0,0;0,0;50,0;Подготовка;
20251210;01:52:33;-0,5;0,0;0,0;0,0;50,0;Подготовка;
20251210;01:52:38;-0,5;0,0;0,0;0,0;50,0;Подготовка;
20251210;01:52:43;-0,5;0,0;0,0;0,0;50,0;Подготовка;
20251210;01:52:48;-0,5;0,0;0,0;0,0;50,0;Подготовка;
20251210;01:52:53;-0,5;0,0;0,0;0,0;50,0;Подготовка;
20251210;01:52:58;-0,5;0,0;0,0;0,0;50,0;Подготовка;
20251210;01:53:03;-0,5;0,0;0,0;0,0;50,0;Подготовка;
20251210;01:53:08;-0,5;0,0;0,0;0,0;50,0;Подготовка;
20251210;01:53:13;-0,5;0,0;0,0;0,0;50,0;Подготовка;
20251210;01:53:18;-0,5;0,0;0,0;0,0;50,0;Подготовка;
20251210;01:53:23;-0,5;0,0;0,0;0,0;50,0;Подготовка;
20251210;01:53:28;-0,5;0,0;0,0;0,0;50,0;Подготовка;
20251210;01:53:33;-0,5;0,0;0,0;0,0;50,0;Подготовка;
20251210;01:53:38;-0,5;0,0;0,0;0,0;50,0;Подготовка;
20251210;01:53:43;-0,5;0,0;0,0;0,0;50,0;Подготовка;
20251210;01:53:48;-0,5;0,0;0,0;0,0;50,0;Подготовка;
20251210;01:53:53;-0,5;0,0;0,0;0,0;50,0;Подготовка;
20251210;01:53:58;-0,5;0,0;0,0;0,0;50,0;Подготовка;
20251210;01:54:03;-0,5;0,0;0,0;0,0;50,0;Подготовка;
20251210;01:54:08;-0,5;0,0;0,0;0,0;50,0;Подготовка;
20251210;01:54:13;-0,5;0,0;0,0;0,0;50,0;Подготовка;
20251210;01:54:18;-0,5;0,0;0,0;0,0;50,0;Подготовка;
20251210;01:54:24;-0,5;0,0;0,0;0,0;50,0;Подготовка;
20251210;01:54:29;-0,5;0,0;0,0;0,0;50,0;Подготовка;
20251210;01:54:34;-0,5;0,0;0,0;0,0;50,0;Подготовка;
20251210;01:54:39;-0,5;0,0;0,0;0,0;50,0;Подготовка;
20251210;01:54:44;-0,5;0,0;0,0;0,0;50,0;Подготовка;
20251210;01:54:49;-0,5;0,0;0,0;0,0;50,0;Подготовка;
20251210;01:54:54;-0,5;0,0;0,0;0,0;50,0;Подготовка;
20251210;01:54:59;-0,5;0,0;0,0;0,0;50,0;Подготовка;
20251210;01:55:04;-0,5;0,0;0,0;0,0;50,0;Подготовка;
20251210;01:55:09;-0,5;0,0;0,0;0,0;50,0;Подготовка;
20251210;01:55:14;-0,5;0,0;0,0;0,0;50,0;Подготовка;
20251210;01:55:19;-0,5;0,0;0,0;0,0;50,0;Подготовка;
20251210;01:55:24;-0,5;0,0;0,0;0,0;50,0;Подготовка;
20251210;01:55:29;-0,5;0,0;0,0;0,0;50,0;Подготовка;
20251210;01:55:34;-0,5;0,0;0,0;0,0;50,0;Подготовка;
20251210;01:55:39;-0,5;0,0;0,0;0,0;50,0;Подготовка;
20251210;01:55:44;-0,5;0,0;0,0;0,0;50,0;Подготовка;
20251210;01:55:49;-0,5;0,0;0,0;0,0;50,0;Подготовка;
20251210;01:55:54;-0,5;0,0;0,0;0,0;50,0;Подготовка;
20251210;01:55:59;-0,5;0,0;0,0;0,0;50,0;Подготовка;
20251210;01:56:04;-0,5;0,0;0,0;0,0;50,0;Подготовка;
20251210;01:56:09;-0,5;0,0;0,0;0,0;50,0;Подготовка;
20251210;01:56:14;-0,5;0,0;0,0;0,0;50,0;Подготовка;
20251210;01:56:19;-0,5;0,0;0,0;0,0;50,0;Подготовка;
20251210;01:56:24;-0,5;0,0;0,0;0,0;50,0;Подготовка;
20251210;01:56:30;-0,5;0,0;0,0;0,0;50,0;Подготовка;
20251210;01:56:35;-0,5;0,0;0,0;0,0;50,0;Подготовка;
20251210;01:56:40;-0,5;0,0;0,0;0,0;50,0;Подготовка;
20251210;01:56:45;-0,5;0,0;0,0;0,0;50,0;Подготовка;
20251210;01:56:50;-0,5;0,0;0,0;0,0;50,0;Подготовка;
20251210;01:56:55;-0,5;0,0;0,0;0,0;50,0;Подготовка;
20251210;01:57:00;-0,5;0,0;0,0;0,0;50,0;Подготовка;
20251210;01:57:05;-0,5;0,0;0,0;0,0;50,0;Подготовка;
20251210;01:57:10;-0,5;0,0;0,0;0,0;50,0;Подготовка;
20251210;01:57:15;-0,5;0,0;0,0;0,0;50,0;Подготовка;
20251210;01:57:20;-0,5;0,0;0,0;0,0;50,0;Подготовка;
20251210;01:57:25;-0,5;0,0;0,0;0,0;50,0;Подготовка;
20251210;01:57:30;-0,5;0,0;0,0;0,0;50,0;Подготовка;
20251210;01:57:35;-0,5;0,0;0,0;0,0;50,0;Подготовка;
20251210;01:57:40;-0,5;0,0;0,0;0,0;50,0;Подготовка;
20251210;01:57:45;-0,5;0,0;0,0;0,0;50,0;Подготовка;
20251210;01:57:50;-0,5;0,0;0,0;0,0;50,0;Подготовка;
20251210;01:57:55;-0,5;0,0;0,0;0,0;50,0;Подготовка;
20251210;01:58:00;-0,5;0,0;0,0;0,0;50,0;Подготовка;
20251210;01:58:05;-0,5;0,0;0,0;0,0;50,0;Подготовка;
20251210;01:58:10;-0,5;0,0;0,0;0,0;50,0;Подготовка;
20251210;01:58:15;-0,5;0,0;0,0;0,0;50,0;Подготовка;
20251210;01:58:20;-0,5;0,0;0,0;0,0;50,0;Подготовка;
20251210;01:58:25;-0,5;0,0;0,0;0,0;50,0;Подготовка;
20251210;01:58:30;-0,5;0,0;0,0;0,0;50,0;Подготовка;
20251210;01:58:36;-0,5;0,0;0,0;0,0;50,0;Подготовка;
20251210;01:58:41;-0,5;0,0;0,0;0,0;50,0;Подготовка;
20251210;01:58:46;-0,5;0,0;0,0;0,0;50,0;Подготовка;
20251210;01:58:51;-0,5;0,0;0,0;0,0;50,0;Подготовка;
20251210;01:58:56;-0,5;0,0;0,0;0,0;50,0;Подготовка;
20251210;01:59:01;-0,5;0,0;0,0;0,0;50,0;Подготовка;
20251210;01:59:06;-0,5;0,0;0,0;0,0;50,0;Подготовка;
20251210;01:59:11;-0,5;0,0;0,0;0,0;50,0;Подготовка;
20251210;01:59:16;-0,5;0,0;0,0;0,0;50,0;Подготовка;
20251210;01:59:21;-0,5;0,0;0,0;0,0;50,0;Подготовка;
20251210;01:59:26;-0,5;0,0;0,0;0,0;50,0;Подготовка;
20251210;01:59:31;-0,5;0,0;0,0;0,0;50,0;Подготовка;
20251210;01:59:36;-0,5;0,0;0,0;0,0;50,0;Подготовка;
20251210;01:59:41;-0,5;0,0;0,0;0,0;50,0;Подготовка;
20251210;01:59:46;-0,5;0,0;0,0;0,0;50,0;Подготовка;
20251210;01:59:51;-0,5;0,0;0,0;0,0;50,0;Подготовка;
20251210;01:59:56;-0,5;0,0;0,0;0,0;50,0;Подготовка;
20251210;02:00:01;-0,5;0,0;0,0;0,0;50,0;Подготовка;
20251210;02:00:06;-0,5;0,0;0,0;0,0;50,0;Подготовка;
20251210;02:00:11;-0,5;0,0;0,0;0,0;50,0;Подготовка;
20251210;02:00:16;-0,5;0,0;0,0;0,0;50,0;Подготовка;
20251210;02:00:21;-0,5;0,0;0,0;0,0;50,0;Подготовка;
20251210;02:00:26;-0,5;0,0;0,0;0,0;50,0;Подготовка;
20251210;02:00:31;-0,5;0,0;0,0;0,0;50,0;Подготовка;
20251210;02:00:36;-0,5;0,0;0,0;0,0;50,0;Подготовка;
20251210;02:00:42;-0,5;0,0;0,0;0,0;50,0;Подготовка;
20251210;02:00:47;-0,5;0,0;0,0;0,0;50,0;Подготовка;
20251210;02:00:52;-0,5;0,0;0,0;0,0;50,0;Подготовка;
20251210;02:00:57;-0,5;0,0;0,0;0,0;50,0;Подготовка;
20251210;02:01:02;-0,5;0,0;0,0;0,0;50,0;Подготовка;
20251210;02:01:07;-0,5;0,0;0,0;0,0;50,0;Подготовка;
20251210;02:01:12;-0,5;0,0;0,0;0,0;50,0;Подготовка;
20251210;02:01:17;-0,5;0,0;0,0;0,0;50,0;Подготовка;
20251210;02:01:22;-0,5;0,0;0,0;0,0;50,0;Подготовка;
20251210;02:01:27;-0,5;0,0;0,0;0,0;50,0;Подготовка;
20251210;02:01:32;-0,5;0,0;0,0;0,0;50,0;Подготовка;
20251210;02:01:37;-0,5;0,0;0,0;0,0;50,0;Подготовка;
20251210;02:01:42;-0,5;0,0;0,0;0,0;50,0;Подготовка;
20251210;02:01:47;-0,5;0,0;0,0;0,0;50,0;Подготовка;
20251210;02:01:52;-0,5;0,0;0,0;0,0;50,0;Подготовка;
20251210;02:01:57;-0,5;0,0;0,0;0,0;50,0;Подготовка;
20251210;02:02:02;-0,5;0,0;0,0;0,0;50,0;Подготовка;
20251210;02:02:07;-0,5;0,0;0,0;0,0;50,0;Подготовка;
20251210;02:02:12;-0,5;0,0;0,0;0,0;50,0;Подготовка;
20251210;02:02:17;-0,5;0,0;0,0;0,0;50,0;Подготовка;
20251210;02:02:22;-0,5;0,0;0,0;0,0;50,0;Подготовка;
20251210;02:02:27;-0,5;0,0;0,0;0,0;50,0;Подготовка;
20251210;02:02:32;-0,5;0,0;0,0;0,0;50,0;Подготовка;
20251210;02:02:37;-0,5;0,0;0,0;0,0;50,0;Подготовка;
20251210;02:02:42;-0,5;0,0;0,0;0,0;50,0;Подготовка;
20251210;02:02:48;-0,5;0,0;0,0;0,0;50,0;Подготовка;
20251210;02:02:53;-0,5;0,0;0,0;0,0;50,0;Подготовка;
20251210;02:02:58;-0,5;0,0;0,0;0,0;50,0;Подготовка;
20251210;02:03:03;-0,5;0,0;0,0;0,0;50,0;Подготовка;
20251210;02:03:08;-0,5;0,0;0,0;0,0;50,0;Подготовка;
20251210;02:03:13;-0,5;0,0;0,0;0,0;50,0;Подготовка;
20251210;02:03:18;-0,5;0,0;0,0;0,0;50,0;Подготовка;
20251210;02:03:23;-0,5;0,0;0,0;0,0;50,0;Подготовка;
20251210;02:03:28;-0,5;0,0;0,0;0,0;50,0;Подготовка;
20251210;02:03:33;-0,5;0,0;0,0;0,0;50,0;Подготовка;
20251210;02:03:38;-0,5;0,0;0,0;0,0;50,0;Подготовка;
20251210;02:03:43;-0,5;0,0;0,0;0,0;50,0;Подготовка;
20251210;02:03:48;-0,5;0,0;0,0;0,0;50,0;Подготовка;
20251210;02:03:53;-0,5;0,0;0,0;0,0;50,0;Подготовка;
20251210;02:03:58;-0,5;0,0;0,0;0,0;50,0;Подготовка;
20251210;02:04:03;-0,5;0,0;0,0;0,0;50,0;Подготовка;
20251210;02:04:08;-0,5;0,0;0,0;0,0;50,0;Подготовка;
20251210;02:04:13;-0,5;0,0;0,0;0,0;50,0;Подготовка;
20251210;02:04:18;-0,5;0,0;0,0;0,0;50,0;Подготовка;
20251210;02:04:23;-0,5;0,0;0,0;0,0;50,0;Подготовка;
20251210;02:04:28;-0,5;0,0;0,0;0,0;50,0;Подготовка;
20251210;02:04:33;-0,5;0,0;0,0;0,0;50,0;Подготовка;
20251210;02:04:38;-0,5;0,0;0,0;0,0;50,0;Подготовка;
20251210;02:04:43;-0,5;0,0;0,0;0,0;50,0;Подготовка;
20251210;02:04:48;-0,5;0,0;0,0;0,0;50,0;Подготовка;
20251210;02:04:54;-0,5;0,0;0,0;0,0;50,0;Подготовка;
20251210;02:04:59;-0,5;0,0;0,0;0,0;50,0;Подготовка;
20251210;02:05:04;-0,5;0,0;0,0;0,0;50,0;Подготовка;
20251210;02:05:09;-0,5;0,0;0,0;0,0;50,0;Подготовка;
20251210;02:05:14;-0,5;0,0;0,0;0,0;50,0;Подготовка;
20251210;02:05:19;-0,5;0,0;0,0;0,0;50,0;Подготовка;
20251210;02:05:24;-0,5;0,0;0,0;0,0;50,0;Подготовка;
20251210;02:05:29;-0,5;0,0;0,0;0,0;50,0;Подготовка;
20251210;02:05:34;-0,5;0,0;0,0;0,0;50,0;Подготовка;
20251210;02:05:39;-0,5;0,0;0,0;0,0;50,0;Подготовка;
20251210;02:05:44;-0,5;0,0;0,0;0,0;50,0;Подготовка;
20251210;02:05:49;-0,5;0,0;0,0;0,0;50,0;Подготовка;
20251210;02:05:54;-0,5;0,0;0,0;0,0;50,0;Подготовка;
20251210;02:05:59;-0,5;0,0;0,0;0,0;50,0;Подготовка;
20251210;02:06:04;-0,5;0,0;0,0;0,0;50,0;Подготовка;
20251210;02:06:09;-0,5;0,0;0,0;0,0;50,0;Подготовка;
20251210;02:06:14;-0,5;0,0;0,0;0,0;50,0;Подготовка;
20251210;02:06:19;-0,5;0,0;0,0;0,0;50,0;Подготовка;
20251210;02:06:24;-0,5;0,0;0,0;0,0;50,0;Подготовка;
20251210;02:06:29;-0,5;0,0;0,0;0,0;50,0;Подготовка;
20251210;02:06:34;-0,5;0,0;0,0;0,0;50,0;Подготовка;
20251210;02:06:39;-0,5;0,0;0,0;0,0;50,0;Подготовка;
20251210;02:06:44;-0,5;0,0;0,0;0,0;50,0;Подготовка;
20251210;02:06:49;-0,5;0,0;0,0;0,0;50,0;Подготовка;
20251210;02:06:54;-0,5;0,0;0,0;0,0;50,0;Подготовка;
20251210;02:07:00;-0,5;0,0;0,0;0,0;50,0;Подготовка;
20251210;02:07:05;-0,5;0,0;0,0;0,0;50,0;Подготовка;
20251210;02:07:10;-0,5;0,0;0,0;0,0;50,0;Подготовка;
20251210;02:07:15;-0,5;0,0;0,0;0,0;50,0;Подготовка;
20251210;02:07:20;-0,5;0,0;0,0;0,0;50,0;Подготовка;
20251210;02:07:25;-0,5;0,0;0,0;0,0;50,0;Подготовка;
20251210;02:07:30;-0,5;0,0;0,0;0,0;50,0;Подготовка;
20251210;02:07:35;-0,5;0,0;0,0;0,0;50,0;Подготовка;
20251210;02:07:40;-0,5;0,0;0,0;0,0;50,0;Подготовка;
20251210;02:07:45;-0,5;0,0;0,0;0,0;50,0;Подготовка;
20251210;02:07:50;-0,5;0,0;0,0;0,0;50,0;Подготовка;
20251210;02:07:55;-0,5;0,0;0,0;0,0;50,0;Подготовка;
20251210;02:08:00;-0,5;0,0;0,0;0,0;50,0;Подготовка;
20251210;02:08:05;-0,5;0,0;0,0;0,0;50,0;Подготовка;
20251210;02:08:10;-0,5;0,0;0,0;0,0;50,0;Подготовка;
20251210;02:08:15;-0,5;0,0;0,0;0,0;50,0;Подготовка;
20251210;02:08:20;-0,5;0,0;0,0;0,0;50,0;Подготовка;
20251210;02:08:25;-0,5;0,0;0,0;0,0;50,0;Подготовка;
20251210;02:08:30;-0,5;0,0;0,0;0,0;50,0;Подготовка;
20251210;02:08:35;-0,5;0,0;0,0;0,0;50,0;Подготовка;
20251210;02:08:40;-0,5;0,0;0,0;0,0;50,0;Подготовка;
20251210;02:08:45;-0,5;0,0;0,0;0,0;50,0;Подготовка;
20251210;02:08:50;-0,5;0,0;0,0;0,0;50,0;Подготовка;
20251210;02:08:55;-0,5;0,0;0,0;0,0;50,0;Подготовка;
20251210;02:09:00;-0,5;0,0;0,0;0,0;50,0;Подготовка;
20251210;02:09:06;-0,5;0,0;0,0;0,0;50,0;Подготовка;
20251210;02:09:11;-0,5;0,0;0,0;0,0;50,0;Подготовка;
20251210;02:09:16;-0,5;0,0;0,0;0,0;50,0;Подготовка;
20251210;02:09:21;-0,5;0,0;0,0;0,0;50,0;Подготовка;
20251210;02:09:26;-0,5;0,0;0,0;0,0;50,0;Подготовка;
20251210;02:09:31;-0,5;0,0;0,0;0,0;50,0;Подготовка;
20251210;02:09:36;-0,5;0,0;0,0;0,0;50,0;Подготовка;
20251210;02:09:41;-0,5;0,0;0,0;0,0;50,0;Подготовка;
20251210;02:09:46;-0,5;0,0;0,0;0,0;50,0;Подготовка;
20251210;02:09:51;-0,5;0,0;0,0;0,0;50,0;Подготовка;
20251210;02:09:56;-0,5;0,0;0,0;0,0;50,0;Подготовка;
20251210;02:10:01;-0,5;0,0;0,0;0,0;50,0;Подготовка;
20251210;02:10:06;-0,5;0,0;0,0;0,0;50,0;Подготовка;
20251210;02:10:11;-0,5;0,0;0,0;0,0;50,0;Подготовка;
20251210;02:10:16;-0,5;0,0;0,0;0,0;50,0;Подготовка;
20251210;02:10:21;-0,5;0,0;0,0;0,0;50,0;Подготовка;
20251210;02:10:26;-0,5;0,0;0,0;0,0;50,0;Подготовка;
20251210;02:10:31;-0,5;0,0;0,0;0,0;50,0;Подготовка;
20251210;02:10:36;-0,5;0,0;0,0;0,0;50,0;Подготовка;
20251210;02:10:41;-0,5;0,0;0,0;0,0;50,0;Подготовка;
20251210;02:10:46;-0,5;0,0;0,0;0,0;50,0;Подготовка;
20251210;02:10:51;-0,5;0,0;0,0;0,0;50,0;Подготовка;
20251210;02:10:56;-0,5;0,0;0,0;0,0;50,0;Подготовка;
20251210;02:11:01;-0,5;0,0;0,0;0,0;50,0;Подготовка;
20251210;02:11:06;-0,5;0,0;0,0;0,0;50,0;Подготовка;
20251210;02:11:12;-0,5;0,0;0,0;0,0;50,0;Подготовка;
20251210;02:11:17;-0,5;0,0;0,0;0,0;50,0;Подготовка;
20251210;02:11:22;-0,5;0,0;0,0;0,0;50,0;Подготовка;
20251210;02:11:27;-0,5;0,0;0,0;0,0;50,0;Подготовка;
20251210;02:11:32;-0,5;0,0;0,0;0,0;50,0;Подготовка;
20251210;02:11:37;-0,5;0,0;0,0;0,0;50,0;Подготовка;
20251210;02:11:42;-0,5;0,0;0,0;0,0;50,0;Подготовка;
20251210;02:11:47;-0,5;0,0;0,0;0,0;50,0;Подготовка;
20251210;02:11:52;-0,5;0,0;0,0;0,0;50,0;Подготовка;
20251210;02:11:57;-0,5;0,0;0,0;0,0;50,0;Подготовка;
20251210;02:12:02;-0,5;0,0;0,0;0,0;50,0;Подготовка;
20251210;02:12:07;-0,5;0,0;0,0;0,0;50,0;Подготовка;
20251210;02:12:12;-0,5;0,0;0,0;0,0;50,0;Подготовка;
20251210;02:12:17;-0,5;0,0;0,0;0,0;50,0;Подготовка;
20251210;02:12:22;-0,5;0,0;0,0;0,0;50,0;Подготовка;
20251210;02:12:27;-0,5;0,0;0,0;0,0;50,0;Подготовка;
20251210;02:12:32;-0,5;0,0;0,0;0,0;50,0;Подготовка;
20251210;02:12:37;-0,5;0,0;0,0;0,0;50,0;Подготовка;
20251210;02:12:42;-0,5;0,0;0,0;0,0;50,0;Подготовка;
20251210;02:12:47;-0,5;0,0;0,0;0,0;50,0;Подготовка;
20251210;02:12:52;-0,5;0,0;0,0;0,0;50,0;Подготовка;
20251210;02:12:57;-0,5;0,0;0,0;0,0;50,0;Подготовка;
20251210;02:13:02;-0,5;0,0;0,0;0,0;50,0;Подготовка;
20251210;02:13:07;-0,5;0,0;0,0;0,0;50,0;Подготовка;
20251210;02:13:12;-0,5;0,0;0,0;0,0;50,0;Подготовка;
20251210;02:13:18;-0,5;0,0;0,0;0,0;50,0;Подготовка;
20251210;02:13:23;-0,5;0,0;0,0;0,0;50,0;Подготовка;
20251210;02:13:28;-0,5;0,0;0,0;0,0;50,0;Подготовка;
20251210;02:13:33;-0,5;0,0;0,0;0,0;50,0;Подготовка;
20251210;02:13:38;-0,5;0,0;0,0;0,0;50,0;Подготовка;
20251210;02:13:43;-0,5;0,0;0,0;0,0;50,0;Подготовка;
20251210;02:13:48;-0,5;0,0;0,0;0,0;50,0;Подготовка;
20251210;02:13:53;-0,5;0,0;0,0;0,0;50,0;Подготовка;
20251210;02:13:58;-0,5;0,0;0,0;0,0;50,0;Подготовка;
20251210;02:14:03;-0,5;0,0;0,0;0,0;50,0;Подготовка;
20251210;02:14:08;-0,5;0,0;0,0;0,0;50,0;Подготовка;
20251210;02:14:13;-0,5;0,0;0,0;0,0;50,0;Подготовка;
20251210;02:14:18;-0,5;0,0;0,0;0,0;50,0;Подготовка;
20251210;02:14:23;-0,5;0,0;0,0;0,0;50,0;Подготовка;
20251210;02:14:28;-0,5;0,0;0,0;0,0;50,0;Подготовка;
20251210;02:14:33;-0,5;0,0;0,0;0,0;50,0;Подготовка;
20251210;02:14:38;-0,5;0,0;0,0;0,0;50,0;Подготовка;
20251210;02:14:43;-0,5;0,0;0,0;0,0;50,0;Подготовка;
20251210;02:14:48;-0,5;0,0;0,0;0,0;50,0;Подготовка;
20251210;02:14:53;-0,5;0,0;0,0;0,0;50,0;Подготовка;
20251210;02:14:58;-0,5;0,0;0,0;0,0;50,0;Подготовка;
20251210;02:15:03;-0,5;0,0;0,0;0,0;50,0;Подготовка;
20251210;02:15:08;-0,5;0,0;0,0;0,0;50,0;Подготовка;
20251210;02:15:13;-0,5;0,0;0,0;0,0;50,0;Подготовка;
20251210;02:15:18;-0,5;0,0;0,0;0,0;50,0;Подготовка;
20251210;02:15:24;-0,5;0,0;0,0;0,0;50,0;Подготовка;
20251210;02:15:29;-0,5;0,0;0,0;0,0;50,0;Подготовка;
20251210;02:15:34;-0,5;0,0;0,0;0,0;50,0;Подготовка;
20251210;02:15:39;-0,5;0,0;0,0;0,0;50,0;Подготовка;
20251210;02:15:44;-0,5;0,0;0,0;0,0;50,0;Подготовка;
20251210;02:15:49;-0,5;0,0;0,0;0,0;50,0;Подготовка;
20251210;02:15:54;-0,5;0,0;0,0;0,0;50,0;Подготовка;
20251210;02:15:59;-0,5;0,0;0,0;0,0;50,0;Подготовка;
20251210;02:16:04;-0,5;0,0;0,0;0,0;50,0;Подготовка;
20251210;02:16:09;-0,5;0,0;0,0;0,0;50,0;Подготовка;
20251210;02:16:14;-0,5;0,0;0,0;0,0;50,0;Подготовка;
20251210;02:16:19;-0,5;0,0;0,0;0,0;50,0;Подготовка;
20251210;02:16:24;-0,5;0,0;0,0;0,0;50,0;Подготовка;
20251210;02:16:29;-0,5;0,0;0,0;0,0;50,0;Подготовка;
20251210;02:16:34;-0,5;0,0;0,0;0,0;50,0;Подготовка;
20251210;02:16:39;-0,5;0,0;0,0;0,0;50,0;Подготовка;
20251210;02:16:44;-0,5;0,0;0,0;0,0;50,0;Подготовка;
20251210;02:16:49;-0,5;0,0;0,0;0,0;50,0;Подготовка;
20251210;02:16:54;-0,5;0,0;0,0;0,0;50,0;Подготовка;
20251210;02:16:59;-0,5;0,0;0,0;0,0;50,0;Подготовка;
20251210;02:17:04;-0,5;0,0;0,0;0,0;50,0;Подготовка;
20251210;02:17:09;-0,5;0,0;0,0;0,0;50,0;Подготовка;
20251210;02:17:14;-0,5;0,0;0,0;0,0;50,0;Подготовка;
20251210;02:17:19;-0,5;0,0;0,0;0,0;50,0;Подготовка;
20251210;02:17:24;-0,5;0,0;0,0;0,0;50,0;Подготовка;
20251210;02:17:30;-0,5;0,0;0,0;0,0;50,0;Подготовка;
20251210;02:17:35;-0,5;0,0;0,0;0,0;50,0;Подготовка;
20251210;02:17:40;-0,5;0,0;0,0;0,0;50,0;Подготовка;
20251210;02:17:45;-0,5;0,0;0,0;0,0;50,0;Подготовка;
20251210;02:17:50;-0,5;0,0;0,0;0,0;50,0;Подготовка;
20251210;02:17:55;-0,5;0,0;0,0;0,0;50,0;Подготовка;
20251210;02:18:00;-0,5;0,0;0,0;0,0;50,0;Подготовка;
20251210;02:18:05;-0,5;0,0;0,0;0,0;50,0;Подготовка;
20251210;02:18:10;-0,5;0,0;0,0;0,0;50,0;Подготовка;
20251210;02:18:15;-0,5;0,0;0,0;0,0;50,0;Подготовка;
20251210;02:18:20;-0,5;0,0;0,0;0,0;50,0;Подготовка;
20251210;02:18:25;-0,5;0,0;0,0;0,0;50,0;Подготовка;
20251210;02:18:30;-0,5;0,0;0,0;0,0;50,0;Подготовка;
20251210;02:18:35;-0,5;0,0;0,0;0,0;50,0;Подготовка;
20251210;02:18:40;-0,5;0,0;0,0;0,0;50,0;Подготовка;
20251210;02:18:45;-0,5;0,0;0,0;0,0;50,0;Подготовка;
20251210;02:18:50;-0,5;0,0;0,0;0,0;50,0;Подготовка;
20251210;02:18:55;-0,5;0,0;0,0;0,0;50,0;Подготовка;
20251210;02:19:00;-0,5;0,0;0,0;0,0;50,0;Подготовка;
20251210;02:19:05;-0,5;0,0;0,0;0,0;50,0;Подготовка;
20251210;02:19:10;-0,5;0,0;0,0;0,0;50,0;Подготовка;
20251210;02:19:15;-0,5;0,0;0,0;0,0;50,0;Подготовка;
20251210;02:19:20;-0,5;0,0;0,0;0,0;50,0;Подготовка;
20251210;02:19:25;-0,5;0,0;0,0;0,0;50,0;Подготовка;
20251210;02:19:30;-0,5;0,0;0,0;0,0;50,0;Подготовка;
20251210;02:19:36;-0,5;0,0;0,0;0,0;50,0;Подготовка;
20251210;02:19:41;-0,5;0,0;0,0;0,0;50,0;Подготовка;
20251210;02:19:46;-0,5;0,0;0,0;0,0;50,0;Подготовка;
20251210;02:19:51;-0,5;0,0;0,0;0,0;50,0;Подготовка;
20251210;02:19:56;-0,5;0,0;0,0;0,0;50,0;Подготовка;
20251210;02:20:01;-0,5;0,0;0,0;0,0;50,0;Подготовка;
20251210;02:20:06;-0,5;0,0;0,0;0,0;50,0;Подготовка;
20251210;02:20:11;-0,5;0,0;0,0;0,0;50,0;Подготовка;
20251210;02:20:16;-0,5;0,0;0,0;0,0;50,0;Подготовка;
20251210;02:20:21;-0,5;0,0;0,0;0,0;50,0;Подготовка;
20251210;02:20:26;-0,5;0,0;0,0;0,0;50,0;Подготовка;
20251210;02:20:31;-0,5;0,0;0,0;0,0;50,0;Подготовка;
20251210;02:20:36;-0,5;0,0;0,0;0,0;50,0;Подготовка;
20251210;02:20:41;-0,5;0,0;0,0;0,0;50,0;Подготовка;
20251210;02:20:46;-0,5;0,0;0,0;0,0;50,0;Подготовка;
20251210;02:20:51;-0,5;0,0;0,0;0,0;50,0;Подготовка;
20251210;02:20:56;-0,5;0,0;0,0;0,0;50,0;Подготовка;
20251210;02:21:01;-0,5;0,0;0,0;0,0;50,0;Подготовка;
20251210;02:21:06;-0,5;0,0;0,0;0,0;50,0;Подготовка;
20251210;02:21:11;-0,5;0,0;0,0;0,0;50,0;Подготовка;
20251210;02:21:16;-0,5;0,0;0,0;0,0;50,0;Подготовка;
20251210;02:21:21;-0,5;0,0;0,0;0,0;50,0;Подготовка;
20251210;02:21:26;-0,5;0,0;0,0;0,0;50,0;Подготовка;
20251210;02:21:31;-0,5;0,0;0,0;0,0;50,0;Подготовка;
20251210;02:21:36;-0,5;0,0;0,0;0,0;50,0;Подготовка;
20251210;02:21:42;-0,5;0,0;0,0;0,0;50,0;Подготовка;
20251210;02:21:47;-0,5;0,0;0,0;0,0;50,0;Подготовка;
20251210;02:21:52;-0,5;0,0;0,0;0,0;50,0;Подготовка;
20251210;02:21:57;-0,5;0,0;0,0;0,0;50,0;Подготовка;
20251210;02:22:02;-0,5;0,0;0,0;0,0;50,0;Подготовка;
20251210;02:22:07;-0,5;0,0;0,0;0,0;50,0;Подготовка;
20251210;02:22:12;-0,5;0,0;0,0;0,0;50,0;Подготовка;
20251210;02:22:17;-0,5;0,0;0,0;0,0;50,0;Подготовка;
20251210;02:22:22;-0,5;0,0;0,0;0,0;50,0;Подготовка;
20251210;02:22:27;-0,5;0,0;0,0;0,0;50,0;Подготовка;
20251210;02:22:32;-0,5;0,0;0,0;0,0;50,0;Подготовка;
20251210;02:22:37;-0,5;0,0;0,0;0,0;50,0;Подготовка;
20251210;02:22:42;-0,5;0,0;0,0;0,0;50,0;Подготовка;
20251210;02:22:47;-0,5;0,0;0,0;0,0;50,0;Подготовка;
20251210;02:22:52;-0,5;0,0;0,0;0,0;50,0;Подготовка;
20251210;02:22:57;-0,5;0,0;0,0;0,0;50,0;Подготовка;
20251210;02:23:02;-0,5;0,0;0,0;0,0;50,0;Подготовка;
20251210;02:23:07;-0,5;0,0;0,0;0,0;50,0;Подготовка;
20251210;02:23:12;-0,5;0,0;0,0;0,0;50,0;Подготовка;
20251210;02:23:17;-0,5;0,0;0,0;0,0;50,0;Подготовка;
20251210;02:23:22;-0,5;0,0;0,0;0,0;50,0;Подготовка;
20251210;02:23:27;-0,5;0,0;0,0;0,0;50,0;Подготовка;
20251210;02:23:32;-0,5;0,0;0,0;0,0;50,0;Подготовка;
20251210;02:23:37;-0,5;0,0;0,0;0,0;50,0;Подготовка;
20251210;02:23:42;-0,5;0,0;0,0;0,0;50,0;Подготовка;
20251210;02:23:48;-0,5;0,0;0,0;0,0;50,0;Подготовка;
20251210;02:23:53;-0,5;0,0;0,0;0,0;50,0;Подготовка;
20251210;02:23:58;-0,5;0,0;0,0;0,0;50,0;Подготовка;
20251210;02:24:03;-0,5;0,0;0,0;0,0;50,0;Подготовка;
20251210;02:24:08;-0,5;0,0;0,0;0,0;50,0;Подготовка;
20251210;02:24:13;-0,5;0,0;0,0;0,0;50,0;Подготовка;
20251210;02:24:18;-0,5;0,0;0,0;0,0;50,0;Подготовка;
20251210;02:24:23;-0,5;0,0;0,0;0,0;50,0;Подготовка;
20251210;02:24:28;-0,5;0,0;0,0;0,0;50,0;Подготовка;
20251210;02:24:33;-0,5;0,0;0,0;0,0;50,0;Подготовка;
20251210;02:24:38;-0,5;0,0;0,0;0,0;50,0;Подготовка;
20251210;02:24:43;-0,5;0,0;0,0;0,0;50,0;Подготовка;
20251210;02:24:48;-0,5;0,0;0,0;0,0;50,0;Подготовка;
20251210;02:24:53;-0,5;0,0;0,0;0,0;50,0;Подготовка;
20251210;02:24:58;-0,5;0,0;0,0;0,0;50,0;Подготовка;
20251210;02:25:03;-0,5;0,0;0,0;0,0;50,0;Подготовка;
20251210;02:25:08;-0,5;0,0;0,0;0,0;50,0;Подготовка;
20251210;02:25:13;-0,5;0,0;0,0;0,0;50,0;Подготовка;
20251210;02:25:18;-0,5;0,0;0,0;0,0;50,0;Подготовка;
20251210;02:25:23;-0,5;0,0;0,0;0,0;50,0;Подготовка;
20251210;02:25:28;-0,5;0,0;0,0;0,0;50,0;Подготовка;
20251210;02:25:33;-0,5;0,0;0,0;0,0;50,0;Подготовка;
20251210;02:25:38;-0,5;0,0;0,0;0,0;50,0;Подготовка;
20251210;02:25:43;-0,5;0,0;0,0;0,0;50,0;Подготовка;
20251210;02:25:48;-0,5;0,0;0,0;0,0;50,0;Подготовка;
20251210;02:25:54;-0,5;0,0;0,0;0,0;50,0;Подготовка;
20251210;02:25:59;-0,5;0,0;0,0;0,0;50,0;Подготовка;
20251210;02:26:04;-0,5;0,0;0,0;0,0;50,0;Подготовка;
20251210;02:26:09;-0,5;0,0;0,0;0,0;50,0;Подготовка;
20251210;02:26:14;-0,5;0,0;0,0;0,0;50,0;Подготовка;
20251210;02:26:19;-0,5;0,0;0,0;0,0;50,0;Подготовка;
20251210;02:26:24;-0,5;0,0;0,0;0,0;50,0;Подготовка;
20251210;02:26:29;-0,5;0,0;0,0;0,0;50,0;Подготовка;
20251210;02:26:34;-0,5;0,0;0,0;0,0;50,0;Подготовка;
20251210;02:26:39;-0,5;0,0;0,0;0,0;50,0;Подготовка;
20251210;02:26:44;-0,5;0,0;0,0;0,0;50,0;Подготовка;
20251210;02:26:49;-0,5;0,0;0,0;0,0;50,0;Подготовка;
20251210;02:26:54;-0,5;0,0;0,0;0,0;50,0;Подготовка;
20251210;02:26:59;-0,5;0,0;0,0;0,0;50,0;Подготовка;
20251210;02:27:04;-0,5;0,0;0,0;0,0;50,0;Подготовка;
20251210;02:27:09;-0,5;0,0;0,0;0,0;50,0;Подготовка;
20251210;02:27:14;-0,5;0,0;0,0;0,0;50,0;Подготовка;
20251210;02:27:19;-0,5;0,0;0,0;0,0;50,0;Подготовка;
20251210;02:27:24;-0,5;0,0;0,0;0,0;50,0;Подготовка;
20251210;02:27:29;-0,5;0,0;0,0;0,0;50,0;Подготовка;
20251210;02:27:34;-0,5;0,0;0,0;0,0;50,0;Подготовка;
20251210;02:27:39;-0,5;0,0;0,0;0,0;50,0;Подготовка;
20251210;02:27:44;-0,5;0,0;0,0;0,0;50,0;Подготовка;
20251210;02:27:49;-0,5;0,0;0,0;0,0;50,0;Подготовка;
20251210;02:27:54;-0,5;0,0;0,0;0,0;50,0;Подготовка;
20251210;02:28:00;-0,5;0,0;0,0;0,0;50,0;Подготовка;
20251210;02:28:05;-0,5;0,0;0,0;0,0;50,0;Подготовка;
20251210;02:28:10;-0,5;0,0;0,0;0,0;50,0;Подготовка;
20251210;02:28:15;-0,5;0,0;0,0;0,0;50,0;Подготовка;
20251210;02:28:20;-0,5;0,0;0,0;0,0;50,0;Подготовка;
20251210;02:28:25;-0,5;0,0;0,0;0,0;50,0;Подготовка;
20251210;02:28:30;-0,5;0,0;0,0;0,0;50,0;Подготовка;
20251210;02:28:35;-0,5;0,0;0,0;0,0;50,0;Подготовка;
20251210;02:28:40;-0,5;0,0;0,0;0,0;50,0;Подготовка;
20251210;02:28:45;-0,5;0,0;0,0;0,0;50,0;Подготовка;
20251210;02:28:50;-0,5;0,0;0,0;0,0;50,0;Подготовка;
20251210;02:28:55;-0,5;0,0;0,0;0,0;50,0;Подготовка;
20251210;02:29:00;-0,5;0,0;0,0;0,0;50,0;Подготовка;
20251210;02:29:05;-0,5;0,0;0,0;0,0;50,0;Подготовка;
20251210;02:29:10;-0,5;0,0;0,0;0,0;50,0;Подготовка;
20251210;02:29:15;-0,5;0,0;0,0;0,0;50,0;Подготовка;
20251210;02:29:20;-0,5;0,0;0,0;0,0;50,0;Подготовка;
20251210;02:29:25;-0,5;0,0;0,0;0,0;50,0;Подготовка;
20251210;02:29:30;-0,5;0,0;0,0;0,0;50,0;Подготовка;
20251210;02:29:35;-0,5;0,0;0,0;0,0;50,0;Подготовка;
20251210;02:29:40;-0,5;0,0;0,0;0,0;50,0;Подготовка;
20251210;02:29:45;-0,5;0,0;0,0;0,0;50,0;Подготовка;
20251210;02:29:50;-0,5;0,0;0,0;0,0;50,0;Подготовка;
20251210;02:29:55;-0,5;0,0;0,0;0,0;50,0;Подготовка;
20251210;02:30:00;-0,5;0,0;0,0;0,0;50,0;Подготовка;
20251210;02:30:06;-0,5;0,0;0,0;0,0;50,0;Подготовка;
20251210;02:30:11;-0,5;0,0;0,0;0,0;50,0;Подготовка;
20251210;02:30:16;-0,5;0,0;0,0;0,0;50,0;Подготовка;
20251210;02:30:21;-0,5;0,0;0,0;0,0;50,0;Подготовка;
20251210;02:30:26;-0,5;0,0;0,0;0,0;50,0;Подготовка;
20251210;02:30:31;-0,5;0,0;0,0;0,0;50,0;Подготовка;
20251210;02:30:36;-0,5;0,0;0,0;0,0;50,0;Подготовка;
20251210;02:30:41;-0,5;0,0;0,0;0,0;50,0;Подготовка;
20251210;02:30:46;-0,5;0,0;0,0;0,0;50,0;Подготовка;
20251210;02:30:51;-0,5;0,0;0,0;0,0;50,0;Подготовка;
20251210;02:30:56;-0,5;0,0;0,0;0,0;50,0;Подготовка;
20251210;02:31:01;-0,5;0,0;0,0;0,0;50,0;Подготовка;
20251210;02:31:06;-0,5;0,0;0,0;0,0;50,0;Подготовка;
20251210;02:31:11;-0,5;0,0;0,0;0,0;50,0;Подготовка;
20251210;02:31:16;-0,5;0,0;0,0;0,0;50,0;Подготовка;
20251210;02:31:21;-0,5;0,0;0,0;0,0;50,0;Подготовка;
20251210;02:31:26;-0,5;0,0;0,0;0,0;50,0;Подготовка;
20251210;02:31:31;-0,5;0,0;0,0;0,0;50,0;Подготовка;
20251210;02:31:36;-0,5;0,0;0,0;0,0;50,0;Подготовка;
20251210;02:31:41;-0,5;0,0;0,0;0,0;50,0;Подготовка;
20251210;02:31:46;-0,5;0,0;0,0;0,0;50,0;Подготовка;
20251210;02:31:51;-0,5;0,0;0,0;0,0;50,0;Подготовка;
20251210;02:31:56;-0,5;0,0;0,0;0,0;50,0;Подготовка;
20251210;02:32:01;-0,5;0,0;0,0;0,0;50,0;Подготовка;
20251210;02:32:06;-0,5;0,0;0,0;0,0;50,0;Подготовка;
20251210;02:32:12;-0,5;0,0;0,0;0,0;50,0;Подготовка;
20251210;02:32:17;-0,5;0,0;0,0;0,0;50,0;Подготовка;
20251210;02:32:22;-0,5;0,0;0,0;0,0;50,0;Подготовка;
20251210;02:32:27;-0,5;0,0;0,0;0,0;50,0;Подготовка;
20251210;02:32:32;-0,5;0,0;0,0;0,0;50,0;Подготовка;
20251210;02:32:37;-0,5;0,0;0,0;0,0;50,0;Подготовка;
20251210;02:32:42;-0,5;0,0;0,0;0,0;50,0;Подготовка;
20251210;02:32:47;-0,5;0,0;0,0;0,0;50,0;Подготовка;
20251210;02:32:52;-0,5;0,0;0,0;0,0;50,0;Подготовка;
20251210;02:32:57;-0,5;0,0;0,0;0,0;50,0;Подготовка;
20251210;02:33:02;-0,5;0,0;0,0;0,0;50,0;Подготовка;
20251210;02:33:07;-0,5;0,0;0,0;0,0;50,0;Подготовка;
20251210;02:33:12;-0,5;0,0;0,0;0,0;50,0;Подготовка;
20251210;02:33:17;-0,5;0,0;0,0;0,0;50,0;Подготовка;
20251210;02:33:22;-0,5;0,0;0,0;0,0;50,0;Подготовка;
20251210;02:33:27;-0,5;0,0;0,0;0,0;50,0;Подготовка;
20251210;02:33:32;-0,5;0,0;0,0;0,0;50,0;Подготовка;
20251210;02:33:37;-0,5;0,0;0,0;0,0;50,0;Подготовка;
20251210;02:33:42;-0,5;0,0;0,0;0,0;50,0;Подготовка;
20251210;02:33:47;-0,5;0,0;0,0;0,0;50,0;Подготовка;
20251210;02:33:52;-0,5;0,0;0,0;0,0;50,0;Подготовка;
20251210;02:33:57;-0,5;0,0;0,0;0,0;50,0;Подготовка;
20251210;02:34:02;-0,5;0,0;0,0;0,0;50,0;Подготовка;
20251210;02:34:07;-0,5;0,0;0,0;0,0;50,0;Подготовка;
20251210;02:34:12;-0,5;0,0;0,0;0,0;50,0;Подготовка;
20251210;02:34:18;-0,5;0,0;0,0;0,0;50,0;Подготовка;
20251210;02:34:23;-0,5;0,0;0,0;0,0;50,0;Подготовка;
20251210;02:34:28;-0,5;0,0;0,0;0,0;50,0;Подготовка;
20251210;02:34:33;-0,5;0,0;0,0;0,0;50,0;Подготовка;
20251210;02:34:38;-0,5;0,0;0,0;0,0;50,0;Подготовка;
20251210;02:34:43;-0,5;0,0;0,0;0,0;50,0;Подготовка;
20251210;02:34:48;-0,5;0,0;0,0;0,0;50,0;Подготовка;
20251210;02:34:53;-0,5;0,0;0,0;0,0;50,0;Подготовка;
20251210;02:34:58;-0,5;0,0;0,0;0,0;50,0;Подготовка;
20251210;02:35:03;-0,5;0,0;0,0;0,0;50,0;Подготовка;
20251210;02:35:08;-0,5;0,0;0,0;0,0;50,0;Подготовка;
20251210;02:35:13;-0,5;0,0;0,0;0,0;50,0;Подготовка;
20251210;02:35:18;-0,5;0,0;0,0;0,0;50,0;Подготовка;
20251210;02:35:23;-0,5;0,0;0,0;0,0;50,0;Подготовка;
Предприятие;
Объект;
Вид оборудования;
Дисп. наименование;
Тип;
Зав. номер;
Сер. номер;
Год выпуска;
Год ввода в эксплуатацию;
Дата отбора пробы;
Марка пробы;
Температура пробы;
DATE ;TIME ;TS_TEMP ;PROB_TEMP ;PROB_OTN_VL ;PROBE_VlAGOSOD ;SP ;STATUS ; 
20251210;02:35:40;-0,39;0,0;0,0;0,0;50,0;Включение;
20251210;02:35:45;-0,49;0,0;0,0;0,0;50,0;Включение;
20251210;02:35:50;-0,49;0,0;0,0;0,0;50,0;Подготовка;
20251210;02:35:55;-0,49;0,0;0,0;0,0;50,0;Подготовка;
20251210;02:36:00;-0,49;0,0;0,0;0,0;50,0;Подготовка;
20251210;02:36:05;-0,49;0,0;0,0;0,0;50,0;Подготовка;
20251210;02:36:11;-0,5;0,0;0,0;0,0;50,0;Подготовка;
20251210;02:36:16;-0,5;0,0;0,0;0,0;50,0;Подготовка;
20251210;02:36:21;-0,5;0,0;0,0;0,0;50,0;Подготовка;
20251210;02:36:26;-0,5;0,0;0,0;0,0;50,0;Подготовка;
20251210;02:36:31;-0,5;0,0;0,0;0,0;50,0;Подготовка;
20251210;02:36:36;-0,5;0,0;0,0;0,0;50,0;Подготовка;
20251210;02:36:41;-0,5;0,0;0,0;0,0;50,0;Подготовка;
20251210;02:36:46;-0,5;0,0;0,0;0,0;50,0;Подготовка;
20251210;02:36:51;-0,5;0,0;0,0;0,0;50,0;Подготовка;
20251210;02:36:56;-0,5;0,0;0,0;0,0;50,0;Подготовка;
20251210;02:37:01;-0,5;0,0;0,0;0,0;50,0;Подготовка;
20251210;02:37:06;-0,5;0,0;0,0;0,0;50,0;Подготовка;
20251210;02:37:11;-0,5;0,0;0,0;0,0;50,0;Подготовка;
20251210;02:37:16;-0,5;0,0;0,0;0,0;50,0;Подготовка;
20251210;02:37:21;-0,5;0,0;0,0;0,0;50,0;Подготовка;
20251210;02:37:26;-0,5;0,0;0,0;0,0;50,0;Подготовка;
20251210;02:37:31;-0,5;0,0;0,0;0,0;50,0;Подготовка;
20251210;02:37:36;-0,5;0,0;0,0;0,0;50,0;Подготовка;
20251210;02:37:41;-0,5;0,0;0,0;0,0;50,0;Подготовка;
20251210;02:37:46;-0,5;0,0;0,0;0,0;50,0;Подготовка;
20251210;02:37:51;-0,5;0,0;0,0;0,0;50,0;Подготовка;
20251210;02:37:56;-0,5;0,0;0,0;0,0;50,0;Подготовка;
20251210;02:38:01;-0,5;0,0;0,0;0,0;50,0;Подготовка;
20251210;02:38:06;-0,5;0,0;0,0;0,0;50,0;Подготовка;
20251210;02:38:11;-0,5;0,0;0,0;0,0;50,0;Подготовка;
20251210;02:38:17;-0,5;0,0;0,0;0,0;50,0;Подготовка;
20251210;02:38:22;-0,5;0,0;0,0;0,0;50,0;Подготовка;
20251210;02:38:27;-0,5;0,0;0,0;0,0;50,0;Подготовка;
20251210;02:38:32;-0,5;0,0;0,0;0,0;50,0;Подготовка;
20251210;02:38:37;-0,5;0,0;0,0;0,0;50,0;Подготовка;
20251210;02:38:42;-0,5;0,0;0,0;0,0;50,0;Подготовка;
20251210;02:38:47;-0,5;0,0;0,0;0,0;50,0;Подготовка;
20251210;02:38:52;-0,5;0,0;0,0;0,0;50,0;Подготовка;
20251210;02:38:57;-0,5;0,0;0,0;0,0;50,0;Подготовка;
20251210;02:39:02;-0,5;0,0;0,0;0,0;50,0;Подготовка;
20251210;02:39:07;-0,5;0,0;0,0;0,0;50,0;Подготовка;
20251210;02:39:12;-0,5;0,0;0,0;0,0;50,0;Подготовка;
20251210;02:39:17;-0,5;0,0;0,0;0,0;50,0;Подготовка;
20251210;02:39:22;-0,5;0,0;0,0;0,0;50,0;Подготовка;
20251210;02:39:27;-0,5;0,0;0,0;0,0;50,0;Подготовка;
20251210;02:39:32;-0,5;0,0;0,0;0,0;50,0;Подготовка;
20251210;02:39:37;-0,5;0,0;0,0;0,0;50,0;Подготовка;
20251210;02:39:42;-0,5;0,0;0,0;0,0;50,0;Подготовка;
20251210;02:39:47;-0,5;0,0;0,0;0,0;50,0;Подготовка;
20251210;02:39:52;-0,5;0,0;0,0;0,0;50,0;Подготовка;
20251210;02:39:57;-0,5;0,0;0,0;0,0;50,0;Подготовка;
20251210;02:40:02;-0,5;0,0;0,0;0,0;50,0;Подготовка;
20251210;02:40:07;-0,5;0,0;0,0;0,0;50,0;Подготовка;
20251210;02:40:12;-0,5;0,0;0,0;0,0;50,0;Подготовка;
20251210;02:40:17;-0,5;0,0;0,0;0,0;50,0;Подготовка;
20251210;02:40:23;-0,5;0,0;0,0;0,0;50,0;Подготовка;
20251210;02:40:28;-0,5;0,0;0,0;0,0;50,0;Подготовка;
20251210;02:40:33;-0,5;0,0;0,0;0,0;50,0;Подготовка;
20251210;02:40:38;-0,5;0,0;0,0;0,0;50,0;Подготовка;
20251210;02:40:43;-0,5;0,0;0,0;0,0;50,0;Подготовка;
20251210;02:40:48;-0,5;0,0;0,0;0,0;50,0;Подготовка;
20251210;02:40:53;-0,5;0,0;0,0;0,0;50,0;Подготовка;
20251210;02:40:58;-0,5;0,0;0,0;0,0;50,0;Подготовка;
20251210;02:41:03;-0,5;0,0;0,0;0,0;50,0;Подготовка;
20251210;02:41:08;-0,5;0,0;0,0;0,0;50,0;Подготовка;
20251210;02:41:13;-0,5;0,0;0,0;0,0;50,0;Подготовка;
20251210;02:41:18;-0,5;0,0;0,0;0,0;50,0;Подготовка;
20251210;02:41:23;-0,5;0,0;0,0;0,0;50,0;Подготовка;
20251210;02:41:28;-0,5;0,0;0,0;0,0;50,0;Подготовка;
20251210;02:41:33;-0,5;0,0;0,0;0,0;50,0;Подготовка;
20251210;02:41:38;-0,5;0,0;0,0;0,0;50,0;Подготовка;
20251210;02:41:43;-0,5;0,0;0,0;0,0;50,0;Подготовка;
20251210;02:41:48;-0,5;0,0;0,0;0,0;50,0;Подготовка;
20251210;02:41:53;-0,5;0,0;0,0;0,0;50,0;Подготовка;
20251210;02:41:58;-0,5;0,0;0,0;0,0;50,0;Подготовка;
20251210;02:42:03;-0,5;0,0;0,0;0,0;50,0;Подготовка;
20251210;02:42:08;-0,5;0,0;0,0;0,0;50,0;Подготовка;
20251210;02:42:13;-0,5;0,0;0,0;0,0;50,0;Подготовка;
20251210;02:42:18;-0,5;0,0;0,0;0,0;50,0;Подготовка;
20251210;02:42:23;-0,5;0,0;0,0;0,0;50,0;Подготовка;
20251210;02:42:29;-0,5;0,0;0,0;0,0;50,0;Подготовка;
20251210;02:42:34;-0,5;0,0;0,0;0,0;50,0;Подготовка;
20251210;02:42:39;-0,5;0,0;0,0;0,0;50,0;Подготовка;
20251210;02:42:44;-0,5;0,0;0,0;0,0;50,0;Подготовка;
20251210;02:42:49;-0,5;0,0;0,0;0,0;50,0;Подготовка;
20251210;02:42:54;-0,5;0,0;0,0;0,0;50,0;Подготовка;
20251210;02:42:59;-0,5;0,0;0,0;0,0;50,0;Подготовка;
20251210;02:43:04;-0,5;0,0;0,0;0,0;50,0;Подготовка;
20251210;02:43:09;-0,5;0,0;0,0;0,0;50,0;Подготовка;
20251210;02:43:14;-0,5;0,0;0,0;0,0;50,0;Подготовка;
20251210;02:43:19;-0,5;0,0;0,0;0,0;50,0;Подготовка;
20251210;02:43:24;-0,5;0,0;0,0;0,0;50,0;Подготовка;
20251210;02:43:29;-0,5;0,0;0,0;0,0;50,0;Подготовка;
20251210;02:43:34;-0,5;0,0;0,0;0,0;50,0;Подготовка;
20251210;02:43:39;-0,5;0,0;0,0;0,0;50,0;Подготовка;
20251210;02:43:44;-0,5;0,0;0,0;0,0;50,0;Подготовка;
20251210;02:43:49;-0,5;0,0;0,0;0,0;50,0;Подготовка;
20251210;02:43:54;-0,5;0,0;0,0;0,0;50,0;Подготовка;
20251210;02:43:59;-0,5;0,0;0,0;0,0;50,0;Подготовка;
20251210;02:44:04;-0,5;0,0;0,0;0,0;50,0;Подготовка;
20251210;02:44:09;-0,5;0,0;0,0;0,0;50,0;Подготовка;
20251210;02:44:14;-0,5;0,0;0,0;0,0;50,0;Подготовка;
20251210;02:44:19;-0,5;0,0;0,0;0,0;50,0;Подготовка;
20251210;02:44:24;-0,5;0,0;0,0;0,0;50,0;Подготовка;
20251210;02:44:29;-0,5;0,0;0,0;0,0;50,0;Подготовка;
20251210;02:44:35;-0,5;0,0;0,0;0,0;50,0;Подготовка;
20251210;02:44:40;-0,5;0,0;0,0;0,0;50,0;Подготовка;
20251210;02:44:45;-0,5;0,0;0,0;0,0;50,0;Подготовка;
20251210;02:44:50;-0,5;0,0;0,0;0,0;50,0;Подготовка;
20251210;02:44:55;-0,5;0,0;0,0;0,0;50,0;Подготовка;
20251210;02:45:00;-0,5;0,0;0,0;0,0;50,0;Подготовка;
20251210;02:45:05;-0,5;0,0;0,0;0,0;50,0;Подготовка;
20251210;02:45:10;-0,5;0,0;0,0;0,0;50,0;Подготовка;
20251210;02:45:15;-0,5;0,0;0,0;0,0;50,0;Подготовка;
20251210;02:45:20;-0,5;0,0;0,0;0,0;50,0;Подготовка;
20251210;02:45:25;-0,5;0,0;0,0;0,0;50,0;Подготовка;
20251210;02:45:30;-0,5;0,0;0,0;0,0;50,0;Подготовка;
20251210;02:45:35;-0,5;0,0;0,0;0,0;50,0;Подготовка;
20251210;02:45:40;-0,5;0,0;0,0;0,0;50,0;Подготовка;
20251210;02:45:45;-0,5;0,0;0,0;0,0;50,0;Подготовка;
20251210;02:45:50;-0,5;0,0;0,0;0,0;50,0;Подготовка;
20251210;02:45:55;-0,5;0,0;0,0;0,0;50,0;Подготовка;
20251210;02:46:00;-0,5;0,0;0,0;0,0;50,0;Подготовка;
20251210;02:46:05;-0,5;0,0;0,0;0,0;50,0;Подготовка;
20251210;02:46:10;-0,5;0,0;0,0;0,0;50,0;Подготовка;
20251210;02:46:15;-0,5;0,0;0,0;0,0;50,0;Подготовка;
20251210;02:46:20;-0,5;0,0;0,0;0,0;50,0;Подготовка;
20251210;02:46:25;-0,5;0,0;0,0;0,0;50,0;Подготовка;
20251210;02:46:30;-0,5;0,0;0,0;0,0;50,0;Подготовка;
20251210;02:46:35;-0,5;0,0;0,0;0,0;50,0;Подготовка;
20251210;02:46:41;-0,5;0,0;0,0;0,0;50,0;Подготовка;
20251210;02:46:46;-0,5;0,0;0,0;0,0;50,0;Подготовка;
20251210;02:46:51;-0,5;0,0;0,0;0,0;50,0;Подготовка;
20251210;02:46:56;-0,5;0,0;0,0;0,0;50,0;Подготовка;
20251210;02:47:01;-0,5;0,0;0,0;0,0;50,0;Подготовка;
20251210;02:47:06;-0,5;0,0;0,0;0,0;50,0;Подготовка;
20251210;02:47:11;-0,5;0,0;0,0;0,0;50,0;Подготовка;
20251210;02:47:16;-0,5;0,0;0,0;0,0;50,0;Подготовка;
20251210;02:47:21;-0,5;0,0;0,0;0,0;50,0;Подготовка;
20251210;02:47:26;-0,5;0,0;0,0;0,0;50,0;Подготовка;
20251210;02:47:31;-0,5;0,0;0,0;0,0;50,0;Подготовка;
20251210;02:47:36;-0,5;0,0;0,0;0,0;50,0;Подготовка;
20251210;02:47:41;-0,5;0,0;0,0;0,0;50,0;Подготовка;
20251210;02:47:46;-0,5;0,0;0,0;0,0;50,0;Подготовка;
20251210;02:47:51;-0,5;0,0;0,0;0,0;50,0;Подготовка;
20251210;02:47:56;-0,5;0,0;0,0;0,0;50,0;Подготовка;
20251210;02:48:01;-0,5;0,0;0,0;0,0;50,0;Подготовка;
20251210;02:48:06;-0,5;0,0;0,0;0,0;50,0;Подготовка;
20251210;02:48:11;-0,5;0,0;0,0;0,0;50,0;Подготовка;
20251210;02:48:16;-0,5;0,0;0,0;0,0;50,0;Подготовка;
20251210;02:48:21;-0,5;0,0;0,0;0,0;50,0;Подготовка;
20251210;02:48:26;-0,5;0,0;0,0;0,0;50,0;Подготовка;
20251210;02:48:31;-0,5;0,0;0,0;0,0;50,0;Подготовка;
20251210;02:48:36;-0,5;0,0;0,0;0,0;50,0;Подготовка;
20251210;02:48:41;-0,5;0,0;0,0;0,0;50,0;Подготовка;
20251210;02:48:47;-0,5;0,0;0,0;0,0;50,0;Подготовка;
20251210;02:48:52;-0,5;0,0;0,0;0,0;50,0;Подготовка;
20251210;02:48:57;-0,5;0,0;0,0;0,0;50,0;Подготовка;
20251210;02:49:02;-0,5;0,0;0,0;0,0;50,0;Подготовка;
20251210;02:49:07;-0,5;0,0;0,0;0,0;50,0;Подготовка;
20251210;02:49:12;-0,5;0,0;0,0;0,0;50,0;Подготовка;
20251210;02:49:17;-0,5;0,0;0,0;0,0;50,0;Подготовка;
20251210;02:49:22;-0,5;0,0;0,0;0,0;50,0;Подготовка;
20251210;02:49:27;-0,5;0,0;0,0;0,0;50,0;Подготовка;
20251210;02:49:32;-0,5;0,0;0,0;0,0;50,0;Подготовка;
20251210;02:49:37;-0,5;0,0;0,0;0,0;50,0;Подготовка;
20251210;02:49:42;-0,5;0,0;0,0;0,0;50,0;Подготовка;
20251210;02:49:47;-0,5;0,0;0,0;0,0;50,0;Подготовка;
20251210;02:49:52;-0,5;0,0;0,0;0,0;50,0;Подготовка;
20251210;02:49:57;-0,5;0,0;0,0;0,0;50,0;Подготовка;
20251210;02:50:02;-0,5;0,0;0,0;0,0;50,0;Подготовка;
20251210;02:50:07;-0,5;0,0;0,0;0,0;50,0;Подготовка;
20251210;02:50:12;-0,5;0,0;0,0;0,0;50,0;Подготовка;
20251210;02:50:17;-0,5;0,0;0,0;0,0;50,0;Подготовка;
20251210;02:50:22;-0,5;0,0;0,0;0,0;50,0;Подготовка;
20251210;02:50:27;-0,5;0,0;0,0;0,0;50,0;Подготовка;
20251210;02:50:32;-0,5;0,0;0,0;0,0;50,0;Подготовка;
20251210;02:50:37;-0,5;0,0;0,0;0,0;50,0;Подготовка;
20251210;02:50:42;-0,5;0,0;0,0;0,0;50,0;Подготовка;
20251210;02:50:47;-0,5;0,0;0,0;0,0;50,0;Подготовка;
20251210;02:50:53;-0,5;0,0;0,0;0,0;50,0;Подготовка;
20251210;02:50:58;-0,5;0,0;0,0;0,0;50,0;Подготовка;
20251210;02:51:03;-0,5;0,0;0,0;0,0;50,0;Подготовка;
20251210;02:51:08;-0,5;0,0;0,0;0,0;50,0;Подготовка;
20251210;02:51:13;-0,5;0,0;0,0;0,0;50,0;Подготовка;
20251210;02:51:18;-0,5;0,0;0,0;0,0;50,0;Подготовка;
20251210;02:51:23;-0,5;0,0;0,0;0,0;50,0;Подготовка;
20251210;02:51:28;-0,5;0,0;0,0;0,0;50,0;Подготовка;
20251210;02:51:33;-0,5;0,0;0,0;0,0;50,0;Подготовка;
20251210;02:51:38;-0,5;0,0;0,0;0,0;50,0;Подготовка;
20251210;02:51:43;-0,5;0,0;0,0;0,0;50,0;Подготовка;
20251210;02:51:48;-0,5;0,0;0,0;0,0;50,0;Подготовка;
20251210;02:51:53;-0,5;0,0;0,0;0,0;50,0;Подготовка;
20251210;02:51:58;-0,5;0,0;0,0;0,0;50,0;Подготовка;
20251210;02:52:03;-0,5;0,0;0,0;0,0;50,0;Подготовка;
20251210;02:52:08;-0,5;0,0;0,0;0,0;50,0;Подготовка;
20251210;02:52:13;-0,5;0,0;0,0;0,0;50,0;Подготовка;
20251210;02:52:18;-0,5;0,0;0,0;0,0;50,0;Подготовка;
20251210;02:52:23;-0,5;0,0;0,0;0,0;50,0;Подготовка;
20251210;02:52:28;-0,5;0,0;0,0;0,0;50,0;Подготовка;
20251210;02:52:33;-0,5;0,0;0,0;0,0;50,0;Подготовка;
20251210;02:52:38;-0,5;0,0;0,0;0,0;50,0;Подготовка;
20251210;02:52:43;-0,5;0,0;0,0;0,0;50,0;Подготовка;
20251210;02:52:48;-0,5;0,0;0,0;0,0;50,0;Подготовка;
20251210;02:52:53;-0,5;0,0;0,0;0,0;50,0;Подготовка;
20251210;02:52:59;-0,5;0,0;0,0;0,0;50,0;Подготовка;
20251210;02:53:04;-0,5;0,0;0,0;0,0;50,0;Подготовка;
20251210;02:53:09;-0,5;0,0;0,0;0,0;50,0;Подготовка;
20251210;02:53:14;-0,5;0,0;0,0;0,0;50,0;Подготовка;
20251210;02:53:19;-0,5;0,0;0,0;0,0;50,0;Подготовка;
20251210;02:53:24;-0,5;0,0;0,0;0,0;50,0;Подготовка;
20251210;02:53:29;-0,5;0,0;0,0;0,0;50,0;Подготовка;
20251210;02:53:34;-0,5;0,0;0,0;0,0;50,0;Подготовка;
20251210;02:53:39;-0,5;0,0;0,0;0,0;50,0;Подготовка;
20251210;02:53:44;-0,5;0,0;0,0;0,0;50,0;Подготовка;
20251210;02:53:49;-0,5;0,0;0,0;0,0;50,0;Подготовка;
20251210;02:53:54;-0,5;0,0;0,0;0,0;50,0;Подготовка;
20251210;02:53:59;-0,5;0,0;0,0;0,0;50,0;Подготовка;
20251210;02:54:04;-0,5;0,0;0,0;0,0;50,0;Подготовка;
20251210;02:54:09;-0,5;0,0;0,0;0,0;50,0;Подготовка;
20251210;02:54:14;-0,5;0,0;0,0;0,0;50,0;Подготовка;
20251210;02:54:19;-0,5;0,0;0,0;0,0;50,0;Подготовка;
20251210;02:54:24;-0,5;0,0;0,0;0,0;50,0;Подготовка;
20251210;02:54:29;-0,5;0,0;0,0;0,0;50,0;Подготовка;
20251210;02:54:34;-0,5;0,0;0,0;0,0;50,0;Подготовка;
20251210;02:54:39;-0,5;0,0;0,0;0,0;50,0;Подготовка;
20251210;02:54:44;-0,5;0,0;0,0;0,0;50,0;Подготовка;
20251210;02:54:49;-0,5;0,0;0,0;0,0;50,0;Подготовка;
20251210;02:54:54;-0,5;0,0;0,0;0,0;50,0;Подготовка;
20251210;02:54:59;-0,5;0,0;0,0;0,0;50,0;Подготовка;
20251210;02:55:05;-0,5;0,0;0,0;0,0;50,0;Подготовка;
20251210;02:55:10;-0,5;0,0;0,0;0,0;50,0;Подготовка;
20251210;02:55:15;-0,5;0,0;0,0;0,0;50,0;Подготовка;
20251210;02:55:20;-0,5;0,0;0,0;0,0;50,0;Подготовка;
20251210;02:55:25;-0,5;0,0;0,0;0,0;50,0;Подготовка;
20251210;02:55:30;-0,5;0,0;0,0;0,0;50,0;Подготовка;
20251210;02:55:35;-0,5;0,0;0,0;0,0;50,0;Подготовка;
20251210;02:55:40;-0,5;0,0;0,0;0,0;50,0;Подготовка;
20251210;02:55:45;-0,5;0,0;0,0;0,0;50,0;Подготовка;
20251210;02:55:50;-0,5;0,0;0,0;0,0;50,0;Подготовка;
20251210;02:55:55;-0,5;0,0;0,0;0,0;50,0;Подготовка;
20251210;02:56:00;-0,5;0,0;0,0;0,0;50,0;Подготовка;
20251210;02:56:05;-0,5;0,0;0,0;0,0;50,0;Подготовка;
20251210;02:56:10;-0,5;0,0;0,0;0,0;50,0;Подготовка;
20251210;02:56:15;-0,5;0,0;0,0;0,0;50,0;Подготовка;
20251210;02:56:20;-0,5;0,0;0,0;0,0;50,0;Подготовка;
20251210;02:56:25;-0,5;0,0;0,0;0,0;50,0;Подготовка;
20251210;02:56:30;-0,5;0,0;0,0;0,0;50,0;Подготовка;
20251210;02:56:35;-0,5;0,0;0,0;0,0;50,0;Подготовка;
20251210;02:56:40;-0,5;0,0;0,0;0,0;50,0;Подготовка;
20251210;02:56:45;-0,5;0,0;0,0;0,0;50,0;Подготовка;
20251210;02:56:50;-0,5;0,0;0,0;0,0;50,0;Подготовка;
20251210;02:56:55;-0,5;0,0;0,0;0,0;50,0;Подготовка;
20251210;02:57:00;-0,5;0,0;0,0;0,0;50,0;Подготовка;
20251210;02:57:05;-0,5;0,0;0,0;0,0;50,0;Подготовка;
20251210;02:57:11;-0,5;0,0;0,0;0,0;50,0;Подготовка;
20251210;02:57:16;-0,5;0,0;0,0;0,0;50,0;Подготовка;
20251210;02:57:21;-0,5;0,0;0,0;0,0;50,0;Подготовка;
20251210;02:57:26;-0,5;0,0;0,0;0,0;50,0;Подготовка;
20251210;02:57:31;-0,5;0,0;0,0;0,0;50,0;Подготовка;
20251210;02:57:36;-0,5;0,0;0,0;0,0;50,0;Подготовка;
20251210;02:57:41;-0,5;0,0;0,0;0,0;50,0;Подготовка;
20251210;02:57:46;-0,5;0,0;0,0;0,0;50,0;Подготовка;
20251210;02:57:51;-0,5;0,0;0,0;0,0;50,0;Подготовка;
20251210;02:57:56;-0,5;0,0;0,0;0,0;50,0;Подготовка;
20251210;02:58:01;-0,5;0,0;0,0;0,0;50,0;Подготовка;
20251210;02:58:06;-0,5;0,0;0,0;0,0;50,0;Подготовка;
20251210;02:58:11;-0,5;0,0;0,0;0,0;50,0;Подготовка;
20251210;02:58:16;-0,5;0,0;0,0;0,0;50,0;Подготовка;
20251210;02:58:21;-0,5;0,0;0,0;0,0;50,0;Подготовка;
20251210;02:58:26;-0,5;0,0;0,0;0,0;50,0;Подготовка;
20251210;02:58:31;-0,5;0,0;0,0;0,0;50,0;Подготовка;
20251210;02:58:36;-0,5;0,0;0,0;0,0;50,0;Подготовка;
20251210;02:58:41;-0,5;0,0;0,0;0,0;50,0;Подготовка;
20251210;02:58:46;-0,5;0,0;0,0;0,0;50,0;Подготовка;
20251210;02:58:51;-0,5;0,0;0,0;0,0;50,0;Подготовка;
20251210;02:58:56;-0,5;0,0;0,0;0,0;50,0;Подготовка;
20251210;02:59:01;-0,5;0,0;0,0;0,0;50,0;Подготовка;
20251210;02:59:06;-0,5;0,0;0,0;0,0;50,0;Подготовка;
20251210;02:59:11;-0,5;0,0;0,0;0,0;50,0;Подготовка;
20251210;02:59:17;-0,5;0,0;0,0;0,0;50,0;Подготовка;
20251210;02:59:22;-0,5;0,0;0,0;0,0;50,0;Подготовка;
20251210;02:59:27;-0,5;0,0;0,0;0,0;50,0;Подготовка;
20251210;02:59:32;-0,5;0,0;0,0;0,0;50,0;Подготовка;
20251210;02:59:37;-0,5;0,0;0,0;0,0;50,0;Подготовка;
20251210;02:59:42;-0,5;0,0;0,0;0,0;50,0;Подготовка;
20251210;02:59:47;-0,5;0,0;0,0;0,0;50,0;Подготовка;
20251210;02:59:52;-0,5;0,0;0,0;0,0;50,0;Подготовка;
20251210;02:59:57;-0,5;0,0;0,0;0,0;50,0;Подготовка;
20251210;03:00:02;-0,5;0,0;0,0;0,0;50,0;Подготовка;
20251210;03:00:07;-0,5;0,0;0,0;0,0;50,0;Подготовка;
20251210;03:00:12;-0,5;0,0;0,0;0,0;50,0;Подготовка;
20251210;03:00:17;-0,5;0,0;0,0;0,0;50,0;Подготовка;
20251210;03:00:22;-0,5;0,0;0,0;0,0;50,0;Подготовка;
20251210;03:00:27;-0,5;0,0;0,0;0,0;50,0;Подготовка;
20251210;03:00:32;-0,5;0,0;0,0;0,0;50,0;Подготовка;
20251210;03:00:37;-0,5;0,0;0,0;0,0;50,0;Подготовка;
20251210;03:00:42;-0,5;0,0;0,0;0,0;50,0;Подготовка;
20251210;03:00:47;-0,5;0,0;0,0;0,0;50,0;Подготовка;
20251210;03:00:52;-0,5;0,0;0,0;0,0;50,0;Подготовка;
20251210;03:00:57;-0,5;0,0;0,0;0,0;50,0;Подготовка;
20251210;03:01:02;-0,5;0,0;0,0;0,0;50,0;Подготовка;
20251210;03:01:07;-0,5;0,0;0,0;0,0;50,0;Подготовка;
20251210;03:01:12;-0,5;0,0;0,0;0,0;50,0;Подготовка;
20251210;03:01:17;-0,5;0,0;0,0;0,0;50,0;Подготовка;
20251210;03:01:23;-0,5;0,0;0,0;0,0;50,0;Подготовка;
20251210;03:01:28;-0,5;0,0;0,0;0,0;50,0;Подготовка;
20251210;03:01:33;-0,5;0,0;0,0;0,0;50,0;Подготовка;
20251210;03:01:38;-0,5;0,0;0,0;0,0;50,0;Подготовка;
20251210;03:01:43;-0,5;0,0;0,0;0,0;50,0;Подготовка;
20251210;03:01:48;-0,5;0,0;0,0;0,0;50,0;Подготовка;
20251210;03:01:53;-0,5;0,0;0,0;0,0;50,0;Подготовка;
20251210;03:01:58;-0,5;0,0;0,0;0,0;50,0;Подготовка;
20251210;03:02:03;-0,5;0,0;0,0;0,0;50,0;Подготовка;
20251210;03:02:08;-0,5;0,0;0,0;0,0;50,0;Подготовка;
20251210;03:02:13;-0,5;0,0;0,0;0,0;50,0;Подготовка;
20251210;03:02:18;-0,5;0,0;0,0;0,0;50,0;Подготовка;
20251210;03:02:23;-0,5;0,0;0,0;0,0;50,0;Подготовка;
20251210;03:02:28;-0,5;0,0;0,0;0,0;50,0;Подготовка;
20251210;03:02:33;-0,5;0,0;0,0;0,0;50,0;Подготовка;
20251210;03:02:38;-0,5;0,0;0,0;0,0;50,0;Подготовка;
20251210;03:02:43;-0,5;0,0;0,0;0,0;50,0;Подготовка;
20251210;03:02:48;-0,5;0,0;0,0;0,0;50,0;Подготовка;
20251210;03:02:53;-0,5;0,0;0,0;0,0;50,0;Подготовка;
20251210;03:02:58;-0,5;0,0;0,0;0,0;50,0;Подготовка;
20251210;03:03:03;-0,5;0,0;0,0;0,0;50,0;Подготовка;
20251210;03:03:08;-0,5;0,0;0,0;0,0;50,0;Подготовка;
20251210;03:03:13;-0,5;0,0;0,0;0,0;50,0;Подготовка;
20251210;03:03:18;-0,5;0,0;0,0;0,0;50,0;Подготовка;
20251210;03:03:23;-0,5;0,0;0,0;0,0;50,0;Подготовка;
20251210;03:03:29;-0,5;0,0;0,0;0,0;50,0;Подготовка;
20251210;03:03:34;-0,5;0,0;0,0;0,0;50,0;Подготовка;
20251210;03:03:39;-0,5;0,0;0,0;0,0;50,0;Подготовка;
20251210;03:03:44;-0,5;0,0;0,0;0,0;50,0;Подготовка;
20251210;03:03:49;-0,5;0,0;0,0;0,0;50,0;Подготовка;
20251210;03:03:54;-0,5;0,0;0,0;0,0;50,0;Подготовка;
20251210;03:03:59;-0,5;0,0;0,0;0,0;50,0;Подготовка;
20251210;03:04:04;-0,5;0,0;0,0;0,0;50,0;Подготовка;
20251210;03:04:09;-0,5;0,0;0,0;0,0;50,0;Подготовка;
20251210;03:04:14;-0,5;0,0;0,0;0,0;50,0;Подготовка;
20251210;03:04:19;-0,5;0,0;0,0;0,0;50,0;Подготовка;
20251210;03:04:24;-0,5;0,0;0,0;0,0;50,0;Подготовка;
20251210;03:04:29;-0,5;0,0;0,0;0,0;50,0;Подготовка;
20251210;03:04:34;-0,5;0,0;0,0;0,0;50,0;Подготовка;
20251210;03:04:39;-0,5;0,0;0,0;0,0;50,0;Подготовка;
20251210;03:04:44;-0,5;0,0;0,0;0,0;50,0;Подготовка;
20251210;03:04:49;-0,5;0,0;0,0;0,0;50,0;Подготовка;
20251210;03:04:54;-0,5;0,0;0,0;0,0;50,0;Подготовка;
20251210;03:04:59;-0,5;0,0;0,0;0,0;50,0;Подготовка;
20251210;03:05:04;-0,5;0,0;0,0;0,0;50,0;Подготовка;
20251210;03:05:09;-0,5;0,0;0,0;0,0;50,0;Подготовка;
20251210;03:05:14;-0,5;0,0;0,0;0,0;50,0;Подготовка;
20251210;03:05:19;-0,5;0,0;0,0;0,0;50,0;Подготовка;
20251210;03:05:24;-0,5;0,0;0,0;0,0;50,0;Подготовка;
20251210;03:05:29;-0,5;0,0;0,0;0,0;50,0;Подготовка;
20251210;03:05:35;-0,5;0,0;0,0;0,0;50,0;Подготовка;
20251210;03:05:40;-0,5;0,0;0,0;0,0;50,0;Подготовка;
20251210;03:05:45;-0,5;0,0;0,0;0,0;50,0;Подготовка;
20251210;03:05:50;-0,5;0,0;0,0;0,0;50,0;Подготовка;
20251210;03:05:55;-0,5;0,0;0,0;0,0;50,0;Подготовка;
20251210;03:06:00;-0,5;0,0;0,0;0,0;50,0;Подготовка;
20251210;03:06:05;-0,5;0,0;0,0;0,0;50,0;Подготовка;
20251210;03:06:10;-0,5;0,0;0,0;0,0;50,0;Подготовка;
20251210;03:06:15;-0,5;0,0;0,0;0,0;50,0;Подготовка;
20251210;03:06:20;-0,5;0,0;0,0;0,0;50,0;Подготовка;
20251210;03:06:25;-0,5;0,0;0,0;0,0;50,0;Подготовка;
20251210;03:06:30;-0,5;0,0;0,0;0,0;50,0;Подготовка;
20251210;03:06:35;-0,5;0,0;0,0;0,0;50,0;Подготовка;
20251210;03:06:40;-0,5;0,0;0,0;0,0;50,0;Подготовка;
20251210;03:06:45;-0,5;0,0;0,0;0,0;50,0;Подготовка;
20251210;03:06:50;-0,5;0,0;0,0;0,0;50,0;Подготовка;
20251210;03:06:55;-0,5;0,0;0,0;0,0;50,0;Подготовка;
20251210;03:07:00;-0,5;0,0;0,0;0,0;50,0;Подготовка;
20251210;03:07:05;-0,5;0,0;0,0;0,0;50,0;Подготовка;
20251210;03:07:10;-0,5;0,0;0,0;0,0;50,0;Подготовка;
20251210;03:07:15;-0,5;0,0;0,0;0,0;50,0;Подготовка;
20251210;03:07:20;-0,5;0,0;0,0;0,0;50,0;Подготовка;
20251210;03:07:25;-0,5;0,0;0,0;0,0;50,0;Подготовка;
20251210;03:07:30;-0,5;0,0;0,0;0,0;50,0;Подготовка;
20251210;03:07:35;-0,5;0,0;0,0;0,0;50,0;Подготовка;
20251210;03:07:41;-0,5;0,0;0,0;0,0;50,0;Подготовка;
20251210;03:07:46;-0,5;0,0;0,0;0,0;50,0;Подготовка;
20251210;03:07:51;-0,5;0,0;0,0;0,0;50,0;Подготовка;
20251210;03:07:56;-0,5;0,0;0,0;0,0;50,0;Подготовка;
20251210;03:08:01;-0,5;0,0;0,0;0,0;50,0;Подготовка;
20251210;03:08:06;-0,5;0,0;0,0;0,0;50,0;Подготовка;
20251210;03:08:11;-0,5;0,0;0,0;0,0;50,0;Подготовка;
20251210;03:08:16;-0,5;0,0;0,0;0,0;50,0;Подготовка;
20251210;03:08:21;-0,5;0,0;0,0;0,0;50,0;Подготовка;
20251210;03:08:26;-0,5;0,0;0,0;0,0;50,0;Подготовка;
20251210;03:08:31;-0,5;0,0;0,0;0,0;50,0;Подготовка;
20251210;03:08:36;-0,5;0,0;0,0;0,0;50,0;Подготовка;
20251210;03:08:41;-0,5;0,0;0,0;0,0;50,0;Подготовка;
20251210;03:08:46;-0,5;0,0;0,0;0,0;50,0;Подготовка;
20251210;03:08:51;-0,5;0,0;0,0;0,0;50,0;Подготовка;
20251210;03:08:56;-0,5;0,0;0,0;0,0;50,0;Подготовка;
20251210;03:09:01;-0,5;0,0;0,0;0,0;50,0;Подготовка;
20251210;03:09:06;-0,5;0,0;0,0;0,0;50,0;Подготовка;
20251210;03:09:11;-0,5;0,0;0,0;0,0;50,0;Подготовка;
20251210;03:09:16;-0,5;0,0;0,0;0,0;50,0;Подготовка;
20251210;03:09:21;-0,5;0,0;0,0;0,0;50,0;Подготовка;
20251210;03:09:26;-0,5;0,0;0,0;0,0;50,0;Подготовка;
20251210;03:09:31;-0,5;0,0;0,0;0,0;50,0;Подготовка;
20251210;03:09:36;-0,5;0,0;0,0;0,0;50,0;Подготовка;
20251210;03:09:41;-0,5;0,0;0,0;0,0;50,0;Подготовка;
20251210;03:09:47;-0,5;0,0;0,0;0,0;50,0;Подготовка;
20251210;03:09:52;-0,5;0,0;0,0;0,0;50,0;Подготовка;
20251210;03:09:57;-0,5;0,0;0,0;0,0;50,0;Подготовка;
20251210;03:10:02;-0,5;0,0;0,0;0,0;50,0;Подготовка;
20251210;03:10:07;-0,5;0,0;0,0;0,0;50,0;Подготовка;
20251210;03:10:12;-0,5;0,0;0,0;0,0;50,0;Подготовка;
20251210;03:10:17;-0,5;0,0;0,0;0,0;50,0;Подготовка;
20251210;03:10:22;-0,5;0,0;0,0;0,0;50,0;Подготовка;
20251210;03:10:27;-0,5;0,0;0,0;0,0;50,0;Подготовка;
20251210;03:10:32;-0,5;0,0;0,0;0,0;50,0;Подготовка;
20251210;03:10:37;-0,5;0,0;0,0;0,0;50,0;Подготовка;
20251210;03:10:42;-0,5;0,0;0,0;0,0;50,0;Подготовка;
20251210;03:10:47;-0,5;0,0;0,0;0,0;50,0;Подготовка;
20251210;03:10:52;-0,5;0,0;0,0;0,0;50,0;Подготовка;
20251210;03:10:57;-0,5;0,0;0,0;0,0;50,0;Подготовка;
20251210;03:11:02;-0,5;0,0;0,0;0,0;50,0;Подготовка;
20251210;03:11:07;-0,5;0,0;0,0;0,0;50,0;Подготовка;
20251210;03:11:12;-0,5;0,0;0,0;0,0;50,0;Подготовка;
20251210;03:11:17;-0,5;0,0;0,0;0,0;50,0;Подготовка;
20251210;03:11:22;-0,5;0,0;0,0;0,0;50,0;Подготовка;
20251210;03:11:27;-0,5;0,0;0,0;0,0;50,0;Подготовка;
20251210;03:11:32;-0,5;0,0;0,0;0,0;50,0;Подготовка;
20251210;03:11:37;-0,5;0,0;0,0;0,0;50,0;Подготовка;
20251210;03:11:42;-0,5;0,0;0,0;0,0;50,0;Подготовка;
20251210;03:11:47;-0,5;0,0;0,0;0,0;50,0;Подготовка;
20251210;03:11:53;-0,5;0,0;0,0;0,0;50,0;Подготовка;
20251210;03:11:58;-0,5;0,0;0,0;0,0;50,0;Подготовка;
20251210;03:12:03;-0,5;0,0;0,0;0,0;50,0;Подготовка;
20251210;03:12:08;-0,5;0,0;0,0;0,0;50,0;Подготовка;
20251210;03:12:13;-0,5;0,0;0,0;0,0;50,0;Подготовка;
20251210;03:12:18;-0,5;0,0;0,0;0,0;50,0;Подготовка;
20251210;03:12:23;-0,5;0,0;0,0;0,0;50,0;Подготовка;
20251210;03:12:28;-0,5;0,0;0,0;0,0;50,0;Подготовка;
20251210;03:12:33;-0,5;0,0;0,0;0,0;50,0;Подготовка;
20251210;03:12:38;-0,5;0,0;0,0;0,0;50,0;Подготовка;
20251210;03:12:43;-0,5;0,0;0,0;0,0;50,0;Подготовка;
20251210;03:12:48;-0,5;0,0;0,0;0,0;50,0;Подготовка;
20251210;03:12:53;-0,5;0,0;0,0;0,0;50,0;Подготовка;
20251210;03:12:58;-0,5;0,0;0,0;0,0;50,0;Подготовка;
20251210;03:13:03;-0,5;0,0;0,0;0,0;50,0;Подготовка;
20251210;03:13:08;-0,5;0,0;0,0;0,0;50,0;Подготовка;
20251210;03:13:13;-0,5;0,0;0,0;0,0;50,0;Подготовка;
20251210;03:13:18;-0,5;0,0;0,0;0,0;50,0;Подготовка;
20251210;03:13:23;-0,5;0,0;0,0;0,0;50,0;Подготовка;
20251210;03:13:28;-0,5;0,0;0,0;0,0;50,0;Подготовка;
20251210;03:13:33;-0,5;0,0;0,0;0,0;50,0;Подготовка;
20251210;03:13:38;-0,5;0,0;0,0;0,0;50,0;Подготовка;
20251210;03:13:43;-0,5;0,0;0,0;0,0;50,0;Подготовка;
20251210;03:13:48;-0,5;0,0;0,0;0,0;50,0;Подготовка;
20251210;03:13:53;-0,5;0,0;0,0;0,0;50,0;Подготовка;
20251210;03:13:59;-0,5;0,0;0,0;0,0;50,0;Подготовка;
20251210;03:14:04;-0,5;0,0;0,0;0,0;50,0;Подготовка;
20251210;03:14:09;-0,5;0,0;0,0;0,0;50,0;Подготовка;
20251210;03:14:14;-0,5;0,0;0,0;0,0;50,0;Подготовка;
20251210;03:14:19;-0,5;0,0;0,0;0,0;50,0;Подготовка;
20251210;03:14:24;-0,5;0,0;0,0;0,0;50,0;Подготовка;
20251210;03:14:29;-0,5;0,0;0,0;0,0;50,0;Подготовка;
20251210;03:14:34;-0,5;0,0;0,0;0,0;50,0;Подготовка;
20251210;03:14:39;-0,5;0,0;0,0;0,0;50,0;Подготовка;
20251210;03:14:44;-0,5;0,0;0,0;0,0;50,0;Подготовка;
20251210;03:14:49;-0,5;0,0;0,0;0,0;50,0;Подготовка;
20251210;03:14:54;-0,5;0,0;0,0;0,0;50,0;Подготовка;
20251210;03:14:59;-0,5;0,0;0,0;0,0;50,0;Подготовка;
20251210;03:15:04;-0,5;0,0;0,0;0,0;50,0;Подготовка;
20251210;03:15:09;-0,5;0,0;0,0;0,0;50,0;Подготовка;
20251210;03:15:14;-0,5;0,0;0,0;0,0;50,0;Подготовка;
20251210;03:15:19;-0,5;0,0;0,0;0,0;50,0;Подготовка;
20251210;03:15:24;-0,5;0,0;0,0;0,0;50,0;Подготовка;
20251210;03:15:29;-0,5;0,0;0,0;0,0;50,0;Подготовка;
20251210;03:15:34;-0,5;0,0;0,0;0,0;50,0;Подготовка;
20251210;03:15:39;-0,5;0,0;0,0;0,0;50,0;Подготовка;
20251210;03:15:44;-0,5;0,0;0,0;0,0;50,0;Подготовка;
20251210;03:15:49;-0,5;0,0;0,0;0,0;50,0;Подготовка;
20251210;03:15:54;-0,5;0,0;0,0;0,0;50,0;Подготовка;
20251210;03:15:59;-0,5;0,0;0,0;0,0;50,0;Подготовка;
20251210;03:16:05;-0,5;0,0;0,0;0,0;50,0;Подготовка;
20251210;03:16:10;-0,5;0,0;0,0;0,0;50,0;Подготовка;
20251210;03:16:15;-0,5;0,0;0,0;0,0;50,0;Подготовка;
20251210;03:16:20;-0,5;0,0;0,0;0,0;50,0;Подготовка;
20251210;03:16:25;-0,5;0,0;0,0;0,0;50,0;Подготовка;
20251210;03:16:30;-0,5;0,0;0,0;0,0;50,0;Подготовка;
20251210;03:16:35;-0,5;0,0;0,0;0,0;50,0;Подготовка;
20251210;03:16:40;-0,5;0,0;0,0;0,0;50,0;Подготовка;
20251210;03:16:45;-0,5;0,0;0,0;0,0;50,0;Подготовка;
20251210;03:16:50;-0,5;0,0;0,0;0,0;50,0;Подготовка;
20251210;03:16:55;-0,5;0,0;0,0;0,0;50,0;Подготовка;
20251210;03:17:00;-0,5;0,0;0,0;0,0;50,0;Подготовка;
20251210;03:17:05;-0,5;0,0;0,0;0,0;50,0;Подготовка;
20251210;03:17:10;-0,5;0,0;0,0;0,0;50,0;Подготовка;
20251210;03:17:15;-0,5;0,0;0,0;0,0;50,0;Подготовка;
20251210;03:17:20;-0,5;0,0;0,0;0,0;50,0;Подготовка;
20251210;03:17:25;-0,5;0,0;0,0;0,0;50,0;Подготовка;
20251210;03:17:30;-0,5;0,0;0,0;0,0;50,0;Подготовка;
20251210;03:17:35;-0,5;0,0;0,0;0,0;50,0;Подготовка;
20251210;03:17:40;-0,5;0,0;0,0;0,0;50,0;Подготовка;
20251210;03:17:45;-0,5;0,0;0,0;0,0;50,0;Подготовка;
20251210;03:17:50;-0,5;0,0;0,0;0,0;50,0;Подготовка;
20251210;03:17:55;-0,5;0,0;0,0;0,0;50,0;Подготовка;
20251210;03:18:00;-0,5;0,0;0,0;0,0;50,0;Подготовка;
20251210;03:18:05;-0,5;0,0;0,0;0,0;50,0;Подготовка;
20251210;03:18:11;-0,5;0,0;0,0;0,0;50,0;Подготовка;
20251210;03:18:16;-0,5;0,0;0,0;0,0;50,0;Подготовка;
20251210;03:18:21;-0,5;0,0;0,0;0,0;50,0;Подготовка;
20251210;03:18:26;-0,5;0,0;0,0;0,0;50,0;Подготовка;
20251210;03:18:31;-0,5;0,0;0,0;0,0;50,0;Подготовка;
20251210;03:18:36;-0,5;0,0;0,0;0,0;50,0;Подготовка;
20251210;03:18:41;-0,5;0,0;0,0;0,0;50,0;Подготовка;
20251210;03:18:46;-0,5;0,0;0,0;0,0;50,0;Подготовка;
20251210;03:18:51;-0,5;0,0;0,0;0,0;50,0;Подготовка;
20251210;03:18:56;-0,5;0,0;0,0;0,0;50,0;Подготовка;
20251210;03:19:01;-0,5;0,0;0,0;0,0;50,0;Подготовка;
20251210;03:19:06;-0,5;0,0;0,0;0,0;50,0;Подготовка;
20251210;03:19:11;-0,5;0,0;0,0;0,0;50,0;Подготовка;
20251210;03:19:16;-0,5;0,0;0,0;0,0;50,0;Подготовка;
20251210;03:19:21;-0,5;0,0;0,0;0,0;50,0;Подготовка;
20251210;03:19:26;-0,5;0,0;0,0;0,0;50,0;Подготовка;
20251210;03:19:31;-0,5;0,0;0,0;0,0;50,0;Подготовка;
20251210;03:19:36;-0,5;0,0;0,0;0,0;50,0;Подготовка;
20251210;03:19:41;-0,5;0,0;0,0;0,0;50,0;Подготовка;
20251210;03:19:46;-0,5;0,0;0,0;0,0;50,0;Подготовка;
20251210;03:19:51;-0,5;0,0;0,0;0,0;50,0;Подготовка;
20251210;03:19:56;-0,5;0,0;0,0;0,0;50,0;Подготовка;
20251210;03:20:01;-0,5;0,0;0,0;0,0;50,0;Подготовка;
20251210;03:20:06;-0,5;0,0;0,0;0,0;50,0;Подготовка;
20251210;03:20:11;-0,5;0,0;0,0;0,0;50,0;Подготовка;
20251210;03:20:17;-0,5;0,0;0,0;0,0;50,0;Подготовка;
20251210;03:20:22;-0,5;0,0;0,0;0,0;50,0;Подготовка;
20251210;03:20:27;-0,5;0,0;0,0;0,0;50,0;Подготовка;
20251210;03:20:32;-0,5;0,0;0,0;0,0;50,0;Подготовка;
20251210;03:20:37;-0,5;0,0;0,0;0,0;50,0;Подготовка;
20251210;03:20:42;-0,5;0,0;0,0;0,0;50,0;Подготовка;
20251210;03:20:47;-0,5;0,0;0,0;0,0;50,0;Подготовка;
20251210;03:20:52;-0,5;0,0;0,0;0,0;50,0;Подготовка;
20251210;03:20:57;-0,5;0,0;0,0;0,0;50,0;Подготовка;
20251210;03:21:02;-0,5;0,0;0,0;0,0;50,0;Подготовка;
20251210;03:21:07;-0,5;0,0;0,0;0,0;50,0;Подготовка;
20251210;03:21:12;-0,5;0,0;0,0;0,0;50,0;Подготовка;
20251210;03:21:17;-0,5;0,0;0,0;0,0;50,0;Подготовка;
20251210;03:21:22;-0,5;0,0;0,0;0,0;50,0;Подготовка;
20251210;03:21:27;-0,5;0,0;0,0;0,0;50,0;Подготовка;
20251210;03:21:32;-0,5;0,0;0,0;0,0;50,0;Подготовка;
20251210;03:21:37;-0,5;0,0;0,0;0,0;50,0;Подготовка;
20251210;03:21:42;-0,5;0,0;0,0;0,0;50,0;Подготовка;
20251210;03:21:47;-0,5;0,0;0,0;0,0;50,0;Подготовка;
20251210;03:21:52;-0,5;0,0;0,0;0,0;50,0;Подготовка;
20251210;03:21:57;-0,5;0,0;0,0;0,0;50,0;Подготовка;
20251210;03:22:02;-0,5;0,0;0,0;0,0;50,0;Подготовка;
20251210;03:22:07;-0,5;0,0;0,0;0,0;50,0;Подготовка;
20251210;03:22:12;-0,5;0,0;0,0;0,0;50,0;Подготовка;
20251210;03:22:17;-0,5;0,0;0,0;0,0;50,0;Подготовка;
20251210;03:22:23;-0,5;0,0;0,0;0,0;50,0;Подготовка;
20251210;03:22:28;-0,5;0,0;0,0;0,0;50,0;Подготовка;
20251210;03:22:33;-0,5;0,0;0,0;0,0;50,0;Подготовка;
20251210;03:22:38;-0,5;0,0;0,0;0,0;50,0;Подготовка;
20251210;03:22:43;-0,5;0,0;0,0;0,0;50,0;Подготовка;
20251210;03:22:48;-0,5;0,0;0,0;0,0;50,0;Подготовка;
20251210;03:22:53;-0,5;0,0;0,0;0,0;50,0;Подготовка;
20251210;03:22:58;-0,5;0,0;0,0;0,0;50,0;Подготовка;
20251210;03:23:03;-0,5;0,0;0,0;0,0;50,0;Подготовка;
20251210;03:23:08;-0,5;0,0;0,0;0,0;50,0;Подготовка;
20251210;03:23:13;-0,5;0,0;0,0;0,0;50,0;Подготовка;
20251210;03:23:18;-0,5;0,0;0,0;0,0;50,0;Подготовка;
20251210;03:23:23;-0,5;0,0;0,0;0,0;50,0;Подготовка;
20251210;03:23:28;-0,5;0,0;0,0;0,0;50,0;Подготовка;
20251210;03:23:33;-0,5;0,0;0,0;0,0;50,0;Подготовка;
20251210;03:23:38;-0,5;0,0;0,0;0,0;50,0;Подготовка;
20251210;03:23:43;-0,5;0,0;0,0;0,0;50,0;Подготовка;
20251210;03:23:48;-0,5;0,0;0,0;0,0;50,0;Подготовка;
20251210;03:23:53;-0,5;0,0;0,0;0,0;50,0;Подготовка;
20251210;03:23:58;-0,5;0,0;0,0;0,0;50,0;Подготовка;
20251210;03:24:03;-0,5;0,0;0,0;0,0;50,0;Подготовка;
20251210;03:24:08;-0,5;0,0;0,0;0,0;50,0;Подготовка;
20251210;03:24:13;-0,5;0,0;0,0;0,0;50,0;Подготовка;
20251210;03:24:18;-0,5;0,0;0,0;0,0;50,0;Подготовка;
20251210;03:24:23;-0,5;0,0;0,0;0,0;50,0;Подготовка;
20251210;03:24:29;-0,5;0,0;0,0;0,0;50,0;Подготовка;
20251210;03:24:34;-0,5;0,0;0,0;0,0;50,0;Подготовка;
20251210;03:24:39;-0,5;0,0;0,0;0,0;50,0;Подготовка;
20251210;03:24:44;-0,5;0,0;0,0;0,0;50,0;Подготовка;
20251210;03:24:49;-0,5;0,0;0,0;0,0;50,0;Подготовка;
20251210;03:24:54;-0,5;0,0;0,0;0,0;50,0;Подготовка;
20251210;03:24:59;-0,5;0,0;0,0;0,0;50,0;Подготовка;
20251210;03:25:04;-0,5;0,0;0,0;0,0;50,0;Подготовка;
20251210;03:25:09;-0,5;0,0;0,0;0,0;50,0;Подготовка;
20251210;03:25:14;-0,5;0,0;0,0;0,0;50,0;Подготовка;
20251210;03:25:19;-0,5;0,0;0,0;0,0;50,0;Подготовка;
20251210;03:25:24;-0,5;0,0;0,0;0,0;50,0;Подготовка;
20251210;03:25:29;-0,5;0,0;0,0;0,0;50,0;Подготовка;
20251210;03:25:34;-0,5;0,0;0,0;0,0;50,0;Подготовка;
20251210;03:25:39;-0,5;0,0;0,0;0,0;50,0;Подготовка;
20251210;03:25:44;-0,5;0,0;0,0;0,0;50,0;Подготовка;
20251210;03:25:49;-0,5;0,0;0,0;0,0;50,0;Подготовка;
20251210;03:25:54;-0,5;0,0;0,0;0,0;50,0;Подготовка;
20251210;03:25:59;-0,5;0,0;0,0;0,0;50,0;Подготовка;
20251210;03:26:04;-0,5;0,0;0,0;0,0;50,0;Подготовка;
20251210;03:26:09;-0,5;0,0;0,0;0,0;50,0;Подготовка;
20251210;03:26:14;-0,5;0,0;0,0;0,0;50,0;Подготовка;
20251210;03:26:19;-0,5;0,0;0,0;0,0;50,0;Подготовка;
20251210;03:26:24;-0,5;0,0;0,0;0,0;50,0;Подготовка;
20251210;03:26:29;-0,5;0,0;0,0;0,0;50,0;Подготовка;
20251210;03:26:35;-0,5;0,0;0,0;0,0;50,0;Подготовка;
20251210;03:26:40;-0,5;0,0;0,0;0,0;50,0;Подготовка;
20251210;03:26:45;-0,5;0,0;0,0;0,0;50,0;Подготовка;
20251210;03:26:50;-0,5;0,0;0,0;0,0;50,0;Подготовка;
20251210;03:26:55;-0,5;0,0;0,0;0,0;50,0;Подготовка;
20251210;03:27:00;-0,5;0,0;0,0;0,0;50,0;Подготовка;
20251210;03:27:05;-0,5;0,0;0,0;0,0;50,0;Подготовка;
20251210;03:27:10;-0,5;0,0;0,0;0,0;50,0;Подготовка;
20251210;03:27:15;-0,5;0,0;0,0;0,0;50,0;Подготовка;
20251210;03:27:20;-0,5;0,0;0,0;0,0;50,0;Подготовка;
20251210;03:27:25;-0,5;0,0;0,0;0,0;50,0;Подготовка;
20251210;03:27:30;-0,5;0,0;0,0;0,0;50,0;Подготовка;
20251210;03:27:35;-0,5;0,0;0,0;0,0;50,0;Подготовка;
20251210;03:27:40;-0,5;0,0;0,0;0,0;50,0;Подготовка;
20251210;03:27:45;-0,5;0,0;0,0;0,0;50,0;Подготовка;
20251210;03:27:50;-0,5;0,0;0,0;0,0;50,0;Подготовка;
20251210;03:27:55;-0,5;0,0;0,0;0,0;50,0;Подготовка;
20251210;03:28:00;-0,5;0,0;0,0;0,0;50,0;Подготовка;
20251210;03:28:05;-0,5;0,0;0,0;0,0;50,0;Подготовка;
20251210;03:28:10;-0,5;0,0;0,0;0,0;50,0;Подготовка;
20251210;03:28:15;-0,5;0,0;0,0;0,0;50,0;Подготовка;
20251210;03:28:20;-0,5;0,0;0,0;0,0;50,0;Подготовка;
20251210;03:28:25;-0,5;0,0;0,0;0,0;50,0;Подготовка;
20251210;03:28:30;-0,5;0,0;0,0;0,0;50,0;Подготовка;
20251210;03:28:35;-0,5;0,0;0,0;0,0;50,0;Подготовка;
20251210;03:28:41;-0,5;0,0;0,0;0,0;50,0;Подготовка;
20251210;03:28:46;-0,5;0,0;0,0;0,0;50,0;Подготовка;
20251210;03:28:51;-0,5;0,0;0,0;0,0;50,0;Подготовка;
20251210;03:28:56;-0,5;0,0;0,0;0,0;50,0;Подготовка;
20251210;03:29:01;-0,5;0,0;0,0;0,0;50,0;Подготовка;
20251210;03:29:06;-0,5;0,0;0,0;0,0;50,0;Подготовка;
20251210;03:29:11;-0,5;0,0;0,0;0,0;50,0;Подготовка;
20251210;03:29:16;-0,5;0,0;0,0;0,0;50,0;Подготовка;
20251210;03:29:21;-0,5;0,0;0,0;0,0;50,0;Подготовка;
20251210;03:29:26;-0,5;0,0;0,0;0,0;50,0;Подготовка;
20251210;03:29:31;-0,5;0,0;0,0;0,0;50,0;Подготовка;
20251210;03:29:36;-0,5;0,0;0,0;0,0;50,0;Подготовка;
20251210;03:29:41;-0,5;0,0;0,0;0,0;50,0;Подготовка;
20251210;03:29:46;-0,5;0,0;0,0;0,0;50,0;Подготовка;
20251210;03:29:51;-0,5;0,0;0,0;0,0;50,0;Подготовка;
20251210;03:29:56;-0,5;0,0;0,0;0,0;50,0;Подготовка;
20251210;03:30:01;-0,5;0,0;0,0;0,0;50,0;Подготовка;
20251210;03:30:06;-0,5;0,0;0,0;0,0;50,0;Подготовка;
20251210;03:30:11;-0,5;0,0;0,0;0,0;50,0;Подготовка;
20251210;03:30:16;-0,5;0,0;0,0;0,0;50,0;Подготовка;
20251210;03:30:21;-0,5;0,0;0,0;0,0;50,0;Подготовка;
20251210;03:30:26;-0,5;0,0;0,0;0,0;50,0;Подготовка;
20251210;03:30:31;-0,5;0,0;0,0;0,0;50,0;Подготовка;
20251210;03:30:36;-0,5;0,0;0,0;0,0;50,0;Подготовка;
20251210;03:30:41;-0,5;0,0;0,0;0,0;50,0;Подготовка;
20251210;03:30:47;-0,5;0,0;0,0;0,0;50,0;Подготовка;
20251210;03:30:52;-0,5;0,0;0,0;0,0;50,0;Подготовка;
20251210;03:30:57;-0,5;0,0;0,0;0,0;50,0;Подготовка;
20251210;03:31:02;-0,5;0,0;0,0;0,0;50,0;Подготовка;
20251210;03:31:07;-0,5;0,0;0,0;0,0;50,0;Подготовка;
20251210;03:31:12;-0,5;0,0;0,0;0,0;50,0;Подготовка;
20251210;03:31:17;-0,5;0,0;0,0;0,0;50,0;Подготовка;
20251210;03:31:22;-0,5;0,0;0,0;0,0;50,0;Подготовка;
20251210;03:31:27;-0,5;0,0;0,0;0,0;50,0;Подготовка;
20251210;03:31:32;-0,5;0,0;0,0;0,0;50,0;Подготовка;
20251210;03:31:37;-0,5;0,0;0,0;0,0;50,0;Подготовка;
20251210;03:31:42;-0,5;0,0;0,0;0,0;50,0;Подготовка;
20251210;03:31:47;-0,5;0,0;0,0;0,0;50,0;Подготовка;
20251210;03:31:52;-0,5;0,0;0,0;0,0;50,0;Подготовка;
20251210;03:31:57;-0,5;0,0;0,0;0,0;50,0;Подготовка;
20251210;03:32:02;-0,5;0,0;0,0;0,0;50,0;Подготовка;
20251210;03:32:07;-0,5;0,0;0,0;0,0;50,0;Подготовка;
20251210;03:32:12;-0,5;0,0;0,0;0,0;50,0;Подготовка;
20251210;03:32:17;-0,5;0,0;0,0;0,0;50,0;Подготовка;
20251210;03:32:22;-0,5;0,0;0,0;0,0;50,0;Подготовка;
20251210;03:32:27;-0,5;0,0;0,0;0,0;50,0;Подготовка;
20251210;03:32:32;-0,5;0,0;0,0;0,0;50,0;Подготовка;
20251210;03:32:37;-0,5;0,0;0,0;0,0;50,0;Подготовка;
20251210;03:32:42;-0,5;0,0;0,0;0,0;50,0;Подготовка;
20251210;03:32:47;-0,5;0,0;0,0;0,0;50,0;Подготовка;
20251210;03:32:53;-0,5;0,0;0,0;0,0;50,0;Подготовка;
20251210;03:32:58;-0,5;0,0;0,0;0,0;50,0;Подготовка;
20251210;03:33:03;-0,5;0,0;0,0;0,0;50,0;Подготовка;
20251210;03:33:08;-0,5;0,0;0,0;0,0;50,0;Подготовка;
20251210;03:33:13;-0,5;0,0;0,0;0,0;50,0;Подготовка;
20251210;03:33:18;-0,5;0,0;0,0;0,0;50,0;Подготовка;
20251210;03:33:23;-0,5;0,0;0,0;0,0;50,0;Подготовка;
20251210;03:33:28;-0,5;0,0;0,0;0,0;50,0;Подготовка;
20251210;03:33:33;-0,5;0,0;0,0;0,0;50,0;Подготовка;
20251210;03:33:38;-0,5;0,0;0,0;0,0;50,0;Подготовка;
20251210;03:33:43;-0,5;0,0;0,0;0,0;50,0;Подготовка;
20251210;03:33:48;-0,5;0,0;0,0;0,0;50,0;Подготовка;
20251210;03:33:53;-0,5;0,0;0,0;0,0;50,0;Подготовка;
20251210;03:33:58;-0,5;0,0;0,0;0,0;50,0;Подготовка;
20251210;03:34:03;-0,5;0,0;0,0;0,0;50,0;Подготовка;
20251210;03:34:08;-0,5;0,0;0,0;0,0;50,0;Подготовка;
20251210;03:34:13;-0,5;0,0;0,0;0,0;50,0;Подготовка;
20251210;03:34:18;-0,5;0,0;0,0;0,0;50,0;Подготовка;
20251210;03:34:23;-0,5;0,0;0,0;0,0;50,0;Подготовка;
20251210;03:34:28;-0,5;0,0;0,0;0,0;50,0;Подготовка;
20251210;03:34:33;-0,5;0,0;0,0;0,0;50,0;Подготовка;
20251210;03:34:38;-0,5;0,0;0,0;0,0;50,0;Подготовка;
20251210;03:34:43;-0,5;0,0;0,0;0,0;50,0;Подготовка;
20251210;03:34:48;-0,5;0,0;0,0;0,0;50,0;Подготовка;
20251210;03:34:53;-0,5;0,0;0,0;0,0;50,0;Подготовка;
20251210;03:34:59;-0,5;0,0;0,0;0,0;50,0;Подготовка;
20251210;03:35:04;-0,5;0,0;0,0;0,0;50,0;Подготовка;
20251210;03:35:09;-0,5;0,0;0,0;0,0;50,0;Подготовка;
20251210;03:35:14;-0,5;0,0;0,0;0,0;50,0;Подготовка;
20251210;03:35:19;-0,5;0,0;0,0;0,0;50,0;Подготовка;
20251210;03:35:24;-0,5;0,0;0,0;0,0;50,0;Подготовка;
20251210;03:35:29;-0,5;0,0;0,0;0,0;50,0;Подготовка;
Предприятие;
Объект;
Вид оборудования;
Дисп. наименование;
Тип;
Зав. номер;
Сер. номер;
Год выпуска;
Год ввода в эксплуатацию;
Дата отбора пробы;
Марка пробы;
Температура пробы;
DATE ;TIME ;TS_TEMP ;PROB_TEMP ;PROB_OTN_VL ;PROBE_VlAGOSOD ;SP ;STATUS ; 
20251210;03:35:46;-0,39;0,0;0,0;0,0;50,0;Включение;
20251210;03:35:51;-0,49;0,0;0,0;0,0;50,0;Включение;
20251210;03:35:56;-0,49;0,0;0,0;0,0;50,0;Подготовка;
20251210;03:36:01;-0,49;0,0;0,0;0,0;50,0;Подготовка;
20251210;03:36:06;-0,49;0,0;0,0;0,0;50,0;Подготовка;
20251210;03:36:11;-0,49;0,0;0,0;0,0;50,0;Подготовка;
20251210;03:36:16;-0,5;0,0;0,0;0,0;50,0;Подготовка;
20251210;03:36:21;-0,5;0,0;0,0;0,0;50,0;Подготовка;
20251210;03:36:26;-0,5;0,0;0,0;0,0;50,0;Подготовка;
20251210;03:36:31;-0,5;0,0;0,0;0,0;50,0;Подготовка;
20251210;03:36:36;-0,5;0,0;0,0;0,0;50,0;Подготовка;
20251210;03:36:41;-0,5;0,0;0,0;0,0;50,0;Подготовка;
20251210;03:36:46;-0,5;0,0;0,0;0,0;50,0;Подготовка;
20251210;03:36:51;-0,5;0,0;0,0;0,0;50,0;Подготовка;
20251210;03:36:56;-0,5;0,0;0,0;0,0;50,0;Подготовка;
20251210;03:37:01;-0,5;0,0;0,0;0,0;50,0;Подготовка;
20251210;03:37:06;-0,5;0,0;0,0;0,0;50,0;Подготовка;
20251210;03:37:11;-0,5;0,0;0,0;0,0;50,0;Подготовка;
20251210;03:37:17;-0,5;0,0;0,0;0,0;50,0;Подготовка;
20251210;03:37:22;-0,5;0,0;0,0;0,0;50,0;Подготовка;
20251210;03:37:27;-0,5;0,0;0,0;0,0;50,0;Подготовка;
20251210;03:37:32;-0,5;0,0;0,0;0,0;50,0;Подготовка;
20251210;03:37:37;-0,5;0,0;0,0;0,0;50,0;Подготовка;
20251210;03:37:42;-0,5;0,0;0,0;0,0;50,0;Подготовка;
20251210;03:37:47;-0,5;0,0;0,0;0,0;50,0;Подготовка;
20251210;03:37:52;-0,5;0,0;0,0;0,0;50,0;Подготовка;
20251210;03:37:57;-0,5;0,0;0,0;0,0;50,0;Подготовка;
20251210;03:38:02;-0,5;0,0;0,0;0,0;50,0;Подготовка;
20251210;03:38:07;-0,5;0,0;0,0;0,0;50,0;Подготовка;
20251210;03:38:12;-0,5;0,0;0,0;0,0;50,0;Подготовка;
20251210;03:38:17;-0,5;0,0;0,0;0,0;50,0;Подготовка;
20251210;03:38:22;-0,5;0,0;0,0;0,0;50,0;Подготовка;
20251210;03:38:27;-0,5;0,0;0,0;0,0;50,0;Подготовка;
20251210;03:38:32;-0,5;0,0;0,0;0,0;50,0;Подготовка;
20251210;03:38:37;-0,5;0,0;0,0;0,0;50,0;Подготовка;
20251210;03:38:42;-0,5;0,0;0,0;0,0;50,0;Подготовка;
20251210;03:38:47;-0,5;0,0;0,0;0,0;50,0;Подготовка;
20251210;03:38:52;-0,5;0,0;0,0;0,0;50,0;Подготовка;
20251210;03:38:57;-0,5;0,0;0,0;0,0;50,0;Подготовка;
20251210;03:39:02;-0,5;0,0;0,0;0,0;50,0;Подготовка;
20251210;03:39:07;-0,5;0,0;0,0;0,0;50,0;Подготовка;
20251210;03:39:12;-0,5;0,0;0,0;0,0;50,0;Подготовка;
20251210;03:39:17;-0,5;0,0;0,0;0,0;50,0;Подготовка;
20251210;03:39:23;-0,5;0,0;0,0;0,0;50,0;Подготовка;
20251210;03:39:28;-0,5;0,0;0,0;0,0;50,0;Подготовка;
20251210;03:39:33;-0,5;0,0;0,0;0,0;50,0;Подготовка;
20251210;03:39:38;-0,5;0,0;0,0;0,0;50,0;Подготовка;
20251210;03:39:43;-0,5;0,0;0,0;0,0;50,0;Подготовка;
20251210;03:39:48;-0,5;0,0;0,0;0,0;50,0;Подготовка;
20251210;03:39:53;-0,5;0,0;0,0;0,0;50,0;Подготовка;
20251210;03:39:58;-0,5;0,0;0,0;0,0;50,0;Подготовка;
20251210;03:40:03;-0,5;0,0;0,0;0,0;50,0;Подготовка;
20251210;03:40:08;-0,5;0,0;0,0;0,0;50,0;Подготовка;
20251210;03:40:13;-0,5;0,0;0,0;0,0;50,0;Подготовка;
20251210;03:40:18;-0,5;0,0;0,0;0,0;50,0;Подготовка;
20251210;03:40:23;-0,5;0,0;0,0;0,0;50,0;Подготовка;
20251210;03:40:28;-0,5;0,0;0,0;0,0;50,0;Подготовка;
20251210;03:40:33;-0,5;0,0;0,0;0,0;50,0;Подготовка;
20251210;03:40:38;-0,5;0,0;0,0;0,0;50,0;Подготовка;
20251210;03:40:43;-0,5;0,0;0,0;0,0;50,0;Подготовка;
20251210;03:40:48;-0,5;0,0;0,0;0,0;50,0;Подготовка;
20251210;03:40:53;-0,5;0,0;0,0;0,0;50,0;Подготовка;
20251210;03:40:58;-0,5;0,0;0,0;0,0;50,0;Подготовка;
20251210;03:41:03;-0,5;0,0;0,0;0,0;50,0;Подготовка;
20251210;03:41:08;-0,5;0,0;0,0;0,0;50,0;Подготовка;
20251210;03:41:13;-0,5;0,0;0,0;0,0;50,0;Подготовка;
20251210;03:41:18;-0,5;0,0;0,0;0,0;50,0;Подготовка;
20251210;03:41:23;-0,5;0,0;0,0;0,0;50,0;Подготовка;
20251210;03:41:29;-0,5;0,0;0,0;0,0;50,0;Подготовка;
20251210;03:41:34;-0,5;0,0;0,0;0,0;50,0;Подготовка;
20251210;03:41:39;-0,5;0,0;0,0;0,0;50,0;Подготовка;
20251210;03:41:44;-0,5;0,0;0,0;0,0;50,0;Подготовка;
20251210;03:41:49;-0,5;0,0;0,0;0,0;50,0;Подготовка;
20251210;03:41:54;-0,5;0,0;0,0;0,0;50,0;Подготовка;
20251210;03:41:59;-0,5;0,0;0,0;0,0;50,0;Подготовка;
20251210;03:42:04;-0,5;0,0;0,0;0,0;50,0;Подготовка;
20251210;03:42:09;-0,5;0,0;0,0;0,0;50,0;Подготовка;
20251210;03:42:14;-0,5;0,0;0,0;0,0;50,0;Подготовка;
20251210;03:42:19;-0,5;0,0;0,0;0,0;50,0;Подготовка;
20251210;03:42:24;-0,5;0,0;0,0;0,0;50,0;Подготовка;
20251210;03:42:29;-0,5;0,0;0,0;0,0;50,0;Подготовка;
20251210;03:42:34;-0,5;0,0;0,0;0,0;50,0;Подготовка;
20251210;03:42:39;-0,5;0,0;0,0;0,0;50,0;Подготовка;
20251210;03:42:44;-0,5;0,0;0,0;0,0;50,0;Подготовка;
20251210;03:42:49;-0,5;0,0;0,0;0,0;50,0;Подготовка;
20251210;03:42:54;-0,5;0,0;0,0;0,0;50,0;Подготовка;
20251210;03:42:59;-0,5;0,0;0,0;0,0;50,0;Подготовка;
20251210;03:43:04;-0,5;0,0;0,0;0,0;50,0;Подготовка;
20251210;03:43:09;-0,5;0,0;0,0;0,0;50,0;Подготовка;
20251210;03:43:14;-0,5;0,0;0,0;0,0;50,0;Подготовка;
20251210;03:43:19;-0,5;0,0;0,0;0,0;50,0;Подготовка;
20251210;03:43:24;-0,5;0,0;0,0;0,0;50,0;Подготовка;
20251210;03:43:29;-0,5;0,0;0,0;0,0;50,0;Подготовка;
20251210;03:43:35;-0,5;0,0;0,0;0,0;50,0;Подготовка;
20251210;03:43:40;-0,5;0,0;0,0;0,0;50,0;Подготовка;
20251210;03:43:45;-0,5;0,0;0,0;0,0;50,0;Подготовка;
20251210;03:43:50;-0,5;0,0;0,0;0,0;50,0;Подготовка;
20251210;03:43:55;-0,5;0,0;0,0;0,0;50,0;Подготовка;
20251210;03:44:00;-0,5;0,0;0,0;0,0;50,0;Подготовка;
20251210;03:44:05;-0,5;0,0;0,0;0,0;50,0;Подготовка;
20251210;03:44:10;-0,5;0,0;0,0;0,0;50,0;Подготовка;
20251210;03:44:15;-0,5;0,0;0,0;0,0;50,0;Подготовка;
20251210;03:44:20;-0,5;0,0;0,0;0,0;50,0;Подготовка;
20251210;03:44:25;-0,5;0,0;0,0;0,0;50,0;Подготовка;
20251210;03:44:30;-0,5;0,0;0,0;0,0;50,0;Подготовка;
20251210;03:44:35;-0,5;0,0;0,0;0,0;50,0;Подготовка;
20251210;03:44:40;-0,5;0,0;0,0;0,0;50,0;Подготовка;
20251210;03:44:45;-0,5;0,0;0,0;0,0;50,0;Подготовка;
20251210;03:44:50;-0,5;0,0;0,0;0,0;50,0;Подготовка;
20251210;03:44:55;-0,5;0,0;0,0;0,0;50,0;Подготовка;
20251210;03:45:00;-0,5;0,0;0,0;0,0;50,0;Подготовка;
20251210;03:45:05;-0,5;0,0;0,0;0,0;50,0;Подготовка;
20251210;03:45:10;-0,5;0,0;0,0;0,0;50,0;Подготовка;
20251210;03:45:15;-0,5;0,0;0,0;0,0;50,0;Подготовка;
20251210;03:45:20;-0,5;0,0;0,0;0,0;50,0;Подготовка;
20251210;03:45:25;-0,5;0,0;0,0;0,0;50,0;Подготовка;
20251210;03:45:30;-0,5;0,0;0,0;0,0;50,0;Подготовка;
20251210;03:45:35;-0,5;0,0;0,0;0,0;50,0;Подготовка;
20251210;03:45:41;-0,5;0,0;0,0;0,0;50,0;Подготовка;
20251210;03:45:46;-0,5;0,0;0,0;0,0;50,0;Подготовка;
20251210;03:45:51;-0,5;0,0;0,0;0,0;50,0;Подготовка;
20251210;03:45:56;-0,5;0,0;0,0;0,0;50,0;Подготовка;
20251210;03:46:01;-0,5;0,0;0,0;0,0;50,0;Подготовка;
20251210;03:46:06;-0,5;0,0;0,0;0,0;50,0;Подготовка;
20251210;03:46:11;-0,5;0,0;0,0;0,0;50,0;Подготовка;
20251210;03:46:16;-0,5;0,0;0,0;0,0;50,0;Подготовка;
20251210;03:46:21;-0,5;0,0;0,0;0,0;50,0;Подготовка;
20251210;03:46:26;-0,5;0,0;0,0;0,0;50,0;Подготовка;
20251210;03:46:31;-0,5;0,0;0,0;0,0;50,0;Подготовка;
20251210;03:46:36;-0,5;0,0;0,0;0,0;50,0;Подготовка;
20251210;03:46:41;-0,5;0,0;0,0;0,0;50,0;Подготовка;
20251210;03:46:46;-0,5;0,0;0,0;0,0;50,0;Подготовка;
20251210;03:46:51;-0,5;0,0;0,0;0,0;50,0;Подготовка;
20251210;03:46:56;-0,5;0,0;0,0;0,0;50,0;Подготовка;
20251210;03:47:01;-0,5;0,0;0,0;0,0;50,0;Подготовка;
20251210;03:47:06;-0,5;0,0;0,0;0,0;50,0;Подготовка;
20251210;03:47:11;-0,5;0,0;0,0;0,0;50,0;Подготовка;
20251210;03:47:16;-0,5;0,0;0,0;0,0;50,0;Подготовка;
20251210;03:47:21;-0,5;0,0;0,0;0,0;50,0;Подготовка;
20251210;03:47:26;-0,5;0,0;0,0;0,0;50,0;Подготовка;
20251210;03:47:31;-0,5;0,0;0,0;0,0;50,0;Подготовка;
20251210;03:47:36;-0,5;0,0;0,0;0,0;50,0;Подготовка;
20251210;03:47:41;-0,5;0,0;0,0;0,0;50,0;Подготовка;
20251210;03:47:47;-0,5;0,0;0,0;0,0;50,0;Подготовка;
20251210;03:47:52;-0,5;0,0;0,0;0,0;50,0;Подготовка;
20251210;03:47:57;-0,5;0,0;0,0;0,0;50,0;Подготовка;
20251210;03:48:02;-0,5;0,0;0,0;0,0;50,0;Подготовка;
20251210;03:48:07;-0,5;0,0;0,0;0,0;50,0;Подготовка;
20251210;03:48:12;-0,5;0,0;0,0;0,0;50,0;Подготовка;
20251210;03:48:17;-0,5;0,0;0,0;0,0;50,0;Подготовка;
20251210;03:48:22;-0,5;0,0;0,0;0,0;50,0;Подготовка;
20251210;03:48:27;-0,5;0,0;0,0;0,0;50,0;Подготовка;
20251210;03:48:32;-0,5;0,0;0,0;0,0;50,0;Подготовка;
20251210;03:48:37;-0,5;0,0;0,0;0,0;50,0;Подготовка;
20251210;03:48:42;-0,5;0,0;0,0;0,0;50,0;Подготовка;
20251210;03:48:47;-0,5;0,0;0,0;0,0;50,0;Подготовка;
20251210;03:48:52;-0,5;0,0;0,0;0,0;50,0;Подготовка;
20251210;03:48:57;-0,5;0,0;0,0;0,0;50,0;Подготовка;
20251210;03:49:02;-0,5;0,0;0,0;0,0;50,0;Подготовка;
20251210;03:49:07;-0,5;0,0;0,0;0,0;50,0;Подготовка;
20251210;03:49:12;-0,5;0,0;0,0;0,0;50,0;Подготовка;
20251210;03:49:17;-0,5;0,0;0,0;0,0;50,0;Подготовка;
20251210;03:49:22;-0,5;0,0;0,0;0,0;50,0;Подготовка;
20251210;03:49:27;-0,5;0,0;0,0;0,0;50,0;Подготовка;
20251210;03:49:32;-0,5;0,0;0,0;0,0;50,0;Подготовка;
20251210;03:49:37;-0,5;0,0;0,0;0,0;50,0;Подготовка;
20251210;03:49:42;-0,5;0,0;0,0;0,0;50,0;Подготовка;
20251210;03:49:47;-0,5;0,0;0,0;0,0;50,0;Подготовка;
20251210;03:49:53;-0,5;0,0;0,0;0,0;50,0;Подготовка;
20251210;03:49:58;-0,5;0,0;0,0;0,0;50,0;Подготовка;
20251210;03:50:03;-0,5;0,0;0,0;0,0;50,0;Подготовка;
20251210;03:50:08;-0,5;0,0;0,0;0,0;50,0;Подготовка;
20251210;03:50:13;-0,5;0,0;0,0;0,0;50,0;Подготовка;
20251210;03:50:18;-0,5;0,0;0,0;0,0;50,0;Подготовка;
20251210;03:50:23;-0,5;0,0;0,0;0,0;50,0;Подготовка;
20251210;03:50:28;-0,5;0,0;0,0;0,0;50,0;Подготовка;
20251210;03:50:33;-0,5;0,0;0,0;0,0;50,0;Подготовка;
20251210;03:50:38;-0,5;0,0;0,0;0,0;50,0;Подготовка;
20251210;03:50:43;-0,5;0,0;0,0;0,0;50,0;Подготовка;
20251210;03:50:48;-0,5;0,0;0,0;0,0;50,0;Подготовка;
20251210;03:50:53;-0,5;0,0;0,0;0,0;50,0;Подготовка;
20251210;03:50:58;-0,5;0,0;0,0;0,0;50,0;Подготовка;
20251210;03:51:03;-0,5;0,0;0,0;0,0;50,0;Подготовка;
20251210;03:51:08;-0,5;0,0;0,0;0,0;50,0;Подготовка;
20251210;03:51:13;-0,5;0,0;0,0;0,0;50,0;Подготовка;
20251210;03:51:18;-0,5;0,0;0,0;0,0;50,0;Подготовка;
20251210;03:51:23;-0,5;0,0;0,0;0,0;50,0;Подготовка;
20251210;03:51:28;-0,5;0,0;0,0;0,0;50,0;Подготовка;
20251210;03:51:33;-0,5;0,0;0,0;0,0;50,0;Подготовка;
20251210;03:51:38;-0,5;0,0;0,0;0,0;50,0;Подготовка;
20251210;03:51:43;-0,5;0,0;0,0;0,0;50,0;Подготовка;
20251210;03:51:48;-0,5;0,0;0,0;0,0;50,0;Подготовка;
20251210;03:51:53;-0,5;0,0;0,0;0,0;50,0;Подготовка;
20251210;03:51:59;-0,5;0,0;0,0;0,0;50,0;Подготовка;
20251210;03:52:04;-0,5;0,0;0,0;0,0;50,0;Подготовка;
20251210;03:52:09;-0,5;0,0;0,0;0,0;50,0;Подготовка;
20251210;03:52:14;-0,5;0,0;0,0;0,0;50,0;Подготовка;
20251210;03:52:19;-0,5;0,0;0,0;0,0;50,0;Подготовка;
20251210;03:52:24;-0,5;0,0;0,0;0,0;50,0;Подготовка;
20251210;03:52:29;-0,5;0,0;0,0;0,0;50,0;Подготовка;
20251210;03:52:34;-0,5;0,0;0,0;0,0;50,0;Подготовка;
20251210;03:52:39;-0,5;0,0;0,0;0,0;50,0;Подготовка;
20251210;03:52:44;-0,5;0,0;0,0;0,0;50,0;Подготовка;
20251210;03:52:49;-0,5;0,0;0,0;0,0;50,0;Подготовка;
20251210;03:52:54;-0,5;0,0;0,0;0,0;50,0;Подготовка;
20251210;03:52:59;-0,5;0,0;0,0;0,0;50,0;Подготовка;
20251210;03:53:04;-0,5;0,0;0,0;0,0;50,0;Подготовка;
20251210;03:53:09;-0,5;0,0;0,0;0,0;50,0;Подготовка;
20251210;03:53:14;-0,5;0,0;0,0;0,0;50,0;Подготовка;
20251210;03:53:19;-0,5;0,0;0,0;0,0;50,0;Подготовка;
20251210;03:53:24;-0,5;0,0;0,0;0,0;50,0;Подготовка;
20251210;03:53:29;-0,5;0,0;0,0;0,0;50,0;Подготовка;
20251210;03:53:34;-0,5;0,0;0,0;0,0;50,0;Подготовка;
20251210;03:53:39;-0,5;0,0;0,0;0,0;50,0;Подготовка;
20251210;03:53:44;-0,5;0,0;0,0;0,0;50,0;Подготовка;
20251210;03:53:49;-0,5;0,0;0,0;0,0;50,0;Подготовка;
20251210;03:53:54;-0,5;0,0;0,0;0,0;50,0;Подготовка;
20251210;03:53:59;-0,5;0,0;0,0;0,0;50,0;Подготовка;
20251210;03:54:05;-0,5;0,0;0,0;0,0;50,0;Подготовка;
20251210;03:54:10;-0,5;0,0;0,0;0,0;50,0;Подготовка;
20251210;03:54:15;-0,5;0,0;0,0;0,0;50,0;Подготовка;
20251210;03:54:20;-0,5;0,0;0,0;0,0;50,0;Подготовка;
20251210;03:54:25;-0,5;0,0;0,0;0,0;50,0;Подготовка;
20251210;03:54:30;-0,5;0,0;0,0;0,0;50,0;Подготовка;
20251210;03:54:35;-0,5;0,0;0,0;0,0;50,0;Подготовка;
20251210;03:54:40;-0,5;0,0;0,0;0,0;50,0;Подготовка;
20251210;03:54:45;-0,5;0,0;0,0;0,0;50,0;Подготовка;
20251210;03:54:50;-0,5;0,0;0,0;0,0;50,0;Подготовка;
20251210;03:54:55;-0,5;0,0;0,0;0,0;50,0;Подготовка;
20251210;03:55:00;-0,5;0,0;0,0;0,0;50,0;Подготовка;
20251210;03:55:05;-0,5;0,0;0,0;0,0;50,0;Подготовка;
20251210;03:55:10;-0,5;0,0;0,0;0,0;50,0;Подготовка;
20251210;03:55:15;-0,5;0,0;0,0;0,0;50,0;Подготовка;
20251210;03:55:20;-0,5;0,0;0,0;0,0;50,0;Подготовка;
20251210;03:55:25;-0,5;0,0;0,0;0,0;50,0;Подготовка;
20251210;03:55:30;-0,5;0,0;0,0;0,0;50,0;Подготовка;
20251210;03:55:35;-0,5;0,0;0,0;0,0;50,0;Подготовка;
20251210;03:55:40;-0,5;0,0;0,0;0,0;50,0;Подготовка;
20251210;03:55:45;-0,5;0,0;0,0;0,0;50,0;Подготовка;
20251210;03:55:50;-0,5;0,0;0,0;0,0;50,0;Подготовка;
20251210;03:55:55;-0,5;0,0;0,0;0,0;50,0;Подготовка;
20251210;03:56:00;-0,5;0,0;0,0;0,0;50,0;Подготовка;
20251210;03:56:05;-0,5;0,0;0,0;0,0;50,0;Подготовка;
20251210;03:56:11;-0,5;0,0;0,0;0,0;50,0;Подготовка;
20251210;03:56:16;-0,5;0,0;0,0;0,0;50,0;Подготовка;
20251210;03:56:21;-0,5;0,0;0,0;0,0;50,0;Подготовка;
20251210;03:56:26;-0,5;0,0;0,0;0,0;50,0;Подготовка;
20251210;03:56:31;-0,5;0,0;0,0;0,0;50,0;Подготовка;
20251210;03:56:36;-0,5;0,0;0,0;0,0;50,0;Подготовка;
20251210;03:56:41;-0,5;0,0;0,0;0,0;50,0;Подготовка;
20251210;03:56:46;-0,5;0,0;0,0;0,0;50,0;Подготовка;
20251210;03:56:51;-0,5;0,0;0,0;0,0;50,0;Подготовка;
20251210;03:56:56;-0,5;0,0;0,0;0,0;50,0;Подготовка;
20251210;03:57:01;-0,5;0,0;0,0;0,0;50,0;Подготовка;
20251210;03:57:06;-0,5;0,0;0,0;0,0;50,0;Подготовка;
20251210;03:57:11;-0,5;0,0;0,0;0,0;50,0;Подготовка;
20251210;03:57:16;-0,5;0,0;0,0;0,0;50,0;Подготовка;
20251210;03:57:21;-0,5;0,0;0,0;0,0;50,0;Подготовка;
20251210;03:57:26;-0,5;0,0;0,0;0,0;50,0;Подготовка;
20251210;03:57:31;-0,5;0,0;0,0;0,0;50,0;Подготовка;
20251210;03:57:36;-0,5;0,0;0,0;0,0;50,0;Подготовка;
20251210;03:57:41;-0,5;0,0;0,0;0,0;50,0;Подготовка;
20251210;03:57:46;-0,5;0,0;0,0;0,0;50,0;Подготовка;
20251210;03:57:51;-0,5;0,0;0,0;0,0;50,0;Подготовка;
20251210;03:57:56;-0,5;0,0;0,0;0,0;50,0;Подготовка;
20251210;03:58:01;-0,5;0,0;0,0;0,0;50,0;Подготовка;
20251210;03:58:06;-0,5;0,0;0,0;0,0;50,0;Подготовка;
20251210;03:58:11;-0,5;0,0;0,0;0,0;50,0;Подготовка;
20251210;03:58:17;-0,5;0,0;0,0;0,0;50,0;Подготовка;
20251210;03:58:22;-0,5;0,0;0,0;0,0;50,0;Подготовка;
20251210;03:58:27;-0,5;0,0;0,0;0,0;50,0;Подготовка;
20251210;03:58:32;-0,5;0,0;0,0;0,0;50,0;Подготовка;
20251210;03:58:37;-0,5;0,0;0,0;0,0;50,0;Подготовка;
20251210;03:58:42;-0,5;0,0;0,0;0,0;50,0;Подготовка;
20251210;03:58:47;-0,5;0,0;0,0;0,0;50,0;Подготовка;
20251210;03:58:52;-0,5;0,0;0,0;0,0;50,0;Подготовка;
20251210;03:58:57;-0,5;0,0;0,0;0,0;50,0;Подготовка;
20251210;03:59:02;-0,5;0,0;0,0;0,0;50,0;Подготовка;
20251210;03:59:07;-0,5;0,0;0,0;0,0;50,0;Подготовка;
20251210;03:59:12;-0,5;0,0;0,0;0,0;50,0;Подготовка;
20251210;03:59:17;-0,5;0,0;0,0;0,0;50,0;Подготовка;
20251210;03:59:22;-0,5;0,0;0,0;0,0;50,0;Подготовка;
20251210;03:59:27;-0,5;0,0;0,0;0,0;50,0;Подготовка;
20251210;03:59:32;-0,5;0,0;0,0;0,0;50,0;Подготовка;
20251210;03:59:37;-0,5;0,0;0,0;0,0;50,0;Подготовка;
20251210;03:59:42;-0,5;0,0;0,0;0,0;50,0;Подготовка;
20251210;03:59:47;-0,5;0,0;0,0;0,0;50,0;Подготовка;
20251210;03:59:52;-0,5;0,0;0,0;0,0;50,0;Подготовка;
20251210;03:59:57;-0,5;0,0;0,0;0,0;50,0;Подготовка;
20251210;04:00:02;-0,5;0,0;0,0;0,0;50,0;Подготовка;
20251210;04:00:07;-0,5;0,0;0,0;0,0;50,0;Подготовка;
20251210;04:00:12;-0,5;0,0;0,0;0,0;50,0;Подготовка;
20251210;04:00:17;-0,5;0,0;0,0;0,0;50,0;Подготовка;
20251210;04:00:23;-0,5;0,0;0,0;0,0;50,0;Подготовка;
20251210;04:00:28;-0,5;0,0;0,0;0,0;50,0;Подготовка;
20251210;04:00:33;-0,5;0,0;0,0;0,0;50,0;Подготовка;
20251210;04:00:38;-0,5;0,0;0,0;0,0;50,0;Подготовка;
20251210;04:00:43;-0,5;0,0;0,0;0,0;50,0;Подготовка;
20251210;04:00:48;-0,5;0,0;0,0;0,0;50,0;Подготовка;
20251210;04:00:53;-0,5;0,0;0,0;0,0;50,0;Подготовка;
20251210;04:00:58;-0,5;0,0;0,0;0,0;50,0;Подготовка;
20251210;04:01:03;-0,5;0,0;0,0;0,0;50,0;Подготовка;
20251210;04:01:08;-0,5;0,0;0,0;0,0;50,0;Подготовка;
20251210;04:01:13;-0,5;0,0;0,0;0,0;50,0;Подготовка;
20251210;04:01:18;-0,5;0,0;0,0;0,0;50,0;Подготовка;
20251210;04:01:23;-0,5;0,0;0,0;0,0;50,0;Подготовка;
20251210;04:01:28;-0,5;0,0;0,0;0,0;50,0;Подготовка;
20251210;04:01:33;-0,5;0,0;0,0;0,0;50,0;Подготовка;
20251210;04:01:38;-0,5;0,0;0,0;0,0;50,0;Подготовка;
20251210;04:01:43;-0,5;0,0;0,0;0,0;50,0;Подготовка;
20251210;04:01:48;-0,5;0,0;0,0;0,0;50,0;Подготовка;
20251210;04:01:53;-0,5;0,0;0,0;0,0;50,0;Подготовка;
20251210;04:01:58;-0,5;0,0;0,0;0,0;50,0;Подготовка;
20251210;04:02:03;-0,5;0,0;0,0;0,0;50,0;Подготовка;
20251210;04:02:08;-0,5;0,0;0,0;0,0;50,0;Подготовка;
20251210;04:02:13;-0,5;0,0;0,0;0,0;50,0;Подготовка;
20251210;04:02:18;-0,5;0,0;0,0;0,0;50,0;Подготовка;
20251210;04:02:23;-0,5;0,0;0,0;0,0;50,0;Подготовка;
20251210;04:02:29;-0,5;0,0;0,0;0,0;50,0;Подготовка;
20251210;04:02:34;-0,5;0,0;0,0;0,0;50,0;Подготовка;
20251210;04:02:39;-0,5;0,0;0,0;0,0;50,0;Подготовка;
20251210;04:02:44;-0,5;0,0;0,0;0,0;50,0;Подготовка;
20251210;04:02:49;-0,5;0,0;0,0;0,0;50,0;Подготовка;
20251210;04:02:54;-0,5;0,0;0,0;0,0;50,0;Подготовка;
20251210;04:02:59;-0,5;0,0;0,0;0,0;50,0;Подготовка;
20251210;04:03:04;-0,5;0,0;0,0;0,0;50,0;Подготовка;
20251210;04:03:09;-0,5;0,0;0,0;0,0;50,0;Подготовка;
20251210;04:03:14;-0,5;0,0;0,0;0,0;50,0;Подготовка;
20251210;04:03:19;-0,5;0,0;0,0;0,0;50,0;Подготовка;
20251210;04:03:24;-0,5;0,0;0,0;0,0;50,0;Подготовка;
20251210;04:03:29;-0,5;0,0;0,0;0,0;50,0;Подготовка;
20251210;04:03:34;-0,5;0,0;0,0;0,0;50,0;Подготовка;
20251210;04:03:39;-0,5;0,0;0,0;0,0;50,0;Подготовка;
20251210;04:03:44;-0,5;0,0;0,0;0,0;50,0;Подготовка;
20251210;04:03:49;-0,5;0,0;0,0;0,0;50,0;Подготовка;
20251210;04:03:54;-0,5;0,0;0,0;0,0;50,0;Подготовка;
20251210;04:03:59;-0,5;0,0;0,0;0,0;50,0;Подготовка;
20251210;04:04:04;-0,5;0,0;0,0;0,0;50,0;Подготовка;
20251210;04:04:09;-0,5;0,0;0,0;0,0;50,0;Подготовка;
20251210;04:04:14;-0,5;0,0;0,0;0,0;50,0;Подготовка;
20251210;04:04:19;-0,5;0,0;0,0;0,0;50,0;Подготовка;
20251210;04:04:24;-0,5;0,0;0,0;0,0;50,0;Подготовка;
20251210;04:04:29;-0,5;0,0;0,0;0,0;50,0;Подготовка;
20251210;04:04:35;-0,5;0,0;0,0;0,0;50,0;Подготовка;
20251210;04:04:40;-0,5;0,0;0,0;0,0;50,0;Подготовка;
20251210;04:04:45;-0,5;0,0;0,0;0,0;50,0;Подготовка;
20251210;04:04:50;-0,5;0,0;0,0;0,0;50,0;Подготовка;
20251210;04:04:55;-0,5;0,0;0,0;0,0;50,0;Подготовка;
20251210;04:05:00;-0,5;0,0;0,0;0,0;50,0;Подготовка;
20251210;04:05:05;-0,5;0,0;0,0;0,0;50,0;Подготовка;
20251210;04:05:10;-0,5;0,0;0,0;0,0;50,0;Подготовка;
20251210;04:05:15;-0,5;0,0;0,0;0,0;50,0;Подготовка;
20251210;04:05:20;-0,5;0,0;0,0;0,0;50,0;Подготовка;
20251210;04:05:25;-0,5;0,0;0,0;0,0;50,0;Подготовка;
20251210;04:05:30;-0,5;0,0;0,0;0,0;50,0;Подготовка;
20251210;04:05:35;-0,5;0,0;0,0;0,0;50,0;Подготовка;
20251210;04:05:40;-0,5;0,0;0,0;0,0;50,0;Подготовка;
20251210;04:05:45;-0,5;0,0;0,0;0,0;50,0;Подготовка;
20251210;04:05:50;-0,5;0,0;0,0;0,0;50,0;Подготовка;
20251210;04:05:55;-0,5;0,0;0,0;0,0;50,0;Подготовка;
20251210;04:06:00;-0,5;0,0;0,0;0,0;50,0;Подготовка;
20251210;04:06:05;-0,5;0,0;0,0;0,0;50,0;Подготовка;
20251210;04:06:10;-0,5;0,0;0,0;0,0;50,0;Подготовка;
20251210;04:06:15;-0,5;0,0;0,0;0,0;50,0;Подготовка;
20251210;04:06:20;-0,5;0,0;0,0;0,0;50,0;Подготовка;
20251210;04:06:25;-0,5;0,0;0,0;0,0;50,0;Подготовка;
20251210;04:06:30;-0,5;0,0;0,0;0,0;50,0;Подготовка;
20251210;04:06:35;-0,5;0,0;0,0;0,0;50,0;Подготовка;
20251210;04:06:41;-0,5;0,0;0,0;0,0;50,0;Подготовка;
20251210;04:06:46;-0,5;0,0;0,0;0,0;50,0;Подготовка;
20251210;04:06:51;-0,5;0,0;0,0;0,0;50,0;Подготовка;
20251210;04:06:56;-0,5;0,0;0,0;0,0;50,0;Подготовка;
20251210;04:07:01;-0,5;0,0;0,0;0,0;50,0;Подготовка;
20251210;04:07:06;-0,5;0,0;0,0;0,0;50,0;Подготовка;
20251210;04:07:11;-0,5;0,0;0,0;0,0;50,0;Подготовка;
20251210;04:07:16;-0,5;0,0;0,0;0,0;50,0;Подготовка;
20251210;04:07:21;-0,5;0,0;0,0;0,0;50,0;Подготовка;
20251210;04:07:26;-0,5;0,0;0,0;0,0;50,0;Подготовка;
20251210;04:07:31;-0,5;0,0;0,0;0,0;50,0;Подготовка;
20251210;04:07:36;-0,5;0,0;0,0;0,0;50,0;Подготовка;
20251210;04:07:41;-0,5;0,0;0,0;0,0;50,0;Подготовка;
20251210;04:07:46;-0,5;0,0;0,0;0,0;50,0;Подготовка;
20251210;04:07:51;-0,5;0,0;0,0;0,0;50,0;Подготовка;
20251210;04:07:56;-0,5;0,0;0,0;0,0;50,0;Подготовка;
20251210;04:08:01;-0,5;0,0;0,0;0,0;50,0;Подготовка;
20251210;04:08:06;-0,5;0,0;0,0;0,0;50,0;Подготовка;
20251210;04:08:11;-0,5;0,0;0,0;0,0;50,0;Подготовка;
20251210;04:08:16;-0,5;0,0;0,0;0,0;50,0;Подготовка;
20251210;04:08:21;-0,5;0,0;0,0;0,0;50,0;Подготовка;
20251210;04:08:26;-0,5;0,0;0,0;0,0;50,0;Подготовка;
20251210;04:08:31;-0,5;0,0;0,0;0,0;50,0;Подготовка;
20251210;04:08:36;-0,5;0,0;0,0;0,0;50,0;Подготовка;
20251210;04:08:41;-0,5;0,0;0,0;0,0;50,0;Подготовка;
20251210;04:08:47;-0,5;0,0;0,0;0,0;50,0;Подготовка;
20251210;04:08:52;-0,5;0,0;0,0;0,0;50,0;Подготовка;
20251210;04:08:57;-0,5;0,0;0,0;0,0;50,0;Подготовка;
20251210;04:09:02;-0,5;0,0;0,0;0,0;50,0;Подготовка;
20251210;04:09:07;-0,5;0,0;0,0;0,0;50,0;Подготовка;
20251210;04:09:12;-0,5;0,0;0,0;0,0;50,0;Подготовка;
20251210;04:09:17;-0,5;0,0;0,0;0,0;50,0;Подготовка;
20251210;04:09:22;-0,5;0,0;0,0;0,0;50,0;Подготовка;
20251210;04:09:27;-0,5;0,0;0,0;0,0;50,0;Подготовка;
20251210;04:09:32;-0,5;0,0;0,0;0,0;50,0;Подготовка;
20251210;04:09:37;-0,5;0,0;0,0;0,0;50,0;Подготовка;
20251210;04:09:42;-0,5;0,0;0,0;0,0;50,0;Подготовка;
20251210;04:09:47;-0,5;0,0;0,0;0,0;50,0;Подготовка;
20251210;04:09:52;-0,5;0,0;0,0;0,0;50,0;Подготовка;
20251210;04:09:57;-0,5;0,0;0,0;0,0;50,0;Подготовка;
20251210;04:10:02;-0,5;0,0;0,0;0,0;50,0;Подготовка;
20251210;04:10:07;-0,5;0,0;0,0;0,0;50,0;Подготовка;
20251210;04:10:12;-0,5;0,0;0,0;0,0;50,0;Подготовка;
20251210;04:10:17;-0,5;0,0;0,0;0,0;50,0;Подготовка;
20251210;04:10:22;-0,5;0,0;0,0;0,0;50,0;Подготовка;
20251210;04:10:27;-0,5;0,0;0,0;0,0;50,0;Подготовка;
20251210;04:10:32;-0,5;0,0;0,0;0,0;50,0;Подготовка;
20251210;04:10:37;-0,5;0,0;0,0;0,0;50,0;Подготовка;
20251210;04:10:42;-0,5;0,0;0,0;0,0;50,0;Подготовка;
20251210;04:10:47;-0,5;0,0;0,0;0,0;50,0;Подготовка;
20251210;04:10:53;-0,5;0,0;0,0;0,0;50,0;Подготовка;
20251210;04:10:58;-0,5;0,0;0,0;0,0;50,0;Подготовка;
20251210;04:11:03;-0,5;0,0;0,0;0,0;50,0;Подготовка;
20251210;04:11:08;-0,5;0,0;0,0;0,0;50,0;Подготовка;
20251210;04:11:13;-0,5;0,0;0,0;0,0;50,0;Подготовка;
20251210;04:11:18;-0,5;0,0;0,0;0,0;50,0;Подготовка;
20251210;04:11:23;-0,5;0,0;0,0;0,0;50,0;Подготовка;
20251210;04:11:28;-0,5;0,0;0,0;0,0;50,0;Подготовка;
20251210;04:11:33;-0,5;0,0;0,0;0,0;50,0;Подготовка;
20251210;04:11:38;-0,5;0,0;0,0;0,0;50,0;Подготовка;
20251210;04:11:43;-0,5;0,0;0,0;0,0;50,0;Подготовка;
20251210;04:11:48;-0,5;0,0;0,0;0,0;50,0;Подготовка;
20251210;04:11:53;-0,5;0,0;0,0;0,0;50,0;Подготовка;
20251210;04:11:58;-0,5;0,0;0,0;0,0;50,0;Подготовка;
20251210;04:12:03;-0,5;0,0;0,0;0,0;50,0;Подготовка;
20251210;04:12:08;-0,5;0,0;0,0;0,0;50,0;Подготовка;
20251210;04:12:13;-0,5;0,0;0,0;0,0;50,0;Подготовка;
20251210;04:12:18;-0,5;0,0;0,0;0,0;50,0;Подготовка;
20251210;04:12:23;-0,5;0,0;0,0;0,0;50,0;Подготовка;
20251210;04:12:28;-0,5;0,0;0,0;0,0;50,0;Подготовка;
20251210;04:12:33;-0,5;0,0;0,0;0,0;50,0;Подготовка;
20251210;04:12:38;-0,5;0,0;0,0;0,0;50,0;Подготовка;
20251210;04:12:43;-0,5;0,0;0,0;0,0;50,0;Подготовка;
20251210;04:12:48;-0,5;0,0;0,0;0,0;50,0;Подготовка;
20251210;04:12:53;-0,5;0,0;0,0;0,0;50,0;Подготовка;
20251210;04:12:59;-0,5;0,0;0,0;0,0;50,0;Подготовка;
20251210;04:13:04;-0,5;0,0;0,0;0,0;50,0;Подготовка;
20251210;04:13:09;-0,5;0,0;0,0;0,0;50,0;Подготовка;
20251210;04:13:14;-0,5;0,0;0,0;0,0;50,0;Подготовка;
20251210;04:13:19;-0,5;0,0;0,0;0,0;50,0;Подготовка;
20251210;04:13:24;-0,5;0,0;0,0;0,0;50,0;Подготовка;
20251210;04:13:29;-0,5;0,0;0,0;0,0;50,0;Подготовка;
20251210;04:13:34;-0,5;0,0;0,0;0,0;50,0;Подготовка;
20251210;04:13:39;-0,5;0,0;0,0;0,0;50,0;Подготовка;
20251210;04:13:44;-0,5;0,0;0,0;0,0;50,0;Подготовка;
20251210;04:13:49;-0,5;0,0;0,0;0,0;50,0;Подготовка;
20251210;04:13:54;-0,5;0,0;0,0;0,0;50,0;Подготовка;
20251210;04:13:59;-0,5;0,0;0,0;0,0;50,0;Подготовка;
20251210;04:14:04;-0,5;0,0;0,0;0,0;50,0;Подготовка;
20251210;04:14:09;-0,5;0,0;0,0;0,0;50,0;Подготовка;
20251210;04:14:14;-0,5;0,0;0,0;0,0;50,0;Подготовка;
20251210;04:14:19;-0,5;0,0;0,0;0,0;50,0;Подготовка;
20251210;04:14:24;-0,5;0,0;0,0;0,0;50,0;Подготовка;
20251210;04:14:29;-0,5;0,0;0,0;0,0;50,0;Подготовка;
20251210;04:14:34;-0,5;0,0;0,0;0,0;50,0;Подготовка;
20251210;04:14:39;-0,5;0,0;0,0;0,0;50,0;Подготовка;
20251210;04:14:44;-0,5;0,0;0,0;0,0;50,0;Подготовка;
20251210;04:14:49;-0,5;0,0;0,0;0,0;50,0;Подготовка;
20251210;04:14:54;-0,5;0,0;0,0;0,0;50,0;Подготовка;
20251210;04:14:59;-0,5;0,0;0,0;0,0;50,0;Подготовка;
20251210;04:15:05;-0,5;0,0;0,0;0,0;50,0;Подготовка;
20251210;04:15:10;-0,5;0,0;0,0;0,0;50,0;Подготовка;
20251210;04:15:15;-0,5;0,0;0,0;0,0;50,0;Подготовка;
20251210;04:15:20;-0,5;0,0;0,0;0,0;50,0;Подготовка;
20251210;04:15:25;-0,5;0,0;0,0;0,0;50,0;Подготовка;
20251210;04:15:30;-0,5;0,0;0,0;0,0;50,0;Подготовка;
20251210;04:15:35;-0,5;0,0;0,0;0,0;50,0;Подготовка;
20251210;04:15:40;-0,5;0,0;0,0;0,0;50,0;Подготовка;
20251210;04:15:45;-0,5;0,0;0,0;0,0;50,0;Подготовка;
20251210;04:15:50;-0,5;0,0;0,0;0,0;50,0;Подготовка;
20251210;04:15:55;-0,5;0,0;0,0;0,0;50,0;Подготовка;
20251210;04:16:00;-0,5;0,0;0,0;0,0;50,0;Подготовка;
20251210;04:16:05;-0,5;0,0;0,0;0,0;50,0;Подготовка;
20251210;04:16:10;-0,5;0,0;0,0;0,0;50,0;Подготовка;
20251210;04:16:15;-0,5;0,0;0,0;0,0;50,0;Подготовка;
20251210;04:16:20;-0,5;0,0;0,0;0,0;50,0;Подготовка;
20251210;04:16:25;-0,5;0,0;0,0;0,0;50,0;Подготовка;
20251210;04:16:30;-0,5;0,0;0,0;0,0;50,0;Подготовка;
20251210;04:16:35;-0,5;0,0;0,0;0,0;50,0;Подготовка;
20251210;04:16:40;-0,5;0,0;0,0;0,0;50,0;Подготовка;
20251210;04:16:45;-0,5;0,0;0,0;0,0;50,0;Подготовка;
20251210;04:16:50;-0,5;0,0;0,0;0,0;50,0;Подготовка;
20251210;04:16:55;-0,5;0,0;0,0;0,0;50,0;Подготовка;
20251210;04:17:00;-0,5;0,0;0,0;0,0;50,0;Подготовка;
20251210;04:17:05;-0,5;0,0;0,0;0,0;50,0;Подготовка;
20251210;04:17:11;-0,5;0,0;0,0;0,0;50,0;Подготовка;
20251210;04:17:16;-0,5;0,0;0,0;0,0;50,0;Подготовка;
20251210;04:17:21;-0,5;0,0;0,0;0,0;50,0;Подготовка;
20251210;04:17:26;-0,5;0,0;0,0;0,0;50,0;Подготовка;
20251210;04:17:31;-0,5;0,0;0,0;0,0;50,0;Подготовка;
20251210;04:17:36;-0,5;0,0;0,0;0,0;50,0;Подготовка;
20251210;04:17:41;-0,5;0,0;0,0;0,0;50,0;Подготовка;
20251210;04:17:46;-0,5;0,0;0,0;0,0;50,0;Подготовка;
20251210;04:17:51;-0,5;0,0;0,0;0,0;50,0;Подготовка;
20251210;04:17:56;-0,5;0,0;0,0;0,0;50,0;Подготовка;
20251210;04:18:01;-0,5;0,0;0,0;0,0;50,0;Подготовка;
20251210;04:18:06;-0,5;0,0;0,0;0,0;50,0;Подготовка;
20251210;04:18:11;-0,5;0,0;0,0;0,0;50,0;Подготовка;
20251210;04:18:16;-0,5;0,0;0,0;0,0;50,0;Подготовка;
20251210;04:18:21;-0,5;0,0;0,0;0,0;50,0;Подготовка;
20251210;04:18:26;-0,5;0,0;0,0;0,0;50,0;Подготовка;
20251210;04:18:31;-0,5;0,0;0,0;0,0;50,0;Подготовка;
20251210;04:18:36;-0,5;0,0;0,0;0,0;50,0;Подготовка;
20251210;04:18:41;-0,5;0,0;0,0;0,0;50,0;Подготовка;
20251210;04:18:46;-0,5;0,0;0,0;0,0;50,0;Подготовка;
20251210;04:18:51;-0,5;0,0;0,0;0,0;50,0;Подготовка;
20251210;04:18:56;-0,5;0,0;0,0;0,0;50,0;Подготовка;
20251210;04:19:01;-0,5;0,0;0,0;0,0;50,0;Подготовка;
20251210;04:19:06;-0,5;0,0;0,0;0,0;50,0;Подготовка;
20251210;04:19:11;-0,5;0,0;0,0;0,0;50,0;Подготовка;
20251210;04:19:17;-0,5;0,0;0,0;0,0;50,0;Подготовка;
20251210;04:19:22;-0,5;0,0;0,0;0,0;50,0;Подготовка;
20251210;04:19:27;-0,5;0,0;0,0;0,0;50,0;Подготовка;
20251210;04:19:32;-0,5;0,0;0,0;0,0;50,0;Подготовка;
20251210;04:19:37;-0,5;0,0;0,0;0,0;50,0;Подготовка;
20251210;04:19:42;-0,5;0,0;0,0;0,0;50,0;Подготовка;
20251210;04:19:47;-0,5;0,0;0,0;0,0;50,0;Подготовка;
20251210;04:19:52;-0,5;0,0;0,0;0,0;50,0;Подготовка;
20251210;04:19:57;-0,5;0,0;0,0;0,0;50,0;Подготовка;
20251210;04:20:02;-0,5;0,0;0,0;0,0;50,0;Подготовка;
20251210;04:20:07;-0,5;0,0;0,0;0,0;50,0;Подготовка;
20251210;04:20:12;-0,5;0,0;0,0;0,0;50,0;Подготовка;
20251210;04:20:17;-0,5;0,0;0,0;0,0;50,0;Подготовка;
20251210;04:20:22;-0,5;0,0;0,0;0,0;50,0;Подготовка;
20251210;04:20:27;-0,5;0,0;0,0;0,0;50,0;Подготовка;
20251210;04:20:32;-0,5;0,0;0,0;0,0;50,0;Подготовка;
20251210;04:20:37;-0,5;0,0;0,0;0,0;50,0;Подготовка;
20251210;04:20:42;-0,5;0,0;0,0;0,0;50,0;Подготовка;
20251210;04:20:47;-0,5;0,0;0,0;0,0;50,0;Подготовка;
20251210;04:20:52;-0,5;0,0;0,0;0,0;50,0;Подготовка;
20251210;04:20:57;-0,5;0,0;0,0;0,0;50,0;Подготовка;
20251210;04:21:02;-0,5;0,0;0,0;0,0;50,0;Подготовка;
20251210;04:21:07;-0,5;0,0;0,0;0,0;50,0;Подготовка;
20251210;04:21:12;-0,5;0,0;0,0;0,0;50,0;Подготовка;
20251210;04:21:17;-0,5;0,0;0,0;0,0;50,0;Подготовка;
20251210;04:21:23;-0,5;0,0;0,0;0,0;50,0;Подготовка;
20251210;04:21:28;-0,5;0,0;0,0;0,0;50,0;Подготовка;
20251210;04:21:33;-0,5;0,0;0,0;0,0;50,0;Подготовка;
20251210;04:21:38;-0,5;0,0;0,0;0,0;50,0;Подготовка;
20251210;04:21:43;-0,5;0,0;0,0;0,0;50,0;Подготовка;
20251210;04:21:48;-0,5;0,0;0,0;0,0;50,0;Подготовка;
20251210;04:21:53;-0,5;0,0;0,0;0,0;50,0;Подготовка;
20251210;04:21:58;-0,5;0,0;0,0;0,0;50,0;Подготовка;
20251210;04:22:03;-0,5;0,0;0,0;0,0;50,0;Подготовка;
20251210;04:22:08;-0,5;0,0;0,0;0,0;50,0;Подготовка;
20251210;04:22:13;-0,5;0,0;0,0;0,0;50,0;Подготовка;
20251210;04:22:18;-0,5;0,0;0,0;0,0;50,0;Подготовка;
20251210;04:22:23;-0,5;0,0;0,0;0,0;50,0;Подготовка;
20251210;04:22:28;-0,5;0,0;0,0;0,0;50,0;Подготовка;
20251210;04:22:33;-0,5;0,0;0,0;0,0;50,0;Подготовка;
20251210;04:22:38;-0,5;0,0;0,0;0,0;50,0;Подготовка;
20251210;04:22:43;-0,5;0,0;0,0;0,0;50,0;Подготовка;
20251210;04:22:48;-0,5;0,0;0,0;0,0;50,0;Подготовка;
20251210;04:22:53;-0,5;0,0;0,0;0,0;50,0;Подготовка;
20251210;04:22:58;-0,5;0,0;0,0;0,0;50,0;Подготовка;
20251210;04:23:03;-0,5;0,0;0,0;0,0;50,0;Подготовка;
20251210;04:23:08;-0,5;0,0;0,0;0,0;50,0;Подготовка;
20251210;04:23:13;-0,5;0,0;0,0;0,0;50,0;Подготовка;
20251210;04:23:18;-0,5;0,0;0,0;0,0;50,0;Подготовка;
20251210;04:23:23;-0,5;0,0;0,0;0,0;50,0;Подготовка;
20251210;04:23:29;-0,5;0,0;0,0;0,0;50,0;Подготовка;
20251210;04:23:34;-0,5;0,0;0,0;0,0;50,0;Подготовка;
20251210;04:23:39;-0,5;0,0;0,0;0,0;50,0;Подготовка;
20251210;04:23:44;-0,5;0,0;0,0;0,0;50,0;Подготовка;
20251210;04:23:49;-0,5;0,0;0,0;0,0;50,0;Подготовка;
20251210;04:23:54;-0,5;0,0;0,0;0,0;50,0;Подготовка;
20251210;04:23:59;-0,5;0,0;0,0;0,0;50,0;Подготовка;
20251210;04:24:04;-0,5;0,0;0,0;0,0;50,0;Подготовка;
20251210;04:24:09;-0,5;0,0;0,0;0,0;50,0;Подготовка;
20251210;04:24:14;-0,5;0,0;0,0;0,0;50,0;Подготовка;
20251210;04:24:19;-0,5;0,0;0,0;0,0;50,0;Подготовка;
20251210;04:24:24;-0,5;0,0;0,0;0,0;50,0;Подготовка;
20251210;04:24:29;-0,5;0,0;0,0;0,0;50,0;Подготовка;
20251210;04:24:34;-0,5;0,0;0,0;0,0;50,0;Подготовка;
20251210;04:24:39;-0,5;0,0;0,0;0,0;50,0;Подготовка;
20251210;04:24:44;-0,5;0,0;0,0;0,0;50,0;Подготовка;
20251210;04:24:49;-0,5;0,0;0,0;0,0;50,0;Подготовка;
20251210;04:24:54;-0,5;0,0;0,0;0,0;50,0;Подготовка;
20251210;04:24:59;-0,5;0,0;0,0;0,0;50,0;Подготовка;
20251210;04:25:04;-0,5;0,0;0,0;0,0;50,0;Подготовка;
20251210;04:25:09;-0,5;0,0;0,0;0,0;50,0;Подготовка;
20251210;04:25:14;-0,5;0,0;0,0;0,0;50,0;Подготовка;
20251210;04:25:19;-0,5;0,0;0,0;0,0;50,0;Подготовка;
20251210;04:25:24;-0,5;0,0;0,0;0,0;50,0;Подготовка;
20251210;04:25:29;-0,5;0,0;0,0;0,0;50,0;Подготовка;
20251210;04:25:35;-0,5;0,0;0,0;0,0;50,0;Подготовка;
20251210;04:25:40;-0,5;0,0;0,0;0,0;50,0;Подготовка;
20251210;04:25:45;-0,5;0,0;0,0;0,0;50,0;Подготовка;
20251210;04:25:50;-0,5;0,0;0,0;0,0;50,0;Подготовка;
20251210;04:25:55;-0,5;0,0;0,0;0,0;50,0;Подготовка;
20251210;04:26:00;-0,5;0,0;0,0;0,0;50,0;Подготовка;
20251210;04:26:05;-0,5;0,0;0,0;0,0;50,0;Подготовка;
20251210;04:26:10;-0,5;0,0;0,0;0,0;50,0;Подготовка;
20251210;04:26:15;-0,5;0,0;0,0;0,0;50,0;Подготовка;
20251210;04:26:20;-0,5;0,0;0,0;0,0;50,0;Подготовка;
20251210;04:26:25;-0,5;0,0;0,0;0,0;50,0;Подготовка;
20251210;04:26:30;-0,5;0,0;0,0;0,0;50,0;Подготовка;
20251210;04:26:35;-0,5;0,0;0,0;0,0;50,0;Подготовка;
20251210;04:26:40;-0,5;0,0;0,0;0,0;50,0;Подготовка;
20251210;04:26:45;-0,5;0,0;0,0;0,0;50,0;Подготовка;
20251210;04:26:50;-0,5;0,0;0,0;0,0;50,0;Подготовка;
20251210;04:26:55;-0,5;0,0;0,0;0,0;50,0;Подготовка;
20251210;04:27:00;-0,5;0,0;0,0;0,0;50,0;Подготовка;
20251210;04:27:05;-0,5;0,0;0,0;0,0;50,0;Подготовка;
20251210;04:27:10;-0,5;0,0;0,0;0,0;50,0;Подготовка;
20251210;04:27:15;-0,5;0,0;0,0;0,0;50,0;Подготовка;
20251210;04:27:20;-0,5;0,0;0,0;0,0;50,0;Подготовка;
20251210;04:27:25;-0,5;0,0;0,0;0,0;50,0;Подготовка;
20251210;04:27:30;-0,5;0,0;0,0;0,0;50,0;Подготовка;
20251210;04:27:35;-0,5;0,0;0,0;0,0;50,0;Подготовка;
20251210;04:27:41;-0,5;0,0;0,0;0,0;50,0;Подготовка;
20251210;04:27:46;-0,5;0,0;0,0;0,0;50,0;Подготовка;
20251210;04:27:51;-0,5;0,0;0,0;0,0;50,0;Подготовка;
20251210;04:27:56;-0,5;0,0;0,0;0,0;50,0;Подготовка;
20251210;04:28:01;-0,5;0,0;0,0;0,0;50,0;Подготовка;
20251210;04:28:06;-0,5;0,0;0,0;0,0;50,0;Подготовка;
20251210;04:28:11;-0,5;0,0;0,0;0,0;50,0;Подготовка;
20251210;04:28:16;-0,5;0,0;0,0;0,0;50,0;Подготовка;
20251210;04:28:21;-0,5;0,0;0,0;0,0;50,0;Подготовка;
20251210;04:28:26;-0,5;0,0;0,0;0,0;50,0;Подготовка;
20251210;04:28:31;-0,5;0,0;0,0;0,0;50,0;Подготовка;
20251210;04:28:36;-0,5;0,0;0,0;0,0;50,0;Подготовка;
20251210;04:28:41;-0,5;0,0;0,0;0,0;50,0;Подготовка;
20251210;04:28:46;-0,5;0,0;0,0;0,0;50,0;Подготовка;
20251210;04:28:51;-0,5;0,0;0,0;0,0;50,0;Подготовка;
20251210;04:28:56;-0,5;0,0;0,0;0,0;50,0;Подготовка;
20251210;04:29:01;-0,5;0,0;0,0;0,0;50,0;Подготовка;
20251210;04:29:06;-0,5;0,0;0,0;0,0;50,0;Подготовка;
20251210;04:29:11;-0,5;0,0;0,0;0,0;50,0;Подготовка;
20251210;04:29:16;-0,5;0,0;0,0;0,0;50,0;Подготовка;
20251210;04:29:21;-0,5;0,0;0,0;0,0;50,0;Подготовка;
20251210;04:29:26;-0,5;0,0;0,0;0,0;50,0;Подготовка;
20251210;04:29:31;-0,5;0,0;0,0;0,0;50,0;Подготовка;
20251210;04:29:36;-0,5;0,0;0,0;0,0;50,0;Подготовка;
20251210;04:29:41;-0,5;0,0;0,0;0,0;50,0;Подготовка;
20251210;04:29:47;-0,5;0,0;0,0;0,0;50,0;Подготовка;
20251210;04:29:52;-0,5;0,0;0,0;0,0;50,0;Подготовка;
20251210;04:29:57;-0,5;0,0;0,0;0,0;50,0;Подготовка;
20251210;04:30:02;-0,5;0,0;0,0;0,0;50,0;Подготовка;
20251210;04:30:07;-0,5;0,0;0,0;0,0;50,0;Подготовка;
20251210;04:30:12;-0,5;0,0;0,0;0,0;50,0;Подготовка;
20251210;04:30:17;-0,5;0,0;0,0;0,0;50,0;Подготовка;
20251210;04:30:22;-0,5;0,0;0,0;0,0;50,0;Подготовка;
20251210;04:30:27;-0,5;0,0;0,0;0,0;50,0;Подготовка;
20251210;04:30:32;-0,5;0,0;0,0;0,0;50,0;Подготовка;
20251210;04:30:37;-0,5;0,0;0,0;0,0;50,0;Подготовка;
20251210;04:30:42;-0,5;0,0;0,0;0,0;50,0;Подготовка;
20251210;04:30:47;-0,5;0,0;0,0;0,0;50,0;Подготовка;
20251210;04:30:52;-0,5;0,0;0,0;0,0;50,0;Подготовка;
20251210;04:30:57;-0,5;0,0;0,0;0,0;50,0;Подготовка;
20251210;04:31:02;-0,5;0,0;0,0;0,0;50,0;Подготовка;
20251210;04:31:07;-0,5;0,0;0,0;0,0;50,0;Подготовка;
20251210;04:31:12;-0,5;0,0;0,0;0,0;50,0;Подготовка;
20251210;04:31:17;-0,5;0,0;0,0;0,0;50,0;Подготовка;
20251210;04:31:22;-0,5;0,0;0,0;0,0;50,0;Подготовка;
20251210;04:31:27;-0,5;0,0;0,0;0,0;50,0;Подготовка;
20251210;04:31:32;-0,5;0,0;0,0;0,0;50,0;Подготовка;
20251210;04:31:37;-0,5;0,0;0,0;0,0;50,0;Подготовка;
20251210;04:31:42;-0,5;0,0;0,0;0,0;50,0;Подготовка;
20251210;04:31:47;-0,5;0,0;0,0;0,0;50,0;Подготовка;
20251210;04:31:53;-0,5;0,0;0,0;0,0;50,0;Подготовка;
20251210;04:31:58;-0,5;0,0;0,0;0,0;50,0;Подготовка;
20251210;04:32:03;-0,5;0,0;0,0;0,0;50,0;Подготовка;
20251210;04:32:08;-0,5;0,0;0,0;0,0;50,0;Подготовка;
20251210;04:32:13;-0,5;0,0;0,0;0,0;50,0;Подготовка;
20251210;04:32:18;-0,5;0,0;0,0;0,0;50,0;Подготовка;
20251210;04:32:23;-0,5;0,0;0,0;0,0;50,0;Подготовка;
20251210;04:32:28;-0,5;0,0;0,0;0,0;50,0;Подготовка;
20251210;04:32:33;-0,5;0,0;0,0;0,0;50,0;Подготовка;
20251210;04:32:38;-0,5;0,0;0,0;0,0;50,0;Подготовка;
20251210;04:32:43;-0,5;0,0;0,0;0,0;50,0;Подготовка;
20251210;04:32:48;-0,5;0,0;0,0;0,0;50,0;Подготовка;
20251210;04:32:53;-0,5;0,0;0,0;0,0;50,0;Подготовка;
20251210;04:32:58;-0,5;0,0;0,0;0,0;50,0;Подготовка;
20251210;04:33:03;-0,5;0,0;0,0;0,0;50,0;Подготовка;
20251210;04:33:08;-0,5;0,0;0,0;0,0;50,0;Подготовка;
20251210;04:33:13;-0,5;0,0;0,0;0,0;50,0;Подготовка;
20251210;04:33:18;-0,5;0,0;0,0;0,0;50,0;Подготовка;
20251210;04:33:23;-0,5;0,0;0,0;0,0;50,0;Подготовка;
20251210;04:33:28;-0,5;0,0;0,0;0,0;50,0;Подготовка;
20251210;04:33:33;-0,5;0,0;0,0;0,0;50,0;Подготовка;
20251210;04:33:38;-0,5;0,0;0,0;0,0;50,0;Подготовка;
20251210;04:33:43;-0,5;0,0;0,0;0,0;50,0;Подготовка;
20251210;04:33:48;-0,5;0,0;0,0;0,0;50,0;Подготовка;
20251210;04:33:53;-0,5;0,0;0,0;0,0;50,0;Подготовка;
20251210;04:33:59;-0,5;0,0;0,0;0,0;50,0;Подготовка;
20251210;04:34:04;-0,5;0,0;0,0;0,0;50,0;Подготовка;
20251210;04:34:09;-0,5;0,0;0,0;0,0;50,0;Подготовка;
20251210;04:34:14;-0,5;0,0;0,0;0,0;50,0;Подготовка;
20251210;04:34:19;-0,5;0,0;0,0;0,0;50,0;Подготовка;
20251210;04:34:24;-0,5;0,0;0,0;0,0;50,0;Подготовка;
20251210;04:34:29;-0,5;0,0;0,0;0,0;50,0;Подготовка;
20251210;04:34:34;-0,5;0,0;0,0;0,0;50,0;Подготовка;
20251210;04:34:39;-0,5;0,0;0,0;0,0;50,0;Подготовка;
20251210;04:34:44;-0,5;0,0;0,0;0,0;50,0;Подготовка;
20251210;04:34:49;-0,5;0,0;0,0;0,0;50,0;Подготовка;
20251210;04:34:54;-0,5;0,0;0,0;0,0;50,0;Подготовка;
20251210;04:34:59;-0,5;0,0;0,0;0,0;50,0;Подготовка;
20251210;04:35:04;-0,5;0,0;0,0;0,0;50,0;Подготовка;
20251210;04:35:09;-0,5;0,0;0,0;0,0;50,0;Подготовка;
20251210;04:35:14;-0,5;0,0;0,0;0,0;50,0;Подготовка;
20251210;04:35:19;-0,5;0,0;0,0;0,0;50,0;Подготовка;
20251210;04:35:24;-0,5;0,0;0,0;0,0;50,0;Подготовка;
20251210;04:35:29;-0,5;0,0;0,0;0,0;50,0;Подготовка;
20251210;04:35:34;-0,5;0,0;0,0;0,0;50,0;Подготовка;
Предприятие;
Объект;
Вид оборудования;
Дисп. наименование;
Тип;
Зав. номер;
Сер. номер;
Год выпуска;
Год ввода в эксплуатацию;
Дата отбора пробы;
Марка пробы;
Температура пробы;
DATE ;TIME ;TS_TEMP ;PROB_TEMP ;PROB_OTN_VL ;PROBE_VlAGOSOD ;SP ;STATUS ; 
20251210;04:35:51;-0,39;0,0;0,0;0,0;50,0;Включение;
20251210;04:35:56;-0,49;0,0;0,0;0,0;50,0;Включение;
20251210;04:36:01;-0,49;0,0;0,0;0,0;50,0;Подготовка;
20251210;04:36:06;-0,49;0,0;0,0;0,0;50,0;Подготовка;
20251210;04:36:11;-0,49;0,0;0,0;0,0;50,0;Подготовка;
20251210;04:36:16;-0,49;0,0;0,0;0,0;50,0;Подготовка;
20251210;04:36:21;-0,5;0,0;0,0;0,0;50,0;Подготовка;
20251210;04:36:26;-0,5;0,0;0,0;0,0;50,0;Подготовка;
20251210;04:36:31;-0,5;0,0;0,0;0,0;50,0;Подготовка;
20251210;04:36:36;-0,5;0,0;0,0;0,0;50,0;Подготовка;
20251210;04:36:41;-0,5;0,0;0,0;0,0;50,0;Подготовка;
20251210;04:36:47;-0,5;0,0;0,0;0,0;50,0;Подготовка;
20251210;04:36:52;-0,5;0,0;0,0;0,0;50,0;Подготовка;
20251210;04:36:57;-0,5;0,0;0,0;0,0;50,0;Подготовка;
20251210;04:37:02;-0,5;0,0;0,0;0,0;50,0;Подготовка;
20251210;04:37:07;-0,5;0,0;0,0;0,0;50,0;Подготовка;
20251210;04:37:12;-0,5;0,0;0,0;0,0;50,0;Подготовка;
20251210;04:37:17;-0,5;0,0;0,0;0,0;50,0;Подготовка;
20251210;04:37:22;-0,5;0,0;0,0;0,0;50,0;Подготовка;
20251210;04:37:27;-0,5;0,0;0,0;0,0;50,0;Подготовка;
20251210;04:37:32;-0,5;0,0;0,0;0,0;50,0;Подготовка;
20251210;04:37:37;-0,5;0,0;0,0;0,0;50,0;Подготовка;
20251210;04:37:42;-0,5;0,0;0,0;0,0;50,0;Подготовка;
20251210;04:37:47;-0,5;0,0;0,0;0,0;50,0;Подготовка;
20251210;04:37:52;-0,5;0,0;0,0;0,0;50,0;Подготовка;
20251210;04:37:57;-0,5;0,0;0,0;0,0;50,0;Подготовка;
20251210;04:38:02;-0,5;0,0;0,0;0,0;50,0;Подготовка;
20251210;04:38:07;-0,5;0,0;0,0;0,0;50,0;Подготовка;
20251210;04:38:12;-0,5;0,0;0,0;0,0;50,0;Подготовка;
20251210;04:38:17;-0,5;0,0;0,0;0,0;50,0;Подготовка;
20251210;04:38:22;-0,5;0,0;0,0;0,0;50,0;Подготовка;
20251210;04:38:27;-0,5;0,0;0,0;0,0;50,0;Подготовка;
20251210;04:38:32;-0,5;0,0;0,0;0,0;50,0;Подготовка;
20251210;04:38:37;-0,5;0,0;0,0;0,0;50,0;Подготовка;
20251210;04:38:42;-0,5;0,0;0,0;0,0;50,0;Подготовка;
20251210;04:38:47;-0,5;0,0;0,0;0,0;50,0;Подготовка;
20251210;04:38:53;-0,5;0,0;0,0;0,0;50,0;Подготовка;
20251210;04:38:58;-0,5;0,0;0,0;0,0;50,0;Подготовка;
20251210;04:39:03;-0,5;0,0;0,0;0,0;50,0;Подготовка;
20251210;04:39:08;-0,5;0,0;0,0;0,0;50,0;Подготовка;
20251210;04:39:13;-0,5;0,0;0,0;0,0;50,0;Подготовка;
20251210;04:39:18;-0,5;0,0;0,0;0,0;50,0;Подготовка;
20251210;04:39:23;-0,5;0,0;0,0;0,0;50,0;Подготовка;
20251210;04:39:28;-0,5;0,0;0,0;0,0;50,0;Подготовка;
20251210;04:39:33;-0,5;0,0;0,0;0,0;50,0;Подготовка;
20251210;04:39:38;-0,5;0,0;0,0;0,0;50,0;Подготовка;
20251210;04:39:43;-0,5;0,0;0,0;0,0;50,0;Подготовка;
20251210;04:39:48;-0,5;0,0;0,0;0,0;50,0;Подготовка;
20251210;04:39:53;-0,5;0,0;0,0;0,0;50,0;Подготовка;
20251210;04:39:58;-0,5;0,0;0,0;0,0;50,0;Подготовка;
20251210;04:40:03;-0,5;0,0;0,0;0,0;50,0;Подготовка;
20251210;04:40:08;-0,5;0,0;0,0;0,0;50,0;Подготовка;
20251210;04:40:13;-0,5;0,0;0,0;0,0;50,0;Подготовка;
20251210;04:40:18;-0,5;0,0;0,0;0,0;50,0;Подготовка;
20251210;04:40:23;-0,5;0,0;0,0;0,0;50,0;Подготовка;
20251210;04:40:28;-0,5;0,0;0,0;0,0;50,0;Подготовка;
20251210;04:40:33;-0,5;0,0;0,0;0,0;50,0;Подготовка;
20251210;04:40:38;-0,5;0,0;0,0;0,0;50,0;Подготовка;
20251210;04:40:43;-0,5;0,0;0,0;0,0;50,0;Подготовка;
20251210;04:40:48;-0,5;0,0;0,0;0,0;50,0;Подготовка;
20251210;04:40:53;-0,5;0,0;0,0;0,0;50,0;Подготовка;
20251210;04:40:59;-0,5;0,0;0,0;0,0;50,0;Подготовка;
20251210;04:41:04;-0,5;0,0;0,0;0,0;50,0;Подготовка;
20251210;04:41:09;-0,5;0,0;0,0;0,0;50,0;Подготовка;
20251210;04:41:14;-0,5;0,0;0,0;0,0;50,0;Подготовка;
20251210;04:41:19;-0,5;0,0;0,0;0,0;50,0;Подготовка;
20251210;04:41:24;-0,5;0,0;0,0;0,0;50,0;Подготовка;
20251210;04:41:29;-0,5;0,0;0,0;0,0;50,0;Подготовка;
20251210;04:41:34;-0,5;0,0;0,0;0,0;50,0;Подготовка;
20251210;04:41:39;-0,5;0,0;0,0;0,0;50,0;Подготовка;
20251210;04:41:44;-0,5;0,0;0,0;0,0;50,0;Подготовка;
20251210;04:41:49;-0,5;0,0;0,0;0,0;50,0;Подготовка;
20251210;04:41:54;-0,5;0,0;0,0;0,0;50,0;Подготовка;
20251210;04:41:59;-0,5;0,0;0,0;0,0;50,0;Подготовка;
20251210;04:42:04;-0,5;0,0;0,0;0,0;50,0;Подготовка;
20251210;04:42:09;-0,5;0,0;0,0;0,0;50,0;Подготовка;
20251210;04:42:14;-0,5;0,0;0,0;0,0;50,0;Подготовка;
20251210;04:42:19;-0,5;0,0;0,0;0,0;50,0;Подготовка;
20251210;04:42:24;-0,5;0,0;0,0;0,0;50,0;Подготовка;
20251210;04:42:29;-0,5;0,0;0,0;0,0;50,0;Подготовка;
20251210;04:42:34;-0,5;0,0;0,0;0,0;50,0;Подготовка;
20251210;04:42:39;-0,5;0,0;0,0;0,0;50,0;Подготовка;
20251210;04:42:44;-0,5;0,0;0,0;0,0;50,0;Подготовка;
20251210;04:42:49;-0,5;0,0;0,0;0,0;50,0;Подготовка;
20251210;04:42:54;-0,5;0,0;0,0;0,0;50,0;Подготовка;
20251210;04:42:59;-0,5;0,0;0,0;0,0;50,0;Подготовка;
20251210;04:43:05;-0,5;0,0;0,0;0,0;50,0;Подготовка;
20251210;04:43:10;-0,5;0,0;0,0;0,0;50,0;Подготовка;
20251210;04:43:15;-0,5;0,0;0,0;0,0;50,0;Подготовка;
20251210;04:43:20;-0,5;0,0;0,0;0,0;50,0;Подготовка;
20251210;04:43:25;-0,5;0,0;0,0;0,0;50,0;Подготовка;
20251210;04:43:30;-0,5;0,0;0,0;0,0;50,0;Подготовка;
20251210;04:43:35;-0,5;0,0;0,0;0,0;50,0;Подготовка;
20251210;04:43:40;-0,5;0,0;0,0;0,0;50,0;Подготовка;
20251210;04:43:45;-0,5;0,0;0,0;0,0;50,0;Подготовка;
20251210;04:43:50;-0,5;0,0;0,0;0,0;50,0;Подготовка;
20251210;04:43:55;-0,5;0,0;0,0;0,0;50,0;Подготовка;
20251210;04:44:00;-0,5;0,0;0,0;0,0;50,0;Подготовка;
20251210;04:44:05;-0,5;0,0;0,0;0,0;50,0;Подготовка;
20251210;04:44:10;-0,5;0,0;0,0;0,0;50,0;Подготовка;
20251210;04:44:15;-0,5;0,0;0,0;0,0;50,0;Подготовка;
20251210;04:44:20;-0,5;0,0;0,0;0,0;50,0;Подготовка;
20251210;04:44:25;-0,5;0,0;0,0;0,0;50,0;Подготовка;
20251210;04:44:30;-0,5;0,0;0,0;0,0;50,0;Подготовка;
20251210;04:44:35;-0,5;0,0;0,0;0,0;50,0;Подготовка;
20251210;04:44:40;-0,5;0,0;0,0;0,0;50,0;Подготовка;
20251210;04:44:45;-0,5;0,0;0,0;0,0;50,0;Подготовка;
20251210;04:44:50;-0,5;0,0;0,0;0,0;50,0;Подготовка;
20251210;04:44:55;-0,5;0,0;0,0;0,0;50,0;Подготовка;
20251210;04:45:00;-0,5;0,0;0,0;0,0;50,0;Подготовка;
20251210;04:45:05;-0,5;0,0;0,0;0,0;50,0;Подготовка;
20251210;04:45:11;-0,5;0,0;0,0;0,0;50,0;Подготовка;
20251210;04:45:16;-0,5;0,0;0,0;0,0;50,0;Подготовка;
20251210;04:45:21;-0,5;0,0;0,0;0,0;50,0;Подготовка;
20251210;04:45:26;-0,5;0,0;0,0;0,0;50,0;Подготовка;
20251210;04:45:31;-0,5;0,0;0,0;0,0;50,0;Подготовка;
20251210;04:45:36;-0,5;0,0;0,0;0,0;50,0;Подготовка;
20251210;04:45:41;-0,5;0,0;0,0;0,0;50,0;Подготовка;
20251210;04:45:46;-0,5;0,0;0,0;0,0;50,0;Подготовка;
20251210;04:45:51;-0,5;0,0;0,0;0,0;50,0;Подготовка;
20251210;04:45:56;-0,5;0,0;0,0;0,0;50,0;Подготовка;
20251210;04:46:01;-0,5;0,0;0,0;0,0;50,0;Подготовка;
20251210;04:46:06;-0,5;0,0;0,0;0,0;50,0;Подготовка;
20251210;04:46:11;-0,5;0,0;0,0;0,0;50,0;Подготовка;
20251210;04:46:16;-0,5;0,0;0,0;0,0;50,0;Подготовка;
20251210;04:46:21;-0,5;0,0;0,0;0,0;50,0;Подготовка;
20251210;04:46:26;-0,5;0,0;0,0;0,0;50,0;Подготовка;
20251210;04:46:31;-0,5;0,0;0,0;0,0;50,0;Подготовка;
20251210;04:46:36;-0,5;0,0;0,0;0,0;50,0;Подготовка;
20251210;04:46:41;-0,5;0,0;0,0;0,0;50,0;Подготовка;
20251210;04:46:46;-0,5;0,0;0,0;0,0;50,0;Подготовка;
20251210;04:46:51;-0,5;0,0;0,0;0,0;50,0;Подготовка;
20251210;04:46:56;-0,5;0,0;0,0;0,0;50,0;Подготовка;
20251210;04:47:01;-0,5;0,0;0,0;0,0;50,0;Подготовка;
20251210;04:47:06;-0,5;0,0;0,0;0,0;50,0;Подготовка;
20251210;04:47:11;-0,5;0,0;0,0;0,0;50,0;Подготовка;
20251210;04:47:17;-0,5;0,0;0,0;0,0;50,0;Подготовка;
20251210;04:47:22;-0,5;0,0;0,0;0,0;50,0;Подготовка;
20251210;04:47:27;-0,5;0,0;0,0;0,0;50,0;Подготовка;
20251210;04:47:32;-0,5;0,0;0,0;0,0;50,0;Подготовка;
20251210;04:47:37;-0,5;0,0;0,0;0,0;50,0;Подготовка;
20251210;04:47:42;-0,5;0,0;0,0;0,0;50,0;Подготовка;
20251210;04:47:47;-0,5;0,0;0,0;0,0;50,0;Подготовка;
20251210;04:47:52;-0,5;0,0;0,0;0,0;50,0;Подготовка;
20251210;04:47:57;-0,5;0,0;0,0;0,0;50,0;Подготовка;
20251210;04:48:02;-0,5;0,0;0,0;0,0;50,0;Подготовка;
20251210;04:48:07;-0,5;0,0;0,0;0,0;50,0;Подготовка;
20251210;04:48:12;-0,5;0,0;0,0;0,0;50,0;Подготовка;
20251210;04:48:17;-0,5;0,0;0,0;0,0;50,0;Подготовка;
20251210;04:48:22;-0,5;0,0;0,0;0,0;50,0;Подготовка;
20251210;04:48:27;-0,5;0,0;0,0;0,0;50,0;Подготовка;
20251210;04:48:32;-0,5;0,0;0,0;0,0;50,0;Подготовка;
20251210;04:48:37;-0,5;0,0;0,0;0,0;50,0;Подготовка;
20251210;04:48:42;-0,5;0,0;0,0;0,0;50,0;Подготовка;
20251210;04:48:47;-0,5;0,0;0,0;0,0;50,0;Подготовка;
20251210;04:48:52;-0,5;0,0;0,0;0,0;50,0;Подготовка;
20251210;04:48:57;-0,5;0,0;0,0;0,0;50,0;Подготовка;
20251210;04:49:02;-0,5;0,0;0,0;0,0;50,0;Подготовка;
20251210;04:49:07;-0,5;0,0;0,0;0,0;50,0;Подготовка;
20251210;04:49:12;-0,5;0,0;0,0;0,0;50,0;Подготовка;
20251210;04:49:17;-0,5;0,0;0,0;0,0;50,0;Подготовка;
20251210;04:49:23;-0,5;0,0;0,0;0,0;50,0;Подготовка;
20251210;04:49:28;-0,5;0,0;0,0;0,0;50,0;Подготовка;
20251210;04:49:33;-0,5;0,0;0,0;0,0;50,0;Подготовка;
20251210;04:49:38;-0,5;0,0;0,0;0,0;50,0;Подготовка;
20251210;04:49:43;-0,5;0,0;0,0;0,0;50,0;Подготовка;
20251210;04:49:48;-0,5;0,0;0,0;0,0;50,0;Подготовка;
20251210;04:49:53;-0,5;0,0;0,0;0,0;50,0;Подготовка;
20251210;04:49:58;-0,5;0,0;0,0;0,0;50,0;Подготовка;
20251210;04:50:03;-0,5;0,0;0,0;0,0;50,0;Подготовка;
20251210;04:50:08;-0,5;0,0;0,0;0,0;50,0;Подготовка;
20251210;04:50:13;-0,5;0,0;0,0;0,0;50,0;Подготовка;
20251210;04:50:18;-0,5;0,0;0,0;0,0;50,0;Подготовка;
20251210;04:50:23;-0,5;0,0;0,0;0,0;50,0;Подготовка;
20251210;04:50:28;-0,5;0,0;0,0;0,0;50,0;Подготовка;
20251210;04:50:33;-0,5;0,0;0,0;0,0;50,0;Подготовка;
20251210;04:50:38;-0,5;0,0;0,0;0,0;50,0;Подготовка;
20251210;04:50:43;-0,5;0,0;0,0;0,0;50,0;Подготовка;
20251210;04:50:48;-0,5;0,0;0,0;0,0;50,0;Подготовка;
20251210;04:50:53;-0,5;0,0;0,0;0,0;50,0;Подготовка;
20251210;04:50:58;-0,5;0,0;0,0;0,0;50,0;Подготовка;
20251210;04:51:03;-0,5;0,0;0,0;0,0;50,0;Подготовка;
20251210;04:51:08;-0,5;0,0;0,0;0,0;50,0;Подготовка;
20251210;04:51:13;-0,5;0,0;0,0;0,0;50,0;Подготовка;
20251210;04:51:18;-0,5;0,0;0,0;0,0;50,0;Подготовка;
20251210;04:51:23;-0,5;0,0;0,0;0,0;50,0;Подготовка;
20251210;04:51:29;-0,5;0,0;0,0;0,0;50,0;Подготовка;
20251210;04:51:34;-0,5;0,0;0,0;0,0;50,0;Подготовка;
20251210;04:51:39;-0,5;0,0;0,0;0,0;50,0;Подготовка;
20251210;04:51:44;-0,5;0,0;0,0;0,0;50,0;Подготовка;
20251210;04:51:49;-0,5;0,0;0,0;0,0;50,0;Подготовка;
20251210;04:51:54;-0,5;0,0;0,0;0,0;50,0;Подготовка;
20251210;04:51:59;-0,5;0,0;0,0;0,0;50,0;Подготовка;
20251210;04:52:04;-0,5;0,0;0,0;0,0;50,0;Подготовка;
20251210;04:52:09;-0,5;0,0;0,0;0,0;50,0;Подготовка;
20251210;04:52:14;-0,5;0,0;0,0;0,0;50,0;Подготовка;
20251210;04:52:19;-0,5;0,0;0,0;0,0;50,0;Подготовка;
20251210;04:52:24;-0,5;0,0;0,0;0,0;50,0;Подготовка;
20251210;04:52:29;-0,5;0,0;0,0;0,0;50,0;Подготовка;
20251210;04:52:34;-0,5;0,0;0,0;0,0;50,0;Подготовка;
20251210;04:52:39;-0,5;0,0;0,0;0,0;50,0;Подготовка;
20251210;04:52:44;-0,5;0,0;0,0;0,0;50,0;Подготовка;
20251210;04:52:49;-0,5;0,0;0,0;0,0;50,0;Подготовка;
20251210;04:52:54;-0,5;0,0;0,0;0,0;50,0;Подготовка;
20251210;04:52:59;-0,5;0,0;0,0;0,0;50,0;Подготовка;
20251210;04:53:04;-0,5;0,0;0,0;0,0;50,0;Подготовка;
20251210;04:53:09;-0,5;0,0;0,0;0,0;50,0;Подготовка;
20251210;04:53:14;-0,5;0,0;0,0;0,0;50,0;Подготовка;
20251210;04:53:19;-0,5;0,0;0,0;0,0;50,0;Подготовка;
20251210;04:53:24;-0,5;0,0;0,0;0,0;50,0;Подготовка;
20251210;04:53:29;-0,5;0,0;0,0;0,0;50,0;Подготовка;
20251210;04:53:35;-0,5;0,0;0,0;0,0;50,0;Подготовка;
20251210;04:53:40;-0,5;0,0;0,0;0,0;50,0;Подготовка;
20251210;04:53:45;-0,5;0,0;0,0;0,0;50,0;Подготовка;
20251210;04:53:50;-0,5;0,0;0,0;0,0;50,0;Подготовка;
20251210;04:53:55;-0,5;0,0;0,0;0,0;50,0;Подготовка;
20251210;04:54:00;-0,5;0,0;0,0;0,0;50,0;Подготовка;
20251210;04:54:05;-0,5;0,0;0,0;0,0;50,0;Подготовка;
20251210;04:54:10;-0,5;0,0;0,0;0,0;50,0;Подготовка;
20251210;04:54:15;-0,5;0,0;0,0;0,0;50,0;Подготовка;
20251210;04:54:20;-0,5;0,0;0,0;0,0;50,0;Подготовка;
20251210;04:54:25;-0,5;0,0;0,0;0,0;50,0;Подготовка;
20251210;04:54:30;-0,5;0,0;0,0;0,0;50,0;Подготовка;
20251210;04:54:35;-0,5;0,0;0,0;0,0;50,0;Подготовка;
20251210;04:54:40;-0,5;0,0;0,0;0,0;50,0;Подготовка;
20251210;04:54:45;-0,5;0,0;0,0;0,0;50,0;Подготовка;
20251210;04:54:50;-0,5;0,0;0,0;0,0;50,0;Подготовка;
20251210;04:54:55;-0,5;0,0;0,0;0,0;50,0;Подготовка;
20251210;04:55:00;-0,5;0,0;0,0;0,0;50,0;Подготовка;
20251210;04:55:05;-0,5;0,0;0,0;0,0;50,0;Подготовка;
20251210;04:55:10;-0,5;0,0;0,0;0,0;50,0;Подготовка;
20251210;04:55:15;-0,5;0,0;0,0;0,0;50,0;Подготовка;
20251210;04:55:20;-0,5;0,0;0,0;0,0;50,0;Подготовка;
20251210;04:55:25;-0,5;0,0;0,0;0,0;50,0;Подготовка;
20251210;04:55:30;-0,5;0,0;0,0;0,0;50,0;Подготовка;
20251210;04:55:35;-0,5;0,0;0,0;0,0;50,0;Подготовка;
20251210;04:55:41;-0,5;0,0;0,0;0,0;50,0;Подготовка;
20251210;04:55:46;-0,5;0,0;0,0;0,0;50,0;Подготовка;
20251210;04:55:51;-0,5;0,0;0,0;0,0;50,0;Подготовка;
20251210;04:55:56;-0,5;0,0;0,0;0,0;50,0;Подготовка;
20251210;04:56:01;-0,5;0,0;0,0;0,0;50,0;Подготовка;
20251210;04:56:06;-0,5;0,0;0,0;0,0;50,0;Подготовка;
20251210;04:56:11;-0,5;0,0;0,0;0,0;50,0;Подготовка;
20251210;04:56:16;-0,5;0,0;0,0;0,0;50,0;Подготовка;
20251210;04:56:21;-0,5;0,0;0,0;0,0;50,0;Подготовка;
20251210;04:56:26;-0,5;0,0;0,0;0,0;50,0;Подготовка;
20251210;04:56:31;-0,5;0,0;0,0;0,0;50,0;Подготовка;
20251210;04:56:36;-0,5;0,0;0,0;0,0;50,0;Подготовка;
20251210;04:56:41;-0,5;0,0;0,0;0,0;50,0;Подготовка;
20251210;04:56:46;-0,5;0,0;0,0;0,0;50,0;Подготовка;
20251210;04:56:51;-0,5;0,0;0,0;0,0;50,0;Подготовка;
20251210;04:56:56;-0,5;0,0;0,0;0,0;50,0;Подготовка;
20251210;04:57:01;-0,5;0,0;0,0;0,0;50,0;Подготовка;
20251210;04:57:06;-0,5;0,0;0,0;0,0;50,0;Подготовка;
20251210;04:57:11;-0,5;0,0;0,0;0,0;50,0;Подготовка;
20251210;04:57:16;-0,5;0,0;0,0;0,0;50,0;Подготовка;
20251210;04:57:21;-0,5;0,0;0,0;0,0;50,0;Подготовка;
20251210;04:57:26;-0,5;0,0;0,0;0,0;50,0;Подготовка;
20251210;04:57:31;-0,5;0,0;0,0;0,0;50,0;Подготовка;
20251210;04:57:36;-0,5;0,0;0,0;0,0;50,0;Подготовка;
20251210;04:57:41;-0,5;0,0;0,0;0,0;50,0;Подготовка;
20251210;04:57:47;-0,5;0,0;0,0;0,0;50,0;Подготовка;
20251210;04:57:52;-0,5;0,0;0,0;0,0;50,0;Подготовка;
20251210;04:57:57;-0,5;0,0;0,0;0,0;50,0;Подготовка;
20251210;04:58:02;-0,5;0,0;0,0;0,0;50,0;Подготовка;
20251210;04:58:07;-0,5;0,0;0,0;0,0;50,0;Подготовка;
20251210;04:58:12;-0,5;0,0;0,0;0,0;50,0;Подготовка;
20251210;04:58:17;-0,5;0,0;0,0;0,0;50,0;Подготовка;
20251210;04:58:22;-0,5;0,0;0,0;0,0;50,0;Подготовка;
20251210;04:58:27;-0,5;0,0;0,0;0,0;50,0;Подготовка;
20251210;04:58:32;-0,5;0,0;0,0;0,0;50,0;Подготовка;
20251210;04:58:37;-0,5;0,0;0,0;0,0;50,0;Подготовка;
20251210;04:58:42;-0,5;0,0;0,0;0,0;50,0;Подготовка;
20251210;04:58:47;-0,5;0,0;0,0;0,0;50,0;Подготовка;
20251210;04:58:52;-0,5;0,0;0,0;0,0;50,0;Подготовка;
20251210;04:58:57;-0,5;0,0;0,0;0,0;50,0;Подготовка;
20251210;04:59:02;-0,5;0,0;0,0;0,0;50,0;Подготовка;
20251210;04:59:07;-0,5;0,0;0,0;0,0;50,0;Подготовка;
20251210;04:59:12;-0,5;0,0;0,0;0,0;50,0;Подготовка;
20251210;04:59:17;-0,5;0,0;0,0;0,0;50,0;Подготовка;
20251210;04:59:22;-0,5;0,0;0,0;0,0;50,0;Подготовка;
20251210;04:59:27;-0,5;0,0;0,0;0,0;50,0;Подготовка;
20251210;04:59:32;-0,5;0,0;0,0;0,0;50,0;Подготовка;
20251210;04:59:37;-0,5;0,0;0,0;0,0;50,0;Подготовка;
20251210;04:59:42;-0,5;0,0;0,0;0,0;50,0;Подготовка;
20251210;04:59:48;-0,5;0,0;0,0;0,0;50,0;Подготовка;
20251210;04:59:53;-0,5;0,0;0,0;0,0;50,0;Подготовка;
20251210;04:59:58;-0,5;0,0;0,0;0,0;50,0;Подготовка;
20251210;05:00:03;-0,5;0,0;0,0;0,0;50,0;Подготовка;
20251210;05:00:08;-0,5;0,0;0,0;0,0;50,0;Подготовка;
20251210;05:00:13;-0,5;0,0;0,0;0,0;50,0;Подготовка;
20251210;05:00:18;-0,5;0,0;0,0;0,0;50,0;Подготовка;
20251210;05:00:23;-0,5;0,0;0,0;0,0;50,0;Подготовка;
20251210;05:00:28;-0,5;0,0;0,0;0,0;50,0;Подготовка;
20251210;05:00:33;-0,5;0,0;0,0;0,0;50,0;Подготовка;
20251210;05:00:38;-0,5;0,0;0,0;0,0;50,0;Подготовка;
20251210;05:00:43;-0,5;0,0;0,0;0,0;50,0;Подготовка;
20251210;05:00:48;-0,5;0,0;0,0;0,0;50,0;Подготовка;
20251210;05:00:53;-0,5;0,0;0,0;0,0;50,0;Подготовка;
20251210;05:00:58;-0,5;0,0;0,0;0,0;50,0;Подготовка;
20251210;05:01:03;-0,5;0,0;0,0;0,0;50,0;Подготовка;
20251210;05:01:08;-0,5;0,0;0,0;0,0;50,0;Подготовка;
20251210;05:01:13;-0,5;0,0;0,0;0,0;50,0;Подготовка;
20251210;05:01:18;-0,5;0,0;0,0;0,0;50,0;Подготовка;
20251210;05:01:23;-0,5;0,0;0,0;0,0;50,0;Подготовка;
20251210;05:01:28;-0,5;0,0;0,0;0,0;50,0;Подготовка;
20251210;05:01:33;-0,5;0,0;0,0;0,0;50,0;Подготовка;
20251210;05:01:38;-0,5;0,0;0,0;0,0;50,0;Подготовка;
20251210;05:01:43;-0,5;0,0;0,0;0,0;50,0;Подготовка;
20251210;05:01:48;-0,5;0,0;0,0;0,0;50,0;Подготовка;
20251210;05:01:54;-0,5;0,0;0,0;0,0;50,0;Подготовка;
20251210;05:01:59;-0,5;0,0;0,0;0,0;50,0;Подготовка;
20251210;05:02:04;-0,5;0,0;0,0;0,0;50,0;Подготовка;
20251210;05:02:09;-0,5;0,0;0,0;0,0;50,0;Подготовка;
20251210;05:02:14;-0,5;0,0;0,0;0,0;50,0;Подготовка;
20251210;05:02:19;-0,5;0,0;0,0;0,0;50,0;Подготовка;
20251210;05:02:24;-0,5;0,0;0,0;0,0;50,0;Подготовка;
20251210;05:02:29;-0,5;0,0;0,0;0,0;50,0;Подготовка;
20251210;05:02:34;-0,5;0,0;0,0;0,0;50,0;Подготовка;
20251210;05:02:39;-0,5;0,0;0,0;0,0;50,0;Подготовка;
20251210;05:02:44;-0,5;0,0;0,0;0,0;50,0;Подготовка;
20251210;05:02:49;-0,5;0,0;0,0;0,0;50,0;Подготовка;
20251210;05:02:54;-0,5;0,0;0,0;0,0;50,0;Подготовка;
20251210;05:02:59;-0,5;0,0;0,0;0,0;50,0;Подготовка;
20251210;05:03:04;-0,5;0,0;0,0;0,0;50,0;Подготовка;
20251210;05:03:09;-0,5;0,0;0,0;0,0;50,0;Подготовка;
20251210;05:03:14;-0,5;0,0;0,0;0,0;50,0;Подготовка;
20251210;05:03:19;-0,5;0,0;0,0;0,0;50,0;Подготовка;
20251210;05:03:24;-0,5;0,0;0,0;0,0;50,0;Подготовка;
20251210;05:03:29;-0,5;0,0;0,0;0,0;50,0;Подготовка;
20251210;05:03:34;-0,5;0,0;0,0;0,0;50,0;Подготовка;
20251210;05:03:39;-0,5;0,0;0,0;0,0;50,0;Подготовка;
20251210;05:03:44;-0,5;0,0;0,0;0,0;50,0;Подготовка;
20251210;05:03:49;-0,5;0,0;0,0;0,0;50,0;Подготовка;
20251210;05:03:54;-0,5;0,0;0,0;0,0;50,0;Подготовка;
20251210;05:04:00;-0,5;0,0;0,0;0,0;50,0;Подготовка;
20251210;05:04:05;-0,5;0,0;0,0;0,0;50,0;Подготовка;
20251210;05:04:10;-0,5;0,0;0,0;0,0;50,0;Подготовка;
20251210;05:04:15;-0,5;0,0;0,0;0,0;50,0;Подготовка;
20251210;05:04:20;-0,5;0,0;0,0;0,0;50,0;Подготовка;
20251210;05:04:25;-0,5;0,0;0,0;0,0;50,0;Подготовка;
20251210;05:04:30;-0,5;0,0;0,0;0,0;50,0;Подготовка;
20251210;05:04:35;-0,5;0,0;0,0;0,0;50,0;Подготовка;
20251210;05:04:40;-0,5;0,0;0,0;0,0;50,0;Подготовка;
20251210;05:04:45;-0,5;0,0;0,0;0,0;50,0;Подготовка;
20251210;05:04:50;-0,5;0,0;0,0;0,0;50,0;Подготовка;
20251210;05:04:55;-0,5;0,0;0,0;0,0;50,0;Подготовка;
20251210;05:05:00;-0,5;0,0;0,0;0,0;50,0;Подготовка;
20251210;05:05:05;-0,5;0,0;0,0;0,0;50,0;Подготовка;
20251210;05:05:10;-0,5;0,0;0,0;0,0;50,0;Подготовка;
20251210;05:05:15;-0,5;0,0;0,0;0,0;50,0;Подготовка;
20251210;05:05:20;-0,5;0,0;0,0;0,0;50,0;Подготовка;
20251210;05:05:25;-0,5;0,0;0,0;0,0;50,0;Подготовка;
20251210;05:05:30;-0,5;0,0;0,0;0,0;50,0;Подготовка;
20251210;05:05:35;-0,5;0,0;0,0;0,0;50,0;Подготовка;
20251210;05:05:40;-0,5;0,0;0,0;0,0;50,0;Подготовка;
20251210;05:05:45;-0,5;0,0;0,0;0,0;50,0;Подготовка;
20251210;05:05:50;-0,5;0,0;0,0;0,0;50,0;Подготовка;
20251210;05:05:55;-0,5;0,0;0,0;0,0;50,0;Подготовка;
20251210;05:06:00;-0,5;0,0;0,0;0,0;50,0;Подготовка;
20251210;05:06:06;-0,5;0,0;0,0;0,0;50,0;Подготовка;
20251210;05:06:11;-0,5;0,0;0,0;0,0;50,0;Подготовка;
20251210;05:06:16;-0,5;0,0;0,0;0,0;50,0;Подготовка;
20251210;05:06:21;-0,5;0,0;0,0;0,0;50,0;Подготовка;
20251210;05:06:26;-0,5;0,0;0,0;0,0;50,0;Подготовка;
20251210;05:06:31;-0,5;0,0;0,0;0,0;50,0;Подготовка;
20251210;05:06:36;-0,5;0,0;0,0;0,0;50,0;Подготовка;
20251210;05:06:41;-0,5;0,0;0,0;0,0;50,0;Подготовка;
20251210;05:06:46;-0,5;0,0;0,0;0,0;50,0;Подготовка;
20251210;05:06:51;-0,5;0,0;0,0;0,0;50,0;Подготовка;
20251210;05:06:56;-0,5;0,0;0,0;0,0;50,0;Подготовка;
20251210;05:07:01;-0,5;0,0;0,0;0,0;50,0;Подготовка;
20251210;05:07:06;-0,5;0,0;0,0;0,0;50,0;Подготовка;
20251210;05:07:11;-0,5;0,0;0,0;0,0;50,0;Подготовка;
20251210;05:07:16;-0,5;0,0;0,0;0,0;50,0;Подготовка;
20251210;05:07:21;-0,5;0,0;0,0;0,0;50,0;Подготовка;
20251210;05:07:26;-0,5;0,0;0,0;0,0;50,0;Подготовка;
20251210;05:07:31;-0,5;0,0;0,0;0,0;50,0;Подготовка;
20251210;05:07:36;-0,5;0,0;0,0;0,0;50,0;Подготовка;
20251210;05:07:41;-0,5;0,0;0,0;0,0;50,0;Подготовка;
20251210;05:07:46;-0,5;0,0;0,0;0,0;50,0;Подготовка;
20251210;05:07:51;-0,5;0,0;0,0;0,0;50,0;Подготовка;
20251210;05:07:56;-0,5;0,0;0,0;0,0;50,0;Подготовка;
20251210;05:08:01;-0,5;0,0;0,0;0,0;50,0;Подготовка;
20251210;05:08:06;-0,5;0,0;0,0;0,0;50,0;Подготовка;
20251210;05:08:12;-0,5;0,0;0,0;0,0;50,0;Подготовка;
20251210;05:08:17;-0,5;0,0;0,0;0,0;50,0;Подготовка;
20251210;05:08:22;-0,5;0,0;0,0;0,0;50,0;Подготовка;
20251210;05:08:27;-0,5;0,0;0,0;0,0;50,0;Подготовка;
20251210;05:08:32;-0,5;0,0;0,0;0,0;50,0;Подготовка;
20251210;05:08:37;-0,5;0,0;0,0;0,0;50,0;Подготовка;
20251210;05:08:42;-0,5;0,0;0,0;0,0;50,0;Подготовка;
20251210;05:08:47;-0,5;0,0;0,0;0,0;50,0;Подготовка;
20251210;05:08:52;-0,5;0,0;0,0;0,0;50,0;Подготовка;
20251210;05:08:57;-0,5;0,0;0,0;0,0;50,0;Подготовка;
20251210;05:09:02;-0,5;0,0;0,0;0,0;50,0;Подготовка;
20251210;05:09:07;-0,5;0,0;0,0;0,0;50,0;Подготовка;
20251210;05:09:12;-0,5;0,0;0,0;0,0;50,0;Подготовка;
20251210;05:09:17;-0,5;0,0;0,0;0,0;50,0;Подготовка;
20251210;05:09:22;-0,5;0,0;0,0;0,0;50,0;Подготовка;
20251210;05:09:27;-0,5;0,0;0,0;0,0;50,0;Подготовка;
20251210;05:09:32;-0,5;0,0;0,0;0,0;50,0;Подготовка;
20251210;05:09:37;-0,5;0,0;0,0;0,0;50,0;Подготовка;
20251210;05:09:42;-0,5;0,0;0,0;0,0;50,0;Подготовка;
20251210;05:09:47;-0,5;0,0;0,0;0,0;50,0;Подготовка;
20251210;05:09:52;-0,5;0,0;0,0;0,0;50,0;Подготовка;
20251210;05:09:57;-0,5;0,0;0,0;0,0;50,0;Подготовка;
20251210;05:10:02;-0,5;0,0;0,0;0,0;50,0;Подготовка;
20251210;05:10:07;-0,5;0,0;0,0;0,0;50,0;Подготовка;
20251210;05:10:12;-0,5;0,0;0,0;0,0;50,0;Подготовка;
20251210;05:10:18;-0,5;0,0;0,0;0,0;50,0;Подготовка;
20251210;05:10:23;-0,5;0,0;0,0;0,0;50,0;Подготовка;
20251210;05:10:28;-0,5;0,0;0,0;0,0;50,0;Подготовка;
20251210;05:10:33;-0,5;0,0;0,0;0,0;50,0;Подготовка;
20251210;05:10:38;-0,5;0,0;0,0;0,0;50,0;Подготовка;
20251210;05:10:43;-0,5;0,0;0,0;0,0;50,0;Подготовка;
20251210;05:10:48;-0,5;0,0;0,0;0,0;50,0;Подготовка;
20251210;05:10:53;-0,5;0,0;0,0;0,0;50,0;Подготовка;
20251210;05:10:58;-0,5;0,0;0,0;0,0;50,0;Подготовка;
20251210;05:11:03;-0,5;0,0;0,0;0,0;50,0;Подготовка;
20251210;05:11:08;-0,5;0,0;0,0;0,0;50,0;Подготовка;
20251210;05:11:13;-0,5;0,0;0,0;0,0;50,0;Подготовка;
20251210;05:11:18;-0,5;0,0;0,0;0,0;50,0;Подготовка;
20251210;05:11:23;-0,5;0,0;0,0;0,0;50,0;Подготовка;
20251210;05:11:28;-0,5;0,0;0,0;0,0;50,0;Подготовка;
20251210;05:11:33;-0,5;0,0;0,0;0,0;50,0;Подготовка;
20251210;05:11:38;-0,5;0,0;0,0;0,0;50,0;Подготовка;
20251210;05:11:43;-0,5;0,0;0,0;0,0;50,0;Подготовка;
20251210;05:11:48;-0,5;0,0;0,0;0,0;50,0;Подготовка;
20251210;05:11:53;-0,5;0,0;0,0;0,0;50,0;Подготовка;
20251210;05:11:58;-0,5;0,0;0,0;0,0;50,0;Подготовка;
20251210;05:12:03;-0,5;0,0;0,0;0,0;50,0;Подготовка;
20251210;05:12:08;-0,5;0,0;0,0;0,0;50,0;Подготовка;
20251210;05:12:13;-0,5;0,0;0,0;0,0;50,0;Подготовка;
20251210;05:12:18;-0,5;0,0;0,0;0,0;50,0;Подготовка;
20251210;05:12:24;-0,5;0,0;0,0;0,0;50,0;Подготовка;
20251210;05:12:29;-0,5;0,0;0,0;0,0;50,0;Подготовка;
20251210;05:12:34;-0,5;0,0;0,0;0,0;50,0;Подготовка;
20251210;05:12:39;-0,5;0,0;0,0;0,0;50,0;Подготовка;
20251210;05:12:44;-0,5;0,0;0,0;0,0;50,0;Подготовка;
20251210;05:12:49;-0,5;0,0;0,0;0,0;50,0;Подготовка;
20251210;05:12:54;-0,5;0,0;0,0;0,0;50,0;Подготовка;
20251210;05:12:59;-0,5;0,0;0,0;0,0;50,0;Подготовка;
20251210;05:13:04;-0,5;0,0;0,0;0,0;50,0;Подготовка;
20251210;05:13:09;-0,5;0,0;0,0;0,0;50,0;Подготовка;
20251210;05:13:14;-0,5;0,0;0,0;0,0;50,0;Подготовка;
20251210;05:13:19;-0,5;0,0;0,0;0,0;50,0;Подготовка;
20251210;05:13:24;-0,5;0,0;0,0;0,0;50,0;Подготовка;
20251210;05:13:29;-0,5;0,0;0,0;0,0;50,0;Подготовка;
20251210;05:13:34;-0,5;0,0;0,0;0,0;50,0;Подготовка;
20251210;05:13:39;-0,5;0,0;0,0;0,0;50,0;Подготовка;
20251210;05:13:44;-0,5;0,0;0,0;0,0;50,0;Подготовка;
20251210;05:13:49;-0,5;0,0;0,0;0,0;50,0;Подготовка;
20251210;05:13:54;-0,5;0,0;0,0;0,0;50,0;Подготовка;
20251210;05:13:59;-0,5;0,0;0,0;0,0;50,0;Подготовка;
20251210;05:14:04;-0,5;0,0;0,0;0,0;50,0;Подготовка;
20251210;05:14:09;-0,5;0,0;0,0;0,0;50,0;Подготовка;
20251210;05:14:14;-0,5;0,0;0,0;0,0;50,0;Подготовка;
20251210;05:14:19;-0,5;0,0;0,0;0,0;50,0;Подготовка;
20251210;05:14:24;-0,5;0,0;0,0;0,0;50,0;Подготовка;
20251210;05:14:30;-0,5;0,0;0,0;0,0;50,0;Подготовка;
20251210;05:14:35;-0,5;0,0;0,0;0,0;50,0;Подготовка;
20251210;05:14:40;-0,5;0,0;0,0;0,0;50,0;Подготовка;
20251210;05:14:45;-0,5;0,0;0,0;0,0;50,0;Подготовка;
20251210;05:14:50;-0,5;0,0;0,0;0,0;50,0;Подготовка;
20251210;05:14:55;-0,5;0,0;0,0;0,0;50,0;Подготовка;
20251210;05:15:00;-0,5;0,0;0,0;0,0;50,0;Подготовка;
20251210;05:15:05;-0,5;0,0;0,0;0,0;50,0;Подготовка;
20251210;05:15:10;-0,5;0,0;0,0;0,0;50,0;Подготовка;
20251210;05:15:15;-0,5;0,0;0,0;0,0;50,0;Подготовка;
20251210;05:15:20;-0,5;0,0;0,0;0,0;50,0;Подготовка;
20251210;05:15:25;-0,5;0,0;0,0;0,0;50,0;Подготовка;
20251210;05:15:30;-0,5;0,0;0,0;0,0;50,0;Подготовка;
20251210;05:15:35;-0,5;0,0;0,0;0,0;50,0;Подготовка;
20251210;05:15:40;-0,5;0,0;0,0;0,0;50,0;Подготовка;
20251210;05:15:45;-0,5;0,0;0,0;0,0;50,0;Подготовка;
20251210;05:15:50;-0,5;0,0;0,0;0,0;50,0;Подготовка;
20251210;05:15:55;-0,5;0,0;0,0;0,0;50,0;Подготовка;
20251210;05:16:00;-0,5;0,0;0,0;0,0;50,0;Подготовка;
20251210;05:16:05;-0,5;0,0;0,0;0,0;50,0;Подготовка;
20251210;05:16:10;-0,5;0,0;0,0;0,0;50,0;Подготовка;
20251210;05:16:15;-0,5;0,0;0,0;0,0;50,0;Подготовка;
20251210;05:16:20;-0,5;0,0;0,0;0,0;50,0;Подготовка;
20251210;05:16:25;-0,5;0,0;0,0;0,0;50,0;Подготовка;
20251210;05:16:30;-0,5;0,0;0,0;0,0;50,0;Подготовка;
20251210;05:16:36;-0,5;0,0;0,0;0,0;50,0;Подготовка;
20251210;05:16:41;-0,5;0,0;0,0;0,0;50,0;Подготовка;
20251210;05:16:46;-0,5;0,0;0,0;0,0;50,0;Подготовка;
20251210;05:16:51;-0,5;0,0;0,0;0,0;50,0;Подготовка;
20251210;05:16:56;-0,5;0,0;0,0;0,0;50,0;Подготовка;
20251210;05:17:01;-0,5;0,0;0,0;0,0;50,0;Подготовка;
20251210;05:17:06;-0,5;0,0;0,0;0,0;50,0;Подготовка;
20251210;05:17:11;-0,5;0,0;0,0;0,0;50,0;Подготовка;
20251210;05:17:16;-0,5;0,0;0,0;0,0;50,0;Подготовка;
20251210;05:17:21;-0,5;0,0;0,0;0,0;50,0;Подготовка;
20251210;05:17:26;-0,5;0,0;0,0;0,0;50,0;Подготовка;
20251210;05:17:31;-0,5;0,0;0,0;0,0;50,0;Подготовка;
20251210;05:17:36;-0,5;0,0;0,0;0,0;50,0;Подготовка;
20251210;05:17:41;-0,5;0,0;0,0;0,0;50,0;Подготовка;
20251210;05:17:46;-0,5;0,0;0,0;0,0;50,0;Подготовка;
20251210;05:17:51;-0,5;0,0;0,0;0,0;50,0;Подготовка;
20251210;05:17:56;-0,5;0,0;0,0;0,0;50,0;Подготовка;
20251210;05:18:01;-0,5;0,0;0,0;0,0;50,0;Подготовка;
20251210;05:18:06;-0,5;0,0;0,0;0,0;50,0;Подготовка;
20251210;05:18:11;-0,5;0,0;0,0;0,0;50,0;Подготовка;
20251210;05:18:16;-0,5;0,0;0,0;0,0;50,0;Подготовка;
20251210;05:18:21;-0,5;0,0;0,0;0,0;50,0;Подготовка;
20251210;05:18:26;-0,5;0,0;0,0;0,0;50,0;Подготовка;
20251210;05:18:31;-0,5;0,0;0,0;0,0;50,0;Подготовка;
20251210;05:18:36;-0,5;0,0;0,0;0,0;50,0;Подготовка;
20251210;05:18:42;-0,5;0,0;0,0;0,0;50,0;Подготовка;
20251210;05:18:47;-0,5;0,0;0,0;0,0;50,0;Подготовка;
20251210;05:18:52;-0,5;0,0;0,0;0,0;50,0;Подготовка;
20251210;05:18:57;-0,5;0,0;0,0;0,0;50,0;Подготовка;
20251210;05:19:02;-0,5;0,0;0,0;0,0;50,0;Подготовка;
20251210;05:19:07;-0,5;0,0;0,0;0,0;50,0;Подготовка;
20251210;05:19:12;-0,5;0,0;0,0;0,0;50,0;Подготовка;
20251210;05:19:17;-0,5;0,0;0,0;0,0;50,0;Подготовка;
20251210;05:19:22;-0,5;0,0;0,0;0,0;50,0;Подготовка;
20251210;05:19:27;-0,5;0,0;0,0;0,0;50,0;Подготовка;
20251210;05:19:32;-0,5;0,0;0,0;0,0;50,0;Подготовка;
20251210;05:19:37;-0,5;0,0;0,0;0,0;50,0;Подготовка;
20251210;05:19:42;-0,5;0,0;0,0;0,0;50,0;Подготовка;
20251210;05:19:47;-0,5;0,0;0,0;0,0;50,0;Подготовка;
20251210;05:19:52;-0,5;0,0;0,0;0,0;50,0;Подготовка;
20251210;05:19:57;-0,5;0,0;0,0;0,0;50,0;Подготовка;
20251210;05:20:02;-0,5;0,0;0,0;0,0;50,0;Подготовка;
20251210;05:20:07;-0,5;0,0;0,0;0,0;50,0;Подготовка;
20251210;05:20:12;-0,5;0,0;0,0;0,0;50,0;Подготовка;
20251210;05:20:17;-0,5;0,0;0,0;0,0;50,0;Подготовка;
20251210;05:20:22;-0,5;0,0;0,0;0,0;50,0;Подготовка;
20251210;05:20:27;-0,5;0,0;0,0;0,0;50,0;Подготовка;
20251210;05:20:32;-0,5;0,0;0,0;0,0;50,0;Подготовка;
20251210;05:20:37;-0,5;0,0;0,0;0,0;50,0;Подготовка;
20251210;05:20:42;-0,5;0,0;0,0;0,0;50,0;Подготовка;
20251210;05:20:48;-0,5;0,0;0,0;0,0;50,0;Подготовка;
20251210;05:20:53;-0,5;0,0;0,0;0,0;50,0;Подготовка;
20251210;05:20:58;-0,5;0,0;0,0;0,0;50,0;Подготовка;
20251210;05:21:03;-0,5;0,0;0,0;0,0;50,0;Подготовка;
20251210;05:21:08;-0,5;0,0;0,0;0,0;50,0;Подготовка;
20251210;05:21:13;-0,5;0,0;0,0;0,0;50,0;Подготовка;
20251210;05:21:18;-0,5;0,0;0,0;0,0;50,0;Подготовка;
20251210;05:21:23;-0,5;0,0;0,0;0,0;50,0;Подготовка;
20251210;05:21:28;-0,5;0,0;0,0;0,0;50,0;Подготовка;
20251210;05:21:33;-0,5;0,0;0,0;0,0;50,0;Подготовка;
20251210;05:21:38;-0,5;0,0;0,0;0,0;50,0;Подготовка;
20251210;05:21:43;-0,5;0,0;0,0;0,0;50,0;Подготовка;
20251210;05:21:48;-0,5;0,0;0,0;0,0;50,0;Подготовка;
20251210;05:21:53;-0,5;0,0;0,0;0,0;50,0;Подготовка;
20251210;05:21:58;-0,5;0,0;0,0;0,0;50,0;Подготовка;
20251210;05:22:03;-0,5;0,0;0,0;0,0;50,0;Подготовка;
20251210;05:22:08;-0,5;0,0;0,0;0,0;50,0;Подготовка;
20251210;05:22:13;-0,5;0,0;0,0;0,0;50,0;Подготовка;
20251210;05:22:18;-0,5;0,0;0,0;0,0;50,0;Подготовка;
20251210;05:22:23;-0,5;0,0;0,0;0,0;50,0;Подготовка;
20251210;05:22:28;-0,5;0,0;0,0;0,0;50,0;Подготовка;
20251210;05:22:33;-0,5;0,0;0,0;0,0;50,0;Подготовка;
20251210;05:22:38;-0,5;0,0;0,0;0,0;50,0;Подготовка;
20251210;05:22:43;-0,5;0,0;0,0;0,0;50,0;Подготовка;
20251210;05:22:48;-0,5;0,0;0,0;0,0;50,0;Подготовка;
20251210;05:22:54;-0,5;0,0;0,0;0,0;50,0;Подготовка;
20251210;05:22:59;-0,5;0,0;0,0;0,0;50,0;Подготовка;
20251210;05:23:04;-0,5;0,0;0,0;0,0;50,0;Подготовка;
20251210;05:23:09;-0,5;0,0;0,0;0,0;50,0;Подготовка;
20251210;05:23:14;-0,5;0,0;0,0;0,0;50,0;Подготовка;
20251210;05:23:19;-0,5;0,0;0,0;0,0;50,0;Подготовка;
20251210;05:23:24;-0,5;0,0;0,0;0,0;50,0;Подготовка;
20251210;05:23:29;-0,5;0,0;0,0;0,0;50,0;Подготовка;
20251210;05:23:34;-0,5;0,0;0,0;0,0;50,0;Подготовка;
20251210;05:23:39;-0,5;0,0;0,0;0,0;50,0;Подготовка;
20251210;05:23:44;-0,5;0,0;0,0;0,0;50,0;Подготовка;
20251210;05:23:49;-0,5;0,0;0,0;0,0;50,0;Подготовка;
20251210;05:23:54;-0,5;0,0;0,0;0,0;50,0;Подготовка;
20251210;05:23:59;-0,5;0,0;0,0;0,0;50,0;Подготовка;
20251210;05:24:04;-0,5;0,0;0,0;0,0;50,0;Подготовка;
20251210;05:24:09;-0,5;0,0;0,0;0,0;50,0;Подготовка;
20251210;05:24:14;-0,5;0,0;0,0;0,0;50,0;Подготовка;
20251210;05:24:19;-0,5;0,0;0,0;0,0;50,0;Подготовка;
20251210;05:24:24;-0,5;0,0;0,0;0,0;50,0;Подготовка;
20251210;05:24:29;-0,5;0,0;0,0;0,0;50,0;Подготовка;
20251210;05:24:34;-0,5;0,0;0,0;0,0;50,0;Подготовка;
20251210;05:24:39;-0,5;0,0;0,0;0,0;50,0;Подготовка;
20251210;05:24:44;-0,5;0,0;0,0;0,0;50,0;Подготовка;
20251210;05:24:49;-0,5;0,0;0,0;0,0;50,0;Подготовка;
20251210;05:24:54;-0,5;0,0;0,0;0,0;50,0;Подготовка;
20251210;05:25:00;-0,5;0,0;0,0;0,0;50,0;Подготовка;
20251210;05:25:05;-0,5;0,0;0,0;0,0;50,0;Подготовка;
20251210;05:25:10;-0,5;0,0;0,0;0,0;50,0;Подготовка;
20251210;05:25:15;-0,5;0,0;0,0;0,0;50,0;Подготовка;
20251210;05:25:20;-0,5;0,0;0,0;0,0;50,0;Подготовка;
20251210;05:25:25;-0,5;0,0;0,0;0,0;50,0;Подготовка;
20251210;05:25:30;-0,5;0,0;0,0;0,0;50,0;Подготовка;
20251210;05:25:35;-0,5;0,0;0,0;0,0;50,0;Подготовка;
20251210;05:25:40;-0,5;0,0;0,0;0,0;50,0;Подготовка;
20251210;05:25:45;-0,5;0,0;0,0;0,0;50,0;Подготовка;
20251210;05:25:50;-0,5;0,0;0,0;0,0;50,0;Подготовка;
20251210;05:25:55;-0,5;0,0;0,0;0,0;50,0;Подготовка;
20251210;05:26:00;-0,5;0,0;0,0;0,0;50,0;Подготовка;
20251210;05:26:05;-0,5;0,0;0,0;0,0;50,0;Подготовка;
20251210;05:26:10;-0,5;0,0;0,0;0,0;50,0;Подготовка;
20251210;05:26:15;-0,5;0,0;0,0;0,0;50,0;Подготовка;
20251210;05:26:20;-0,5;0,0;0,0;0,0;50,0;Подготовка;
20251210;05:26:25;-0,5;0,0;0,0;0,0;50,0;Подготовка;
20251210;05:26:30;-0,5;0,0;0,0;0,0;50,0;Подготовка;
20251210;05:26:35;-0,5;0,0;0,0;0,0;50,0;Подготовка;
20251210;05:26:40;-0,5;0,0;0,0;0,0;50,0;Подготовка;
20251210;05:26:45;-0,5;0,0;0,0;0,0;50,0;Подготовка;
20251210;05:26:50;-0,5;0,0;0,0;0,0;50,0;Подготовка;
20251210;05:26:55;-0,5;0,0;0,0;0,0;50,0;Подготовка;
20251210;05:27:00;-0,5;0,0;0,0;0,0;50,0;Подготовка;
20251210;05:27:06;-0,5;0,0;0,0;0,0;50,0;Подготовка;
20251210;05:27:11;-0,5;0,0;0,0;0,0;50,0;Подготовка;
20251210;05:27:16;-0,5;0,0;0,0;0,0;50,0;Подготовка;
20251210;05:27:21;-0,5;0,0;0,0;0,0;50,0;Подготовка;
20251210;05:27:26;-0,5;0,0;0,0;0,0;50,0;Подготовка;
20251210;05:27:31;-0,5;0,0;0,0;0,0;50,0;Подготовка;
20251210;05:27:36;-0,5;0,0;0,0;0,0;50,0;Подготовка;
20251210;05:27:41;-0,5;0,0;0,0;0,0;50,0;Подготовка;
20251210;05:27:46;-0,5;0,0;0,0;0,0;50,0;Подготовка;
20251210;05:27:51;-0,5;0,0;0,0;0,0;50,0;Подготовка;
20251210;05:27:56;-0,5;0,0;0,0;0,0;50,0;Подготовка;
20251210;05:28:01;-0,5;0,0;0,0;0,0;50,0;Подготовка;
20251210;05:28:06;-0,5;0,0;0,0;0,0;50,0;Подготовка;
20251210;05:28:11;-0,5;0,0;0,0;0,0;50,0;Подготовка;
20251210;05:28:16;-0,5;0,0;0,0;0,0;50,0;Подготовка;
20251210;05:28:21;-0,5;0,0;0,0;0,0;50,0;Подготовка;
20251210;05:28:26;-0,5;0,0;0,0;0,0;50,0;Подготовка;
20251210;05:28:31;-0,5;0,0;0,0;0,0;50,0;Подготовка;
20251210;05:28:36;-0,5;0,0;0,0;0,0;50,0;Подготовка;
20251210;05:28:41;-0,5;0,0;0,0;0,0;50,0;Подготовка;
20251210;05:28:46;-0,5;0,0;0,0;0,0;50,0;Подготовка;
20251210;05:28:51;-0,5;0,0;0,0;0,0;50,0;Подготовка;
20251210;05:28:56;-0,5;0,0;0,0;0,0;50,0;Подготовка;
20251210;05:29:01;-0,5;0,0;0,0;0,0;50,0;Подготовка;
20251210;05:29:06;-0,5;0,0;0,0;0,0;50,0;Подготовка;
20251210;05:29:12;-0,5;0,0;0,0;0,0;50,0;Подготовка;
20251210;05:29:17;-0,5;0,0;0,0;0,0;50,0;Подготовка;
20251210;05:29:22;-0,5;0,0;0,0;0,0;50,0;Подготовка;
20251210;05:29:27;-0,5;0,0;0,0;0,0;50,0;Подготовка;
20251210;05:29:32;-0,5;0,0;0,0;0,0;50,0;Подготовка;
20251210;05:29:37;-0,5;0,0;0,0;0,0;50,0;Подготовка;
20251210;05:29:42;-0,5;0,0;0,0;0,0;50,0;Подготовка;
20251210;05:29:47;-0,5;0,0;0,0;0,0;50,0;Подготовка;
20251210;05:29:52;-0,5;0,0;0,0;0,0;50,0;Подготовка;
20251210;05:29:57;-0,5;0,0;0,0;0,0;50,0;Подготовка;
20251210;05:30:02;-0,5;0,0;0,0;0,0;50,0;Подготовка;
20251210;05:30:07;-0,5;0,0;0,0;0,0;50,0;Подготовка;
20251210;05:30:12;-0,5;0,0;0,0;0,0;50,0;Подготовка;
20251210;05:30:17;-0,5;0,0;0,0;0,0;50,0;Подготовка;
20251210;05:30:22;-0,5;0,0;0,0;0,0;50,0;Подготовка;
20251210;05:30:27;-0,5;0,0;0,0;0,0;50,0;Подготовка;
20251210;05:30:32;-0,5;0,0;0,0;0,0;50,0;Подготовка;
20251210;05:30:37;-0,5;0,0;0,0;0,0;50,0;Подготовка;
20251210;05:30:42;-0,5;0,0;0,0;0,0;50,0;Подготовка;
20251210;05:30:47;-0,5;0,0;0,0;0,0;50,0;Подготовка;
20251210;05:30:52;-0,5;0,0;0,0;0,0;50,0;Подготовка;
20251210;05:30:57;-0,5;0,0;0,0;0,0;50,0;Подготовка;
20251210;05:31:02;-0,5;0,0;0,0;0,0;50,0;Подготовка;
20251210;05:31:07;-0,5;0,0;0,0;0,0;50,0;Подготовка;
20251210;05:31:12;-0,5;0,0;0,0;0,0;50,0;Подготовка;
20251210;05:31:18;-0,5;0,0;0,0;0,0;50,0;Подготовка;
20251210;05:31:23;-0,5;0,0;0,0;0,0;50,0;Подготовка;
20251210;05:31:28;-0,5;0,0;0,0;0,0;50,0;Подготовка;
20251210;05:31:33;-0,5;0,0;0,0;0,0;50,0;Подготовка;
20251210;05:31:38;-0,5;0,0;0,0;0,0;50,0;Подготовка;
20251210;05:31:43;-0,5;0,0;0,0;0,0;50,0;Подготовка;
20251210;05:31:48;-0,5;0,0;0,0;0,0;50,0;Подготовка;
20251210;05:31:53;-0,5;0,0;0,0;0,0;50,0;Подготовка;
20251210;05:31:58;-0,5;0,0;0,0;0,0;50,0;Подготовка;
20251210;05:32:03;-0,5;0,0;0,0;0,0;50,0;Подготовка;
20251210;05:32:08;-0,5;0,0;0,0;0,0;50,0;Подготовка;
20251210;05:32:13;-0,5;0,0;0,0;0,0;50,0;Подготовка;
20251210;05:32:18;-0,5;0,0;0,0;0,0;50,0;Подготовка;
20251210;05:32:23;-0,5;0,0;0,0;0,0;50,0;Подготовка;
20251210;05:32:28;-0,5;0,0;0,0;0,0;50,0;Подготовка;
20251210;05:32:33;-0,5;0,0;0,0;0,0;50,0;Подготовка;
20251210;05:32:38;-0,5;0,0;0,0;0,0;50,0;Подготовка;
20251210;05:32:43;-0,5;0,0;0,0;0,0;50,0;Подготовка;
20251210;05:32:48;-0,5;0,0;0,0;0,0;50,0;Подготовка;
20251210;05:32:53;-0,5;0,0;0,0;0,0;50,0;Подготовка;
20251210;05:32:58;-0,5;0,0;0,0;0,0;50,0;Подготовка;
20251210;05:33:03;-0,5;0,0;0,0;0,0;50,0;Подготовка;
20251210;05:33:08;-0,5;0,0;0,0;0,0;50,0;Подготовка;
20251210;05:33:13;-0,5;0,0;0,0;0,0;50,0;Подготовка;
20251210;05:33:18;-0,5;0,0;0,0;0,0;50,0;Подготовка;
20251210;05:33:24;-0,5;0,0;0,0;0,0;50,0;Подготовка;
20251210;05:33:29;-0,5;0,0;0,0;0,0;50,0;Подготовка;
20251210;05:33:34;-0,5;0,0;0,0;0,0;50,0;Подготовка;
20251210;05:33:39;-0,5;0,0;0,0;0,0;50,0;Подготовка;
20251210;05:33:44;-0,5;0,0;0,0;0,0;50,0;Подготовка;
20251210;05:33:49;-0,5;0,0;0,0;0,0;50,0;Подготовка;
20251210;05:33:54;-0,5;0,0;0,0;0,0;50,0;Подготовка;
20251210;05:33:59;-0,5;0,0;0,0;0,0;50,0;Подготовка;
20251210;05:34:04;-0,5;0,0;0,0;0,0;50,0;Подготовка;
20251210;05:34:09;-0,5;0,0;0,0;0,0;50,0;Подготовка;
20251210;05:34:14;-0,5;0,0;0,0;0,0;50,0;Подготовка;
20251210;05:34:19;-0,5;0,0;0,0;0,0;50,0;Подготовка;
20251210;05:34:24;-0,5;0,0;0,0;0,0;50,0;Подготовка;
20251210;05:34:29;-0,5;0,0;0,0;0,0;50,0;Подготовка;
20251210;05:34:34;-0,5;0,0;0,0;0,0;50,0;Подготовка;
20251210;05:34:39;-0,5;0,0;0,0;0,0;50,0;Подготовка;
20251210;05:34:44;-0,5;0,0;0,0;0,0;50,0;Подготовка;
20251210;05:34:49;-0,5;0,0;0,0;0,0;50,0;Подготовка;
20251210;05:34:54;-0,5;0,0;0,0;0,0;50,0;Подготовка;
20251210;05:34:59;-0,5;0,0;0,0;0,0;50,0;Подготовка;
20251210;05:35:04;-0,5;0,0;0,0;0,0;50,0;Подготовка;
20251210;05:35:09;-0,5;0,0;0,0;0,0;50,0;Подготовка;
20251210;05:35:14;-0,5;0,0;0,0;0,0;50,0;Подготовка;
20251210;05:35:19;-0,5;0,0;0,0;0,0;50,0;Подготовка;
20251210;05:35:24;-0,5;0,0;0,0;0,0;50,0;Подготовка;
20251210;05:35:30;-0,5;0,0;0,0;0,0;50,0;Подготовка;
20251210;05:35:35;-0,5;0,0;0,0;0,0;50,0;Подготовка;
20251210;05:35:40;-0,5;0,0;0,0;0,0;50,0;Подготовка;
Предприятие;
Объект;
Вид оборудования;
Дисп. наименование;
Тип;
Зав. номер;
Сер. номер;
Год выпуска;
Год ввода в эксплуатацию;
Дата отбора пробы;
Марка пробы;
Температура пробы;
DATE ;TIME ;TS_TEMP ;PROB_TEMP ;PROB_OTN_VL ;PROBE_VlAGOSOD ;SP ;STATUS ; 
20251210;05:35:58;-0,39;0,0;0,0;0,0;50,0;Включение;
20251210;05:36:03;-0,49;0,0;0,0;0,0;50,0;Включение;
20251210;05:36:08;-0,49;0,0;0,0;0,0;50,0;Подготовка;
20251210;05:36:13;-0,49;0,0;0,0;0,0;50,0;Подготовка;
20251210;05:36:18;-0,49;0,0;0,0;0,0;50,0;Подготовка;
20251210;05:36:23;-0,49;0,0;0,0;0,0;50,0;Подготовка;
20251210;05:36:28;-0,5;0,0;0,0;0,0;50,0;Подготовка;
20251210;05:36:33;-0,5;0,0;0,0;0,0;50,0;Подготовка;
20251210;05:36:38;-0,5;0,0;0,0;0,0;50,0;Подготовка;
20251210;05:36:43;-0,5;0,0;0,0;0,0;50,0;Подготовка;
20251210;05:36:48;-0,5;0,0;0,0;0,0;50,0;Подготовка;
20251210;05:36:53;-0,5;0,0;0,0;0,0;50,0;Подготовка;
20251210;05:36:58;-0,5;0,0;0,0;0,0;50,0;Подготовка;
20251210;05:37:03;-0,5;0,0;0,0;0,0;50,0;Подготовка;
20251210;05:37:08;-0,5;0,0;0,0;0,0;50,0;Подготовка;
20251210;05:37:13;-0,5;0,0;0,0;0,0;50,0;Подготовка;
20251210;05:37:18;-0,5;0,0;0,0;0,0;50,0;Подготовка;
20251210;05:37:24;-0,5;0,0;0,0;0,0;50,0;Подготовка;
20251210;05:37:29;-0,5;0,0;0,0;0,0;50,0;Подготовка;
20251210;05:37:34;-0,5;0,0;0,0;0,0;50,0;Подготовка;
20251210;05:37:39;-0,5;0,0;0,0;0,0;50,0;Подготовка;
20251210;05:37:44;-0,5;0,0;0,0;0,0;50,0;Подготовка;
20251210;05:37:49;-0,5;0,0;0,0;0,0;50,0;Подготовка;
20251210;05:37:54;-0,5;0,0;0,0;0,0;50,0;Подготовка;
20251210;05:37:59;-0,5;0,0;0,0;0,0;50,0;Подготовка;
20251210;05:38:04;-0,5;0,0;0,0;0,0;50,0;Подготовка;
20251210;05:38:09;-0,5;0,0;0,0;0,0;50,0;Подготовка;
20251210;05:38:14;-0,5;0,0;0,0;0,0;50,0;Подготовка;
20251210;05:38:19;-0,5;0,0;0,0;0,0;50,0;Подготовка;
20251210;05:38:24;-0,5;0,0;0,0;0,0;50,0;Подготовка;
20251210;05:38:29;-0,5;0,0;0,0;0,0;50,0;Подготовка;
20251210;05:38:34;-0,5;0,0;0,0;0,0;50,0;Подготовка;
20251210;05:38:39;-0,5;0,0;0,0;0,0;50,0;Подготовка;
20251210;05:38:44;-0,5;0,0;0,0;0,0;50,0;Подготовка;
20251210;05:38:49;-0,5;0,0;0,0;0,0;50,0;Подготовка;
20251210;05:38:54;-0,5;0,0;0,0;0,0;50,0;Подготовка;
20251210;05:38:59;-0,5;0,0;0,0;0,0;50,0;Подготовка;
20251210;05:39:04;-0,5;0,0;0,0;0,0;50,0;Подготовка;
20251210;05:39:09;-0,5;0,0;0,0;0,0;50,0;Подготовка;
20251210;05:39:14;-0,5;0,0;0,0;0,0;50,0;Подготовка;
20251210;05:39:19;-0,5;0,0;0,0;0,0;50,0;Подготовка;
20251210;05:39:24;-0,5;0,0;0,0;0,0;50,0;Подготовка;
20251210;05:39:30;-0,5;0,0;0,0;0,0;50,0;Подготовка;
20251210;05:39:35;-0,5;0,0;0,0;0,0;50,0;Подготовка;
20251210;05:39:40;-0,5;0,0;0,0;0,0;50,0;Подготовка;
20251210;05:39:45;-0,5;0,0;0,0;0,0;50,0;Подготовка;
20251210;05:39:50;-0,5;0,0;0,0;0,0;50,0;Подготовка;
20251210;05:39:55;-0,5;0,0;0,0;0,0;50,0;Подготовка;
20251210;05:40:00;-0,5;0,0;0,0;0,0;50,0;Подготовка;
20251210;05:40:05;-0,5;0,0;0,0;0,0;50,0;Подготовка;
20251210;05:40:10;-0,5;0,0;0,0;0,0;50,0;Подготовка;
20251210;05:40:15;-0,5;0,0;0,0;0,0;50,0;Подготовка;
20251210;05:40:20;-0,5;0,0;0,0;0,0;50,0;Подготовка;
20251210;05:40:25;-0,5;0,0;0,0;0,0;50,0;Подготовка;
20251210;05:40:30;-0,5;0,0;0,0;0,0;50,0;Подготовка;
20251210;05:40:35;-0,5;0,0;0,0;0,0;50,0;Подготовка;
20251210;05:40:40;-0,5;0,0;0,0;0,0;50,0;Подготовка;
20251210;05:40:45;-0,5;0,0;0,0;0,0;50,0;Подготовка;
20251210;05:40:50;-0,5;0,0;0,0;0,0;50,0;Подготовка;
20251210;05:40:55;-0,5;0,0;0,0;0,0;50,0;Подготовка;
20251210;05:41:00;-0,5;0,0;0,0;0,0;50,0;Подготовка;
20251210;05:41:05;-0,5;0,0;0,0;0,0;50,0;Подготовка;
20251210;05:41:10;-0,5;0,0;0,0;0,0;50,0;Подготовка;
20251210;05:41:15;-0,5;0,0;0,0;0,0;50,0;Подготовка;
20251210;05:41:20;-0,5;0,0;0,0;0,0;50,0;Подготовка;
20251210;05:41:25;-0,5;0,0;0,0;0,0;50,0;Подготовка;
20251210;05:41:30;-0,5;0,0;0,0;0,0;50,0;Подготовка;
20251210;05:41:36;-0,5;0,0;0,0;0,0;50,0;Подготовка;
20251210;05:41:41;-0,5;0,0;0,0;0,0;50,0;Подготовка;
20251210;05:41:46;-0,5;0,0;0,0;0,0;50,0;Подготовка;
20251210;05:41:51;-0,5;0,0;0,0;0,0;50,0;Подготовка;
20251210;05:41:56;-0,5;0,0;0,0;0,0;50,0;Подготовка;
20251210;05:42:01;-0,5;0,0;0,0;0,0;50,0;Подготовка;
20251210;05:42:06;-0,5;0,0;0,0;0,0;50,0;Подготовка;
20251210;05:42:11;-0,5;0,0;0,0;0,0;50,0;Подготовка;
20251210;05:42:16;-0,5;0,0;0,0;0,0;50,0;Подготовка;
20251210;05:42:21;-0,5;0,0;0,0;0,0;50,0;Подготовка;
20251210;05:42:26;-0,5;0,0;0,0;0,0;50,0;Подготовка;
20251210;05:42:31;-0,5;0,0;0,0;0,0;50,0;Подготовка;
20251210;05:42:36;-0,5;0,0;0,0;0,0;50,0;Подготовка;
20251210;05:42:41;-0,5;0,0;0,0;0,0;50,0;Подготовка;
20251210;05:42:46;-0,5;0,0;0,0;0,0;50,0;Подготовка;
20251210;05:42:51;-0,5;0,0;0,0;0,0;50,0;Подготовка;
20251210;05:42:56;-0,5;0,0;0,0;0,0;50,0;Подготовка;
20251210;05:43:01;-0,5;0,0;0,0;0,0;50,0;Подготовка;
20251210;05:43:06;-0,5;0,0;0,0;0,0;50,0;Подготовка;
20251210;05:43:11;-0,5;0,0;0,0;0,0;50,0;Подготовка;
20251210;05:43:16;-0,5;0,0;0,0;0,0;50,0;Подготовка;
20251210;05:43:21;-0,5;0,0;0,0;0,0;50,0;Подготовка;
20251210;05:43:26;-0,5;0,0;0,0;0,0;50,0;Подготовка;
20251210;05:43:31;-0,5;0,0;0,0;0,0;50,0;Подготовка;
20251210;05:43:36;-0,5;0,0;0,0;0,0;50,0;Подготовка;
20251210;05:43:42;-0,5;0,0;0,0;0,0;50,0;Подготовка;
20251210;05:43:47;-0,5;0,0;0,0;0,0;50,0;Подготовка;
20251210;05:43:52;-0,5;0,0;0,0;0,0;50,0;Подготовка;
20251210;05:43:57;-0,5;0,0;0,0;0,0;50,0;Подготовка;
20251210;05:44:02;-0,5;0,0;0,0;0,0;50,0;Подготовка;
20251210;05:44:07;-0,5;0,0;0,0;0,0;50,0;Подготовка;
20251210;05:44:12;-0,5;0,0;0,0;0,0;50,0;Подготовка;
20251210;05:44:17;-0,5;0,0;0,0;0,0;50,0;Подготовка;
20251210;05:44:22;-0,5;0,0;0,0;0,0;50,0;Подготовка;
20251210;05:44:27;-0,5;0,0;0,0;0,0;50,0;Подготовка;
20251210;05:44:32;-0,5;0,0;0,0;0,0;50,0;Подготовка;
20251210;05:44:37;-0,5;0,0;0,0;0,0;50,0;Подготовка;
20251210;05:44:42;-0,5;0,0;0,0;0,0;50,0;Подготовка;
20251210;05:44:47;-0,5;0,0;0,0;0,0;50,0;Подготовка;
20251210;05:44:52;-0,5;0,0;0,0;0,0;50,0;Подготовка;
20251210;05:44:57;-0,5;0,0;0,0;0,0;50,0;Подготовка;
20251210;05:45:02;-0,5;0,0;0,0;0,0;50,0;Подготовка;
20251210;05:45:07;-0,5;0,0;0,0;0,0;50,0;Подготовка;
20251210;05:45:12;-0,5;0,0;0,0;0,0;50,0;Подготовка;
20251210;05:45:17;-0,5;0,0;0,0;0,0;50,0;Подготовка;
20251210;05:45:22;-0,5;0,0;0,0;0,0;50,0;Подготовка;
20251210;05:45:27;-0,5;0,0;0,0;0,0;50,0;Подготовка;
20251210;05:45:32;-0,5;0,0;0,0;0,0;50,0;Подготовка;
20251210;05:45:37;-0,5;0,0;0,0;0,0;50,0;Подготовка;
20251210;05:45:42;-0,5;0,0;0,0;0,0;50,0;Подготовка;
20251210;05:45:48;-0,5;0,0;0,0;0,0;50,0;Подготовка;
20251210;05:45:53;-0,5;0,0;0,0;0,0;50,0;Подготовка;
20251210;05:45:58;-0,5;0,0;0,0;0,0;50,0;Подготовка;
20251210;05:46:03;-0,5;0,0;0,0;0,0;50,0;Подготовка;
20251210;05:46:08;-0,5;0,0;0,0;0,0;50,0;Подготовка;
20251210;05:46:13;-0,5;0,0;0,0;0,0;50,0;Подготовка;
20251210;05:46:18;-0,5;0,0;0,0;0,0;50,0;Подготовка;
20251210;05:46:23;-0,5;0,0;0,0;0,0;50,0;Подготовка;
20251210;05:46:28;-0,5;0,0;0,0;0,0;50,0;Подготовка;
20251210;05:46:33;-0,5;0,0;0,0;0,0;50,0;Подготовка;
20251210;05:46:38;-0,5;0,0;0,0;0,0;50,0;Подготовка;
20251210;05:46:43;-0,5;0,0;0,0;0,0;50,0;Подготовка;
20251210;05:46:48;-0,5;0,0;0,0;0,0;50,0;Подготовка;
20251210;05:46:53;-0,5;0,0;0,0;0,0;50,0;Подготовка;
20251210;05:46:58;-0,5;0,0;0,0;0,0;50,0;Подготовка;
20251210;05:47:03;-0,5;0,0;0,0;0,0;50,0;Подготовка;
20251210;05:47:08;-0,5;0,0;0,0;0,0;50,0;Подготовка;
20251210;05:47:13;-0,5;0,0;0,0;0,0;50,0;Подготовка;
20251210;05:47:18;-0,5;0,0;0,0;0,0;50,0;Подготовка;
20251210;05:47:23;-0,5;0,0;0,0;0,0;50,0;Подготовка;
20251210;05:47:28;-0,5;0,0;0,0;0,0;50,0;Подготовка;
20251210;05:47:33;-0,5;0,0;0,0;0,0;50,0;Подготовка;
20251210;05:47:38;-0,5;0,0;0,0;0,0;50,0;Подготовка;
20251210;05:47:43;-0,5;0,0;0,0;0,0;50,0;Подготовка;
20251210;05:47:48;-0,5;0,0;0,0;0,0;50,0;Подготовка;
20251210;05:47:54;-0,5;0,0;0,0;0,0;50,0;Подготовка;
20251210;05:47:59;-0,5;0,0;0,0;0,0;50,0;Подготовка;
20251210;05:48:04;-0,5;0,0;0,0;0,0;50,0;Подготовка;
20251210;05:48:09;-0,5;0,0;0,0;0,0;50,0;Подготовка;
20251210;05:48:14;-0,5;0,0;0,0;0,0;50,0;Подготовка;
20251210;05:48:19;-0,5;0,0;0,0;0,0;50,0;Подготовка;
20251210;05:48:24;-0,5;0,0;0,0;0,0;50,0;Подготовка;
20251210;05:48:29;-0,5;0,0;0,0;0,0;50,0;Подготовка;
20251210;05:48:34;-0,5;0,0;0,0;0,0;50,0;Подготовка;
20251210;05:48:39;-0,5;0,0;0,0;0,0;50,0;Подготовка;
20251210;05:48:44;-0,5;0,0;0,0;0,0;50,0;Подготовка;
20251210;05:48:49;-0,5;0,0;0,0;0,0;50,0;Подготовка;
20251210;05:48:54;-0,5;0,0;0,0;0,0;50,0;Подготовка;
20251210;05:48:59;-0,5;0,0;0,0;0,0;50,0;Подготовка;
20251210;05:49:04;-0,5;0,0;0,0;0,0;50,0;Подготовка;
20251210;05:49:09;-0,5;0,0;0,0;0,0;50,0;Подготовка;
20251210;05:49:14;-0,5;0,0;0,0;0,0;50,0;Подготовка;
20251210;05:49:19;-0,5;0,0;0,0;0,0;50,0;Подготовка;
20251210;05:49:24;-0,5;0,0;0,0;0,0;50,0;Подготовка;
20251210;05:49:29;-0,5;0,0;0,0;0,0;50,0;Подготовка;
20251210;05:49:34;-0,5;0,0;0,0;0,0;50,0;Подготовка;
20251210;05:49:39;-0,5;0,0;0,0;0,0;50,0;Подготовка;
20251210;05:49:44;-0,5;0,0;0,0;0,0;50,0;Подготовка;
20251210;05:49:49;-0,5;0,0;0,0;0,0;50,0;Подготовка;
20251210;05:49:54;-0,5;0,0;0,0;0,0;50,0;Подготовка;
20251210;05:50:00;-0,5;0,0;0,0;0,0;50,0;Подготовка;
20251210;05:50:05;-0,5;0,0;0,0;0,0;50,0;Подготовка;
20251210;05:50:10;-0,5;0,0;0,0;0,0;50,0;Подготовка;
20251210;05:50:15;-0,5;0,0;0,0;0,0;50,0;Подготовка;
20251210;05:50:20;-0,5;0,0;0,0;0,0;50,0;Подготовка;
20251210;05:50:25;-0,5;0,0;0,0;0,0;50,0;Подготовка;
20251210;05:50:30;-0,5;0,0;0,0;0,0;50,0;Подготовка;
20251210;05:50:35;-0,5;0,0;0,0;0,0;50,0;Подготовка;
20251210;05:50:40;-0,5;0,0;0,0;0,0;50,0;Подготовка;
20251210;05:50:45;-0,5;0,0;0,0;0,0;50,0;Подготовка;
20251210;05:50:50;-0,5;0,0;0,0;0,0;50,0;Подготовка;
20251210;05:50:55;-0,5;0,0;0,0;0,0;50,0;Подготовка;
20251210;05:51:00;-0,5;0,0;0,0;0,0;50,0;Подготовка;
20251210;05:51:05;-0,5;0,0;0,0;0,0;50,0;Подготовка;
20251210;05:51:10;-0,5;0,0;0,0;0,0;50,0;Подготовка;
20251210;05:51:15;-0,5;0,0;0,0;0,0;50,0;Подготовка;
20251210;05:51:20;-0,5;0,0;0,0;0,0;50,0;Подготовка;
20251210;05:51:25;-0,5;0,0;0,0;0,0;50,0;Подготовка;
20251210;05:51:30;-0,5;0,0;0,0;0,0;50,0;Подготовка;
20251210;05:51:35;-0,5;0,0;0,0;0,0;50,0;Подготовка;
20251210;05:51:40;-0,5;0,0;0,0;0,0;50,0;Подготовка;
20251210;05:51:45;-0,5;0,0;0,0;0,0;50,0;Подготовка;
20251210;05:51:50;-0,5;0,0;0,0;0,0;50,0;Подготовка;
20251210;05:51:55;-0,5;0,0;0,0;0,0;50,0;Подготовка;
20251210;05:52:00;-0,5;0,0;0,0;0,0;50,0;Подготовка;
20251210;05:52:06;-0,5;0,0;0,0;0,0;50,0;Подготовка;
20251210;05:52:11;-0,5;0,0;0,0;0,0;50,0;Подготовка;
20251210;05:52:16;-0,5;0,0;0,0;0,0;50,0;Подготовка;
20251210;05:52:21;-0,5;0,0;0,0;0,0;50,0;Подготовка;
20251210;05:52:26;-0,5;0,0;0,0;0,0;50,0;Подготовка;
20251210;05:52:31;-0,5;0,0;0,0;0,0;50,0;Подготовка;
20251210;05:52:36;-0,5;0,0;0,0;0,0;50,0;Подготовка;
20251210;05:52:41;-0,5;0,0;0,0;0,0;50,0;Подготовка;
20251210;05:52:46;-0,5;0,0;0,0;0,0;50,0;Подготовка;
20251210;05:52:51;-0,5;0,0;0,0;0,0;50,0;Подготовка;
20251210;05:52:56;-0,5;0,0;0,0;0,0;50,0;Подготовка;
20251210;05:53:01;-0,5;0,0;0,0;0,0;50,0;Подготовка;
20251210;05:53:06;-0,5;0,0;0,0;0,0;50,0;Подготовка;
20251210;05:53:11;-0,5;0,0;0,0;0,0;50,0;Подготовка;
20251210;05:53:16;-0,5;0,0;0,0;0,0;50,0;Подготовка;
20251210;05:53:21;-0,5;0,0;0,0;0,0;50,0;Подготовка;
20251210;05:53:26;-0,5;0,0;0,0;0,0;50,0;Подготовка;
20251210;05:53:31;-0,5;0,0;0,0;0,0;50,0;Подготовка;
20251210;05:53:36;-0,5;0,0;0,0;0,0;50,0;Подготовка;
20251210;05:53:41;-0,5;0,0;0,0;0,0;50,0;Подготовка;
20251210;05:53:46;-0,5;0,0;0,0;0,0;50,0;Подготовка;
20251210;05:53:51;-0,5;0,0;0,0;0,0;50,0;Подготовка;
20251210;05:53:56;-0,5;0,0;0,0;0,0;50,0;Подготовка;
20251210;05:54:01;-0,5;0,0;0,0;0,0;50,0;Подготовка;
20251210;05:54:06;-0,5;0,0;0,0;0,0;50,0;Подготовка;
20251210;05:54:12;-0,5;0,0;0,0;0,0;50,0;Подготовка;
20251210;05:54:17;-0,5;0,0;0,0;0,0;50,0;Подготовка;
20251210;05:54:22;-0,5;0,0;0,0;0,0;50,0;Подготовка;
20251210;05:54:27;-0,5;0,0;0,0;0,0;50,0;Подготовка;
20251210;05:54:32;-0,5;0,0;0,0;0,0;50,0;Подготовка;
20251210;05:54:37;-0,5;0,0;0,0;0,0;50,0;Подготовка;
20251210;05:54:42;-0,5;0,0;0,0;0,0;50,0;Подготовка;
20251210;05:54:47;-0,5;0,0;0,0;0,0;50,0;Подготовка;
20251210;05:54:52;-0,5;0,0;0,0;0,0;50,0;Подготовка;
20251210;05:54:57;-0,5;0,0;0,0;0,0;50,0;Подготовка;
20251210;05:55:02;-0,5;0,0;0,0;0,0;50,0;Подготовка;
20251210;05:55:07;-0,5;0,0;0,0;0,0;50,0;Подготовка;
20251210;05:55:12;-0,5;0,0;0,0;0,0;50,0;Подготовка;
20251210;05:55:17;-0,5;0,0;0,0;0,0;50,0;Подготовка;
20251210;05:55:22;-0,5;0,0;0,0;0,0;50,0;Подготовка;
20251210;05:55:27;-0,5;0,0;0,0;0,0;50,0;Подготовка;
20251210;05:55:32;-0,5;0,0;0,0;0,0;50,0;Подготовка;
20251210;05:55:37;-0,5;0,0;0,0;0,0;50,0;Подготовка;
20251210;05:55:42;-0,5;0,0;0,0;0,0;50,0;Подготовка;
20251210;05:55:47;-0,5;0,0;0,0;0,0;50,0;Подготовка;
20251210;05:55:52;-0,5;0,0;0,0;0,0;50,0;Подготовка;
20251210;05:55:57;-0,5;0,0;0,0;0,0;50,0;Подготовка;
20251210;05:56:02;-0,5;0,0;0,0;0,0;50,0;Подготовка;
20251210;05:56:07;-0,5;0,0;0,0;0,0;50,0;Подготовка;
20251210;05:56:12;-0,5;0,0;0,0;0,0;50,0;Подготовка;
20251210;05:56:18;-0,5;0,0;0,0;0,0;50,0;Подготовка;
20251210;05:56:23;-0,5;0,0;0,0;0,0;50,0;Подготовка;
20251210;05:56:28;-0,5;0,0;0,0;0,0;50,0;Подготовка;
20251210;05:56:33;-0,5;0,0;0,0;0,0;50,0;Подготовка;
20251210;05:56:38;-0,5;0,0;0,0;0,0;50,0;Подготовка;
20251210;05:56:43;-0,5;0,0;0,0;0,0;50,0;Подготовка;
20251210;05:56:48;-0,5;0,0;0,0;0,0;50,0;Подготовка;
20251210;05:56:53;-0,5;0,0;0,0;0,0;50,0;Подготовка;
20251210;05:56:58;-0,5;0,0;0,0;0,0;50,0;Подготовка;
20251210;05:57:03;-0,5;0,0;0,0;0,0;50,0;Подготовка;
20251210;05:57:08;-0,5;0,0;0,0;0,0;50,0;Подготовка;
20251210;05:57:13;-0,5;0,0;0,0;0,0;50,0;Подготовка;
20251210;05:57:18;-0,5;0,0;0,0;0,0;50,0;Подготовка;
20251210;05:57:23;-0,5;0,0;0,0;0,0;50,0;Подготовка;
20251210;05:57:28;-0,5;0,0;0,0;0,0;50,0;Подготовка;
20251210;05:57:33;-0,5;0,0;0,0;0,0;50,0;Подготовка;
20251210;05:57:38;-0,5;0,0;0,0;0,0;50,0;Подготовка;
20251210;05:57:43;-0,5;0,0;0,0;0,0;50,0;Подготовка;
20251210;05:57:48;-0,5;0,0;0,0;0,0;50,0;Подготовка;
20251210;05:57:53;-0,5;0,0;0,0;0,0;50,0;Подготовка;
20251210;05:57:58;-0,5;0,0;0,0;0,0;50,0;Подготовка;
20251210;05:58:03;-0,5;0,0;0,0;0,0;50,0;Подготовка;
20251210;05:58:08;-0,5;0,0;0,0;0,0;50,0;Подготовка;
20251210;05:58:13;-0,5;0,0;0,0;0,0;50,0;Подготовка;
20251210;05:58:18;-0,5;0,0;0,0;0,0;50,0;Подготовка;
20251210;05:58:24;-0,5;0,0;0,0;0,0;50,0;Подготовка;
20251210;05:58:29;-0,5;0,0;0,0;0,0;50,0;Подготовка;
20251210;05:58:34;-0,5;0,0;0,0;0,0;50,0;Подготовка;
20251210;05:58:39;-0,5;0,0;0,0;0,0;50,0;Подготовка;
20251210;05:58:44;-0,5;0,0;0,0;0,0;50,0;Подготовка;
20251210;05:58:49;-0,5;0,0;0,0;0,0;50,0;Подготовка;
20251210;05:58:54;-0,5;0,0;0,0;0,0;50,0;Подготовка;
20251210;05:58:59;-0,5;0,0;0,0;0,0;50,0;Подготовка;
20251210;05:59:04;-0,5;0,0;0,0;0,0;50,0;Подготовка;
20251210;05:59:09;-0,5;0,0;0,0;0,0;50,0;Подготовка;
20251210;05:59:14;-0,5;0,0;0,0;0,0;50,0;Подготовка;
20251210;05:59:19;-0,5;0,0;0,0;0,0;50,0;Подготовка;
20251210;05:59:24;-0,5;0,0;0,0;0,0;50,0;Подготовка;
20251210;05:59:29;-0,5;0,0;0,0;0,0;50,0;Подготовка;
20251210;05:59:34;-0,5;0,0;0,0;0,0;50,0;Подготовка;
20251210;05:59:39;-0,5;0,0;0,0;0,0;50,0;Подготовка;
20251210;05:59:44;-0,5;0,0;0,0;0,0;50,0;Подготовка;
20251210;05:59:49;-0,5;0,0;0,0;0,0;50,0;Подготовка;
20251210;05:59:54;-0,5;0,0;0,0;0,0;50,0;Подготовка;
20251210;05:59:59;-0,5;0,0;0,0;0,0;50,0;Подготовка;
20251210;06:00:04;-0,5;0,0;0,0;0,0;50,0;Подготовка;
20251210;06:00:09;-0,5;0,0;0,0;0,0;50,0;Подготовка;
20251210;06:00:14;-0,5;0,0;0,0;0,0;50,0;Подготовка;
20251210;06:00:19;-0,5;0,0;0,0;0,0;50,0;Подготовка;
20251210;06:00:24;-0,5;0,0;0,0;0,0;50,0;Подготовка;
20251210;06:00:30;-0,5;0,0;0,0;0,0;50,0;Подготовка;
20251210;06:00:35;-0,5;0,0;0,0;0,0;50,0;Подготовка;
20251210;06:00:40;-0,5;0,0;0,0;0,0;50,0;Подготовка;
20251210;06:00:45;-0,5;0,0;0,0;0,0;50,0;Подготовка;
20251210;06:00:50;-0,5;0,0;0,0;0,0;50,0;Подготовка;
20251210;06:00:55;-0,5;0,0;0,0;0,0;50,0;Подготовка;
20251210;06:01:00;-0,5;0,0;0,0;0,0;50,0;Подготовка;
20251210;06:01:05;-0,5;0,0;0,0;0,0;50,0;Подготовка;
20251210;06:01:10;-0,5;0,0;0,0;0,0;50,0;Подготовка;
20251210;06:01:15;-0,5;0,0;0,0;0,0;50,0;Подготовка;
20251210;06:01:20;-0,5;0,0;0,0;0,0;50,0;Подготовка;
20251210;06:01:25;-0,5;0,0;0,0;0,0;50,0;Подготовка;
20251210;06:01:30;-0,5;0,0;0,0;0,0;50,0;Подготовка;
20251210;06:01:35;-0,5;0,0;0,0;0,0;50,0;Подготовка;
20251210;06:01:40;-0,5;0,0;0,0;0,0;50,0;Подготовка;
20251210;06:01:45;-0,5;0,0;0,0;0,0;50,0;Подготовка;
20251210;06:01:50;-0,5;0,0;0,0;0,0;50,0;Подготовка;
20251210;06:01:55;-0,5;0,0;0,0;0,0;50,0;Подготовка;
20251210;06:02:00;-0,5;0,0;0,0;0,0;50,0;Подготовка;
20251210;06:02:05;-0,5;0,0;0,0;0,0;50,0;Подготовка;
20251210;06:02:10;-0,5;0,0;0,0;0,0;50,0;Подготовка;
20251210;06:02:15;-0,5;0,0;0,0;0,0;50,0;Подготовка;
20251210;06:02:20;-0,5;0,0;0,0;0,0;50,0;Подготовка;
20251210;06:02:25;-0,5;0,0;0,0;0,0;50,0;Подготовка;
20251210;06:02:30;-0,5;0,0;0,0;0,0;50,0;Подготовка;
20251210;06:02:36;-0,5;0,0;0,0;0,0;50,0;Подготовка;
20251210;06:02:41;-0,5;0,0;0,0;0,0;50,0;Подготовка;
20251210;06:02:46;-0,5;0,0;0,0;0,0;50,0;Подготовка;
20251210;06:02:51;-0,5;0,0;0,0;0,0;50,0;Подготовка;
20251210;06:02:56;-0,5;0,0;0,0;0,0;50,0;Подготовка;
20251210;06:03:01;-0,5;0,0;0,0;0,0;50,0;Подготовка;
20251210;06:03:06;-0,5;0,0;0,0;0,0;50,0;Подготовка;
20251210;06:03:11;-0,5;0,0;0,0;0,0;50,0;Подготовка;
20251210;06:03:16;-0,5;0,0;0,0;0,0;50,0;Подготовка;
20251210;06:03:21;-0,5;0,0;0,0;0,0;50,0;Подготовка;
20251210;06:03:26;-0,5;0,0;0,0;0,0;50,0;Подготовка;
20251210;06:03:31;-0,5;0,0;0,0;0,0;50,0;Подготовка;
20251210;06:03:36;-0,5;0,0;0,0;0,0;50,0;Подготовка;
20251210;06:03:41;-0,5;0,0;0,0;0,0;50,0;Подготовка;
20251210;06:03:46;-0,5;0,0;0,0;0,0;50,0;Подготовка;
20251210;06:03:51;-0,5;0,0;0,0;0,0;50,0;Подготовка;
20251210;06:03:56;-0,5;0,0;0,0;0,0;50,0;Подготовка;
20251210;06:04:01;-0,5;0,0;0,0;0,0;50,0;Подготовка;
20251210;06:04:06;-0,5;0,0;0,0;0,0;50,0;Подготовка;
20251210;06:04:11;-0,5;0,0;0,0;0,0;50,0;Подготовка;
20251210;06:04:16;-0,5;0,0;0,0;0,0;50,0;Подготовка;
20251210;06:04:21;-0,5;0,0;0,0;0,0;50,0;Подготовка;
20251210;06:04:26;-0,5;0,0;0,0;0,0;50,0;Подготовка;
20251210;06:04:31;-0,5;0,0;0,0;0,0;50,0;Подготовка;
20251210;06:04:36;-0,5;0,0;0,0;0,0;50,0;Подготовка;
20251210;06:04:42;-0,5;0,0;0,0;0,0;50,0;Подготовка;
20251210;06:04:47;-0,5;0,0;0,0;0,0;50,0;Подготовка;
20251210;06:04:52;-0,5;0,0;0,0;0,0;50,0;Подготовка;
20251210;06:04:57;-0,5;0,0;0,0;0,0;50,0;Подготовка;
20251210;06:05:02;-0,5;0,0;0,0;0,0;50,0;Подготовка;
20251210;06:05:07;-0,5;0,0;0,0;0,0;50,0;Подготовка;
20251210;06:05:12;-0,5;0,0;0,0;0,0;50,0;Подготовка;
20251210;06:05:17;-0,5;0,0;0,0;0,0;50,0;Подготовка;
20251210;06:05:22;-0,5;0,0;0,0;0,0;50,0;Подготовка;
20251210;06:05:27;-0,5;0,0;0,0;0,0;50,0;Подготовка;
20251210;06:05:32;-0,5;0,0;0,0;0,0;50,0;Подготовка;
20251210;06:05:37;-0,5;0,0;0,0;0,0;50,0;Подготовка;
20251210;06:05:42;-0,5;0,0;0,0;0,0;50,0;Подготовка;
20251210;06:05:47;-0,5;0,0;0,0;0,0;50,0;Подготовка;
20251210;06:05:52;-0,5;0,0;0,0;0,0;50,0;Подготовка;
20251210;06:05:57;-0,5;0,0;0,0;0,0;50,0;Подготовка;
20251210;06:06:02;-0,5;0,0;0,0;0,0;50,0;Подготовка;
20251210;06:06:07;-0,5;0,0;0,0;0,0;50,0;Подготовка;
20251210;06:06:12;-0,5;0,0;0,0;0,0;50,0;Подготовка;
20251210;06:06:17;-0,5;0,0;0,0;0,0;50,0;Подготовка;
20251210;06:06:22;-0,5;0,0;0,0;0,0;50,0;Подготовка;
20251210;06:06:27;-0,5;0,0;0,0;0,0;50,0;Подготовка;
20251210;06:06:32;-0,5;0,0;0,0;0,0;50,0;Подготовка;
20251210;06:06:37;-0,5;0,0;0,0;0,0;50,0;Подготовка;
20251210;06:06:42;-0,5;0,0;0,0;0,0;50,0;Подготовка;
20251210;06:06:48;-0,5;0,0;0,0;0,0;50,0;Подготовка;
20251210;06:06:53;-0,5;0,0;0,0;0,0;50,0;Подготовка;
20251210;06:06:58;-0,5;0,0;0,0;0,0;50,0;Подготовка;
20251210;06:07:03;-0,5;0,0;0,0;0,0;50,0;Подготовка;
20251210;06:07:08;-0,5;0,0;0,0;0,0;50,0;Подготовка;
20251210;06:07:13;-0,5;0,0;0,0;0,0;50,0;Подготовка;
20251210;06:07:18;-0,5;0,0;0,0;0,0;50,0;Подготовка;
20251210;06:07:23;-0,5;0,0;0,0;0,0;50,0;Подготовка;
20251210;06:07:28;-0,5;0,0;0,0;0,0;50,0;Подготовка;
20251210;06:07:33;-0,5;0,0;0,0;0,0;50,0;Подготовка;
20251210;06:07:38;-0,5;0,0;0,0;0,0;50,0;Подготовка;
20251210;06:07:43;-0,5;0,0;0,0;0,0;50,0;Подготовка;
20251210;06:07:48;-0,5;0,0;0,0;0,0;50,0;Подготовка;
20251210;06:07:53;-0,5;0,0;0,0;0,0;50,0;Подготовка;
20251210;06:07:58;-0,5;0,0;0,0;0,0;50,0;Подготовка;
20251210;06:08:03;-0,5;0,0;0,0;0,0;50,0;Подготовка;
20251210;06:08:08;-0,5;0,0;0,0;0,0;50,0;Подготовка;
20251210;06:08:13;-0,5;0,0;0,0;0,0;50,0;Подготовка;
20251210;06:08:18;-0,5;0,0;0,0;0,0;50,0;Подготовка;
20251210;06:08:23;-0,5;0,0;0,0;0,0;50,0;Подготовка;
20251210;06:08:28;-0,5;0,0;0,0;0,0;50,0;Подготовка;
20251210;06:08:33;-0,5;0,0;0,0;0,0;50,0;Подготовка;
20251210;06:08:38;-0,5;0,0;0,0;0,0;50,0;Подготовка;
20251210;06:08:43;-0,5;0,0;0,0;0,0;50,0;Подготовка;
20251210;06:08:48;-0,5;0,0;0,0;0,0;50,0;Подготовка;
20251210;06:08:54;-0,5;0,0;0,0;0,0;50,0;Подготовка;
20251210;06:08:59;-0,5;0,0;0,0;0,0;50,0;Подготовка;
20251210;06:09:04;-0,5;0,0;0,0;0,0;50,0;Подготовка;
20251210;06:09:09;-0,5;0,0;0,0;0,0;50,0;Подготовка;
20251210;06:09:14;-0,5;0,0;0,0;0,0;50,0;Подготовка;
20251210;06:09:19;-0,5;0,0;0,0;0,0;50,0;Подготовка;
20251210;06:09:24;-0,5;0,0;0,0;0,0;50,0;Подготовка;
20251210;06:09:29;-0,5;0,0;0,0;0,0;50,0;Подготовка;
20251210;06:09:34;-0,5;0,0;0,0;0,0;50,0;Подготовка;
20251210;06:09:39;-0,5;0,0;0,0;0,0;50,0;Подготовка;
20251210;06:09:44;-0,5;0,0;0,0;0,0;50,0;Подготовка;
20251210;06:09:49;-0,5;0,0;0,0;0,0;50,0;Подготовка;
20251210;06:09:54;-0,5;0,0;0,0;0,0;50,0;Подготовка;
20251210;06:09:59;-0,5;0,0;0,0;0,0;50,0;Подготовка;
20251210;06:10:04;-0,5;0,0;0,0;0,0;50,0;Подготовка;
20251210;06:10:09;-0,5;0,0;0,0;0,0;50,0;Подготовка;
20251210;06:10:14;-0,5;0,0;0,0;0,0;50,0;Подготовка;
20251210;06:10:19;-0,5;0,0;0,0;0,0;50,0;Подготовка;
20251210;06:10:24;-0,5;0,0;0,0;0,0;50,0;Подготовка;
20251210;06:10:29;-0,5;0,0;0,0;0,0;50,0;Подготовка;
20251210;06:10:34;-0,5;0,0;0,0;0,0;50,0;Подготовка;
20251210;06:10:39;-0,5;0,0;0,0;0,0;50,0;Подготовка;
20251210;06:10:44;-0,5;0,0;0,0;0,0;50,0;Подготовка;
20251210;06:10:49;-0,5;0,0;0,0;0,0;50,0;Подготовка;
20251210;06:10:54;-0,5;0,0;0,0;0,0;50,0;Подготовка;
20251210;06:11:00;-0,5;0,0;0,0;0,0;50,0;Подготовка;
20251210;06:11:05;-0,5;0,0;0,0;0,0;50,0;Подготовка;
20251210;06:11:10;-0,5;0,0;0,0;0,0;50,0;Подготовка;
20251210;06:11:15;-0,5;0,0;0,0;0,0;50,0;Подготовка;
20251210;06:11:20;-0,5;0,0;0,0;0,0;50,0;Подготовка;
20251210;06:11:25;-0,5;0,0;0,0;0,0;50,0;Подготовка;
20251210;06:11:30;-0,5;0,0;0,0;0,0;50,0;Подготовка;
20251210;06:11:35;-0,5;0,0;0,0;0,0;50,0;Подготовка;
20251210;06:11:40;-0,5;0,0;0,0;0,0;50,0;Подготовка;
20251210;06:11:45;-0,5;0,0;0,0;0,0;50,0;Подготовка;
20251210;06:11:50;-0,5;0,0;0,0;0,0;50,0;Подготовка;
20251210;06:11:55;-0,5;0,0;0,0;0,0;50,0;Подготовка;
20251210;06:12:00;-0,5;0,0;0,0;0,0;50,0;Подготовка;
20251210;06:12:05;-0,5;0,0;0,0;0,0;50,0;Подготовка;
20251210;06:12:10;-0,5;0,0;0,0;0,0;50,0;Подготовка;
20251210;06:12:15;-0,5;0,0;0,0;0,0;50,0;Подготовка;
20251210;06:12:20;-0,5;0,0;0,0;0,0;50,0;Подготовка;
20251210;06:12:25;-0,5;0,0;0,0;0,0;50,0;Подготовка;
20251210;06:12:30;-0,5;0,0;0,0;0,0;50,0;Подготовка;
20251210;06:12:35;-0,5;0,0;0,0;0,0;50,0;Подготовка;
20251210;06:12:40;-0,5;0,0;0,0;0,0;50,0;Подготовка;
20251210;06:12:45;-0,5;0,0;0,0;0,0;50,0;Подготовка;
20251210;06:12:50;-0,5;0,0;0,0;0,0;50,0;Подготовка;
20251210;06:12:55;-0,5;0,0;0,0;0,0;50,0;Подготовка;
20251210;06:13:00;-0,5;0,0;0,0;0,0;50,0;Подготовка;
20251210;06:13:06;-0,5;0,0;0,0;0,0;50,0;Подготовка;
20251210;06:13:11;-0,5;0,0;0,0;0,0;50,0;Подготовка;
20251210;06:13:16;-0,5;0,0;0,0;0,0;50,0;Подготовка;
20251210;06:13:21;-0,5;0,0;0,0;0,0;50,0;Подготовка;
20251210;06:13:26;-0,5;0,0;0,0;0,0;50,0;Подготовка;
20251210;06:13:31;-0,5;0,0;0,0;0,0;50,0;Подготовка;
20251210;06:13:36;-0,5;0,0;0,0;0,0;50,0;Подготовка;
20251210;06:13:41;-0,5;0,0;0,0;0,0;50,0;Подготовка;
20251210;06:13:46;-0,5;0,0;0,0;0,0;50,0;Подготовка;
20251210;06:13:51;-0,5;0,0;0,0;0,0;50,0;Подготовка;
20251210;06:13:56;-0,5;0,0;0,0;0,0;50,0;Подготовка;
20251210;06:14:01;-0,5;0,0;0,0;0,0;50,0;Подготовка;
20251210;06:14:06;-0,5;0,0;0,0;0,0;50,0;Подготовка;
20251210;06:14:11;-0,5;0,0;0,0;0,0;50,0;Подготовка;
20251210;06:14:16;-0,5;0,0;0,0;0,0;50,0;Подготовка;
20251210;06:14:21;-0,5;0,0;0,0;0,0;50,0;Подготовка;
20251210;06:14:26;-0,5;0,0;0,0;0,0;50,0;Подготовка;
20251210;06:14:31;-0,5;0,0;0,0;0,0;50,0;Подготовка;
20251210;06:14:36;-0,5;0,0;0,0;0,0;50,0;Подготовка;
20251210;06:14:41;-0,5;0,0;0,0;0,0;50,0;Подготовка;
20251210;06:14:46;-0,5;0,0;0,0;0,0;50,0;Подготовка;
20251210;06:14:51;-0,5;0,0;0,0;0,0;50,0;Подготовка;
20251210;06:14:56;-0,5;0,0;0,0;0,0;50,0;Подготовка;
20251210;06:15:01;-0,5;0,0;0,0;0,0;50,0;Подготовка;
20251210;06:15:06;-0,5;0,0;0,0;0,0;50,0;Подготовка;
20251210;06:15:12;-0,5;0,0;0,0;0,0;50,0;Подготовка;
20251210;06:15:17;-0,5;0,0;0,0;0,0;50,0;Подготовка;
20251210;06:15:22;-0,5;0,0;0,0;0,0;50,0;Подготовка;
20251210;06:15:27;-0,5;0,0;0,0;0,0;50,0;Подготовка;
20251210;06:15:32;-0,5;0,0;0,0;0,0;50,0;Подготовка;
20251210;06:15:37;-0,5;0,0;0,0;0,0;50,0;Подготовка;
20251210;06:15:42;-0,5;0,0;0,0;0,0;50,0;Подготовка;
20251210;06:15:47;-0,5;0,0;0,0;0,0;50,0;Подготовка;
20251210;06:15:52;-0,5;0,0;0,0;0,0;50,0;Подготовка;
20251210;06:15:57;-0,5;0,0;0,0;0,0;50,0;Подготовка;
20251210;06:16:02;-0,5;0,0;0,0;0,0;50,0;Подготовка;
20251210;06:16:07;-0,5;0,0;0,0;0,0;50,0;Подготовка;
20251210;06:16:12;-0,5;0,0;0,0;0,0;50,0;Подготовка;
20251210;06:16:17;-0,5;0,0;0,0;0,0;50,0;Подготовка;
20251210;06:16:22;-0,5;0,0;0,0;0,0;50,0;Подготовка;
20251210;06:16:27;-0,5;0,0;0,0;0,0;50,0;Подготовка;
20251210;06:16:32;-0,5;0,0;0,0;0,0;50,0;Подготовка;
20251210;06:16:37;-0,5;0,0;0,0;0,0;50,0;Подготовка;
20251210;06:16:42;-0,5;0,0;0,0;0,0;50,0;Подготовка;
20251210;06:16:47;-0,5;0,0;0,0;0,0;50,0;Подготовка;
20251210;06:16:52;-0,5;0,0;0,0;0,0;50,0;Подготовка;
20251210;06:16:57;-0,5;0,0;0,0;0,0;50,0;Подготовка;
20251210;06:17:02;-0,5;0,0;0,0;0,0;50,0;Подготовка;
20251210;06:17:07;-0,5;0,0;0,0;0,0;50,0;Подготовка;
20251210;06:17:12;-0,5;0,0;0,0;0,0;50,0;Подготовка;
20251210;06:17:18;-0,5;0,0;0,0;0,0;50,0;Подготовка;
20251210;06:17:23;-0,5;0,0;0,0;0,0;50,0;Подготовка;
20251210;06:17:28;-0,5;0,0;0,0;0,0;50,0;Подготовка;
20251210;06:17:33;-0,5;0,0;0,0;0,0;50,0;Подготовка;
20251210;06:17:38;-0,5;0,0;0,0;0,0;50,0;Подготовка;
20251210;06:17:43;-0,5;0,0;0,0;0,0;50,0;Подготовка;
20251210;06:17:48;-0,5;0,0;0,0;0,0;50,0;Подготовка;
20251210;06:17:53;-0,5;0,0;0,0;0,0;50,0;Подготовка;
20251210;06:17:58;-0,5;0,0;0,0;0,0;50,0;Подготовка;
20251210;06:18:03;-0,5;0,0;0,0;0,0;50,0;Подготовка;
20251210;06:18:08;-0,5;0,0;0,0;0,0;50,0;Подготовка;
20251210;06:18:13;-0,5;0,0;0,0;0,0;50,0;Подготовка;
20251210;06:18:18;-0,5;0,0;0,0;0,0;50,0;Подготовка;
20251210;06:18:23;-0,5;0,0;0,0;0,0;50,0;Подготовка;
20251210;06:18:28;-0,5;0,0;0,0;0,0;50,0;Подготовка;
20251210;06:18:33;-0,5;0,0;0,0;0,0;50,0;Подготовка;
20251210;06:18:38;-0,5;0,0;0,0;0,0;50,0;Подготовка;
20251210;06:18:43;-0,5;0,0;0,0;0,0;50,0;Подготовка;
20251210;06:18:48;-0,5;0,0;0,0;0,0;50,0;Подготовка;
20251210;06:18:53;-0,5;0,0;0,0;0,0;50,0;Подготовка;
20251210;06:18:58;-0,5;0,0;0,0;0,0;50,0;Подготовка;
20251210;06:19:03;-0,5;0,0;0,0;0,0;50,0;Подготовка;
20251210;06:19:08;-0,5;0,0;0,0;0,0;50,0;Подготовка;
20251210;06:19:13;-0,5;0,0;0,0;0,0;50,0;Подготовка;
20251210;06:19:18;-0,5;0,0;0,0;0,0;50,0;Подготовка;
20251210;06:19:24;-0,5;0,0;0,0;0,0;50,0;Подготовка;
20251210;06:19:29;-0,5;0,0;0,0;0,0;50,0;Подготовка;
20251210;06:19:34;-0,5;0,0;0,0;0,0;50,0;Подготовка;
20251210;06:19:39;-0,5;0,0;0,0;0,0;50,0;Подготовка;
20251210;06:19:44;-0,5;0,0;0,0;0,0;50,0;Подготовка;
20251210;06:19:49;-0,5;0,0;0,0;0,0;50,0;Подготовка;
20251210;06:19:54;-0,5;0,0;0,0;0,0;50,0;Подготовка;
20251210;06:19:59;-0,5;0,0;0,0;0,0;50,0;Подготовка;
20251210;06:20:04;-0,5;0,0;0,0;0,0;50,0;Подготовка;
20251210;06:20:09;-0,5;0,0;0,0;0,0;50,0;Подготовка;
20251210;06:20:14;-0,5;0,0;0,0;0,0;50,0;Подготовка;
20251210;06:20:19;-0,5;0,0;0,0;0,0;50,0;Подготовка;
20251210;06:20:24;-0,5;0,0;0,0;0,0;50,0;Подготовка;
20251210;06:20:29;-0,5;0,0;0,0;0,0;50,0;Подготовка;
20251210;06:20:34;-0,5;0,0;0,0;0,0;50,0;Подготовка;
20251210;06:20:39;-0,5;0,0;0,0;0,0;50,0;Подготовка;
20251210;06:20:44;-0,5;0,0;0,0;0,0;50,0;Подготовка;
20251210;06:20:49;-0,5;0,0;0,0;0,0;50,0;Подготовка;
20251210;06:20:54;-0,5;0,0;0,0;0,0;50,0;Подготовка;
20251210;06:20:59;-0,5;0,0;0,0;0,0;50,0;Подготовка;
20251210;06:21:04;-0,5;0,0;0,0;0,0;50,0;Подготовка;
20251210;06:21:09;-0,5;0,0;0,0;0,0;50,0;Подготовка;
20251210;06:21:14;-0,5;0,0;0,0;0,0;50,0;Подготовка;
20251210;06:21:19;-0,5;0,0;0,0;0,0;50,0;Подготовка;
20251210;06:21:24;-0,5;0,0;0,0;0,0;50,0;Подготовка;
20251210;06:21:30;-0,5;0,0;0,0;0,0;50,0;Подготовка;
20251210;06:21:35;-0,5;0,0;0,0;0,0;50,0;Подготовка;
20251210;06:21:40;-0,5;0,0;0,0;0,0;50,0;Подготовка;
20251210;06:21:45;-0,5;0,0;0,0;0,0;50,0;Подготовка;
20251210;06:21:50;-0,5;0,0;0,0;0,0;50,0;Подготовка;
20251210;06:21:55;-0,5;0,0;0,0;0,0;50,0;Подготовка;
20251210;06:22:00;-0,5;0,0;0,0;0,0;50,0;Подготовка;
20251210;06:22:05;-0,5;0,0;0,0;0,0;50,0;Подготовка;
20251210;06:22:10;-0,5;0,0;0,0;0,0;50,0;Подготовка;
20251210;06:22:15;-0,5;0,0;0,0;0,0;50,0;Подготовка;
20251210;06:22:20;-0,5;0,0;0,0;0,0;50,0;Подготовка;
20251210;06:22:25;-0,5;0,0;0,0;0,0;50,0;Подготовка;
20251210;06:22:30;-0,5;0,0;0,0;0,0;50,0;Подготовка;
20251210;06:22:35;-0,5;0,0;0,0;0,0;50,0;Подготовка;
20251210;06:22:40;-0,5;0,0;0,0;0,0;50,0;Подготовка;
20251210;06:22:45;-0,5;0,0;0,0;0,0;50,0;Подготовка;
20251210;06:22:50;-0,5;0,0;0,0;0,0;50,0;Подготовка;
20251210;06:22:55;-0,5;0,0;0,0;0,0;50,0;Подготовка;
20251210;06:23:00;-0,5;0,0;0,0;0,0;50,0;Подготовка;
20251210;06:23:05;-0,5;0,0;0,0;0,0;50,0;Подготовка;
20251210;06:23:10;-0,5;0,0;0,0;0,0;50,0;Подготовка;
20251210;06:23:15;-0,5;0,0;0,0;0,0;50,0;Подготовка;
20251210;06:23:20;-0,5;0,0;0,0;0,0;50,0;Подготовка;
20251210;06:23:25;-0,5;0,0;0,0;0,0;50,0;Подготовка;
20251210;06:23:30;-0,5;0,0;0,0;0,0;50,0;Подготовка;
20251210;06:23:36;-0,5;0,0;0,0;0,0;50,0;Подготовка;
20251210;06:23:41;-0,5;0,0;0,0;0,0;50,0;Подготовка;
20251210;06:23:46;-0,5;0,0;0,0;0,0;50,0;Подготовка;
20251210;06:23:51;-0,5;0,0;0,0;0,0;50,0;Подготовка;
20251210;06:23:56;-0,5;0,0;0,0;0,0;50,0;Подготовка;
20251210;06:24:01;-0,5;0,0;0,0;0,0;50,0;Подготовка;
20251210;06:24:06;-0,5;0,0;0,0;0,0;50,0;Подготовка;
20251210;06:24:11;-0,5;0,0;0,0;0,0;50,0;Подготовка;
20251210;06:24:16;-0,5;0,0;0,0;0,0;50,0;Подготовка;
20251210;06:24:21;-0,5;0,0;0,0;0,0;50,0;Подготовка;
20251210;06:24:26;-0,5;0,0;0,0;0,0;50,0;Подготовка;
20251210;06:24:31;-0,5;0,0;0,0;0,0;50,0;Подготовка;
20251210;06:24:36;-0,5;0,0;0,0;0,0;50,0;Подготовка;
20251210;06:24:41;-0,5;0,0;0,0;0,0;50,0;Подготовка;
20251210;06:24:46;-0,5;0,0;0,0;0,0;50,0;Подготовка;
20251210;06:24:51;-0,5;0,0;0,0;0,0;50,0;Подготовка;
20251210;06:24:56;-0,5;0,0;0,0;0,0;50,0;Подготовка;
20251210;06:25:01;-0,5;0,0;0,0;0,0;50,0;Подготовка;
20251210;06:25:06;-0,5;0,0;0,0;0,0;50,0;Подготовка;
20251210;06:25:11;-0,5;0,0;0,0;0,0;50,0;Подготовка;
20251210;06:25:16;-0,5;0,0;0,0;0,0;50,0;Подготовка;
20251210;06:25:21;-0,5;0,0;0,0;0,0;50,0;Подготовка;
20251210;06:25:26;-0,5;0,0;0,0;0,0;50,0;Подготовка;
20251210;06:25:31;-0,5;0,0;0,0;0,0;50,0;Подготовка;
20251210;06:25:36;-0,5;0,0;0,0;0,0;50,0;Подготовка;
20251210;06:25:42;-0,5;0,0;0,0;0,0;50,0;Подготовка;
20251210;06:25:47;-0,5;0,0;0,0;0,0;50,0;Подготовка;
20251210;06:25:52;-0,5;0,0;0,0;0,0;50,0;Подготовка;
20251210;06:25:57;-0,5;0,0;0,0;0,0;50,0;Подготовка;
20251210;06:26:02;-0,5;0,0;0,0;0,0;50,0;Подготовка;
20251210;06:26:07;-0,5;0,0;0,0;0,0;50,0;Подготовка;
20251210;06:26:12;-0,5;0,0;0,0;0,0;50,0;Подготовка;
20251210;06:26:17;-0,5;0,0;0,0;0,0;50,0;Подготовка;
20251210;06:26:22;-0,5;0,0;0,0;0,0;50,0;Подготовка;
20251210;06:26:27;-0,5;0,0;0,0;0,0;50,0;Подготовка;
20251210;06:26:32;-0,5;0,0;0,0;0,0;50,0;Подготовка;
20251210;06:26:37;-0,5;0,0;0,0;0,0;50,0;Подготовка;
20251210;06:26:42;-0,5;0,0;0,0;0,0;50,0;Подготовка;
20251210;06:26:47;-0,5;0,0;0,0;0,0;50,0;Подготовка;
20251210;06:26:52;-0,5;0,0;0,0;0,0;50,0;Подготовка;
20251210;06:26:57;-0,5;0,0;0,0;0,0;50,0;Подготовка;
20251210;06:27:02;-0,5;0,0;0,0;0,0;50,0;Подготовка;
20251210;06:27:07;-0,5;0,0;0,0;0,0;50,0;Подготовка;
20251210;06:27:12;-0,5;0,0;0,0;0,0;50,0;Подготовка;
20251210;06:27:17;-0,5;0,0;0,0;0,0;50,0;Подготовка;
20251210;06:27:22;-0,5;0,0;0,0;0,0;50,0;Подготовка;
20251210;06:27:27;-0,5;0,0;0,0;0,0;50,0;Подготовка;
20251210;06:27:32;-0,5;0,0;0,0;0,0;50,0;Подготовка;
20251210;06:27:37;-0,5;0,0;0,0;0,0;50,0;Подготовка;
20251210;06:27:42;-0,5;0,0;0,0;0,0;50,0;Подготовка;
20251210;06:27:48;-0,5;0,0;0,0;0,0;50,0;Подготовка;
20251210;06:27:53;-0,5;0,0;0,0;0,0;50,0;Подготовка;
20251210;06:27:58;-0,5;0,0;0,0;0,0;50,0;Подготовка;
20251210;06:28:03;-0,5;0,0;0,0;0,0;50,0;Подготовка;
20251210;06:28:08;-0,5;0,0;0,0;0,0;50,0;Подготовка;
20251210;06:28:13;-0,5;0,0;0,0;0,0;50,0;Подготовка;
20251210;06:28:18;-0,5;0,0;0,0;0,0;50,0;Подготовка;
20251210;06:28:23;-0,5;0,0;0,0;0,0;50,0;Подготовка;
20251210;06:28:28;-0,5;0,0;0,0;0,0;50,0;Подготовка;
20251210;06:28:33;-0,5;0,0;0,0;0,0;50,0;Подготовка;
20251210;06:28:38;-0,5;0,0;0,0;0,0;50,0;Подготовка;
20251210;06:28:43;-0,5;0,0;0,0;0,0;50,0;Подготовка;
20251210;06:28:48;-0,5;0,0;0,0;0,0;50,0;Подготовка;
20251210;06:28:53;-0,5;0,0;0,0;0,0;50,0;Подготовка;
20251210;06:28:58;-0,5;0,0;0,0;0,0;50,0;Подготовка;
20251210;06:29:03;-0,5;0,0;0,0;0,0;50,0;Подготовка;
20251210;06:29:08;-0,5;0,0;0,0;0,0;50,0;Подготовка;
20251210;06:29:13;-0,5;0,0;0,0;0,0;50,0;Подготовка;
20251210;06:29:18;-0,5;0,0;0,0;0,0;50,0;Подготовка;
20251210;06:29:23;-0,5;0,0;0,0;0,0;50,0;Подготовка;
20251210;06:29:28;-0,5;0,0;0,0;0,0;50,0;Подготовка;
20251210;06:29:33;-0,5;0,0;0,0;0,0;50,0;Подготовка;
20251210;06:29:38;-0,5;0,0;0,0;0,0;50,0;Подготовка;
20251210;06:29:43;-0,5;0,0;0,0;0,0;50,0;Подготовка;
20251210;06:29:48;-0,5;0,0;0,0;0,0;50,0;Подготовка;
20251210;06:29:54;-0,5;0,0;0,0;0,0;50,0;Подготовка;
20251210;06:29:59;-0,5;0,0;0,0;0,0;50,0;Подготовка;
20251210;06:30:04;-0,5;0,0;0,0;0,0;50,0;Подготовка;
20251210;06:30:09;-0,5;0,0;0,0;0,0;50,0;Подготовка;
20251210;06:30:14;-0,5;0,0;0,0;0,0;50,0;Подготовка;
20251210;06:30:19;-0,5;0,0;0,0;0,0;50,0;Подготовка;
20251210;06:30:24;-0,5;0,0;0,0;0,0;50,0;Подготовка;
20251210;06:30:29;-0,5;0,0;0,0;0,0;50,0;Подготовка;
20251210;06:30:34;-0,5;0,0;0,0;0,0;50,0;Подготовка;
20251210;06:30:39;-0,5;0,0;0,0;0,0;50,0;Подготовка;
20251210;06:30:44;-0,5;0,0;0,0;0,0;50,0;Подготовка;
20251210;06:30:49;-0,5;0,0;0,0;0,0;50,0;Подготовка;
20251210;06:30:54;-0,5;0,0;0,0;0,0;50,0;Подготовка;
20251210;06:30:59;-0,5;0,0;0,0;0,0;50,0;Подготовка;
20251210;06:31:04;-0,5;0,0;0,0;0,0;50,0;Подготовка;
20251210;06:31:09;-0,5;0,0;0,0;0,0;50,0;Подготовка;
20251210;06:31:14;-0,5;0,0;0,0;0,0;50,0;Подготовка;
20251210;06:31:19;-0,5;0,0;0,0;0,0;50,0;Подготовка;
20251210;06:31:24;-0,5;0,0;0,0;0,0;50,0;Подготовка;
20251210;06:31:29;-0,5;0,0;0,0;0,0;50,0;Подготовка;
20251210;06:31:34;-0,5;0,0;0,0;0,0;50,0;Подготовка;
20251210;06:31:39;-0,5;0,0;0,0;0,0;50,0;Подготовка;
20251210;06:31:44;-0,5;0,0;0,0;0,0;50,0;Подготовка;
20251210;06:31:49;-0,5;0,0;0,0;0,0;50,0;Подготовка;
20251210;06:31:54;-0,5;0,0;0,0;0,0;50,0;Подготовка;
20251210;06:32:00;-0,5;0,0;0,0;0,0;50,0;Подготовка;
20251210;06:32:05;-0,5;0,0;0,0;0,0;50,0;Подготовка;
20251210;06:32:10;-0,5;0,0;0,0;0,0;50,0;Подготовка;
20251210;06:32:15;-0,5;0,0;0,0;0,0;50,0;Подготовка;
20251210;06:32:20;-0,5;0,0;0,0;0,0;50,0;Подготовка;
20251210;06:32:25;-0,5;0,0;0,0;0,0;50,0;Подготовка;
20251210;06:32:30;-0,5;0,0;0,0;0,0;50,0;Подготовка;
20251210;06:32:35;-0,5;0,0;0,0;0,0;50,0;Подготовка;
20251210;06:32:40;-0,5;0,0;0,0;0,0;50,0;Подготовка;
20251210;06:32:45;-0,5;0,0;0,0;0,0;50,0;Подготовка;
20251210;06:32:50;-0,5;0,0;0,0;0,0;50,0;Подготовка;
20251210;06:32:55;-0,5;0,0;0,0;0,0;50,0;Подготовка;
20251210;06:33:00;-0,5;0,0;0,0;0,0;50,0;Подготовка;
20251210;06:33:05;-0,5;0,0;0,0;0,0;50,0;Подготовка;
20251210;06:33:10;-0,5;0,0;0,0;0,0;50,0;Подготовка;
20251210;06:33:15;-0,5;0,0;0,0;0,0;50,0;Подготовка;
20251210;06:33:20;-0,5;0,0;0,0;0,0;50,0;Подготовка;
20251210;06:33:25;-0,5;0,0;0,0;0,0;50,0;Подготовка;
20251210;06:33:30;-0,5;0,0;0,0;0,0;50,0;Подготовка;
20251210;06:33:35;-0,5;0,0;0,0;0,0;50,0;Подготовка;
20251210;06:33:40;-0,5;0,0;0,0;0,0;50,0;Подготовка;
20251210;06:33:45;-0,5;0,0;0,0;0,0;50,0;Подготовка;
20251210;06:33:50;-0,5;0,0;0,0;0,0;50,0;Подготовка;
20251210;06:33:55;-0,5;0,0;0,0;0,0;50,0;Подготовка;
20251210;06:34:00;-0,5;0,0;0,0;0,0;50,0;Подготовка;
20251210;06:34:06;-0,5;0,0;0,0;0,0;50,0;Подготовка;
20251210;06:34:11;-0,5;0,0;0,0;0,0;50,0;Подготовка;
20251210;06:34:16;-0,5;0,0;0,0;0,0;50,0;Подготовка;
20251210;06:34:21;-0,5;0,0;0,0;0,0;50,0;Подготовка;
20251210;06:34:26;-0,5;0,0;0,0;0,0;50,0;Подготовка;
20251210;06:34:31;-0,5;0,0;0,0;0,0;50,0;Подготовка;
20251210;06:34:36;-0,5;0,0;0,0;0,0;50,0;Подготовка;
20251210;06:34:41;-0,5;0,0;0,0;0,0;50,0;Подготовка;
20251210;06:34:46;-0,5;0,0;0,0;0,0;50,0;Подготовка;
20251210;06:34:51;-0,5;0,0;0,0;0,0;50,0;Подготовка;
20251210;06:34:56;-0,5;0,0;0,0;0,0;50,0;Подготовка;
20251210;06:35:01;-0,5;0,0;0,0;0,0;50,0;Подготовка;
20251210;06:35:06;-0,5;0,0;0,0;0,0;50,0;Подготовка;
20251210;06:35:11;-0,5;0,0;0,0;0,0;50,0;Подготовка;
20251210;06:35:16;-0,5;0,0;0,0;0,0;50,0;Подготовка;
20251210;06:35:21;-0,5;0,0;0,0;0,0;50,0;Подготовка;
20251210;06:35:26;-0,5;0,0;0,0;0,0;50,0;Подготовка;
20251210;06:35:31;-0,5;0,0;0,0;0,0;50,0;Подготовка;
20251210;06:35:36;-0,5;0,0;0,0;0,0;50,0;Подготовка;
20251210;06:35:41;-0,5;0,0;0,0;0,0;50,0;Подготовка;
20251210;06:35:46;-0,5;0,0;0,0;0,0;50,0;Подготовка;
Предприятие;
Объект;
Вид оборудования;
Дисп. наименование;
Тип;
Зав. номер;
Сер. номер;
Год выпуска;
Год ввода в эксплуатацию;
Дата отбора пробы;
Марка пробы;
Температура пробы;
DATE ;TIME ;TS_TEMP ;PROB_TEMP ;PROB_OTN_VL ;PROBE_VlAGOSOD ;SP ;STATUS ; 
20251210;06:36:03;-0,39;0,0;0,0;0,0;50,0;Включение;
20251210;06:36:08;-0,49;0,0;0,0;0,0;50,0;Включение;
20251210;06:36:13;-0,49;0,0;0,0;0,0;50,0;Подготовка;
20251210;06:36:18;-0,49;0,0;0,0;0,0;50,0;Подготовка;
20251210;06:36:23;-0,49;0,0;0,0;0,0;50,0;Подготовка;
20251210;06:36:28;-0,49;0,0;0,0;0,0;50,0;Подготовка;
20251210;06:36:33;-0,5;0,0;0,0;0,0;50,0;Подготовка;
20251210;06:36:38;-0,5;0,0;0,0;0,0;50,0;Подготовка;
20251210;06:36:43;-0,5;0,0;0,0;0,0;50,0;Подготовка;
20251210;06:36:48;-0,5;0,0;0,0;0,0;50,0;Подготовка;
20251210;06:36:53;-0,5;0,0;0,0;0,0;50,0;Подготовка;
20251210;06:36:59;-0,5;0,0;0,0;0,0;50,0;Подготовка;
20251210;06:37:04;-0,5;0,0;0,0;0,0;50,0;Подготовка;
20251210;06:37:09;-0,5;0,0;0,0;0,0;50,0;Подготовка;
20251210;06:37:14;-0,5;0,0;0,0;0,0;50,0;Подготовка;
20251210;06:37:19;-0,5;0,0;0,0;0,0;50,0;Подготовка;
20251210;06:37:24;-0,5;0,0;0,0;0,0;50,0;Подготовка;
20251210;06:37:29;-0,5;0,0;0,0;0,0;50,0;Подготовка;
20251210;06:37:34;-0,5;0,0;0,0;0,0;50,0;Подготовка;
20251210;06:37:39;-0,5;0,0;0,0;0,0;50,0;Подготовка;
20251210;06:37:44;-0,5;0,0;0,0;0,0;50,0;Подготовка;
20251210;06:37:49;-0,5;0,0;0,0;0,0;50,0;Подготовка;
20251210;06:37:54;-0,5;0,0;0,0;0,0;50,0;Подготовка;
20251210;06:37:59;-0,5;0,0;0,0;0,0;50,0;Подготовка;
20251210;06:38:04;-0,5;0,0;0,0;0,0;50,0;Подготовка;
20251210;06:38:09;-0,5;0,0;0,0;0,0;50,0;Подготовка;
20251210;06:38:14;-0,5;0,0;0,0;0,0;50,0;Подготовка;
20251210;06:38:19;-0,5;0,0;0,0;0,0;50,0;Подготовка;
20251210;06:38:24;-0,5;0,0;0,0;0,0;50,0;Подготовка;
20251210;06:38:29;-0,5;0,0;0,0;0,0;50,0;Подготовка;
20251210;06:38:34;-0,5;0,0;0,0;0,0;50,0;Подготовка;
20251210;06:38:39;-0,5;0,0;0,0;0,0;50,0;Подготовка;
20251210;06:38:44;-0,5;0,0;0,0;0,0;50,0;Подготовка;
20251210;06:38:49;-0,5;0,0;0,0;0,0;50,0;Подготовка;
20251210;06:38:54;-0,5;0,0;0,0;0,0;50,0;Подготовка;
20251210;06:38:59;-0,5;0,0;0,0;0,0;50,0;Подготовка;
20251210;06:39:05;-0,5;0,0;0,0;0,0;50,0;Подготовка;
20251210;06:39:10;-0,5;0,0;0,0;0,0;50,0;Подготовка;
20251210;06:39:15;-0,5;0,0;0,0;0,0;50,0;Подготовка;
20251210;06:39:20;-0,5;0,0;0,0;0,0;50,0;Подготовка;
20251210;06:39:25;-0,5;0,0;0,0;0,0;50,0;Подготовка;
20251210;06:39:30;-0,5;0,0;0,0;0,0;50,0;Подготовка;
20251210;06:39:35;-0,5;0,0;0,0;0,0;50,0;Подготовка;
20251210;06:39:40;-0,5;0,0;0,0;0,0;50,0;Подготовка;
20251210;06:39:45;-0,5;0,0;0,0;0,0;50,0;Подготовка;
20251210;06:39:50;-0,5;0,0;0,0;0,0;50,0;Подготовка;
20251210;06:39:55;-0,5;0,0;0,0;0,0;50,0;Подготовка;
20251210;06:40:00;-0,5;0,0;0,0;0,0;50,0;Подготовка;
20251210;06:40:05;-0,5;0,0;0,0;0,0;50,0;Подготовка;
20251210;06:40:10;-0,5;0,0;0,0;0,0;50,0;Подготовка;
20251210;06:40:15;-0,5;0,0;0,0;0,0;50,0;Подготовка;
20251210;06:40:20;-0,5;0,0;0,0;0,0;50,0;Подготовка;
20251210;06:40:25;-0,5;0,0;0,0;0,0;50,0;Подготовка;
20251210;06:40:30;-0,5;0,0;0,0;0,0;50,0;Подготовка;
20251210;06:40:35;-0,5;0,0;0,0;0,0;50,0;Подготовка;
20251210;06:40:40;-0,5;0,0;0,0;0,0;50,0;Подготовка;
20251210;06:40:45;-0,5;0,0;0,0;0,0;50,0;Подготовка;
20251210;06:40:50;-0,5;0,0;0,0;0,0;50,0;Подготовка;
20251210;06:40:55;-0,5;0,0;0,0;0,0;50,0;Подготовка;
20251210;06:41:00;-0,5;0,0;0,0;0,0;50,0;Подготовка;
20251210;06:41:05;-0,5;0,0;0,0;0,0;50,0;Подготовка;
20251210;06:41:11;-0,5;0,0;0,0;0,0;50,0;Подготовка;
20251210;06:41:16;-0,5;0,0;0,0;0,0;50,0;Подготовка;
20251210;06:41:21;-0,5;0,0;0,0;0,0;50,0;Подготовка;
20251210;06:41:26;-0,5;0,0;0,0;0,0;50,0;Подготовка;
20251210;06:41:31;-0,5;0,0;0,0;0,0;50,0;Подготовка;
20251210;06:41:36;-0,5;0,0;0,0;0,0;50,0;Подготовка;
20251210;06:41:41;-0,5;0,0;0,0;0,0;50,0;Подготовка;
20251210;06:41:46;-0,5;0,0;0,0;0,0;50,0;Подготовка;
20251210;06:41:51;-0,5;0,0;0,0;0,0;50,0;Подготовка;
20251210;06:41:56;-0,5;0,0;0,0;0,0;50,0;Подготовка;
20251210;06:42:01;-0,5;0,0;0,0;0,0;50,0;Подготовка;
20251210;06:42:06;-0,5;0,0;0,0;0,0;50,0;Подготовка;
20251210;06:42:11;-0,5;0,0;0,0;0,0;50,0;Подготовка;
20251210;06:42:16;-0,5;0,0;0,0;0,0;50,0;Подготовка;
20251210;06:42:21;-0,5;0,0;0,0;0,0;50,0;Подготовка;
20251210;06:42:26;-0,5;0,0;0,0;0,0;50,0;Подготовка;
20251210;06:42:31;-0,5;0,0;0,0;0,0;50,0;Подготовка;
20251210;06:42:36;-0,5;0,0;0,0;0,0;50,0;Подготовка;
20251210;06:42:41;-0,5;0,0;0,0;0,0;50,0;Подготовка;
20251210;06:42:46;-0,5;0,0;0,0;0,0;50,0;Подготовка;
20251210;06:42:51;-0,5;0,0;0,0;0,0;50,0;Подготовка;
20251210;06:42:56;-0,5;0,0;0,0;0,0;50,0;Подготовка;
20251210;06:43:01;-0,5;0,0;0,0;0,0;50,0;Подготовка;
20251210;06:43:06;-0,5;0,0;0,0;0,0;50,0;Подготовка;
20251210;06:43:11;-0,5;0,0;0,0;0,0;50,0;Подготовка;
20251210;06:43:17;-0,5;0,0;0,0;0,0;50,0;Подготовка;
20251210;06:43:22;-0,5;0,0;0,0;0,0;50,0;Подготовка;
20251210;06:43:27;-0,5;0,0;0,0;0,0;50,0;Подготовка;
20251210;06:43:32;-0,5;0,0;0,0;0,0;50,0;Подготовка;
20251210;06:43:37;-0,5;0,0;0,0;0,0;50,0;Подготовка;
20251210;06:43:42;-0,5;0,0;0,0;0,0;50,0;Подготовка;
20251210;06:43:47;-0,5;0,0;0,0;0,0;50,0;Подготовка;
20251210;06:43:52;-0,5;0,0;0,0;0,0;50,0;Подготовка;
20251210;06:43:57;-0,5;0,0;0,0;0,0;50,0;Подготовка;
20251210;06:44:02;-0,5;0,0;0,0;0,0;50,0;Подготовка;
20251210;06:44:07;-0,5;0,0;0,0;0,0;50,0;Подготовка;
20251210;06:44:12;-0,5;0,0;0,0;0,0;50,0;Подготовка;
20251210;06:44:17;-0,5;0,0;0,0;0,0;50,0;Подготовка;
20251210;06:44:22;-0,5;0,0;0,0;0,0;50,0;Подготовка;
20251210;06:44:27;-0,5;0,0;0,0;0,0;50,0;Подготовка;
20251210;06:44:32;-0,5;0,0;0,0;0,0;50,0;Подготовка;
20251210;06:44:37;-0,5;0,0;0,0;0,0;50,0;Подготовка;
20251210;06:44:42;-0,5;0,0;0,0;0,0;50,0;Подготовка;
20251210;06:44:47;-0,5;0,0;0,0;0,0;50,0;Подготовка;
20251210;06:44:52;-0,5;0,0;0,0;0,0;50,0;Подготовка;
20251210;06:44:57;-0,5;0,0;0,0;0,0;50,0;Подготовка;
20251210;06:45:02;-0,5;0,0;0,0;0,0;50,0;Подготовка;
20251210;06:45:07;-0,5;0,0;0,0;0,0;50,0;Подготовка;
20251210;06:45:12;-0,5;0,0;0,0;0,0;50,0;Подготовка;
20251210;06:45:17;-0,5;0,0;0,0;0,0;50,0;Подготовка;
20251210;06:45:23;-0,5;0,0;0,0;0,0;50,0;Подготовка;
20251210;06:45:28;-0,5;0,0;0,0;0,0;50,0;Подготовка;
20251210;06:45:33;-0,5;0,0;0,0;0,0;50,0;Подготовка;
20251210;06:45:38;-0,5;0,0;0,0;0,0;50,0;Подготовка;
20251210;06:45:43;-0,5;0,0;0,0;0,0;50,0;Подготовка;
20251210;06:45:48;-0,5;0,0;0,0;0,0;50,0;Подготовка;
20251210;06:45:53;-0,5;0,0;0,0;0,0;50,0;Подготовка;
20251210;06:45:58;-0,5;0,0;0,0;0,0;50,0;Подготовка;
20251210;06:46:03;-0,5;0,0;0,0;0,0;50,0;Подготовка;
20251210;06:46:08;-0,5;0,0;0,0;0,0;50,0;Подготовка;
20251210;06:46:13;-0,5;0,0;0,0;0,0;50,0;Подготовка;
20251210;06:46:18;-0,5;0,0;0,0;0,0;50,0;Подготовка;
20251210;06:46:23;-0,5;0,0;0,0;0,0;50,0;Подготовка;
20251210;06:46:28;-0,5;0,0;0,0;0,0;50,0;Подготовка;
20251210;06:46:33;-0,5;0,0;0,0;0,0;50,0;Подготовка;
20251210;06:46:38;-0,5;0,0;0,0;0,0;50,0;Подготовка;
20251210;06:46:43;-0,5;0,0;0,0;0,0;50,0;Подготовка;
20251210;06:46:48;-0,5;0,0;0,0;0,0;50,0;Подготовка;
20251210;06:46:53;-0,5;0,0;0,0;0,0;50,0;Подготовка;
20251210;06:46:58;-0,5;0,0;0,0;0,0;50,0;Подготовка;
20251210;06:47:03;-0,5;0,0;0,0;0,0;50,0;Подготовка;
20251210;06:47:08;-0,5;0,0;0,0;0,0;50,0;Подготовка;
20251210;06:47:13;-0,5;0,0;0,0;0,0;50,0;Подготовка;
20251210;06:47:18;-0,5;0,0;0,0;0,0;50,0;Подготовка;
20251210;06:47:23;-0,5;0,0;0,0;0,0;50,0;Подготовка;
20251210;06:47:29;-0,5;0,0;0,0;0,0;50,0;Подготовка;
20251210;06:47:34;-0,5;0,0;0,0;0,0;50,0;Подготовка;
20251210;06:47:39;-0,5;0,0;0,0;0,0;50,0;Подготовка;
20251210;06:47:44;-0,5;0,0;0,0;0,0;50,0;Подготовка;
20251210;06:47:49;-0,5;0,0;0,0;0,0;50,0;Подготовка;
20251210;06:47:54;-0,5;0,0;0,0;0,0;50,0;Подготовка;
20251210;06:47:59;-0,5;0,0;0,0;0,0;50,0;Подготовка;
20251210;06:48:04;-0,5;0,0;0,0;0,0;50,0;Подготовка;
20251210;06:48:09;-0,5;0,0;0,0;0,0;50,0;Подготовка;
20251210;06:48:14;-0,5;0,0;0,0;0,0;50,0;Подготовка;
20251210;06:48:19;-0,5;0,0;0,0;0,0;50,0;Подготовка;
20251210;06:48:24;-0,5;0,0;0,0;0,0;50,0;Подготовка;
20251210;06:48:29;-0,5;0,0;0,0;0,0;50,0;Подготовка;
20251210;06:48:34;-0,5;0,0;0,0;0,0;50,0;Подготовка;
20251210;06:48:39;-0,5;0,0;0,0;0,0;50,0;Подготовка;
20251210;06:48:44;-0,5;0,0;0,0;0,0;50,0;Подготовка;
20251210;06:48:49;-0,5;0,0;0,0;0,0;50,0;Подготовка;
20251210;06:48:54;-0,5;0,0;0,0;0,0;50,0;Подготовка;
20251210;06:48:59;-0,5;0,0;0,0;0,0;50,0;Подготовка;
20251210;06:49:04;-0,5;0,0;0,0;0,0;50,0;Подготовка;
20251210;06:49:09;-0,5;0,0;0,0;0,0;50,0;Подготовка;
20251210;06:49:14;-0,5;0,0;0,0;0,0;50,0;Подготовка;
20251210;06:49:19;-0,5;0,0;0,0;0,0;50,0;Подготовка;
20251210;06:49:24;-0,5;0,0;0,0;0,0;50,0;Подготовка;
20251210;06:49:29;-0,5;0,0;0,0;0,0;50,0;Подготовка;
20251210;06:49:35;-0,5;0,0;0,0;0,0;50,0;Подготовка;
20251210;06:49:40;-0,5;0,0;0,0;0,0;50,0;Подготовка;
20251210;06:49:45;-0,5;0,0;0,0;0,0;50,0;Подготовка;
20251210;06:49:50;-0,5;0,0;0,0;0,0;50,0;Подготовка;
20251210;06:49:55;-0,5;0,0;0,0;0,0;50,0;Подготовка;
20251210;06:50:00;-0,5;0,0;0,0;0,0;50,0;Подготовка;
20251210;06:50:05;-0,5;0,0;0,0;0,0;50,0;Подготовка;
20251210;06:50:10;-0,5;0,0;0,0;0,0;50,0;Подготовка;
20251210;06:50:15;-0,5;0,0;0,0;0,0;50,0;Подготовка;
20251210;06:50:20;-0,5;0,0;0,0;0,0;50,0;Подготовка;
20251210;06:50:25;-0,5;0,0;0,0;0,0;50,0;Подготовка;
20251210;06:50:30;-0,5;0,0;0,0;0,0;50,0;Подготовка;
20251210;06:50:35;-0,5;0,0;0,0;0,0;50,0;Подготовка;
20251210;06:50:40;-0,5;0,0;0,0;0,0;50,0;Подготовка;
20251210;06:50:45;-0,5;0,0;0,0;0,0;50,0;Подготовка;
20251210;06:50:50;-0,5;0,0;0,0;0,0;50,0;Подготовка;
20251210;06:50:55;-0,5;0,0;0,0;0,0;50,0;Подготовка;
20251210;06:51:00;-0,5;0,0;0,0;0,0;50,0;Подготовка;
20251210;06:51:05;-0,5;0,0;0,0;0,0;50,0;Подготовка;
20251210;06:51:10;-0,5;0,0;0,0;0,0;50,0;Подготовка;
20251210;06:51:15;-0,5;0,0;0,0;0,0;50,0;Подготовка;
20251210;06:51:20;-0,5;0,0;0,0;0,0;50,0;Подготовка;
20251210;06:51:25;-0,5;0,0;0,0;0,0;50,0;Подготовка;
20251210;06:51:30;-0,5;0,0;0,0;0,0;50,0;Подготовка;
20251210;06:51:35;-0,5;0,0;0,0;0,0;50,0;Подготовка;
20251210;06:51:41;-0,5;0,0;0,0;0,0;50,0;Подготовка;
20251210;06:51:46;-0,5;0,0;0,0;0,0;50,0;Подготовка;
20251210;06:51:51;-0,5;0,0;0,0;0,0;50,0;Подготовка;
20251210;06:51:56;-0,5;0,0;0,0;0,0;50,0;Подготовка;
20251210;06:52:01;-0,5;0,0;0,0;0,0;50,0;Подготовка;
20251210;06:52:06;-0,5;0,0;0,0;0,0;50,0;Подготовка;
20251210;06:52:11;-0,5;0,0;0,0;0,0;50,0;Подготовка;
20251210;06:52:16;-0,5;0,0;0,0;0,0;50,0;Подготовка;
20251210;06:52:21;-0,5;0,0;0,0;0,0;50,0;Подготовка;
20251210;06:52:26;-0,5;0,0;0,0;0,0;50,0;Подготовка;
20251210;06:52:31;-0,5;0,0;0,0;0,0;50,0;Подготовка;
20251210;06:52:36;-0,5;0,0;0,0;0,0;50,0;Подготовка;
20251210;06:52:41;-0,5;0,0;0,0;0,0;50,0;Подготовка;
20251210;06:52:46;-0,5;0,0;0,0;0,0;50,0;Подготовка;
20251210;06:52:51;-0,5;0,0;0,0;0,0;50,0;Подготовка;
20251210;06:52:56;-0,5;0,0;0,0;0,0;50,0;Подготовка;
20251210;06:53:01;-0,5;0,0;0,0;0,0;50,0;Подготовка;
20251210;06:53:06;-0,5;0,0;0,0;0,0;50,0;Подготовка;
20251210;06:53:11;-0,5;0,0;0,0;0,0;50,0;Подготовка;
20251210;06:53:16;-0,5;0,0;0,0;0,0;50,0;Подготовка;
20251210;06:53:21;-0,5;0,0;0,0;0,0;50,0;Подготовка;
20251210;06:53:26;-0,5;0,0;0,0;0,0;50,0;Подготовка;
20251210;06:53:31;-0,5;0,0;0,0;0,0;50,0;Подготовка;
20251210;06:53:36;-0,5;0,0;0,0;0,0;50,0;Подготовка;
20251210;06:53:41;-0,5;0,0;0,0;0,0;50,0;Подготовка;
20251210;06:53:47;-0,5;0,0;0,0;0,0;50,0;Подготовка;
20251210;06:53:52;-0,5;0,0;0,0;0,0;50,0;Подготовка;
20251210;06:53:57;-0,5;0,0;0,0;0,0;50,0;Подготовка;
20251210;06:54:02;-0,5;0,0;0,0;0,0;50,0;Подготовка;
20251210;06:54:07;-0,5;0,0;0,0;0,0;50,0;Подготовка;
20251210;06:54:12;-0,5;0,0;0,0;0,0;50,0;Подготовка;
20251210;06:54:17;-0,5;0,0;0,0;0,0;50,0;Подготовка;
20251210;06:54:22;-0,5;0,0;0,0;0,0;50,0;Подготовка;
20251210;06:54:27;-0,5;0,0;0,0;0,0;50,0;Подготовка;
20251210;06:54:32;-0,5;0,0;0,0;0,0;50,0;Подготовка;
20251210;06:54:37;-0,5;0,0;0,0;0,0;50,0;Подготовка;
20251210;06:54:42;-0,5;0,0;0,0;0,0;50,0;Подготовка;
20251210;06:54:47;-0,5;0,0;0,0;0,0;50,0;Подготовка;
20251210;06:54:52;-0,5;0,0;0,0;0,0;50,0;Подготовка;
20251210;06:54:57;-0,5;0,0;0,0;0,0;50,0;Подготовка;
20251210;06:55:02;-0,5;0,0;0,0;0,0;50,0;Подготовка;
20251210;06:55:07;-0,5;0,0;0,0;0,0;50,0;Подготовка;
20251210;06:55:12;-0,5;0,0;0,0;0,0;50,0;Подготовка;
20251210;06:55:17;-0,5;0,0;0,0;0,0;50,0;Подготовка;
20251210;06:55:22;-0,5;0,0;0,0;0,0;50,0;Подготовка;
20251210;06:55:27;-0,5;0,0;0,0;0,0;50,0;Подготовка;
20251210;06:55:32;-0,5;0,0;0,0;0,0;50,0;Подготовка;
20251210;06:55:37;-0,5;0,0;0,0;0,0;50,0;Подготовка;
20251210;06:55:42;-0,5;0,0;0,0;0,0;50,0;Подготовка;
20251210;06:55:47;-0,5;0,0;0,0;0,0;50,0;Подготовка;
20251210;06:55:53;-0,5;0,0;0,0;0,0;50,0;Подготовка;
20251210;06:55:58;-0,5;0,0;0,0;0,0;50,0;Подготовка;
20251210;06:56:03;-0,5;0,0;0,0;0,0;50,0;Подготовка;
20251210;06:56:08;-0,5;0,0;0,0;0,0;50,0;Подготовка;
20251210;06:56:13;-0,5;0,0;0,0;0,0;50,0;Подготовка;
20251210;06:56:18;-0,5;0,0;0,0;0,0;50,0;Подготовка;
20251210;06:56:23;-0,5;0,0;0,0;0,0;50,0;Подготовка;
20251210;06:56:28;-0,5;0,0;0,0;0,0;50,0;Подготовка;
20251210;06:56:33;-0,5;0,0;0,0;0,0;50,0;Подготовка;
20251210;06:56:38;-0,5;0,0;0,0;0,0;50,0;Подготовка;
20251210;06:56:43;-0,5;0,0;0,0;0,0;50,0;Подготовка;
20251210;06:56:48;-0,5;0,0;0,0;0,0;50,0;Подготовка;
20251210;06:56:53;-0,5;0,0;0,0;0,0;50,0;Подготовка;
20251210;06:56:58;-0,5;0,0;0,0;0,0;50,0;Подготовка;
20251210;06:57:03;-0,5;0,0;0,0;0,0;50,0;Подготовка;
20251210;06:57:08;-0,5;0,0;0,0;0,0;50,0;Подготовка;
20251210;06:57:13;-0,5;0,0;0,0;0,0;50,0;Подготовка;
20251210;06:57:18;-0,5;0,0;0,0;0,0;50,0;Подготовка;
20251210;06:57:23;-0,5;0,0;0,0;0,0;50,0;Подготовка;
20251210;06:57:28;-0,5;0,0;0,0;0,0;50,0;Подготовка;
20251210;06:57:33;-0,5;0,0;0,0;0,0;50,0;Подготовка;
20251210;06:57:38;-0,5;0,0;0,0;0,0;50,0;Подготовка;
20251210;06:57:43;-0,5;0,0;0,0;0,0;50,0;Подготовка;
20251210;06:57:48;-0,5;0,0;0,0;0,0;50,0;Подготовка;
20251210;06:57:53;-0,5;0,0;0,0;0,0;50,0;Подготовка;
20251210;06:57:59;-0,5;0,0;0,0;0,0;50,0;Подготовка;
20251210;06:58:04;-0,5;0,0;0,0;0,0;50,0;Подготовка;
20251210;06:58:09;-0,5;0,0;0,0;0,0;50,0;Подготовка;
20251210;06:58:14;-0,5;0,0;0,0;0,0;50,0;Подготовка;
20251210;06:58:19;-0,5;0,0;0,0;0,0;50,0;Подготовка;
20251210;06:58:24;-0,5;0,0;0,0;0,0;50,0;Подготовка;
20251210;06:58:29;-0,5;0,0;0,0;0,0;50,0;Подготовка;
20251210;06:58:34;-0,5;0,0;0,0;0,0;50,0;Подготовка;
20251210;06:58:39;-0,5;0,0;0,0;0,0;50,0;Подготовка;
20251210;06:58:44;-0,5;0,0;0,0;0,0;50,0;Подготовка;
20251210;06:58:49;-0,5;0,0;0,0;0,0;50,0;Подготовка;
20251210;06:58:54;-0,5;0,0;0,0;0,0;50,0;Подготовка;
20251210;06:58:59;-0,5;0,0;0,0;0,0;50,0;Подготовка;
20251210;06:59:04;-0,5;0,0;0,0;0,0;50,0;Подготовка;
20251210;06:59:09;-0,5;0,0;0,0;0,0;50,0;Подготовка;
20251210;06:59:14;-0,5;0,0;0,0;0,0;50,0;Подготовка;
20251210;06:59:19;-0,5;0,0;0,0;0,0;50,0;Подготовка;
20251210;06:59:24;-0,5;0,0;0,0;0,0;50,0;Подготовка;
20251210;06:59:29;-0,5;0,0;0,0;0,0;50,0;Подготовка;
20251210;06:59:34;-0,5;0,0;0,0;0,0;50,0;Подготовка;
20251210;06:59:39;-0,5;0,0;0,0;0,0;50,0;Подготовка;
20251210;06:59:44;-0,5;0,0;0,0;0,0;50,0;Подготовка;
20251210;06:59:49;-0,5;0,0;0,0;0,0;50,0;Подготовка;
20251210;06:59:54;-0,5;0,0;0,0;0,0;50,0;Подготовка;
20251210;06:59:59;-0,5;0,0;0,0;0,0;50,0;Подготовка;
20251210;07:00:05;-0,5;0,0;0,0;0,0;50,0;Подготовка;
20251210;07:00:10;-0,5;0,0;0,0;0,0;50,0;Подготовка;
20251210;07:00:15;-0,5;0,0;0,0;0,0;50,0;Подготовка;
20251210;07:00:20;-0,5;0,0;0,0;0,0;50,0;Подготовка;
20251210;07:00:25;-0,5;0,0;0,0;0,0;50,0;Подготовка;
20251210;07:00:30;-0,5;0,0;0,0;0,0;50,0;Подготовка;
20251210;07:00:35;-0,5;0,0;0,0;0,0;50,0;Подготовка;
20251210;07:00:40;-0,5;0,0;0,0;0,0;50,0;Подготовка;
20251210;07:00:45;-0,5;0,0;0,0;0,0;50,0;Подготовка;
20251210;07:00:50;-0,5;0,0;0,0;0,0;50,0;Подготовка;
20251210;07:00:55;-0,5;0,0;0,0;0,0;50,0;Подготовка;
20251210;07:01:00;-0,5;0,0;0,0;0,0;50,0;Подготовка;
20251210;07:01:05;-0,5;0,0;0,0;0,0;50,0;Подготовка;
20251210;07:01:10;-0,5;0,0;0,0;0,0;50,0;Подготовка;
20251210;07:01:15;-0,5;0,0;0,0;0,0;50,0;Подготовка;
20251210;07:01:20;-0,5;0,0;0,0;0,0;50,0;Подготовка;
20251210;07:01:25;-0,5;0,0;0,0;0,0;50,0;Подготовка;
20251210;07:01:30;-0,5;0,0;0,0;0,0;50,0;Подготовка;
20251210;07:01:35;-0,5;0,0;0,0;0,0;50,0;Подготовка;
20251210;07:01:40;-0,5;0,0;0,0;0,0;50,0;Подготовка;
20251210;07:01:45;-0,5;0,0;0,0;0,0;50,0;Подготовка;
20251210;07:01:50;-0,5;0,0;0,0;0,0;50,0;Подготовка;
20251210;07:01:55;-0,5;0,0;0,0;0,0;50,0;Подготовка;
20251210;07:02:00;-0,5;0,0;0,0;0,0;50,0;Подготовка;
20251210;07:02:05;-0,5;0,0;0,0;0,0;50,0;Подготовка;
20251210;07:02:11;-0,5;0,0;0,0;0,0;50,0;Подготовка;
20251210;07:02:16;-0,5;0,0;0,0;0,0;50,0;Подготовка;
20251210;07:02:21;-0,5;0,0;0,0;0,0;50,0;Подготовка;
20251210;07:02:26;-0,5;0,0;0,0;0,0;50,0;Подготовка;
20251210;07:02:31;-0,5;0,0;0,0;0,0;50,0;Подготовка;
20251210;07:02:36;-0,5;0,0;0,0;0,0;50,0;Подготовка;
20251210;07:02:41;-0,5;0,0;0,0;0,0;50,0;Подготовка;
20251210;07:02:46;-0,5;0,0;0,0;0,0;50,0;Подготовка;
20251210;07:02:51;-0,5;0,0;0,0;0,0;50,0;Подготовка;
20251210;07:02:56;-0,5;0,0;0,0;0,0;50,0;Подготовка;
20251210;07:03:01;-0,5;0,0;0,0;0,0;50,0;Подготовка;
20251210;07:03:06;-0,5;0,0;0,0;0,0;50,0;Подготовка;
20251210;07:03:11;-0,5;0,0;0,0;0,0;50,0;Подготовка;
20251210;07:03:16;-0,5;0,0;0,0;0,0;50,0;Подготовка;
20251210;07:03:21;-0,5;0,0;0,0;0,0;50,0;Подготовка;
20251210;07:03:26;-0,5;0,0;0,0;0,0;50,0;Подготовка;
20251210;07:03:31;-0,5;0,0;0,0;0,0;50,0;Подготовка;
20251210;07:03:36;-0,5;0,0;0,0;0,0;50,0;Подготовка;
20251210;07:03:41;-0,5;0,0;0,0;0,0;50,0;Подготовка;
20251210;07:03:46;-0,5;0,0;0,0;0,0;50,0;Подготовка;
20251210;07:03:51;-0,5;0,0;0,0;0,0;50,0;Подготовка;
20251210;07:03:56;-0,5;0,0;0,0;0,0;50,0;Подготовка;
20251210;07:04:01;-0,5;0,0;0,0;0,0;50,0;Подготовка;
20251210;07:04:06;-0,5;0,0;0,0;0,0;50,0;Подготовка;
20251210;07:04:11;-0,5;0,0;0,0;0,0;50,0;Подготовка;
20251210;07:04:17;-0,5;0,0;0,0;0,0;50,0;Подготовка;
20251210;07:04:22;-0,5;0,0;0,0;0,0;50,0;Подготовка;
20251210;07:04:27;-0,5;0,0;0,0;0,0;50,0;Подготовка;
20251210;07:04:32;-0,5;0,0;0,0;0,0;50,0;Подготовка;
20251210;07:04:37;-0,5;0,0;0,0;0,0;50,0;Подготовка;
20251210;07:04:42;-0,5;0,0;0,0;0,0;50,0;Подготовка;
20251210;07:04:47;-0,5;0,0;0,0;0,0;50,0;Подготовка;
20251210;07:04:52;-0,5;0,0;0,0;0,0;50,0;Подготовка;
20251210;07:04:57;-0,5;0,0;0,0;0,0;50,0;Подготовка;
20251210;07:05:02;-0,5;0,0;0,0;0,0;50,0;Подготовка;
20251210;07:05:07;-0,5;0,0;0,0;0,0;50,0;Подготовка;
20251210;07:05:12;-0,5;0,0;0,0;0,0;50,0;Подготовка;
20251210;07:05:17;-0,5;0,0;0,0;0,0;50,0;Подготовка;
20251210;07:05:22;-0,5;0,0;0,0;0,0;50,0;Подготовка;
20251210;07:05:27;-0,5;0,0;0,0;0,0;50,0;Подготовка;
20251210;07:05:32;-0,5;0,0;0,0;0,0;50,0;Подготовка;
20251210;07:05:37;-0,5;0,0;0,0;0,0;50,0;Подготовка;
20251210;07:05:42;-0,5;0,0;0,0;0,0;50,0;Подготовка;
20251210;07:05:47;-0,5;0,0;0,0;0,0;50,0;Подготовка;
20251210;07:05:52;-0,5;0,0;0,0;0,0;50,0;Подготовка;
20251210;07:05:57;-0,5;0,0;0,0;0,0;50,0;Подготовка;
20251210;07:06:02;-0,5;0,0;0,0;0,0;50,0;Подготовка;
20251210;07:06:07;-0,5;0,0;0,0;0,0;50,0;Подготовка;
20251210;07:06:12;-0,5;0,0;0,0;0,0;50,0;Подготовка;
20251210;07:06:17;-0,5;0,0;0,0;0,0;50,0;Подготовка;
20251210;07:06:23;-0,5;0,0;0,0;0,0;50,0;Подготовка;
20251210;07:06:28;-0,5;0,0;0,0;0,0;50,0;Подготовка;
20251210;07:06:33;-0,5;0,0;0,0;0,0;50,0;Подготовка;
20251210;07:06:38;-0,5;0,0;0,0;0,0;50,0;Подготовка;
20251210;07:06:43;-0,5;0,0;0,0;0,0;50,0;Подготовка;
20251210;07:06:48;-0,5;0,0;0,0;0,0;50,0;Подготовка;
20251210;07:06:53;-0,5;0,0;0,0;0,0;50,0;Подготовка;
20251210;07:06:58;-0,5;0,0;0,0;0,0;50,0;Подготовка;
20251210;07:07:03;-0,5;0,0;0,0;0,0;50,0;Подготовка;
20251210;07:07:08;-0,5;0,0;0,0;0,0;50,0;Подготовка;
20251210;07:07:13;-0,5;0,0;0,0;0,0;50,0;Подготовка;
20251210;07:07:18;-0,5;0,0;0,0;0,0;50,0;Подготовка;
20251210;07:07:23;-0,5;0,0;0,0;0,0;50,0;Подготовка;
20251210;07:07:28;-0,5;0,0;0,0;0,0;50,0;Подготовка;
20251210;07:07:33;-0,5;0,0;0,0;0,0;50,0;Подготовка;
20251210;07:07:38;-0,5;0,0;0,0;0,0;50,0;Подготовка;
20251210;07:07:43;-0,5;0,0;0,0;0,0;50,0;Подготовка;
20251210;07:07:48;-0,5;0,0;0,0;0,0;50,0;Подготовка;
20251210;07:07:53;-0,5;0,0;0,0;0,0;50,0;Подготовка;
20251210;07:07:58;-0,5;0,0;0,0;0,0;50,0;Подготовка;
20251210;07:08:03;-0,5;0,0;0,0;0,0;50,0;Подготовка;
20251210;07:08:08;-0,5;0,0;0,0;0,0;50,0;Подготовка;
20251210;07:08:13;-0,5;0,0;0,0;0,0;50,0;Подготовка;
20251210;07:08:18;-0,5;0,0;0,0;0,0;50,0;Подготовка;
20251210;07:08:23;-0,5;0,0;0,0;0,0;50,0;Подготовка;
20251210;07:08:29;-0,5;0,0;0,0;0,0;50,0;Подготовка;
20251210;07:08:34;-0,5;0,0;0,0;0,0;50,0;Подготовка;
20251210;07:08:39;-0,5;0,0;0,0;0,0;50,0;Подготовка;
20251210;07:08:44;-0,5;0,0;0,0;0,0;50,0;Подготовка;
20251210;07:08:49;-0,5;0,0;0,0;0,0;50,0;Подготовка;
20251210;07:08:54;-0,5;0,0;0,0;0,0;50,0;Подготовка;
20251210;07:08:59;-0,5;0,0;0,0;0,0;50,0;Подготовка;
20251210;07:09:04;-0,5;0,0;0,0;0,0;50,0;Подготовка;
20251210;07:09:09;-0,5;0,0;0,0;0,0;50,0;Подготовка;
20251210;07:09:14;-0,5;0,0;0,0;0,0;50,0;Подготовка;
20251210;07:09:19;-0,5;0,0;0,0;0,0;50,0;Подготовка;
20251210;07:09:24;-0,5;0,0;0,0;0,0;50,0;Подготовка;
20251210;07:09:29;-0,5;0,0;0,0;0,0;50,0;Подготовка;
20251210;07:09:34;-0,5;0,0;0,0;0,0;50,0;Подготовка;
20251210;07:09:39;-0,5;0,0;0,0;0,0;50,0;Подготовка;
20251210;07:09:44;-0,5;0,0;0,0;0,0;50,0;Подготовка;
20251210;07:09:49;-0,5;0,0;0,0;0,0;50,0;Подготовка;
20251210;07:09:54;-0,5;0,0;0,0;0,0;50,0;Подготовка;
20251210;07:09:59;-0,5;0,0;0,0;0,0;50,0;Подготовка;
20251210;07:10:04;-0,5;0,0;0,0;0,0;50,0;Подготовка;
20251210;07:10:09;-0,5;0,0;0,0;0,0;50,0;Подготовка;
20251210;07:10:14;-0,5;0,0;0,0;0,0;50,0;Подготовка;
20251210;07:10:19;-0,5;0,0;0,0;0,0;50,0;Подготовка;
20251210;07:10:24;-0,5;0,0;0,0;0,0;50,0;Подготовка;
20251210;07:10:29;-0,5;0,0;0,0;0,0;50,0;Подготовка;
20251210;07:10:35;-0,5;0,0;0,0;0,0;50,0;Подготовка;
20251210;07:10:40;-0,5;0,0;0,0;0,0;50,0;Подготовка;
20251210;07:10:45;-0,5;0,0;0,0;0,0;50,0;Подготовка;
20251210;07:10:50;-0,5;0,0;0,0;0,0;50,0;Подготовка;
20251210;07:10:55;-0,5;0,0;0,0;0,0;50,0;Подготовка;
20251210;07:11:00;-0,5;0,0;0,0;0,0;50,0;Подготовка;
20251210;07:11:05;-0,5;0,0;0,0;0,0;50,0;Подготовка;
20251210;07:11:10;-0,5;0,0;0,0;0,0;50,0;Подготовка;
20251210;07:11:15;-0,5;0,0;0,0;0,0;50,0;Подготовка;
20251210;07:11:20;-0,5;0,0;0,0;0,0;50,0;Подготовка;
20251210;07:11:25;-0,5;0,0;0,0;0,0;50,0;Подготовка;
20251210;07:11:30;-0,5;0,0;0,0;0,0;50,0;Подготовка;
20251210;07:11:35;-0,5;0,0;0,0;0,0;50,0;Подготовка;
20251210;07:11:40;-0,5;0,0;0,0;0,0;50,0;Подготовка;
20251210;07:11:45;-0,5;0,0;0,0;0,0;50,0;Подготовка;
20251210;07:11:50;-0,5;0,0;0,0;0,0;50,0;Подготовка;
20251210;07:11:55;-0,5;0,0;0,0;0,0;50,0;Подготовка;
20251210;07:12:00;-0,5;0,0;0,0;0,0;50,0;Подготовка;
20251210;07:12:05;-0,5;0,0;0,0;0,0;50,0;Подготовка;
20251210;07:12:10;-0,5;0,0;0,0;0,0;50,0;Подготовка;
20251210;07:12:15;-0,5;0,0;0,0;0,0;50,0;Подготовка;
20251210;07:12:20;-0,5;0,0;0,0;0,0;50,0;Подготовка;
20251210;07:12:25;-0,5;0,0;0,0;0,0;50,0;Подготовка;
20251210;07:12:30;-0,5;0,0;0,0;0,0;50,0;Подготовка;
20251210;07:12:35;-0,5;0,0;0,0;0,0;50,0;Подготовка;
20251210;07:12:41;-0,5;0,0;0,0;0,0;50,0;Подготовка;
20251210;07:12:46;-0,5;0,0;0,0;0,0;50,0;Подготовка;
20251210;07:12:51;-0,5;0,0;0,0;0,0;50,0;Подготовка;
20251210;07:12:56;-0,5;0,0;0,0;0,0;50,0;Подготовка;
20251210;07:13:01;-0,5;0,0;0,0;0,0;50,0;Подготовка;
20251210;07:13:06;-0,5;0,0;0,0;0,0;50,0;Подготовка;
20251210;07:13:11;-0,5;0,0;0,0;0,0;50,0;Подготовка;
20251210;07:13:16;-0,5;0,0;0,0;0,0;50,0;Подготовка;
20251210;07:13:21;-0,5;0,0;0,0;0,0;50,0;Подготовка;
20251210;07:13:26;-0,5;0,0;0,0;0,0;50,0;Подготовка;
20251210;07:13:31;-0,5;0,0;0,0;0,0;50,0;Подготовка;
20251210;07:13:36;-0,5;0,0;0,0;0,0;50,0;Подготовка;
20251210;07:13:41;-0,5;0,0;0,0;0,0;50,0;Подготовка;
20251210;07:13:46;-0,5;0,0;0,0;0,0;50,0;Подготовка;
20251210;07:13:51;-0,5;0,0;0,0;0,0;50,0;Подготовка;
20251210;07:13:56;-0,5;0,0;0,0;0,0;50,0;Подготовка;
20251210;07:14:01;-0,5;0,0;0,0;0,0;50,0;Подготовка;
20251210;07:14:06;-0,5;0,0;0,0;0,0;50,0;Подготовка;
20251210;07:14:11;-0,5;0,0;0,0;0,0;50,0;Подготовка;
20251210;07:14:16;-0,5;0,0;0,0;0,0;50,0;Подготовка;
20251210;07:14:21;-0,5;0,0;0,0;0,0;50,0;Подготовка;
20251210;07:14:26;-0,5;0,0;0,0;0,0;50,0;Подготовка;
20251210;07:14:31;-0,5;0,0;0,0;0,0;50,0;Подготовка;
20251210;07:14:36;-0,5;0,0;0,0;0,0;50,0;Подготовка;
20251210;07:14:41;-0,5;0,0;0,0;0,0;50,0;Подготовка;
20251210;07:14:47;-0,5;0,0;0,0;0,0;50,0;Подготовка;
20251210;07:14:52;-0,5;0,0;0,0;0,0;50,0;Подготовка;
20251210;07:14:57;-0,5;0,0;0,0;0,0;50,0;Подготовка;
20251210;07:15:02;-0,5;0,0;0,0;0,0;50,0;Подготовка;
20251210;07:15:07;-0,5;0,0;0,0;0,0;50,0;Подготовка;
20251210;07:15:12;-0,5;0,0;0,0;0,0;50,0;Подготовка;
20251210;07:15:17;-0,5;0,0;0,0;0,0;50,0;Подготовка;
20251210;07:15:22;-0,5;0,0;0,0;0,0;50,0;Подготовка;
20251210;07:15:27;-0,5;0,0;0,0;0,0;50,0;Подготовка;
20251210;07:15:32;-0,5;0,0;0,0;0,0;50,0;Подготовка;
20251210;07:15:37;-0,5;0,0;0,0;0,0;50,0;Подготовка;
20251210;07:15:42;-0,5;0,0;0,0;0,0;50,0;Подготовка;
20251210;07:15:47;-0,5;0,0;0,0;0,0;50,0;Подготовка;
20251210;07:15:52;-0,5;0,0;0,0;0,0;50,0;Подготовка;
20251210;07:15:57;-0,5;0,0;0,0;0,0;50,0;Подготовка;
20251210;07:16:02;-0,5;0,0;0,0;0,0;50,0;Подготовка;
20251210;07:16:07;-0,5;0,0;0,0;0,0;50,0;Подготовка;
20251210;07:16:12;-0,5;0,0;0,0;0,0;50,0;Подготовка;
20251210;07:16:17;-0,5;0,0;0,0;0,0;50,0;Подготовка;
20251210;07:16:22;-0,5;0,0;0,0;0,0;50,0;Подготовка;
20251210;07:16:27;-0,5;0,0;0,0;0,0;50,0;Подготовка;
20251210;07:16:32;-0,5;0,0;0,0;0,0;50,0;Подготовка;
20251210;07:16:37;-0,5;0,0;0,0;0,0;50,0;Подготовка;
20251210;07:16:42;-0,5;0,0;0,0;0,0;50,0;Подготовка;
20251210;07:16:47;-0,5;0,0;0,0;0,0;50,0;Подготовка;
20251210;07:16:53;-0,5;0,0;0,0;0,0;50,0;Подготовка;
20251210;07:16:58;-0,5;0,0;0,0;0,0;50,0;Подготовка;
20251210;07:17:03;-0,5;0,0;0,0;0,0;50,0;Подготовка;
20251210;07:17:08;-0,5;0,0;0,0;0,0;50,0;Подготовка;
20251210;07:17:13;-0,5;0,0;0,0;0,0;50,0;Подготовка;
20251210;07:17:18;-0,5;0,0;0,0;0,0;50,0;Подготовка;
20251210;07:17:23;-0,5;0,0;0,0;0,0;50,0;Подготовка;
20251210;07:17:28;-0,5;0,0;0,0;0,0;50,0;Подготовка;
20251210;07:17:33;-0,5;0,0;0,0;0,0;50,0;Подготовка;
20251210;07:17:38;-0,5;0,0;0,0;0,0;50,0;Подготовка;
20251210;07:17:43;-0,5;0,0;0,0;0,0;50,0;Подготовка;
20251210;07:17:48;-0,5;0,0;0,0;0,0;50,0;Подготовка;
20251210;07:17:53;-0,5;0,0;0,0;0,0;50,0;Подготовка;
20251210;07:17:58;-0,5;0,0;0,0;0,0;50,0;Подготовка;
20251210;07:18:03;-0,5;0,0;0,0;0,0;50,0;Подготовка;
20251210;07:18:08;-0,5;0,0;0,0;0,0;50,0;Подготовка;
20251210;07:18:13;-0,5;0,0;0,0;0,0;50,0;Подготовка;
20251210;07:18:18;-0,5;0,0;0,0;0,0;50,0;Подготовка;
20251210;07:18:23;-0,5;0,0;0,0;0,0;50,0;Подготовка;
20251210;07:18:28;-0,5;0,0;0,0;0,0;50,0;Подготовка;
20251210;07:18:33;-0,5;0,0;0,0;0,0;50,0;Подготовка;
20251210;07:18:38;-0,5;0,0;0,0;0,0;50,0;Подготовка;
20251210;07:18:43;-0,5;0,0;0,0;0,0;50,0;Подготовка;
20251210;07:18:48;-0,5;0,0;0,0;0,0;50,0;Подготовка;
20251210;07:18:53;-0,5;0,0;0,0;0,0;50,0;Подготовка;
20251210;07:18:59;-0,5;0,0;0,0;0,0;50,0;Подготовка;
20251210;07:19:04;-0,5;0,0;0,0;0,0;50,0;Подготовка;
20251210;07:19:09;-0,5;0,0;0,0;0,0;50,0;Подготовка;
20251210;07:19:14;-0,5;0,0;0,0;0,0;50,0;Подготовка;
20251210;07:19:19;-0,5;0,0;0,0;0,0;50,0;Подготовка;
20251210;07:19:24;-0,5;0,0;0,0;0,0;50,0;Подготовка;
20251210;07:19:29;-0,5;0,0;0,0;0,0;50,0;Подготовка;
20251210;07:19:34;-0,5;0,0;0,0;0,0;50,0;Подготовка;
20251210;07:19:39;-0,5;0,0;0,0;0,0;50,0;Подготовка;
20251210;07:19:44;-0,5;0,0;0,0;0,0;50,0;Подготовка;
20251210;07:19:49;-0,5;0,0;0,0;0,0;50,0;Подготовка;
20251210;07:19:54;-0,5;0,0;0,0;0,0;50,0;Подготовка;
20251210;07:19:59;-0,5;0,0;0,0;0,0;50,0;Подготовка;
20251210;07:20:04;-0,5;0,0;0,0;0,0;50,0;Подготовка;
20251210;07:20:09;-0,5;0,0;0,0;0,0;50,0;Подготовка;
20251210;07:20:14;-0,5;0,0;0,0;0,0;50,0;Подготовка;
20251210;07:20:19;-0,5;0,0;0,0;0,0;50,0;Подготовка;
20251210;07:20:24;-0,5;0,0;0,0;0,0;50,0;Подготовка;
20251210;07:20:29;-0,5;0,0;0,0;0,0;50,0;Подготовка;
20251210;07:20:34;-0,5;0,0;0,0;0,0;50,0;Подготовка;
20251210;07:20:39;-0,5;0,0;0,0;0,0;50,0;Подготовка;
20251210;07:20:44;-0,5;0,0;0,0;0,0;50,0;Подготовка;
20251210;07:20:49;-0,5;0,0;0,0;0,0;50,0;Подготовка;
20251210;07:20:54;-0,5;0,0;0,0;0,0;50,0;Подготовка;
20251210;07:20:59;-0,5;0,0;0,0;0,0;50,0;Подготовка;
20251210;07:21:05;-0,5;0,0;0,0;0,0;50,0;Подготовка;
20251210;07:21:10;-0,5;0,0;0,0;0,0;50,0;Подготовка;
20251210;07:21:15;-0,5;0,0;0,0;0,0;50,0;Подготовка;
20251210;07:21:20;-0,5;0,0;0,0;0,0;50,0;Подготовка;
20251210;07:21:25;-0,5;0,0;0,0;0,0;50,0;Подготовка;
20251210;07:21:30;-0,5;0,0;0,0;0,0;50,0;Подготовка;
20251210;07:21:35;-0,5;0,0;0,0;0,0;50,0;Подготовка;
20251210;07:21:40;-0,5;0,0;0,0;0,0;50,0;Подготовка;
20251210;07:21:45;-0,5;0,0;0,0;0,0;50,0;Подготовка;
20251210;07:21:50;-0,5;0,0;0,0;0,0;50,0;Подготовка;
20251210;07:21:55;-0,5;0,0;0,0;0,0;50,0;Подготовка;
20251210;07:22:00;-0,5;0,0;0,0;0,0;50,0;Подготовка;
20251210;07:22:05;-0,5;0,0;0,0;0,0;50,0;Подготовка;
20251210;07:22:10;-0,5;0,0;0,0;0,0;50,0;Подготовка;
20251210;07:22:15;-0,5;0,0;0,0;0,0;50,0;Подготовка;
20251210;07:22:20;-0,5;0,0;0,0;0,0;50,0;Подготовка;
20251210;07:22:25;-0,5;0,0;0,0;0,0;50,0;Подготовка;
20251210;07:22:30;-0,5;0,0;0,0;0,0;50,0;Подготовка;
20251210;07:22:35;-0,5;0,0;0,0;0,0;50,0;Подготовка;
20251210;07:22:40;-0,5;0,0;0,0;0,0;50,0;Подготовка;
20251210;07:22:45;-0,5;0,0;0,0;0,0;50,0;Подготовка;
20251210;07:22:50;-0,5;0,0;0,0;0,0;50,0;Подготовка;
20251210;07:22:55;-0,5;0,0;0,0;0,0;50,0;Подготовка;
20251210;07:23:00;-0,5;0,0;0,0;0,0;50,0;Подготовка;
20251210;07:23:05;-0,5;0,0;0,0;0,0;50,0;Подготовка;
20251210;07:23:11;-0,5;0,0;0,0;0,0;50,0;Подготовка;
20251210;07:23:16;-0,5;0,0;0,0;0,0;50,0;Подготовка;
20251210;07:23:21;-0,5;0,0;0,0;0,0;50,0;Подготовка;
20251210;07:23:26;-0,5;0,0;0,0;0,0;50,0;Подготовка;
20251210;07:23:31;-0,5;0,0;0,0;0,0;50,0;Подготовка;
20251210;07:23:36;-0,5;0,0;0,0;0,0;50,0;Подготовка;
20251210;07:23:41;-0,5;0,0;0,0;0,0;50,0;Подготовка;
20251210;07:23:46;-0,5;0,0;0,0;0,0;50,0;Подготовка;
20251210;07:23:51;-0,5;0,0;0,0;0,0;50,0;Подготовка;
20251210;07:23:56;-0,5;0,0;0,0;0,0;50,0;Подготовка;
20251210;07:24:01;-0,5;0,0;0,0;0,0;50,0;Подготовка;
20251210;07:24:06;-0,5;0,0;0,0;0,0;50,0;Подготовка;
20251210;07:24:11;-0,5;0,0;0,0;0,0;50,0;Подготовка;
20251210;07:24:16;-0,5;0,0;0,0;0,0;50,0;Подготовка;
20251210;07:24:21;-0,5;0,0;0,0;0,0;50,0;Подготовка;
20251210;07:24:26;-0,5;0,0;0,0;0,0;50,0;Подготовка;
20251210;07:24:31;-0,5;0,0;0,0;0,0;50,0;Подготовка;
20251210;07:24:36;-0,5;0,0;0,0;0,0;50,0;Подготовка;
20251210;07:24:41;-0,5;0,0;0,0;0,0;50,0;Подготовка;
20251210;07:24:46;-0,5;0,0;0,0;0,0;50,0;Подготовка;
20251210;07:24:51;-0,5;0,0;0,0;0,0;50,0;Подготовка;
20251210;07:24:56;-0,5;0,0;0,0;0,0;50,0;Подготовка;
20251210;07:25:01;-0,5;0,0;0,0;0,0;50,0;Подготовка;
20251210;07:25:06;-0,5;0,0;0,0;0,0;50,0;Подготовка;
20251210;07:25:11;-0,5;0,0;0,0;0,0;50,0;Подготовка;
20251210;07:25:17;-0,5;0,0;0,0;0,0;50,0;Подготовка;
20251210;07:25:22;-0,5;0,0;0,0;0,0;50,0;Подготовка;
20251210;07:25:27;-0,5;0,0;0,0;0,0;50,0;Подготовка;
                                                                                                                                                                                                                                                                                                                                                                                                                                                                                                                                                                                                                                                                                                                                                     Предприятие;
Объект;
Вид оборудования;
Дисп. наименование;
Тип;
Зав. номер;
Сер. номер;
Год выпуска;
Год ввода в эксплуатацию;
Дата отбора пробы;
Марка пробы;
Температура пробы;
DATE ;TIME ;TS_TEMP ;PROB_TEMP ;PROB_OTN_VL ;PROBE_VlAGOSOD ;SP ;STATUS ; 
20251210;07:25:15;-0,39;0,0;0,0;0,0;50,0;Включение;
20251210;07:25:20;-0,49;0,0;0,0;0,0;50,0;Включение;
20251210;07:25:25;-0,49;0,0;0,0;0,0;50,0;Подготовка;
20251210;07:25:30;-0,49;0,0;0,0;0,0;50,0;Подготовка;
20251210;07:25:35;-0,49;0,0;0,0;0,0;50,0;Подготовка;
20251210;07:25:40;-0,49;0,0;0,0;0,0;50,0;Подготовка;
20251210;07:25:45;-0,5;0,0;0,0;0,0;50,0;Подготовка;
20251210;07:25:50;-0,5;0,0;0,0;0,0;50,0;Подготовка;
20251210;07:25:56;-0,5;0,0;0,0;0,0;50,0;Подготовка;
20251210;07:26:01;-0,5;0,0;0,0;0,0;50,0;Подготовка;
20251210;07:26:06;-0,5;0,0;0,0;0,0;50,0;Подготовка;
20251210;07:26:11;-0,5;0,0;0,0;0,0;50,0;Подготовка;
20251210;07:26:16;-0,5;0,0;0,0;0,0;50,0;Подготовка;
20251210;07:26:21;-0,5;0,0;0,0;0,0;50,0;Подготовка;
20251210;07:26:26;-0,5;0,0;0,0;0,0;50,0;Подготовка;
20251210;07:26:31;-0,5;0,0;0,0;0,0;50,0;Подготовка;
20251210;07:26:36;-0,5;0,0;0,0;0,0;50,0;Подготовка;
20251210;07:26:41;-0,5;0,0;0,0;0,0;50,0;Подготовка;
20251210;07:26:46;-0,5;0,0;0,0;0,0;50,0;Подготовка;
20251210;07:26:51;-0,5;0,0;0,0;0,0;50,0;Подготовка;
20251210;07:26:56;-0,5;0,0;0,0;0,0;50,0;Подготовка;
20251210;07:27:01;-0,5;0,0;0,0;0,0;50,0;Подготовка;
20251210;07:27:06;-0,5;0,0;0,0;0,0;50,0;Подготовка;
20251210;07:27:11;-0,5;0,0;0,0;0,0;50,0;Подготовка;
20251210;07:27:16;-0,5;0,0;0,0;0,0;50,0;Подготовка;
20251210;07:27:21;-0,5;0,0;0,0;0,0;50,0;Подготовка;
20251210;07:27:26;-0,5;0,0;0,0;0,0;50,0;Подготовка;
20251210;07:27:31;-0,5;0,0;0,0;0,0;50,0;Подготовка;
20251210;07:27:36;-0,5;0,0;0,0;0,0;50,0;Подготовка;
20251210;07:27:41;-0,5;0,0;0,0;0,0;50,0;Подготовка;
20251210;07:27:46;-0,5;0,0;0,0;0,0;50,0;Подготовка;
20251210;07:27:51;-0,5;0,0;0,0;0,0;50,0;Подготовка;
20251210;07:27:56;-0,5;0,0;0,0;0,0;50,0;Подготовка;
20251210;07:28:02;-0,5;0,0;0,0;0,0;50,0;Подготовка;
20251210;07:28:07;-0,5;0,0;0,0;0,0;50,0;Подготовка;
20251210;07:28:12;-0,5;0,0;0,0;0,0;50,0;Подготовка;
20251210;07:28:17;-0,5;0,0;0,0;0,0;50,0;Подготовка;
20251210;07:28:22;-0,5;0,0;0,0;0,0;50,0;Подготовка;
20251210;07:28:27;-0,5;0,0;0,0;0,0;50,0;Подготовка;
20251210;07:28:32;-0,5;0,0;0,0;0,0;50,0;Подготовка;
20251210;07:28:37;-0,5;0,0;0,0;0,0;50,0;Подготовка;
20251210;07:28:42;-0,5;0,0;0,0;0,0;50,0;Подготовка;
20251210;07:28:47;-0,5;0,0;0,0;0,0;50,0;Подготовка;
20251210;07:28:52;-0,5;0,0;0,0;0,0;50,0;Подготовка;
20251210;07:28:57;-0,5;0,0;0,0;0,0;50,0;Подготовка;
20251210;07:29:02;-0,5;0,0;0,0;0,0;50,0;Подготовка;
20251210;07:29:07;-0,5;0,0;0,0;0,0;50,0;Подготовка;
20251210;07:29:12;-0,5;0,0;0,0;0,0;50,0;Подготовка;
20251210;07:29:17;-0,5;0,0;0,0;0,0;50,0;Подготовка;
20251210;07:29:22;-0,5;0,0;0,0;0,0;50,0;Подготовка;
20251210;07:29:27;-0,5;0,0;0,0;0,0;50,0;Подготовка;
20251210;07:29:32;-0,5;0,0;0,0;0,0;50,0;Подготовка;
20251210;07:29:37;-0,5;0,0;0,0;0,0;50,0;Подготовка;
20251210;07:29:42;-0,5;0,0;0,0;0,0;50,0;Подготовка;
20251210;07:29:47;-0,5;0,0;0,0;0,0;50,0;Подготовка;
20251210;07:29:52;-0,5;0,0;0,0;0,0;50,0;Подготовка;
20251210;07:29:57;-0,5;0,0;0,0;0,0;50,0;Подготовка;
20251210;07:30:02;-0,5;0,0;0,0;0,0;50,0;Подготовка;
20251210;07:30:08;-0,5;0,0;0,0;0,0;50,0;Подготовка;
20251210;07:30:13;-0,5;0,0;0,0;0,0;50,0;Подготовка;
20251210;07:30:18;-0,5;0,0;0,0;0,0;50,0;Подготовка;
20251210;07:30:23;-0,5;0,0;0,0;0,0;50,0;Подготовка;
20251210;07:30:28;-0,5;0,0;0,0;0,0;50,0;Подготовка;
20251210;07:30:33;-0,5;0,0;0,0;0,0;50,0;Подготовка;
20251210;07:30:38;-0,5;0,0;0,0;0,0;50,0;Подготовка;
20251210;07:30:43;-0,5;0,0;0,0;0,0;50,0;Подготовка;
20251210;07:30:48;-0,5;0,0;0,0;0,0;50,0;Подготовка;
20251210;07:30:53;-0,5;0,0;0,0;0,0;50,0;Подготовка;
20251210;07:30:58;-0,5;0,0;0,0;0,0;50,0;Подготовка;
20251210;07:31:03;-0,5;0,0;0,0;0,0;50,0;Подготовка;
20251210;07:31:08;-0,5;0,0;0,0;0,0;50,0;Подготовка;
20251210;07:31:13;-0,5;0,0;0,0;0,0;50,0;Подготовка;
20251210;07:31:18;-0,5;0,0;0,0;0,0;50,0;Подготовка;
20251210;07:31:23;-0,5;0,0;0,0;0,0;50,0;Подготовка;
20251210;07:31:28;-0,5;0,0;0,0;0,0;50,0;Подготовка;
20251210;07:31:33;-0,5;0,0;0,0;0,0;50,0;Подготовка;
20251210;07:31:38;-0,5;0,0;0,0;0,0;50,0;Подготовка;
20251210;07:31:43;-0,5;0,0;0,0;0,0;50,0;Подготовка;
20251210;07:31:48;-0,5;0,0;0,0;0,0;50,0;Подготовка;
20251210;07:31:53;-0,5;0,0;0,0;0,0;50,0;Подготовка;
20251210;07:31:58;-0,5;0,0;0,0;0,0;50,0;Подготовка;
20251210;07:32:03;-0,5;0,0;0,0;0,0;50,0;Подготовка;
20251210;07:32:08;-0,5;0,0;0,0;0,0;50,0;Подготовка;
20251210;07:32:14;-0,5;0,0;0,0;0,0;50,0;Подготовка;
20251210;07:32:19;-0,5;0,0;0,0;0,0;50,0;Подготовка;
20251210;07:32:24;-0,5;0,0;0,0;0,0;50,0;Подготовка;
20251210;07:32:29;-0,5;0,0;0,0;0,0;50,0;Подготовка;
20251210;07:32:34;-0,5;0,0;0,0;0,0;50,0;Подготовка;
20251210;07:32:39;-0,5;0,0;0,0;0,0;50,0;Подготовка;
20251210;07:32:44;-0,5;0,0;0,0;0,0;50,0;Подготовка;
20251210;07:32:49;-0,5;0,0;0,0;0,0;50,0;Подготовка;
20251210;07:32:54;-0,5;0,0;0,0;0,0;50,0;Подготовка;
20251210;07:32:59;-0,5;0,0;0,0;0,0;50,0;Подготовка;
20251210;07:33:04;-0,5;0,0;0,0;0,0;50,0;Подготовка;
20251210;07:33:09;-0,5;0,0;0,0;0,0;50,0;Подготовка;
20251210;07:33:14;-0,5;0,0;0,0;0,0;50,0;Подготовка;
20251210;07:33:19;-0,5;0,0;0,0;0,0;50,0;Подготовка;
20251210;07:33:24;-0,5;0,0;0,0;0,0;50,0;Подготовка;
20251210;07:33:29;-0,5;0,0;0,0;0,0;50,0;Подготовка;
20251210;07:33:34;-0,5;0,0;0,0;0,0;50,0;Подготовка;
20251210;07:33:39;-0,5;0,0;0,0;0,0;50,0;Подготовка;
20251210;07:33:44;-0,5;0,0;0,0;0,0;50,0;Подготовка;
20251210;07:33:49;-0,5;0,0;0,0;0,0;50,0;Подготовка;
20251210;07:33:54;-0,5;0,0;0,0;0,0;50,0;Подготовка;
20251210;07:33:59;-0,5;0,0;0,0;0,0;50,0;Подготовка;
20251210;07:34:04;-0,5;0,0;0,0;0,0;50,0;Подготовка;
20251210;07:34:09;-0,5;0,0;0,0;0,0;50,0;Подготовка;
20251210;07:34:14;-0,5;0,0;0,0;0,0;50,0;Подготовка;
20251210;07:34:20;-0,5;0,0;0,0;0,0;50,0;Подготовка;
20251210;07:34:25;-0,5;0,0;0,0;0,0;50,0;Подготовка;
20251210;07:34:30;-0,5;0,0;0,0;0,0;50,0;Подготовка;
20251210;07:34:35;-0,5;0,0;0,0;0,0;50,0;Подготовка;
20251210;07:34:40;-0,5;0,0;0,0;0,0;50,0;Подготовка;
20251210;07:34:45;-0,5;0,0;0,0;0,0;50,0;Подготовка;
20251210;07:34:50;-0,5;0,0;0,0;0,0;50,0;Подготовка;
20251210;07:34:55;-0,5;0,0;0,0;0,0;50,0;Подготовка;
20251210;07:35:00;-0,5;0,0;0,0;0,0;50,0;Подготовка;
20251210;07:35:05;-0,5;0,0;0,0;0,0;50,0;Подготовка;
20251210;07:35:10;-0,5;0,0;0,0;0,0;50,0;Подготовка;
20251210;07:35:15;-0,5;0,0;0,0;0,0;50,0;Подготовка;
20251210;07:35:20;-0,5;0,0;0,0;0,0;50,0;Подготовка;
20251210;07:35:25;-0,5;0,0;0,0;0,0;50,0;Подготовка;
20251210;07:35:30;-0,5;0,0;0,0;0,0;50,0;Подготовка;
20251210;07:35:35;-0,5;0,0;0,0;0,0;50,0;Подготовка;
20251210;07:35:40;-0,5;0,0;0,0;0,0;50,0;Подготовка;
20251210;07:35:45;-0,5;0,0;0,0;0,0;50,0;Подготовка;
20251210;07:35:50;-0,5;0,0;0,0;0,0;50,0;Подготовка;
20251210;07:35:55;-0,5;0,0;0,0;0,0;50,0;Подготовка;
20251210;07:36:00;-0,5;0,0;0,0;0,0;50,0;Подготовка;
20251210;07:36:05;-0,5;0,0;0,0;0,0;50,0;Подготовка;
20251210;07:36:10;-0,5;0,0;0,0;0,0;50,0;Подготовка;
20251210;07:36:15;-0,5;0,0;0,0;0,0;50,0;Подготовка;
20251210;07:36:20;-0,5;0,0;0,0;0,0;50,0;Подготовка;
20251210;07:36:26;-0,5;0,0;0,0;0,0;50,0;Подготовка;
20251210;07:36:31;-0,5;0,0;0,0;0,0;50,0;Подготовка;
20251210;07:36:36;-0,5;0,0;0,0;0,0;50,0;Подготовка;
20251210;07:36:41;-0,5;0,0;0,0;0,0;50,0;Подготовка;
20251210;07:36:46;-0,5;0,0;0,0;0,0;50,0;Подготовка;
20251210;07:36:51;-0,5;0,0;0,0;0,0;50,0;Подготовка;
20251210;07:36:56;-0,5;0,0;0,0;0,0;50,0;Подготовка;
20251210;07:37:01;-0,5;0,0;0,0;0,0;50,0;Подготовка;
20251210;07:37:06;-0,5;0,0;0,0;0,0;50,0;Подготовка;
20251210;07:37:11;-0,5;0,0;0,0;0,0;50,0;Подготовка;
20251210;07:37:16;-0,5;0,0;0,0;0,0;50,0;Подготовка;
20251210;07:37:21;-0,5;0,0;0,0;0,0;50,0;Подготовка;
20251210;07:37:26;-0,5;0,0;0,0;0,0;50,0;Подготовка;
20251210;07:37:31;-0,5;0,0;0,0;0,0;50,0;Подготовка;
20251210;07:37:36;-0,5;0,0;0,0;0,0;50,0;Подготовка;
20251210;07:37:41;-0,5;0,0;0,0;0,0;50,0;Подготовка;
20251210;07:37:46;-0,5;0,0;0,0;0,0;50,0;Подготовка;
20251210;07:37:51;-0,5;0,0;0,0;0,0;50,0;Подготовка;
20251210;07:37:56;-0,5;0,0;0,0;0,0;50,0;Подготовка;
20251210;07:38:01;-0,5;0,0;0,0;0,0;50,0;Подготовка;
20251210;07:38:06;-0,5;0,0;0,0;0,0;50,0;Подготовка;
20251210;07:38:11;-0,5;0,0;0,0;0,0;50,0;Подготовка;
20251210;07:38:16;-0,5;0,0;0,0;0,0;50,0;Подготовка;
20251210;07:38:21;-0,5;0,0;0,0;0,0;50,0;Подготовка;
20251210;07:38:26;-0,5;0,0;0,0;0,0;50,0;Подготовка;
20251210;07:38:32;-0,5;0,0;0,0;0,0;50,0;Подготовка;
20251210;07:38:37;-0,5;0,0;0,0;0,0;50,0;Подготовка;
20251210;07:38:42;-0,5;0,0;0,0;0,0;50,0;Подготовка;
20251210;07:38:47;-0,5;0,0;0,0;0,0;50,0;Подготовка;
20251210;07:38:52;-0,5;0,0;0,0;0,0;50,0;Подготовка;
20251210;07:38:57;-0,5;0,0;0,0;0,0;50,0;Подготовка;
20251210;07:39:02;-0,5;0,0;0,0;0,0;50,0;Подготовка;
20251210;07:39:07;-0,5;0,0;0,0;0,0;50,0;Подготовка;
20251210;07:39:12;-0,5;0,0;0,0;0,0;50,0;Подготовка;
20251210;07:39:17;-0,5;0,0;0,0;0,0;50,0;Подготовка;
20251210;07:39:22;-0,5;0,0;0,0;0,0;50,0;Подготовка;
20251210;07:39:27;-0,5;0,0;0,0;0,0;50,0;Подготовка;
20251210;07:39:32;-0,5;0,0;0,0;0,0;50,0;Подготовка;
20251210;07:39:37;-0,5;0,0;0,0;0,0;50,0;Подготовка;
20251210;07:39:42;-0,5;0,0;0,0;0,0;50,0;Подготовка;
20251210;07:39:47;-0,5;0,0;0,0;0,0;50,0;Подготовка;
20251210;07:39:52;-0,5;0,0;0,0;0,0;50,0;Подготовка;
20251210;07:39:57;-0,5;0,0;0,0;0,0;50,0;Подготовка;
20251210;07:40:02;-0,5;0,0;0,0;0,0;50,0;Подготовка;
20251210;07:40:07;-0,5;0,0;0,0;0,0;50,0;Подготовка;
20251210;07:40:12;-0,5;0,0;0,0;0,0;50,0;Подготовка;
20251210;07:40:17;-0,5;0,0;0,0;0,0;50,0;Подготовка;
20251210;07:40:22;-0,5;0,0;0,0;0,0;50,0;Подготовка;
20251210;07:40:27;-0,5;0,0;0,0;0,0;50,0;Подготовка;
20251210;07:40:32;-0,5;0,0;0,0;0,0;50,0;Подготовка;
20251210;07:40:38;-0,5;0,0;0,0;0,0;50,0;Подготовка;
20251210;07:40:43;-0,5;0,0;0,0;0,0;50,0;Подготовка;
20251210;07:40:48;-0,5;0,0;0,0;0,0;50,0;Подготовка;
20251210;07:40:53;-0,5;0,0;0,0;0,0;50,0;Подготовка;
20251210;07:40:58;-0,5;0,0;0,0;0,0;50,0;Подготовка;
20251210;07:41:03;-0,5;0,0;0,0;0,0;50,0;Подготовка;
20251210;07:41:08;-0,5;0,0;0,0;0,0;50,0;Подготовка;
20251210;07:41:13;-0,5;0,0;0,0;0,0;50,0;Подготовка;
20251210;07:41:18;-0,5;0,0;0,0;0,0;50,0;Подготовка;
20251210;07:41:23;-0,5;0,0;0,0;0,0;50,0;Подготовка;
20251210;07:41:28;-0,5;0,0;0,0;0,0;50,0;Подготовка;
20251210;07:41:33;-0,5;0,0;0,0;0,0;50,0;Подготовка;
20251210;07:41:38;-0,5;0,0;0,0;0,0;50,0;Подготовка;
20251210;07:41:43;-0,5;0,0;0,0;0,0;50,0;Подготовка;
20251210;07:41:48;-0,5;0,0;0,0;0,0;50,0;Подготовка;
20251210;07:41:53;-0,5;0,0;0,0;0,0;50,0;Подготовка;
20251210;07:41:58;-0,5;0,0;0,0;0,0;50,0;Подготовка;
20251210;07:42:03;-0,5;0,0;0,0;0,0;50,0;Подготовка;
20251210;07:42:08;-0,5;0,0;0,0;0,0;50,0;Подготовка;
20251210;07:42:13;-0,5;0,0;0,0;0,0;50,0;Подготовка;
20251210;07:42:18;-0,5;0,0;0,0;0,0;50,0;Подготовка;
20251210;07:42:23;-0,5;0,0;0,0;0,0;50,0;Подготовка;
20251210;07:42:28;-0,5;0,0;0,0;0,0;50,0;Подготовка;
20251210;07:42:33;-0,5;0,0;0,0;0,0;50,0;Подготовка;
20251210;07:42:38;-0,5;0,0;0,0;0,0;50,0;Подготовка;
20251210;07:42:44;-0,5;0,0;0,0;0,0;50,0;Подготовка;
20251210;07:42:49;-0,5;0,0;0,0;0,0;50,0;Подготовка;
20251210;07:42:54;-0,5;0,0;0,0;0,0;50,0;Подготовка;
20251210;07:42:59;-0,5;0,0;0,0;0,0;50,0;Подготовка;
20251210;07:43:04;-0,5;0,0;0,0;0,0;50,0;Подготовка;
20251210;07:43:09;-0,5;0,0;0,0;0,0;50,0;Подготовка;
20251210;07:43:14;-0,5;0,0;0,0;0,0;50,0;Подготовка;
20251210;07:43:19;-0,5;0,0;0,0;0,0;50,0;Подготовка;
20251210;07:43:24;-0,5;0,0;0,0;0,0;50,0;Подготовка;
20251210;07:43:29;-0,5;0,0;0,0;0,0;50,0;Подготовка;
20251210;07:43:34;-0,5;0,0;0,0;0,0;50,0;Подготовка;
20251210;07:43:39;-0,5;0,0;0,0;0,0;50,0;Подготовка;
20251210;07:43:44;-0,5;0,0;0,0;0,0;50,0;Подготовка;
20251210;07:43:49;-0,5;0,0;0,0;0,0;50,0;Подготовка;
20251210;07:43:54;-0,5;0,0;0,0;0,0;50,0;Подготовка;
20251210;07:43:59;-0,5;0,0;0,0;0,0;50,0;Подготовка;
20251210;07:44:04;-0,5;0,0;0,0;0,0;50,0;Подготовка;
20251210;07:44:09;-0,5;0,0;0,0;0,0;50,0;Подготовка;
20251210;07:44:14;-0,5;0,0;0,0;0,0;50,0;Подготовка;
20251210;07:44:19;-0,5;0,0;0,0;0,0;50,0;Подготовка;
20251210;07:44:24;-0,5;0,0;0,0;0,0;50,0;Подготовка;
20251210;07:44:29;-0,5;0,0;0,0;0,0;50,0;Подготовка;
20251210;07:44:34;-0,5;0,0;0,0;0,0;50,0;Подготовка;
20251210;07:44:39;-0,5;0,0;0,0;0,0;50,0;Подготовка;
20251210;07:44:44;-0,5;0,0;0,0;0,0;50,0;Подготовка;
20251210;07:44:50;-0,5;0,0;0,0;0,0;50,0;Подготовка;
20251210;07:44:55;-0,5;0,0;0,0;0,0;50,0;Подготовка;
20251210;07:45:00;-0,5;0,0;0,0;0,0;50,0;Подготовка;
20251210;07:45:05;-0,5;0,0;0,0;0,0;50,0;Подготовка;
20251210;07:45:10;-0,5;0,0;0,0;0,0;50,0;Подготовка;
20251210;07:45:15;-0,5;0,0;0,0;0,0;50,0;Подготовка;
20251210;07:45:20;-0,5;0,0;0,0;0,0;50,0;Подготовка;
20251210;07:45:25;-0,5;0,0;0,0;0,0;50,0;Подготовка;
20251210;07:45:30;-0,5;0,0;0,0;0,0;50,0;Подготовка;
20251210;07:45:35;-0,5;0,0;0,0;0,0;50,0;Подготовка;
20251210;07:45:40;-0,5;0,0;0,0;0,0;50,0;Подготовка;
20251210;07:45:45;-0,5;0,0;0,0;0,0;50,0;Подготовка;
20251210;07:45:50;-0,5;0,0;0,0;0,0;50,0;Подготовка;
20251210;07:45:55;-0,5;0,0;0,0;0,0;50,0;Подготовка;
20251210;07:46:00;-0,5;0,0;0,0;0,0;50,0;Подготовка;
20251210;07:46:05;-0,5;0,0;0,0;0,0;50,0;Подготовка;
20251210;07:46:10;-0,5;0,0;0,0;0,0;50,0;Подготовка;
20251210;07:46:15;-0,5;0,0;0,0;0,0;50,0;Подготовка;
20251210;07:46:20;-0,5;0,0;0,0;0,0;50,0;Подготовка;
20251210;07:46:25;-0,5;0,0;0,0;0,0;50,0;Подготовка;
20251210;07:46:30;-0,5;0,0;0,0;0,0;50,0;Подготовка;
20251210;07:46:35;-0,5;0,0;0,0;0,0;50,0;Подготовка;
20251210;07:46:40;-0,5;0,0;0,0;0,0;50,0;Подготовка;
20251210;07:46:45;-0,5;0,0;0,0;0,0;50,0;Подготовка;
20251210;07:46:50;-0,5;0,0;0,0;0,0;50,0;Подготовка;
20251210;07:46:56;-0,5;0,0;0,0;0,0;50,0;Подготовка;
20251210;07:47:01;-0,5;0,0;0,0;0,0;50,0;Подготовка;
20251210;07:47:06;-0,5;0,0;0,0;0,0;50,0;Подготовка;
20251210;07:47:11;-0,5;0,0;0,0;0,0;50,0;Подготовка;
20251210;07:47:16;-0,5;0,0;0,0;0,0;50,0;Подготовка;
20251210;07:47:21;-0,5;0,0;0,0;0,0;50,0;Подготовка;
20251210;07:47:26;-0,5;0,0;0,0;0,0;50,0;Подготовка;
20251210;07:47:31;-0,5;0,0;0,0;0,0;50,0;Подготовка;
20251210;07:47:36;-0,5;0,0;0,0;0,0;50,0;Подготовка;
20251210;07:47:41;-0,5;0,0;0,0;0,0;50,0;Подготовка;
20251210;07:47:46;-0,5;0,0;0,0;0,0;50,0;Подготовка;
20251210;07:47:51;-0,5;0,0;0,0;0,0;50,0;Подготовка;
20251210;07:47:56;-0,5;0,0;0,0;0,0;50,0;Подготовка;
20251210;07:48:01;-0,5;0,0;0,0;0,0;50,0;Подготовка;
20251210;07:48:06;-0,5;0,0;0,0;0,0;50,0;Подготовка;
20251210;07:48:11;-0,5;0,0;0,0;0,0;50,0;Подготовка;
20251210;07:48:16;-0,5;0,0;0,0;0,0;50,0;Подготовка;
20251210;07:48:21;-0,5;0,0;0,0;0,0;50,0;Подготовка;
20251210;07:48:26;-0,5;0,0;0,0;0,0;50,0;Подготовка;
20251210;07:48:31;-0,5;0,0;0,0;0,0;50,0;Подготовка;
20251210;07:48:36;-0,5;0,0;0,0;0,0;50,0;Подготовка;
20251210;07:48:41;-0,5;0,0;0,0;0,0;50,0;Подготовка;
20251210;07:48:46;-0,5;0,0;0,0;0,0;50,0;Подготовка;
20251210;07:48:51;-0,5;0,0;0,0;0,0;50,0;Подготовка;
20251210;07:48:56;-0,5;0,0;0,0;0,0;50,0;Подготовка;
20251210;07:49:02;-0,5;0,0;0,0;0,0;50,0;Подготовка;
20251210;07:49:07;-0,5;0,0;0,0;0,0;50,0;Подготовка;
20251210;07:49:12;-0,5;0,0;0,0;0,0;50,0;Подготовка;
20251210;07:49:17;-0,5;0,0;0,0;0,0;50,0;Подготовка;
20251210;07:49:22;-0,5;0,0;0,0;0,0;50,0;Подготовка;
20251210;07:49:27;-0,5;0,0;0,0;0,0;50,0;Подготовка;
20251210;07:49:32;-0,5;0,0;0,0;0,0;50,0;Подготовка;
20251210;07:49:37;-0,5;0,0;0,0;0,0;50,0;Подготовка;
20251210;07:49:42;-0,5;0,0;0,0;0,0;50,0;Подготовка;
20251210;07:49:47;-0,5;0,0;0,0;0,0;50,0;Подготовка;
20251210;07:49:52;-0,5;0,0;0,0;0,0;50,0;Подготовка;
20251210;07:49:57;-0,5;0,0;0,0;0,0;50,0;Подготовка;
20251210;07:50:02;-0,5;0,0;0,0;0,0;50,0;Подготовка;
20251210;07:50:07;-0,5;0,0;0,0;0,0;50,0;Подготовка;
20251210;07:50:12;-0,5;0,0;0,0;0,0;50,0;Подготовка;
20251210;07:50:17;-0,5;0,0;0,0;0,0;50,0;Подготовка;
20251210;07:50:22;-0,5;0,0;0,0;0,0;50,0;Подготовка;
20251210;07:50:27;-0,5;0,0;0,0;0,0;50,0;Подготовка;
20251210;07:50:32;-0,5;0,0;0,0;0,0;50,0;Подготовка;
20251210;07:50:37;-0,5;0,0;0,0;0,0;50,0;Подготовка;
20251210;07:50:42;-0,5;0,0;0,0;0,0;50,0;Подготовка;
20251210;07:50:47;-0,5;0,0;0,0;0,0;50,0;Подготовка;
20251210;07:50:52;-0,5;0,0;0,0;0,0;50,0;Подготовка;
20251210;07:50:57;-0,5;0,0;0,0;0,0;50,0;Подготовка;
20251210;07:51:02;-0,5;0,0;0,0;0,0;50,0;Подготовка;
20251210;07:51:08;-0,5;0,0;0,0;0,0;50,0;Подготовка;
20251210;07:51:13;-0,5;0,0;0,0;0,0;50,0;Подготовка;
20251210;07:51:18;-0,5;0,0;0,0;0,0;50,0;Подготовка;
20251210;07:51:23;-0,5;0,0;0,0;0,0;50,0;Подготовка;
20251210;07:51:28;-0,5;0,0;0,0;0,0;50,0;Подготовка;
20251210;07:51:33;-0,5;0,0;0,0;0,0;50,0;Подготовка;
20251210;07:51:38;-0,5;0,0;0,0;0,0;50,0;Подготовка;
20251210;07:51:43;-0,5;0,0;0,0;0,0;50,0;Подготовка;
20251210;07:51:48;-0,5;0,0;0,0;0,0;50,0;Подготовка;
20251210;07:51:53;-0,5;0,0;0,0;0,0;50,0;Подготовка;
20251210;07:51:58;-0,5;0,0;0,0;0,0;50,0;Подготовка;
20251210;07:52:03;-0,5;0,0;0,0;0,0;50,0;Подготовка;
20251210;07:52:08;-0,5;0,0;0,0;0,0;50,0;Подготовка;
20251210;07:52:13;-0,5;0,0;0,0;0,0;50,0;Подготовка;
20251210;07:52:18;-0,5;0,0;0,0;0,0;50,0;Подготовка;
20251210;07:52:23;-0,5;0,0;0,0;0,0;50,0;Подготовка;
20251210;07:52:28;-0,5;0,0;0,0;0,0;50,0;Подготовка;
20251210;07:52:33;-0,5;0,0;0,0;0,0;50,0;Подготовка;
20251210;07:52:38;-0,5;0,0;0,0;0,0;50,0;Подготовка;
20251210;07:52:43;-0,5;0,0;0,0;0,0;50,0;Подготовка;
20251210;07:52:48;-0,5;0,0;0,0;0,0;50,0;Подготовка;
20251210;07:52:53;-0,5;0,0;0,0;0,0;50,0;Подготовка;
20251210;07:52:58;-0,5;0,0;0,0;0,0;50,0;Подготовка;
20251210;07:53:03;-0,5;0,0;0,0;0,0;50,0;Подготовка;
20251210;07:53:08;-0,5;0,0;0,0;0,0;50,0;Подготовка;
20251210;07:53:14;-0,5;0,0;0,0;0,0;50,0;Подготовка;
20251210;07:53:19;-0,5;0,0;0,0;0,0;50,0;Подготовка;
20251210;07:53:24;-0,5;0,0;0,0;0,0;50,0;Подготовка;
20251210;07:53:29;-0,5;0,0;0,0;0,0;50,0;Подготовка;
20251210;07:53:34;-0,5;0,0;0,0;0,0;50,0;Подготовка;
20251210;07:53:39;-0,5;0,0;0,0;0,0;50,0;Подготовка;
20251210;07:53:44;-0,5;0,0;0,0;0,0;50,0;Подготовка;
20251210;07:53:49;-0,5;0,0;0,0;0,0;50,0;Подготовка;
20251210;07:53:54;-0,5;0,0;0,0;0,0;50,0;Подготовка;
20251210;07:53:59;-0,5;0,0;0,0;0,0;50,0;Подготовка;
20251210;07:54:04;-0,5;0,0;0,0;0,0;50,0;Подготовка;
20251210;07:54:09;-0,5;0,0;0,0;0,0;50,0;Подготовка;
20251210;07:54:14;-0,5;0,0;0,0;0,0;50,0;Подготовка;
20251210;07:54:19;-0,5;0,0;0,0;0,0;50,0;Подготовка;
20251210;07:54:24;-0,5;0,0;0,0;0,0;50,0;Подготовка;
20251210;07:54:29;-0,5;0,0;0,0;0,0;50,0;Подготовка;
20251210;07:54:34;-0,5;0,0;0,0;0,0;50,0;Подготовка;
20251210;07:54:39;-0,5;0,0;0,0;0,0;50,0;Подготовка;
20251210;07:54:44;-0,5;0,0;0,0;0,0;50,0;Подготовка;
20251210;07:54:49;-0,5;0,0;0,0;0,0;50,0;Подготовка;
20251210;07:54:54;-0,5;0,0;0,0;0,0;50,0;Подготовка;
20251210;07:54:59;-0,5;0,0;0,0;0,0;50,0;Подготовка;
20251210;07:55:04;-0,5;0,0;0,0;0,0;50,0;Подготовка;
20251210;07:55:09;-0,5;0,0;0,0;0,0;50,0;Подготовка;
20251210;07:55:14;-0,5;0,0;0,0;0,0;50,0;Подготовка;
20251210;07:55:20;-0,5;0,0;0,0;0,0;50,0;Подготовка;
20251210;07:55:25;-0,5;0,0;0,0;0,0;50,0;Подготовка;
20251210;07:55:30;-0,5;0,0;0,0;0,0;50,0;Подготовка;
20251210;07:55:35;-0,5;0,0;0,0;0,0;50,0;Подготовка;
20251210;07:55:40;-0,5;0,0;0,0;0,0;50,0;Подготовка;
20251210;07:55:45;-0,5;0,0;0,0;0,0;50,0;Подготовка;
20251210;07:55:50;-0,5;0,0;0,0;0,0;50,0;Подготовка;
20251210;07:55:55;-0,5;0,0;0,0;0,0;50,0;Подготовка;
20251210;07:56:00;-0,5;0,0;0,0;0,0;50,0;Подготовка;
20251210;07:56:05;-0,5;0,0;0,0;0,0;50,0;Подготовка;
20251210;07:56:10;-0,5;0,0;0,0;0,0;50,0;Подготовка;
20251210;07:56:15;-0,5;0,0;0,0;0,0;50,0;Подготовка;
20251210;07:56:20;-0,5;0,0;0,0;0,0;50,0;Подготовка;
20251210;07:56:25;-0,5;0,0;0,0;0,0;50,0;Подготовка;
20251210;07:56:30;-0,5;0,0;0,0;0,0;50,0;Подготовка;
20251210;07:56:35;-0,5;0,0;0,0;0,0;50,0;Подготовка;
20251210;07:56:40;-0,5;0,0;0,0;0,0;50,0;Подготовка;
20251210;07:56:45;-0,5;0,0;0,0;0,0;50,0;Подготовка;
20251210;07:56:50;-0,5;0,0;0,0;0,0;50,0;Подготовка;
20251210;07:56:55;-0,5;0,0;0,0;0,0;50,0;Подготовка;
20251210;07:57:00;-0,5;0,0;0,0;0,0;50,0;Подготовка;
20251210;07:57:05;-0,5;0,0;0,0;0,0;50,0;Подготовка;
20251210;07:57:10;-0,5;0,0;0,0;0,0;50,0;Подготовка;
20251210;07:57:15;-0,5;0,0;0,0;0,0;50,0;Подготовка;
20251210;07:57:20;-0,5;0,0;0,0;0,0;50,0;Подготовка;
20251210;07:57:26;-0,5;0,0;0,0;0,0;50,0;Подготовка;
20251210;07:57:31;-0,5;0,0;0,0;0,0;50,0;Подготовка;
20251210;07:57:36;-0,5;0,0;0,0;0,0;50,0;Подготовка;
20251210;07:57:41;-0,5;0,0;0,0;0,0;50,0;Подготовка;
20251210;07:57:46;-0,5;0,0;0,0;0,0;50,0;Подготовка;
20251210;07:57:51;-0,5;0,0;0,0;0,0;50,0;Подготовка;
20251210;07:57:56;-0,5;0,0;0,0;0,0;50,0;Подготовка;
20251210;07:58:01;-0,5;0,0;0,0;0,0;50,0;Подготовка;
20251210;07:58:06;-0,5;0,0;0,0;0,0;50,0;Подготовка;
20251210;07:58:11;-0,5;0,0;0,0;0,0;50,0;Подготовка;
20251210;07:58:16;-0,5;0,0;0,0;0,0;50,0;Подготовка;
20251210;07:58:21;-0,5;0,0;0,0;0,0;50,0;Подготовка;
20251210;07:58:26;-0,5;0,0;0,0;0,0;50,0;Подготовка;
20251210;07:58:31;-0,5;0,0;0,0;0,0;50,0;Подготовка;
20251210;07:58:36;-0,5;0,0;0,0;0,0;50,0;Подготовка;
20251210;07:58:41;-0,5;0,0;0,0;0,0;50,0;Подготовка;
20251210;07:58:46;-0,5;0,0;0,0;0,0;50,0;Подготовка;
20251210;07:58:51;-0,5;0,0;0,0;0,0;50,0;Подготовка;
20251210;07:58:56;-0,5;0,0;0,0;0,0;50,0;Подготовка;
20251210;07:59:01;-0,5;0,0;0,0;0,0;50,0;Подготовка;
20251210;07:59:06;-0,5;0,0;0,0;0,0;50,0;Подготовка;
20251210;07:59:11;-0,5;0,0;0,0;0,0;50,0;Подготовка;
20251210;07:59:16;-0,5;0,0;0,0;0,0;50,0;Подготовка;
20251210;07:59:21;-0,5;0,0;0,0;0,0;50,0;Подготовка;
20251210;07:59:26;-0,5;0,0;0,0;0,0;50,0;Подготовка;
20251210;07:59:32;-0,5;0,0;0,0;0,0;50,0;Подготовка;
20251210;07:59:37;-0,5;0,0;0,0;0,0;50,0;Подготовка;
20251210;07:59:42;-0,5;0,0;0,0;0,0;50,0;Подготовка;
20251210;07:59:47;-0,5;0,0;0,0;0,0;50,0;Подготовка;
20251210;07:59:52;-0,5;0,0;0,0;0,0;50,0;Подготовка;
20251210;07:59:57;-0,5;0,0;0,0;0,0;50,0;Подготовка;
20251210;08:00:02;-0,5;0,0;0,0;0,0;50,0;Подготовка;
20251210;08:00:07;-0,5;0,0;0,0;0,0;50,0;Подготовка;
20251210;08:00:12;-0,5;0,0;0,0;0,0;50,0;Подготовка;
20251210;08:00:17;-0,5;0,0;0,0;0,0;50,0;Подготовка;
20251210;08:00:22;-0,5;0,0;0,0;0,0;50,0;Подготовка;
20251210;08:00:27;-0,5;0,0;0,0;0,0;50,0;Подготовка;
20251210;08:00:32;-0,5;0,0;0,0;0,0;50,0;Подготовка;
20251210;08:00:37;-0,5;0,0;0,0;0,0;50,0;Подготовка;
20251210;08:00:42;-0,5;0,0;0,0;0,0;50,0;Подготовка;
20251210;08:00:47;-0,5;0,0;0,0;0,0;50,0;Подготовка;
20251210;08:00:52;-0,5;0,0;0,0;0,0;50,0;Подготовка;
20251210;08:00:57;-0,5;0,0;0,0;0,0;50,0;Подготовка;
20251210;08:01:02;-0,5;0,0;0,0;0,0;50,0;Подготовка;
20251210;08:01:07;-0,5;0,0;0,0;0,0;50,0;Подготовка;
20251210;08:01:12;-0,5;0,0;0,0;0,0;50,0;Подготовка;
20251210;08:01:17;-0,5;0,0;0,0;0,0;50,0;Подготовка;
20251210;08:01:22;-0,5;0,0;0,0;0,0;50,0;Подготовка;
20251210;08:01:27;-0,5;0,0;0,0;0,0;50,0;Подготовка;
20251210;08:01:32;-0,5;0,0;0,0;0,0;50,0;Подготовка;
20251210;08:01:38;-0,5;0,0;0,0;0,0;50,0;Подготовка;
20251210;08:01:43;-0,5;0,0;0,0;0,0;50,0;Подготовка;
20251210;08:01:48;-0,5;0,0;0,0;0,0;50,0;Подготовка;
20251210;08:01:53;-0,5;0,0;0,0;0,0;50,0;Подготовка;
20251210;08:01:58;-0,5;0,0;0,0;0,0;50,0;Подготовка;
20251210;08:02:03;-0,5;0,0;0,0;0,0;50,0;Подготовка;
20251210;08:02:08;-0,5;0,0;0,0;0,0;50,0;Подготовка;
20251210;08:02:13;-0,5;0,0;0,0;0,0;50,0;Подготовка;
20251210;08:02:18;-0,5;0,0;0,0;0,0;50,0;Подготовка;
20251210;08:02:23;-0,5;0,0;0,0;0,0;50,0;Подготовка;
20251210;08:02:28;-0,5;0,0;0,0;0,0;50,0;Подготовка;
20251210;08:02:33;-0,5;0,0;0,0;0,0;50,0;Подготовка;
20251210;08:02:38;-0,5;0,0;0,0;0,0;50,0;Подготовка;
20251210;08:02:43;-0,5;0,0;0,0;0,0;50,0;Подготовка;
20251210;08:02:48;-0,5;0,0;0,0;0,0;50,0;Подготовка;
20251210;08:02:53;-0,5;0,0;0,0;0,0;50,0;Подготовка;
20251210;08:02:58;-0,5;0,0;0,0;0,0;50,0;Подготовка;
20251210;08:03:03;-0,5;0,0;0,0;0,0;50,0;Подготовка;
20251210;08:03:08;-0,5;0,0;0,0;0,0;50,0;Подготовка;
20251210;08:03:13;-0,5;0,0;0,0;0,0;50,0;Подготовка;
20251210;08:03:18;-0,5;0,0;0,0;0,0;50,0;Подготовка;
20251210;08:03:23;-0,5;0,0;0,0;0,0;50,0;Подготовка;
20251210;08:03:28;-0,5;0,0;0,0;0,0;50,0;Подготовка;
20251210;08:03:33;-0,5;0,0;0,0;0,0;50,0;Подготовка;
20251210;08:03:38;-0,5;0,0;0,0;0,0;50,0;Подготовка;
20251210;08:03:44;-0,5;0,0;0,0;0,0;50,0;Подготовка;
20251210;08:03:49;-0,5;0,0;0,0;0,0;50,0;Подготовка;
20251210;08:03:54;-0,5;0,0;0,0;0,0;50,0;Подготовка;
20251210;08:03:59;-0,5;0,0;0,0;0,0;50,0;Подготовка;
20251210;08:04:04;-0,5;0,0;0,0;0,0;50,0;Подготовка;
20251210;08:04:09;-0,5;0,0;0,0;0,0;50,0;Подготовка;
20251210;08:04:14;-0,5;0,0;0,0;0,0;50,0;Подготовка;
20251210;08:04:19;-0,5;0,0;0,0;0,0;50,0;Подготовка;
20251210;08:04:24;-0,5;0,0;0,0;0,0;50,0;Подготовка;
20251210;08:04:29;-0,5;0,0;0,0;0,0;50,0;Подготовка;
20251210;08:04:34;-0,5;0,0;0,0;0,0;50,0;Подготовка;
20251210;08:04:39;-0,5;0,0;0,0;0,0;50,0;Подготовка;
20251210;08:04:44;-0,5;0,0;0,0;0,0;50,0;Подготовка;
20251210;08:04:49;-0,5;0,0;0,0;0,0;50,0;Подготовка;
20251210;08:04:54;-0,5;0,0;0,0;0,0;50,0;Подготовка;
20251210;08:04:59;-0,5;0,0;0,0;0,0;50,0;Подготовка;
20251210;08:05:04;-0,5;0,0;0,0;0,0;50,0;Подготовка;
20251210;08:05:09;-0,5;0,0;0,0;0,0;50,0;Подготовка;
20251210;08:05:14;-0,5;0,0;0,0;0,0;50,0;Подготовка;
20251210;08:05:19;-0,5;0,0;0,0;0,0;50,0;Подготовка;
20251210;08:05:24;-0,5;0,0;0,0;0,0;50,0;Подготовка;
20251210;08:05:29;-0,5;0,0;0,0;0,0;50,0;Подготовка;
20251210;08:05:34;-0,5;0,0;0,0;0,0;50,0;Подготовка;
20251210;08:05:39;-0,5;0,0;0,0;0,0;50,0;Подготовка;
20251210;08:05:44;-0,5;0,0;0,0;0,0;50,0;Подготовка;
20251210;08:05:50;-0,5;0,0;0,0;0,0;50,0;Подготовка;
20251210;08:05:55;-0,5;0,0;0,0;0,0;50,0;Подготовка;
20251210;08:06:00;-0,5;0,0;0,0;0,0;50,0;Подготовка;
20251210;08:06:05;-0,5;0,0;0,0;0,0;50,0;Подготовка;
20251210;08:06:10;-0,5;0,0;0,0;0,0;50,0;Подготовка;
20251210;08:06:15;-0,5;0,0;0,0;0,0;50,0;Подготовка;
20251210;08:06:20;-0,5;0,0;0,0;0,0;50,0;Подготовка;
20251210;08:06:25;-0,5;0,0;0,0;0,0;50,0;Подготовка;
20251210;08:06:30;-0,5;0,0;0,0;0,0;50,0;Подготовка;
20251210;08:06:35;-0,5;0,0;0,0;0,0;50,0;Подготовка;
20251210;08:06:40;-0,5;0,0;0,0;0,0;50,0;Подготовка;
20251210;08:06:45;-0,5;0,0;0,0;0,0;50,0;Подготовка;
20251210;08:06:50;-0,5;0,0;0,0;0,0;50,0;Подготовка;
20251210;08:06:55;-0,5;0,0;0,0;0,0;50,0;Подготовка;
20251210;08:07:00;-0,5;0,0;0,0;0,0;50,0;Подготовка;
20251210;08:07:05;-0,5;0,0;0,0;0,0;50,0;Подготовка;
20251210;08:07:10;-0,5;0,0;0,0;0,0;50,0;Подготовка;
20251210;08:07:15;-0,5;0,0;0,0;0,0;50,0;Подготовка;
20251210;08:07:20;-0,5;0,0;0,0;0,0;50,0;Подготовка;
20251210;08:07:25;-0,5;0,0;0,0;0,0;50,0;Подготовка;
20251210;08:07:30;-0,5;0,0;0,0;0,0;50,0;Подготовка;
20251210;08:07:35;-0,5;0,0;0,0;0,0;50,0;Подготовка;
20251210;08:07:40;-0,5;0,0;0,0;0,0;50,0;Подготовка;
20251210;08:07:45;-0,5;0,0;0,0;0,0;50,0;Подготовка;
20251210;08:07:50;-0,5;0,0;0,0;0,0;50,0;Подготовка;
20251210;08:07:56;-0,5;0,0;0,0;0,0;50,0;Подготовка;
20251210;08:08:01;-0,5;0,0;0,0;0,0;50,0;Подготовка;
20251210;08:08:06;-0,5;0,0;0,0;0,0;50,0;Подготовка;
20251210;08:08:11;-0,5;0,0;0,0;0,0;50,0;Подготовка;
20251210;08:08:16;-0,5;0,0;0,0;0,0;50,0;Подготовка;
20251210;08:08:21;-0,5;0,0;0,0;0,0;50,0;Подготовка;
20251210;08:08:26;-0,5;0,0;0,0;0,0;50,0;Подготовка;
20251210;08:08:31;-0,5;0,0;0,0;0,0;50,0;Подготовка;
20251210;08:08:36;-0,5;0,0;0,0;0,0;50,0;Подготовка;
20251210;08:08:41;-0,5;0,0;0,0;0,0;50,0;Подготовка;
20251210;08:08:46;-0,5;0,0;0,0;0,0;50,0;Подготовка;
20251210;08:08:51;-0,5;0,0;0,0;0,0;50,0;Подготовка;
20251210;08:08:56;-0,5;0,0;0,0;0,0;50,0;Подготовка;
20251210;08:09:01;-0,5;0,0;0,0;0,0;50,0;Подготовка;
20251210;08:09:06;-0,5;0,0;0,0;0,0;50,0;Подготовка;
20251210;08:09:11;-0,5;0,0;0,0;0,0;50,0;Подготовка;
20251210;08:09:16;-0,5;0,0;0,0;0,0;50,0;Подготовка;
20251210;08:09:21;-0,5;0,0;0,0;0,0;50,0;Подготовка;
20251210;08:09:26;-0,5;0,0;0,0;0,0;50,0;Подготовка;
20251210;08:09:31;-0,5;0,0;0,0;0,0;50,0;Подготовка;
20251210;08:09:36;-0,5;0,0;0,0;0,0;50,0;Подготовка;
20251210;08:09:41;-0,5;0,0;0,0;0,0;50,0;Подготовка;
20251210;08:09:46;-0,5;0,0;0,0;0,0;50,0;Подготовка;
20251210;08:09:51;-0,5;0,0;0,0;0,0;50,0;Подготовка;
20251210;08:09:56;-0,5;0,0;0,0;0,0;50,0;Подготовка;
20251210;08:10:02;-0,5;0,0;0,0;0,0;50,0;Подготовка;
20251210;08:10:07;-0,5;0,0;0,0;0,0;50,0;Подготовка;
20251210;08:10:12;-0,5;0,0;0,0;0,0;50,0;Подготовка;
20251210;08:10:17;-0,5;0,0;0,0;0,0;50,0;Подготовка;
20251210;08:10:22;-0,5;0,0;0,0;0,0;50,0;Подготовка;
20251210;08:10:27;-0,5;0,0;0,0;0,0;50,0;Подготовка;
20251210;08:10:32;-0,5;0,0;0,0;0,0;50,0;Подготовка;
20251210;08:10:37;-0,5;0,0;0,0;0,0;50,0;Подготовка;
20251210;08:10:42;-0,5;0,0;0,0;0,0;50,0;Подготовка;
20251210;08:10:47;-0,5;0,0;0,0;0,0;50,0;Подготовка;
20251210;08:10:52;-0,5;0,0;0,0;0,0;50,0;Подготовка;
20251210;08:10:57;-0,5;0,0;0,0;0,0;50,0;Подготовка;
20251210;08:11:02;-0,5;0,0;0,0;0,0;50,0;Подготовка;
20251210;08:11:07;-0,5;0,0;0,0;0,0;50,0;Подготовка;
20251210;08:11:12;-0,5;0,0;0,0;0,0;50,0;Подготовка;
20251210;08:11:17;-0,5;0,0;0,0;0,0;50,0;Подготовка;
20251210;08:11:22;-0,5;0,0;0,0;0,0;50,0;Подготовка;
20251210;08:11:27;-0,5;0,0;0,0;0,0;50,0;Подготовка;
20251210;08:11:32;-0,5;0,0;0,0;0,0;50,0;Подготовка;
20251210;08:11:37;-0,5;0,0;0,0;0,0;50,0;Подготовка;
20251210;08:11:42;-0,5;0,0;0,0;0,0;50,0;Подготовка;
20251210;08:11:47;-0,5;0,0;0,0;0,0;50,0;Подготовка;
20251210;08:11:52;-0,5;0,0;0,0;0,0;50,0;Подготовка;
20251210;08:11:57;-0,5;0,0;0,0;0,0;50,0;Подготовка;
20251210;08:12:02;-0,5;0,0;0,0;0,0;50,0;Подготовка;
20251210;08:12:08;-0,5;0,0;0,0;0,0;50,0;Подготовка;
20251210;08:12:13;-0,5;0,0;0,0;0,0;50,0;Подготовка;
20251210;08:12:18;-0,5;0,0;0,0;0,0;50,0;Подготовка;
20251210;08:12:23;-0,5;0,0;0,0;0,0;50,0;Подготовка;
20251210;08:12:28;-0,5;0,0;0,0;0,0;50,0;Подготовка;
20251210;08:12:33;-0,5;0,0;0,0;0,0;50,0;Подготовка;
20251210;08:12:38;-0,5;0,0;0,0;0,0;50,0;Подготовка;
20251210;08:12:43;-0,5;0,0;0,0;0,0;50,0;Подготовка;
20251210;08:12:48;-0,5;0,0;0,0;0,0;50,0;Подготовка;
20251210;08:12:53;-0,5;0,0;0,0;0,0;50,0;Подготовка;
20251210;08:12:58;-0,5;0,0;0,0;0,0;50,0;Подготовка;
20251210;08:13:03;-0,5;0,0;0,0;0,0;50,0;Подготовка;
20251210;08:13:08;-0,5;0,0;0,0;0,0;50,0;Подготовка;
20251210;08:13:13;-0,5;0,0;0,0;0,0;50,0;Подготовка;
20251210;08:13:18;-0,5;0,0;0,0;0,0;50,0;Подготовка;
20251210;08:13:23;-0,5;0,0;0,0;0,0;50,0;Подготовка;
20251210;08:13:28;-0,5;0,0;0,0;0,0;50,0;Подготовка;
20251210;08:13:33;-0,5;0,0;0,0;0,0;50,0;Подготовка;
20251210;08:13:38;-0,5;0,0;0,0;0,0;50,0;Подготовка;
20251210;08:13:43;-0,5;0,0;0,0;0,0;50,0;Подготовка;
20251210;08:13:48;-0,5;0,0;0,0;0,0;50,0;Подготовка;
20251210;08:13:53;-0,5;0,0;0,0;0,0;50,0;Подготовка;
20251210;08:13:58;-0,5;0,0;0,0;0,0;50,0;Подготовка;
20251210;08:14:03;-0,5;0,0;0,0;0,0;50,0;Подготовка;
20251210;08:14:08;-0,5;0,0;0,0;0,0;50,0;Подготовка;
20251210;08:14:14;-0,5;0,0;0,0;0,0;50,0;Подготовка;
20251210;08:14:19;-0,5;0,0;0,0;0,0;50,0;Подготовка;
20251210;08:14:24;-0,5;0,0;0,0;0,0;50,0;Подготовка;
20251210;08:14:29;-0,5;0,0;0,0;0,0;50,0;Подготовка;
20251210;08:14:34;-0,5;0,0;0,0;0,0;50,0;Подготовка;
20251210;08:14:39;-0,5;0,0;0,0;0,0;50,0;Подготовка;
20251210;08:14:44;-0,5;0,0;0,0;0,0;50,0;Подготовка;
20251210;08:14:49;-0,5;0,0;0,0;0,0;50,0;Подготовка;
20251210;08:14:54;-0,5;0,0;0,0;0,0;50,0;Подготовка;
20251210;08:14:59;-0,5;0,0;0,0;0,0;50,0;Подготовка;
20251210;08:15:04;-0,5;0,0;0,0;0,0;50,0;Подготовка;
20251210;08:15:09;-0,5;0,0;0,0;0,0;50,0;Подготовка;
20251210;08:15:14;-0,5;0,0;0,0;0,0;50,0;Подготовка;
20251210;08:15:19;-0,5;0,0;0,0;0,0;50,0;Подготовка;
20251210;08:15:24;-0,5;0,0;0,0;0,0;50,0;Подготовка;
20251210;08:15:29;-0,5;0,0;0,0;0,0;50,0;Подготовка;
20251210;08:15:34;-0,5;0,0;0,0;0,0;50,0;Подготовка;
20251210;08:15:39;-0,5;0,0;0,0;0,0;50,0;Подготовка;
20251210;08:15:44;-0,5;0,0;0,0;0,0;50,0;Подготовка;
20251210;08:15:49;-0,5;0,0;0,0;0,0;50,0;Подготовка;
20251210;08:15:54;-0,5;0,0;0,0;0,0;50,0;Подготовка;
20251210;08:15:59;-0,5;0,0;0,0;0,0;50,0;Подготовка;
20251210;08:16:04;-0,5;0,0;0,0;0,0;50,0;Подготовка;
20251210;08:16:09;-0,5;0,0;0,0;0,0;50,0;Подготовка;
20251210;08:16:14;-0,5;0,0;0,0;0,0;50,0;Подготовка;
20251210;08:16:20;-0,5;0,0;0,0;0,0;50,0;Подготовка;
20251210;08:16:25;-0,5;0,0;0,0;0,0;50,0;Подготовка;
20251210;08:16:30;-0,5;0,0;0,0;0,0;50,0;Подготовка;
20251210;08:16:35;-0,5;0,0;0,0;0,0;50,0;Подготовка;
20251210;08:16:40;-0,5;0,0;0,0;0,0;50,0;Подготовка;
20251210;08:16:45;-0,5;0,0;0,0;0,0;50,0;Подготовка;
20251210;08:16:50;-0,5;0,0;0,0;0,0;50,0;Подготовка;
20251210;08:16:55;-0,5;0,0;0,0;0,0;50,0;Подготовка;
20251210;08:17:00;-0,5;0,0;0,0;0,0;50,0;Подготовка;
20251210;08:17:05;-0,5;0,0;0,0;0,0;50,0;Подготовка;
20251210;08:17:10;-0,5;0,0;0,0;0,0;50,0;Подготовка;
20251210;08:17:15;-0,5;0,0;0,0;0,0;50,0;Подготовка;
20251210;08:17:20;-0,5;0,0;0,0;0,0;50,0;Подготовка;
20251210;08:17:25;-0,5;0,0;0,0;0,0;50,0;Подготовка;
20251210;08:17:30;-0,5;0,0;0,0;0,0;50,0;Подготовка;
20251210;08:17:35;-0,5;0,0;0,0;0,0;50,0;Подготовка;
20251210;08:17:40;-0,5;0,0;0,0;0,0;50,0;Подготовка;
20251210;08:17:45;-0,5;0,0;0,0;0,0;50,0;Подготовка;
20251210;08:17:50;-0,5;0,0;0,0;0,0;50,0;Подготовка;
20251210;08:17:55;-0,5;0,0;0,0;0,0;50,0;Подготовка;
20251210;08:18:00;-0,5;0,0;0,0;0,0;50,0;Подготовка;
20251210;08:18:05;-0,5;0,0;0,0;0,0;50,0;Подготовка;
20251210;08:18:10;-0,5;0,0;0,0;0,0;50,0;Подготовка;
20251210;08:18:15;-0,5;0,0;0,0;0,0;50,0;Подготовка;
20251210;08:18:20;-0,5;0,0;0,0;0,0;50,0;Подготовка;
20251210;08:18:26;-0,5;0,0;0,0;0,0;50,0;Подготовка;
20251210;08:18:31;-0,5;0,0;0,0;0,0;50,0;Подготовка;
20251210;08:18:36;-0,5;0,0;0,0;0,0;50,0;Подготовка;
20251210;08:18:41;-0,5;0,0;0,0;0,0;50,0;Подготовка;
20251210;08:18:46;-0,5;0,0;0,0;0,0;50,0;Подготовка;
20251210;08:18:51;-0,5;0,0;0,0;0,0;50,0;Подготовка;
20251210;08:18:56;-0,5;0,0;0,0;0,0;50,0;Подготовка;
20251210;08:19:01;-0,5;0,0;0,0;0,0;50,0;Подготовка;
20251210;08:19:06;-0,5;0,0;0,0;0,0;50,0;Подготовка;
20251210;08:19:11;-0,5;0,0;0,0;0,0;50,0;Подготовка;
20251210;08:19:16;-0,5;0,0;0,0;0,0;50,0;Подготовка;
20251210;08:19:21;-0,5;0,0;0,0;0,0;50,0;Подготовка;
20251210;08:19:26;-0,5;0,0;0,0;0,0;50,0;Подготовка;
20251210;08:19:31;-0,5;0,0;0,0;0,0;50,0;Подготовка;
20251210;08:19:36;-0,5;0,0;0,0;0,0;50,0;Подготовка;
20251210;08:19:41;-0,5;0,0;0,0;0,0;50,0;Подготовка;
20251210;08:19:46;-0,5;0,0;0,0;0,0;50,0;Подготовка;
20251210;08:19:51;-0,5;0,0;0,0;0,0;50,0;Подготовка;
20251210;08:19:56;-0,5;0,0;0,0;0,0;50,0;Подготовка;
20251210;08:20:01;-0,5;0,0;0,0;0,0;50,0;Подготовка;
20251210;08:20:06;-0,5;0,0;0,0;0,0;50,0;Подготовка;
20251210;08:20:11;-0,5;0,0;0,0;0,0;50,0;Подготовка;
20251210;08:20:16;-0,5;0,0;0,0;0,0;50,0;Подготовка;
20251210;08:20:21;-0,5;0,0;0,0;0,0;50,0;Подготовка;
20251210;08:20:26;-0,5;0,0;0,0;0,0;50,0;Подготовка;
20251210;08:20:32;-0,5;0,0;0,0;0,0;50,0;Подготовка;
20251210;08:20:37;-0,5;0,0;0,0;0,0;50,0;Подготовка;
20251210;08:20:42;-0,5;0,0;0,0;0,0;50,0;Подготовка;
20251210;08:20:47;-0,5;0,0;0,0;0,0;50,0;Подготовка;
20251210;08:20:52;-0,5;0,0;0,0;0,0;50,0;Подготовка;
20251210;08:20:57;-0,5;0,0;0,0;0,0;50,0;Подготовка;
20251210;08:21:02;-0,5;0,0;0,0;0,0;50,0;Подготовка;
20251210;08:21:07;-0,5;0,0;0,0;0,0;50,0;Подготовка;
20251210;08:21:12;-0,5;0,0;0,0;0,0;50,0;Подготовка;
20251210;08:21:17;-0,5;0,0;0,0;0,0;50,0;Подготовка;
20251210;08:21:22;-0,5;0,0;0,0;0,0;50,0;Подготовка;
20251210;08:21:27;-0,5;0,0;0,0;0,0;50,0;Подготовка;
20251210;08:21:32;-0,5;0,0;0,0;0,0;50,0;Подготовка;
20251210;08:21:37;-0,5;0,0;0,0;0,0;50,0;Подготовка;
20251210;08:21:42;-0,5;0,0;0,0;0,0;50,0;Подготовка;
20251210;08:21:47;-0,5;0,0;0,0;0,0;50,0;Подготовка;
20251210;08:21:52;-0,5;0,0;0,0;0,0;50,0;Подготовка;
20251210;08:21:57;-0,5;0,0;0,0;0,0;50,0;Подготовка;
20251210;08:22:02;-0,5;0,0;0,0;0,0;50,0;Подготовка;
20251210;08:22:07;-0,5;0,0;0,0;0,0;50,0;Подготовка;
20251210;08:22:12;-0,5;0,0;0,0;0,0;50,0;Подготовка;
20251210;08:22:17;-0,5;0,0;0,0;0,0;50,0;Подготовка;
20251210;08:22:22;-0,5;0,0;0,0;0,0;50,0;Подготовка;
20251210;08:22:27;-0,5;0,0;0,0;0,0;50,0;Подготовка;
20251210;08:22:32;-0,5;0,0;0,0;0,0;50,0;Подготовка;
20251210;08:22:38;-0,5;0,0;0,0;0,0;50,0;Подготовка;
20251210;08:22:43;-0,5;0,0;0,0;0,0;50,0;Подготовка;
20251210;08:22:48;-0,5;0,0;0,0;0,0;50,0;Подготовка;
20251210;08:22:53;-0,5;0,0;0,0;0,0;50,0;Подготовка;
20251210;08:22:58;-0,5;0,0;0,0;0,0;50,0;Подготовка;
20251210;08:23:03;-0,5;0,0;0,0;0,0;50,0;Подготовка;
20251210;08:23:08;-0,5;0,0;0,0;0,0;50,0;Подготовка;
20251210;08:23:13;-0,5;0,0;0,0;0,0;50,0;Подготовка;
20251210;08:23:18;-0,5;0,0;0,0;0,0;50,0;Подготовка;
20251210;08:23:23;-0,5;0,0;0,0;0,0;50,0;Подготовка;
20251210;08:23:28;-0,5;0,0;0,0;0,0;50,0;Подготовка;
20251210;08:23:33;-0,5;0,0;0,0;0,0;50,0;Подготовка;
20251210;08:23:38;-0,5;0,0;0,0;0,0;50,0;Подготовка;
20251210;08:23:43;-0,5;0,0;0,0;0,0;50,0;Подготовка;
20251210;08:23:48;-0,5;0,0;0,0;0,0;50,0;Подготовка;
20251210;08:23:53;-0,5;0,0;0,0;0,0;50,0;Подготовка;
20251210;08:23:58;-0,5;0,0;0,0;0,0;50,0;Подготовка;
20251210;08:24:03;-0,5;0,0;0,0;0,0;50,0;Подготовка;
20251210;08:24:08;-0,5;0,0;0,0;0,0;50,0;Подготовка;
20251210;08:24:13;-0,5;0,0;0,0;0,0;50,0;Подготовка;
20251210;08:24:18;-0,5;0,0;0,0;0,0;50,0;Подготовка;
20251210;08:24:23;-0,5;0,0;0,0;0,0;50,0;Подготовка;
20251210;08:24:28;-0,5;0,0;0,0;0,0;50,0;Подготовка;
20251210;08:24:33;-0,5;0,0;0,0;0,0;50,0;Подготовка;
20251210;08:24:38;-0,5;0,0;0,0;0,0;50,0;Подготовка;
20251210;08:24:44;-0,5;0,0;0,0;0,0;50,0;Подготовка;
20251210;08:24:49;-0,5;0,0;0,0;0,0;50,0;Подготовка;
20251210;08:24:54;-0,5;0,0;0,0;0,0;50,0;Подготовка;
20251210;08:24:59;-0,5;0,0;0,0;0,0;50,0;Подготовка;
20251210;08:25:04;-0,5;0,0;0,0;0,0;50,0;Подготовка;
Предприятие;
Объект;
Вид оборудования;
Дисп. наименование;
Тип;
Зав. номер;
Сер. номер;
Год выпуска;
Год ввода в эксплуатацию;
Дата отбора пробы;
Марка пробы;
Температура пробы;
DATE ;TIME ;TS_TEMP ;PROB_TEMP ;PROB_OTN_VL ;PROBE_VlAGOSOD ;SP ;STATUS ; 
20251210;08:25:21;-0,39;0,0;0,0;0,0;50,0;Включение;
20251210;08:25:26;-0,49;0,0;0,0;0,0;50,0;Включение;
20251210;08:25:31;-0,49;0,0;0,0;0,0;50,0;Подготовка;
20251210;08:25:36;-0,49;0,0;0,0;0,0;50,0;Подготовка;
20251210;08:25:41;-0,49;0,0;0,0;0,0;50,0;Подготовка;
20251210;08:25:46;-0,49;0,0;0,0;0,0;50,0;Подготовка;
20251210;08:25:51;-0,5;0,0;0,0;0,0;50,0;Подготовка;
20251210;08:25:56;-0,5;0,0;0,0;0,0;50,0;Подготовка;
20251210;08:26:01;-0,5;0,0;0,0;0,0;50,0;Подготовка;
20251210;08:26:06;-0,5;0,0;0,0;0,0;50,0;Подготовка;
20251210;08:26:11;-0,5;0,0;0,0;0,0;50,0;Подготовка;
20251210;08:26:16;-0,5;0,0;0,0;0,0;50,0;Подготовка;
20251210;08:26:21;-0,5;0,0;0,0;0,0;50,0;Подготовка;
20251210;08:26:26;-0,5;0,0;0,0;0,0;50,0;Подготовка;
20251210;08:26:31;-0,5;0,0;0,0;0,0;50,0;Подготовка;
20251210;08:26:36;-0,5;0,0;0,0;0,0;50,0;Подготовка;
20251210;08:26:41;-0,5;0,0;0,0;0,0;50,0;Подготовка;
20251210;08:26:47;-0,5;0,0;0,0;0,0;50,0;Подготовка;
20251210;08:26:52;-0,5;0,0;0,0;0,0;50,0;Подготовка;
20251210;08:26:57;-0,5;0,0;0,0;0,0;50,0;Подготовка;
20251210;08:27:02;-0,5;0,0;0,0;0,0;50,0;Подготовка;
20251210;08:27:07;-0,5;0,0;0,0;0,0;50,0;Подготовка;
20251210;08:27:12;-0,5;0,0;0,0;0,0;50,0;Подготовка;
20251210;08:27:17;-0,5;0,0;0,0;0,0;50,0;Подготовка;
20251210;08:27:22;-0,5;0,0;0,0;0,0;50,0;Подготовка;
20251210;08:27:27;-0,5;0,0;0,0;0,0;50,0;Подготовка;
20251210;08:27:32;-0,5;0,0;0,0;0,0;50,0;Подготовка;
20251210;08:27:37;-0,5;0,0;0,0;0,0;50,0;Подготовка;
20251210;08:27:42;-0,5;0,0;0,0;0,0;50,0;Подготовка;
20251210;08:27:47;-0,5;0,0;0,0;0,0;50,0;Подготовка;
20251210;08:27:52;-0,5;0,0;0,0;0,0;50,0;Подготовка;
20251210;08:27:57;-0,5;0,0;0,0;0,0;50,0;Подготовка;
20251210;08:28:02;-0,5;0,0;0,0;0,0;50,0;Подготовка;
20251210;08:28:07;-0,5;0,0;0,0;0,0;50,0;Подготовка;
20251210;08:28:12;-0,5;0,0;0,0;0,0;50,0;Подготовка;
20251210;08:28:17;-0,5;0,0;0,0;0,0;50,0;Подготовка;
20251210;08:28:22;-0,5;0,0;0,0;0,0;50,0;Подготовка;
20251210;08:28:27;-0,5;0,0;0,0;0,0;50,0;Подготовка;
20251210;08:28:32;-0,5;0,0;0,0;0,0;50,0;Подготовка;
20251210;08:28:37;-0,5;0,0;0,0;0,0;50,0;Подготовка;
20251210;08:28:42;-0,5;0,0;0,0;0,0;50,0;Подготовка;
20251210;08:28:47;-0,5;0,0;0,0;0,0;50,0;Подготовка;
20251210;08:28:53;-0,5;0,0;0,0;0,0;50,0;Подготовка;
20251210;08:28:58;-0,5;0,0;0,0;0,0;50,0;Подготовка;
20251210;08:29:03;-0,5;0,0;0,0;0,0;50,0;Подготовка;
20251210;08:29:08;-0,5;0,0;0,0;0,0;50,0;Подготовка;
20251210;08:29:13;-0,5;0,0;0,0;0,0;50,0;Подготовка;
20251210;08:29:18;-0,5;0,0;0,0;0,0;50,0;Подготовка;
20251210;08:29:23;-0,5;0,0;0,0;0,0;50,0;Подготовка;
20251210;08:29:28;-0,5;0,0;0,0;0,0;50,0;Подготовка;
20251210;08:29:33;-0,5;0,0;0,0;0,0;50,0;Подготовка;
20251210;08:29:38;-0,5;0,0;0,0;0,0;50,0;Подготовка;
20251210;08:29:43;-0,5;0,0;0,0;0,0;50,0;Подготовка;
20251210;08:29:48;-0,5;0,0;0,0;0,0;50,0;Подготовка;
20251210;08:29:53;-0,5;0,0;0,0;0,0;50,0;Подготовка;
20251210;08:29:58;-0,5;0,0;0,0;0,0;50,0;Подготовка;
20251210;08:30:03;-0,5;0,0;0,0;0,0;50,0;Подготовка;
20251210;08:30:08;-0,5;0,0;0,0;0,0;50,0;Подготовка;
20251210;08:30:13;-0,5;0,0;0,0;0,0;50,0;Подготовка;
20251210;08:30:18;-0,5;0,0;0,0;0,0;50,0;Подготовка;
20251210;08:30:23;-0,5;0,0;0,0;0,0;50,0;Подготовка;
20251210;08:30:28;-0,5;0,0;0,0;0,0;50,0;Подготовка;
20251210;08:30:33;-0,5;0,0;0,0;0,0;50,0;Подготовка;
20251210;08:30:38;-0,5;0,0;0,0;0,0;50,0;Подготовка;
20251210;08:30:43;-0,5;0,0;0,0;0,0;50,0;Подготовка;
20251210;08:30:48;-0,5;0,0;0,0;0,0;50,0;Подготовка;
20251210;08:30:53;-0,5;0,0;0,0;0,0;50,0;Подготовка;
20251210;08:30:59;-0,5;0,0;0,0;0,0;50,0;Подготовка;
20251210;08:31:04;-0,5;0,0;0,0;0,0;50,0;Подготовка;
20251210;08:31:09;-0,5;0,0;0,0;0,0;50,0;Подготовка;
20251210;08:31:14;-0,5;0,0;0,0;0,0;50,0;Подготовка;
20251210;08:31:19;-0,5;0,0;0,0;0,0;50,0;Подготовка;
20251210;08:31:24;-0,5;0,0;0,0;0,0;50,0;Подготовка;
20251210;08:31:29;-0,5;0,0;0,0;0,0;50,0;Подготовка;
20251210;08:31:34;-0,5;0,0;0,0;0,0;50,0;Подготовка;
20251210;08:31:39;-0,5;0,0;0,0;0,0;50,0;Подготовка;
20251210;08:31:44;-0,5;0,0;0,0;0,0;50,0;Подготовка;
20251210;08:31:49;-0,5;0,0;0,0;0,0;50,0;Подготовка;
20251210;08:31:54;-0,5;0,0;0,0;0,0;50,0;Подготовка;
20251210;08:31:59;-0,5;0,0;0,0;0,0;50,0;Подготовка;
20251210;08:32:04;-0,5;0,0;0,0;0,0;50,0;Подготовка;
20251210;08:32:09;-0,5;0,0;0,0;0,0;50,0;Подготовка;
20251210;08:32:14;-0,5;0,0;0,0;0,0;50,0;Подготовка;
20251210;08:32:19;-0,5;0,0;0,0;0,0;50,0;Подготовка;
20251210;08:32:24;-0,5;0,0;0,0;0,0;50,0;Подготовка;
20251210;08:32:29;-0,5;0,0;0,0;0,0;50,0;Подготовка;
20251210;08:32:34;-0,5;0,0;0,0;0,0;50,0;Подготовка;
20251210;08:32:39;-0,5;0,0;0,0;0,0;50,0;Подготовка;
20251210;08:32:44;-0,5;0,0;0,0;0,0;50,0;Подготовка;
20251210;08:32:49;-0,5;0,0;0,0;0,0;50,0;Подготовка;
20251210;08:32:54;-0,5;0,0;0,0;0,0;50,0;Подготовка;
20251210;08:32:59;-0,5;0,0;0,0;0,0;50,0;Подготовка;
20251210;08:33:05;-0,5;0,0;0,0;0,0;50,0;Подготовка;
20251210;08:33:10;-0,5;0,0;0,0;0,0;50,0;Подготовка;
20251210;08:33:15;-0,5;0,0;0,0;0,0;50,0;Подготовка;
20251210;08:33:20;-0,5;0,0;0,0;0,0;50,0;Подготовка;
20251210;08:33:25;-0,5;0,0;0,0;0,0;50,0;Подготовка;
20251210;08:33:30;-0,5;0,0;0,0;0,0;50,0;Подготовка;
20251210;08:33:35;-0,5;0,0;0,0;0,0;50,0;Подготовка;
20251210;08:33:40;-0,5;0,0;0,0;0,0;50,0;Подготовка;
20251210;08:33:45;-0,5;0,0;0,0;0,0;50,0;Подготовка;
20251210;08:33:50;-0,5;0,0;0,0;0,0;50,0;Подготовка;
20251210;08:33:55;-0,5;0,0;0,0;0,0;50,0;Подготовка;
20251210;08:34:00;-0,5;0,0;0,0;0,0;50,0;Подготовка;
20251210;08:34:05;-0,5;0,0;0,0;0,0;50,0;Подготовка;
20251210;08:34:10;-0,5;0,0;0,0;0,0;50,0;Подготовка;
20251210;08:34:15;-0,5;0,0;0,0;0,0;50,0;Подготовка;
20251210;08:34:20;-0,5;0,0;0,0;0,0;50,0;Подготовка;
20251210;08:34:25;-0,5;0,0;0,0;0,0;50,0;Подготовка;
20251210;08:34:30;-0,5;0,0;0,0;0,0;50,0;Подготовка;
20251210;08:34:35;-0,5;0,0;0,0;0,0;50,0;Подготовка;
20251210;08:34:40;-0,5;0,0;0,0;0,0;50,0;Подготовка;
20251210;08:34:45;-0,5;0,0;0,0;0,0;50,0;Подготовка;
20251210;08:34:50;-0,5;0,0;0,0;0,0;50,0;Подготовка;
20251210;08:34:55;-0,5;0,0;0,0;0,0;50,0;Подготовка;
20251210;08:35:00;-0,5;0,0;0,0;0,0;50,0;Подготовка;
20251210;08:35:05;-0,5;0,0;0,0;0,0;50,0;Подготовка;
20251210;08:35:11;-0,5;0,0;0,0;0,0;50,0;Подготовка;
20251210;08:35:16;-0,5;0,0;0,0;0,0;50,0;Подготовка;
20251210;08:35:21;-0,5;0,0;0,0;0,0;50,0;Подготовка;
20251210;08:35:26;-0,5;0,0;0,0;0,0;50,0;Подготовка;
20251210;08:35:31;-0,5;0,0;0,0;0,0;50,0;Подготовка;
20251210;08:35:36;-0,5;0,0;0,0;0,0;50,0;Подготовка;
20251210;08:35:41;-0,5;0,0;0,0;0,0;50,0;Подготовка;
20251210;08:35:46;-0,5;0,0;0,0;0,0;50,0;Подготовка;
20251210;08:35:51;-0,5;0,0;0,0;0,0;50,0;Подготовка;
20251210;08:35:56;-0,5;0,0;0,0;0,0;50,0;Подготовка;
20251210;08:36:01;-0,5;0,0;0,0;0,0;50,0;Подготовка;
20251210;08:36:06;-0,5;0,0;0,0;0,0;50,0;Подготовка;
20251210;08:36:11;-0,5;0,0;0,0;0,0;50,0;Подготовка;
20251210;08:36:16;-0,5;0,0;0,0;0,0;50,0;Подготовка;
20251210;08:36:21;-0,5;0,0;0,0;0,0;50,0;Подготовка;
20251210;08:36:26;-0,5;0,0;0,0;0,0;50,0;Подготовка;
20251210;08:36:31;-0,5;0,0;0,0;0,0;50,0;Подготовка;
20251210;08:36:36;-0,5;0,0;0,0;0,0;50,0;Подготовка;
20251210;08:36:41;-0,5;0,0;0,0;0,0;50,0;Подготовка;
20251210;08:36:46;-0,5;0,0;0,0;0,0;50,0;Подготовка;
20251210;08:36:51;-0,5;0,0;0,0;0,0;50,0;Подготовка;
20251210;08:36:56;-0,5;0,0;0,0;0,0;50,0;Подготовка;
20251210;08:37:01;-0,5;0,0;0,0;0,0;50,0;Подготовка;
20251210;08:37:06;-0,5;0,0;0,0;0,0;50,0;Подготовка;
20251210;08:37:11;-0,5;0,0;0,0;0,0;50,0;Подготовка;
20251210;08:37:17;-0,5;0,0;0,0;0,0;50,0;Подготовка;
20251210;08:37:22;-0,5;0,0;0,0;0,0;50,0;Подготовка;
20251210;08:37:27;-0,5;0,0;0,0;0,0;50,0;Подготовка;
20251210;08:37:32;-0,5;0,0;0,0;0,0;50,0;Подготовка;
20251210;08:37:37;-0,5;0,0;0,0;0,0;50,0;Подготовка;
20251210;08:37:42;-0,5;0,0;0,0;0,0;50,0;Подготовка;
20251210;08:37:47;-0,5;0,0;0,0;0,0;50,0;Подготовка;
20251210;08:37:52;-0,5;0,0;0,0;0,0;50,0;Подготовка;
20251210;08:37:57;-0,5;0,0;0,0;0,0;50,0;Подготовка;
20251210;08:38:02;-0,5;0,0;0,0;0,0;50,0;Подготовка;
20251210;08:38:07;-0,5;0,0;0,0;0,0;50,0;Подготовка;
20251210;08:38:12;-0,5;0,0;0,0;0,0;50,0;Подготовка;
20251210;08:38:17;-0,5;0,0;0,0;0,0;50,0;Подготовка;
20251210;08:38:22;-0,5;0,0;0,0;0,0;50,0;Подготовка;
20251210;08:38:27;-0,5;0,0;0,0;0,0;50,0;Подготовка;
20251210;08:38:32;-0,5;0,0;0,0;0,0;50,0;Подготовка;
20251210;08:38:37;-0,5;0,0;0,0;0,0;50,0;Подготовка;
20251210;08:38:42;-0,5;0,0;0,0;0,0;50,0;Подготовка;
20251210;08:38:47;-0,5;0,0;0,0;0,0;50,0;Подготовка;
20251210;08:38:52;-0,5;0,0;0,0;0,0;50,0;Подготовка;
20251210;08:38:57;-0,5;0,0;0,0;0,0;50,0;Подготовка;
20251210;08:39:02;-0,5;0,0;0,0;0,0;50,0;Подготовка;
20251210;08:39:07;-0,5;0,0;0,0;0,0;50,0;Подготовка;
20251210;08:39:12;-0,5;0,0;0,0;0,0;50,0;Подготовка;
20251210;08:39:17;-0,5;0,0;0,0;0,0;50,0;Подготовка;
20251210;08:39:23;-0,5;0,0;0,0;0,0;50,0;Подготовка;
20251210;08:39:28;-0,5;0,0;0,0;0,0;50,0;Подготовка;
20251210;08:39:33;-0,5;0,0;0,0;0,0;50,0;Подготовка;
20251210;08:39:38;-0,5;0,0;0,0;0,0;50,0;Подготовка;
20251210;08:39:43;-0,5;0,0;0,0;0,0;50,0;Подготовка;
20251210;08:39:48;-0,5;0,0;0,0;0,0;50,0;Подготовка;
20251210;08:39:53;-0,5;0,0;0,0;0,0;50,0;Подготовка;
20251210;08:39:58;-0,5;0,0;0,0;0,0;50,0;Подготовка;
20251210;08:40:03;-0,5;0,0;0,0;0,0;50,0;Подготовка;
20251210;08:40:08;-0,5;0,0;0,0;0,0;50,0;Подготовка;
20251210;08:40:13;-0,5;0,0;0,0;0,0;50,0;Подготовка;
20251210;08:40:18;-0,5;0,0;0,0;0,0;50,0;Подготовка;
20251210;08:40:23;-0,5;0,0;0,0;0,0;50,0;Подготовка;
20251210;08:40:28;-0,5;0,0;0,0;0,0;50,0;Подготовка;
20251210;08:40:33;-0,5;0,0;0,0;0,0;50,0;Подготовка;
20251210;08:40:38;-0,5;0,0;0,0;0,0;50,0;Подготовка;
20251210;08:40:43;-0,5;0,0;0,0;0,0;50,0;Подготовка;
20251210;08:40:48;-0,5;0,0;0,0;0,0;50,0;Подготовка;
20251210;08:40:53;-0,5;0,0;0,0;0,0;50,0;Подготовка;
20251210;08:40:58;-0,5;0,0;0,0;0,0;50,0;Подготовка;
20251210;08:41:03;-0,5;0,0;0,0;0,0;50,0;Подготовка;
20251210;08:41:08;-0,5;0,0;0,0;0,0;50,0;Подготовка;
20251210;08:41:13;-0,5;0,0;0,0;0,0;50,0;Подготовка;
20251210;08:41:18;-0,5;0,0;0,0;0,0;50,0;Подготовка;
20251210;08:41:23;-0,5;0,0;0,0;0,0;50,0;Подготовка;
20251210;08:41:29;-0,5;0,0;0,0;0,0;50,0;Подготовка;
20251210;08:41:34;-0,5;0,0;0,0;0,0;50,0;Подготовка;
20251210;08:41:39;-0,5;0,0;0,0;0,0;50,0;Подготовка;
20251210;08:41:44;-0,5;0,0;0,0;0,0;50,0;Подготовка;
20251210;08:41:49;-0,5;0,0;0,0;0,0;50,0;Подготовка;
20251210;08:41:54;-0,5;0,0;0,0;0,0;50,0;Подготовка;
20251210;08:41:59;-0,5;0,0;0,0;0,0;50,0;Подготовка;
20251210;08:42:04;-0,5;0,0;0,0;0,0;50,0;Подготовка;
20251210;08:42:09;-0,5;0,0;0,0;0,0;50,0;Подготовка;
20251210;08:42:14;-0,5;0,0;0,0;0,0;50,0;Подготовка;
20251210;08:42:19;-0,5;0,0;0,0;0,0;50,0;Подготовка;
20251210;08:42:24;-0,5;0,0;0,0;0,0;50,0;Подготовка;
20251210;08:42:29;-0,5;0,0;0,0;0,0;50,0;Подготовка;
20251210;08:42:34;-0,5;0,0;0,0;0,0;50,0;Подготовка;
20251210;08:42:39;-0,5;0,0;0,0;0,0;50,0;Подготовка;
20251210;08:42:44;-0,5;0,0;0,0;0,0;50,0;Подготовка;
20251210;08:42:49;-0,5;0,0;0,0;0,0;50,0;Подготовка;
20251210;08:42:54;-0,5;0,0;0,0;0,0;50,0;Подготовка;
20251210;08:42:59;-0,5;0,0;0,0;0,0;50,0;Подготовка;
20251210;08:43:04;-0,5;0,0;0,0;0,0;50,0;Подготовка;
20251210;08:43:09;-0,5;0,0;0,0;0,0;50,0;Подготовка;
20251210;08:43:14;-0,5;0,0;0,0;0,0;50,0;Подготовка;
20251210;08:43:19;-0,5;0,0;0,0;0,0;50,0;Подготовка;
20251210;08:43:24;-0,5;0,0;0,0;0,0;50,0;Подготовка;
20251210;08:43:29;-0,5;0,0;0,0;0,0;50,0;Подготовка;
20251210;08:43:35;-0,5;0,0;0,0;0,0;50,0;Подготовка;
20251210;08:43:40;-0,5;0,0;0,0;0,0;50,0;Подготовка;
20251210;08:43:45;-0,5;0,0;0,0;0,0;50,0;Подготовка;
20251210;08:43:50;-0,5;0,0;0,0;0,0;50,0;Подготовка;
20251210;08:43:55;-0,5;0,0;0,0;0,0;50,0;Подготовка;
20251210;08:44:00;-0,5;0,0;0,0;0,0;50,0;Подготовка;
20251210;08:44:05;-0,5;0,0;0,0;0,0;50,0;Подготовка;
20251210;08:44:10;-0,5;0,0;0,0;0,0;50,0;Подготовка;
20251210;08:44:15;-0,5;0,0;0,0;0,0;50,0;Подготовка;
20251210;08:44:20;-0,5;0,0;0,0;0,0;50,0;Подготовка;
20251210;08:44:25;-0,5;0,0;0,0;0,0;50,0;Подготовка;
20251210;08:44:30;-0,5;0,0;0,0;0,0;50,0;Подготовка;
20251210;08:44:35;-0,5;0,0;0,0;0,0;50,0;Подготовка;
20251210;08:44:40;-0,5;0,0;0,0;0,0;50,0;Подготовка;
20251210;08:44:45;-0,5;0,0;0,0;0,0;50,0;Подготовка;
20251210;08:44:50;-0,5;0,0;0,0;0,0;50,0;Подготовка;
20251210;08:44:55;-0,5;0,0;0,0;0,0;50,0;Подготовка;
20251210;08:45:00;-0,5;0,0;0,0;0,0;50,0;Подготовка;
20251210;08:45:05;-0,5;0,0;0,0;0,0;50,0;Подготовка;
20251210;08:45:10;-0,5;0,0;0,0;0,0;50,0;Подготовка;
20251210;08:45:15;-0,5;0,0;0,0;0,0;50,0;Подготовка;
20251210;08:45:20;-0,5;0,0;0,0;0,0;50,0;Подготовка;
20251210;08:45:25;-0,5;0,0;0,0;0,0;50,0;Подготовка;
20251210;08:45:30;-0,5;0,0;0,0;0,0;50,0;Подготовка;
20251210;08:45:35;-0,5;0,0;0,0;0,0;50,0;Подготовка;
20251210;08:45:41;-0,5;0,0;0,0;0,0;50,0;Подготовка;
20251210;08:45:46;-0,5;0,0;0,0;0,0;50,0;Подготовка;
20251210;08:45:51;-0,5;0,0;0,0;0,0;50,0;Подготовка;
20251210;08:45:56;-0,5;0,0;0,0;0,0;50,0;Подготовка;
20251210;08:46:01;-0,5;0,0;0,0;0,0;50,0;Подготовка;
20251210;08:46:06;-0,5;0,0;0,0;0,0;50,0;Подготовка;
20251210;08:46:11;-0,5;0,0;0,0;0,0;50,0;Подготовка;
20251210;08:46:16;-0,5;0,0;0,0;0,0;50,0;Подготовка;
20251210;08:46:21;-0,5;0,0;0,0;0,0;50,0;Подготовка;
20251210;08:46:26;-0,5;0,0;0,0;0,0;50,0;Подготовка;
20251210;08:46:31;-0,5;0,0;0,0;0,0;50,0;Подготовка;
20251210;08:46:36;-0,5;0,0;0,0;0,0;50,0;Подготовка;
20251210;08:46:41;-0,5;0,0;0,0;0,0;50,0;Подготовка;
20251210;08:46:46;-0,5;0,0;0,0;0,0;50,0;Подготовка;
20251210;08:46:51;-0,5;0,0;0,0;0,0;50,0;Подготовка;
20251210;08:46:56;-0,5;0,0;0,0;0,0;50,0;Подготовка;
20251210;08:47:01;-0,5;0,0;0,0;0,0;50,0;Подготовка;
20251210;08:47:06;-0,5;0,0;0,0;0,0;50,0;Подготовка;
20251210;08:47:11;-0,5;0,0;0,0;0,0;50,0;Подготовка;
20251210;08:47:16;-0,5;0,0;0,0;0,0;50,0;Подготовка;
20251210;08:47:21;-0,5;0,0;0,0;0,0;50,0;Подготовка;
20251210;08:47:26;-0,5;0,0;0,0;0,0;50,0;Подготовка;
20251210;08:47:31;-0,5;0,0;0,0;0,0;50,0;Подготовка;
20251210;08:47:36;-0,5;0,0;0,0;0,0;50,0;Подготовка;
20251210;08:47:41;-0,5;0,0;0,0;0,0;50,0;Подготовка;
20251210;08:47:47;-0,5;0,0;0,0;0,0;50,0;Подготовка;
20251210;08:47:52;-0,5;0,0;0,0;0,0;50,0;Подготовка;
20251210;08:47:57;-0,5;0,0;0,0;0,0;50,0;Подготовка;
20251210;08:48:02;-0,5;0,0;0,0;0,0;50,0;Подготовка;
20251210;08:48:07;-0,5;0,0;0,0;0,0;50,0;Подготовка;
20251210;08:48:12;-0,5;0,0;0,0;0,0;50,0;Подготовка;
20251210;08:48:17;-0,5;0,0;0,0;0,0;50,0;Подготовка;
20251210;08:48:22;-0,5;0,0;0,0;0,0;50,0;Подготовка;
20251210;08:48:27;-0,5;0,0;0,0;0,0;50,0;Подготовка;
20251210;08:48:32;-0,5;0,0;0,0;0,0;50,0;Подготовка;
20251210;08:48:37;-0,5;0,0;0,0;0,0;50,0;Подготовка;
20251210;08:48:42;-0,5;0,0;0,0;0,0;50,0;Подготовка;
20251210;08:48:47;-0,5;0,0;0,0;0,0;50,0;Подготовка;
20251210;08:48:52;-0,5;0,0;0,0;0,0;50,0;Подготовка;
20251210;08:48:57;-0,5;0,0;0,0;0,0;50,0;Подготовка;
20251210;08:49:02;-0,5;0,0;0,0;0,0;50,0;Подготовка;
20251210;08:49:07;-0,5;0,0;0,0;0,0;50,0;Подготовка;
20251210;08:49:12;-0,5;0,0;0,0;0,0;50,0;Подготовка;
20251210;08:49:17;-0,5;0,0;0,0;0,0;50,0;Подготовка;
20251210;08:49:22;-0,5;0,0;0,0;0,0;50,0;Подготовка;
20251210;08:49:27;-0,5;0,0;0,0;0,0;50,0;Подготовка;
20251210;08:49:32;-0,5;0,0;0,0;0,0;50,0;Подготовка;
20251210;08:49:37;-0,5;0,0;0,0;0,0;50,0;Подготовка;
20251210;08:49:42;-0,5;0,0;0,0;0,0;50,0;Подготовка;
20251210;08:49:47;-0,5;0,0;0,0;0,0;50,0;Подготовка;
20251210;08:49:53;-0,5;0,0;0,0;0,0;50,0;Подготовка;
20251210;08:49:58;-0,5;0,0;0,0;0,0;50,0;Подготовка;
20251210;08:50:03;-0,5;0,0;0,0;0,0;50,0;Подготовка;
20251210;08:50:08;-0,5;0,0;0,0;0,0;50,0;Подготовка;
20251210;08:50:13;-0,5;0,0;0,0;0,0;50,0;Подготовка;
20251210;08:50:18;-0,5;0,0;0,0;0,0;50,0;Подготовка;
20251210;08:50:23;-0,5;0,0;0,0;0,0;50,0;Подготовка;
20251210;08:50:28;-0,5;0,0;0,0;0,0;50,0;Подготовка;
20251210;08:50:33;-0,5;0,0;0,0;0,0;50,0;Подготовка;
20251210;08:50:38;-0,5;0,0;0,0;0,0;50,0;Подготовка;
20251210;08:50:43;-0,5;0,0;0,0;0,0;50,0;Подготовка;
20251210;08:50:48;-0,5;0,0;0,0;0,0;50,0;Подготовка;
20251210;08:50:53;-0,5;0,0;0,0;0,0;50,0;Подготовка;
20251210;08:50:58;-0,5;0,0;0,0;0,0;50,0;Подготовка;
20251210;08:51:03;-0,5;0,0;0,0;0,0;50,0;Подготовка;
20251210;08:51:08;-0,5;0,0;0,0;0,0;50,0;Подготовка;
20251210;08:51:13;-0,5;0,0;0,0;0,0;50,0;Подготовка;
20251210;08:51:18;-0,5;0,0;0,0;0,0;50,0;Подготовка;
20251210;08:51:23;-0,5;0,0;0,0;0,0;50,0;Подготовка;
20251210;08:51:28;-0,5;0,0;0,0;0,0;50,0;Подготовка;
20251210;08:51:33;-0,5;0,0;0,0;0,0;50,0;Подготовка;
20251210;08:51:38;-0,5;0,0;0,0;0,0;50,0;Подготовка;
20251210;08:51:43;-0,5;0,0;0,0;0,0;50,0;Подготовка;
20251210;08:51:48;-0,5;0,0;0,0;0,0;50,0;Подготовка;
20251210;08:51:53;-0,5;0,0;0,0;0,0;50,0;Подготовка;
20251210;08:51:59;-0,5;0,0;0,0;0,0;50,0;Подготовка;
20251210;08:52:04;-0,5;0,0;0,0;0,0;50,0;Подготовка;
20251210;08:52:09;-0,5;0,0;0,0;0,0;50,0;Подготовка;
20251210;08:52:14;-0,5;0,0;0,0;0,0;50,0;Подготовка;
20251210;08:52:19;-0,5;0,0;0,0;0,0;50,0;Подготовка;
20251210;08:52:24;-0,5;0,0;0,0;0,0;50,0;Подготовка;
20251210;08:52:29;-0,5;0,0;0,0;0,0;50,0;Подготовка;
20251210;08:52:34;-0,5;0,0;0,0;0,0;50,0;Подготовка;
20251210;08:52:39;-0,5;0,0;0,0;0,0;50,0;Подготовка;
20251210;08:52:44;-0,5;0,0;0,0;0,0;50,0;Подготовка;
20251210;08:52:49;-0,5;0,0;0,0;0,0;50,0;Подготовка;
20251210;08:52:54;-0,5;0,0;0,0;0,0;50,0;Подготовка;
20251210;08:52:59;-0,5;0,0;0,0;0,0;50,0;Подготовка;
20251210;08:53:04;-0,5;0,0;0,0;0,0;50,0;Подготовка;
20251210;08:53:09;-0,5;0,0;0,0;0,0;50,0;Подготовка;
20251210;08:53:14;-0,5;0,0;0,0;0,0;50,0;Подготовка;
20251210;08:53:19;-0,5;0,0;0,0;0,0;50,0;Подготовка;
20251210;08:53:24;-0,5;0,0;0,0;0,0;50,0;Подготовка;
20251210;08:53:29;-0,5;0,0;0,0;0,0;50,0;Подготовка;
20251210;08:53:34;-0,5;0,0;0,0;0,0;50,0;Подготовка;
20251210;08:53:39;-0,5;0,0;0,0;0,0;50,0;Подготовка;
20251210;08:53:44;-0,5;0,0;0,0;0,0;50,0;Подготовка;
20251210;08:53:49;-0,5;0,0;0,0;0,0;50,0;Подготовка;
20251210;08:53:54;-0,5;0,0;0,0;0,0;50,0;Подготовка;
20251210;08:53:59;-0,5;0,0;0,0;0,0;50,0;Подготовка;
20251210;08:54:05;-0,5;0,0;0,0;0,0;50,0;Подготовка;
20251210;08:54:10;-0,5;0,0;0,0;0,0;50,0;Подготовка;
20251210;08:54:15;-0,5;0,0;0,0;0,0;50,0;Подготовка;
20251210;08:54:20;-0,5;0,0;0,0;0,0;50,0;Подготовка;
20251210;08:54:25;-0,5;0,0;0,0;0,0;50,0;Подготовка;
20251210;08:54:30;-0,5;0,0;0,0;0,0;50,0;Подготовка;
20251210;08:54:35;-0,5;0,0;0,0;0,0;50,0;Подготовка;
20251210;08:54:40;-0,5;0,0;0,0;0,0;50,0;Подготовка;
20251210;08:54:45;-0,5;0,0;0,0;0,0;50,0;Подготовка;
20251210;08:54:50;-0,5;0,0;0,0;0,0;50,0;Подготовка;
20251210;08:54:55;-0,5;0,0;0,0;0,0;50,0;Подготовка;
20251210;08:55:00;-0,5;0,0;0,0;0,0;50,0;Подготовка;
20251210;08:55:05;-0,5;0,0;0,0;0,0;50,0;Подготовка;
20251210;08:55:10;-0,5;0,0;0,0;0,0;50,0;Подготовка;
20251210;08:55:15;-0,5;0,0;0,0;0,0;50,0;Подготовка;
20251210;08:55:20;-0,5;0,0;0,0;0,0;50,0;Подготовка;
20251210;08:55:25;-0,5;0,0;0,0;0,0;50,0;Подготовка;
20251210;08:55:30;-0,5;0,0;0,0;0,0;50,0;Подготовка;
20251210;08:55:35;-0,5;0,0;0,0;0,0;50,0;Подготовка;
20251210;08:55:40;-0,5;0,0;0,0;0,0;50,0;Подготовка;
20251210;08:55:45;-0,5;0,0;0,0;0,0;50,0;Подготовка;
20251210;08:55:50;-0,5;0,0;0,0;0,0;50,0;Подготовка;
20251210;08:55:55;-0,5;0,0;0,0;0,0;50,0;Подготовка;
20251210;08:56:00;-0,5;0,0;0,0;0,0;50,0;Подготовка;
20251210;08:56:05;-0,5;0,0;0,0;0,0;50,0;Подготовка;
20251210;08:56:11;-0,5;0,0;0,0;0,0;50,0;Подготовка;
20251210;08:56:16;-0,5;0,0;0,0;0,0;50,0;Подготовка;
20251210;08:56:21;-0,5;0,0;0,0;0,0;50,0;Подготовка;
20251210;08:56:26;-0,5;0,0;0,0;0,0;50,0;Подготовка;
20251210;08:56:31;-0,5;0,0;0,0;0,0;50,0;Подготовка;
20251210;08:56:36;-0,5;0,0;0,0;0,0;50,0;Подготовка;
20251210;08:56:41;-0,5;0,0;0,0;0,0;50,0;Подготовка;
20251210;08:56:46;-0,5;0,0;0,0;0,0;50,0;Подготовка;
20251210;08:56:51;-0,5;0,0;0,0;0,0;50,0;Подготовка;
20251210;08:56:56;-0,5;0,0;0,0;0,0;50,0;Подготовка;
20251210;08:57:01;-0,5;0,0;0,0;0,0;50,0;Подготовка;
20251210;08:57:06;-0,5;0,0;0,0;0,0;50,0;Подготовка;
20251210;08:57:11;-0,5;0,0;0,0;0,0;50,0;Подготовка;
20251210;08:57:16;-0,5;0,0;0,0;0,0;50,0;Подготовка;
20251210;08:57:21;-0,5;0,0;0,0;0,0;50,0;Подготовка;
20251210;08:57:26;-0,5;0,0;0,0;0,0;50,0;Подготовка;
20251210;08:57:31;-0,5;0,0;0,0;0,0;50,0;Подготовка;
20251210;08:57:36;-0,5;0,0;0,0;0,0;50,0;Подготовка;
20251210;08:57:41;-0,5;0,0;0,0;0,0;50,0;Подготовка;
20251210;08:57:46;-0,5;0,0;0,0;0,0;50,0;Подготовка;
20251210;08:57:51;-0,5;0,0;0,0;0,0;50,0;Подготовка;
20251210;08:57:56;-0,5;0,0;0,0;0,0;50,0;Подготовка;
20251210;08:58:01;-0,5;0,0;0,0;0,0;50,0;Подготовка;
20251210;08:58:06;-0,5;0,0;0,0;0,0;50,0;Подготовка;
20251210;08:58:11;-0,5;0,0;0,0;0,0;50,0;Подготовка;
20251210;08:58:17;-0,5;0,0;0,0;0,0;50,0;Подготовка;
20251210;08:58:22;-0,5;0,0;0,0;0,0;50,0;Подготовка;
20251210;08:58:27;-0,5;0,0;0,0;0,0;50,0;Подготовка;
20251210;08:58:32;-0,5;0,0;0,0;0,0;50,0;Подготовка;
20251210;08:58:37;-0,5;0,0;0,0;0,0;50,0;Подготовка;
20251210;08:58:42;-0,5;0,0;0,0;0,0;50,0;Подготовка;
20251210;08:58:47;-0,5;0,0;0,0;0,0;50,0;Подготовка;
20251210;08:58:52;-0,5;0,0;0,0;0,0;50,0;Подготовка;
20251210;08:58:57;-0,5;0,0;0,0;0,0;50,0;Подготовка;
20251210;08:59:02;-0,5;0,0;0,0;0,0;50,0;Подготовка;
20251210;08:59:07;-0,5;0,0;0,0;0,0;50,0;Подготовка;
20251210;08:59:12;-0,5;0,0;0,0;0,0;50,0;Подготовка;
20251210;08:59:17;-0,5;0,0;0,0;0,0;50,0;Подготовка;
20251210;08:59:22;-0,5;0,0;0,0;0,0;50,0;Подготовка;
20251210;08:59:27;-0,5;0,0;0,0;0,0;50,0;Подготовка;
20251210;08:59:32;-0,5;0,0;0,0;0,0;50,0;Подготовка;
20251210;08:59:37;-0,5;0,0;0,0;0,0;50,0;Подготовка;
20251210;08:59:42;-0,5;0,0;0,0;0,0;50,0;Подготовка;
20251210;08:59:47;-0,5;0,0;0,0;0,0;50,0;Подготовка;
20251210;08:59:52;-0,5;0,0;0,0;0,0;50,0;Подготовка;
20251210;08:59:57;-0,5;0,0;0,0;0,0;50,0;Подготовка;
20251210;09:00:02;-0,5;0,0;0,0;0,0;50,0;Подготовка;
20251210;09:00:07;-0,5;0,0;0,0;0,0;50,0;Подготовка;
20251210;09:00:12;-0,5;0,0;0,0;0,0;50,0;Подготовка;
20251210;09:00:17;-0,5;0,0;0,0;0,0;50,0;Подготовка;
20251210;09:00:23;-0,5;0,0;0,0;0,0;50,0;Подготовка;
20251210;09:00:28;-0,5;0,0;0,0;0,0;50,0;Подготовка;
20251210;09:00:33;-0,5;0,0;0,0;0,0;50,0;Подготовка;
20251210;09:00:38;-0,5;0,0;0,0;0,0;50,0;Подготовка;
20251210;09:00:43;-0,5;0,0;0,0;0,0;50,0;Подготовка;
20251210;09:00:48;-0,5;0,0;0,0;0,0;50,0;Подготовка;
20251210;09:00:53;-0,5;0,0;0,0;0,0;50,0;Подготовка;
20251210;09:00:58;-0,5;0,0;0,0;0,0;50,0;Подготовка;
20251210;09:01:03;-0,5;0,0;0,0;0,0;50,0;Подготовка;
20251210;09:01:08;-0,5;0,0;0,0;0,0;50,0;Подготовка;
20251210;09:01:13;-0,5;0,0;0,0;0,0;50,0;Подготовка;
20251210;09:01:18;-0,5;0,0;0,0;0,0;50,0;Подготовка;
20251210;09:01:23;-0,5;0,0;0,0;0,0;50,0;Подготовка;
20251210;09:01:28;-0,5;0,0;0,0;0,0;50,0;Подготовка;
20251210;09:01:33;-0,5;0,0;0,0;0,0;50,0;Подготовка;
20251210;09:01:38;-0,5;0,0;0,0;0,0;50,0;Подготовка;
20251210;09:01:43;-0,5;0,0;0,0;0,0;50,0;Подготовка;
20251210;09:01:48;-0,5;0,0;0,0;0,0;50,0;Подготовка;
20251210;09:01:53;-0,5;0,0;0,0;0,0;50,0;Подготовка;
20251210;09:01:58;-0,5;0,0;0,0;0,0;50,0;Подготовка;
20251210;09:02:03;-0,5;0,0;0,0;0,0;50,0;Подготовка;
20251210;09:02:08;-0,5;0,0;0,0;0,0;50,0;Подготовка;
20251210;09:02:13;-0,5;0,0;0,0;0,0;50,0;Подготовка;
20251210;09:02:18;-0,5;0,0;0,0;0,0;50,0;Подготовка;
20251210;09:02:23;-0,5;0,0;0,0;0,0;50,0;Подготовка;
20251210;09:02:29;-0,5;0,0;0,0;0,0;50,0;Подготовка;
20251210;09:02:34;-0,5;0,0;0,0;0,0;50,0;Подготовка;
20251210;09:02:39;-0,5;0,0;0,0;0,0;50,0;Подготовка;
20251210;09:02:44;-0,5;0,0;0,0;0,0;50,0;Подготовка;
20251210;09:02:49;-0,5;0,0;0,0;0,0;50,0;Подготовка;
20251210;09:02:54;-0,5;0,0;0,0;0,0;50,0;Подготовка;
20251210;09:02:59;-0,5;0,0;0,0;0,0;50,0;Подготовка;
20251210;09:03:04;-0,5;0,0;0,0;0,0;50,0;Подготовка;
20251210;09:03:09;-0,5;0,0;0,0;0,0;50,0;Подготовка;
20251210;09:03:14;-0,5;0,0;0,0;0,0;50,0;Подготовка;
20251210;09:03:19;-0,5;0,0;0,0;0,0;50,0;Подготовка;
20251210;09:03:24;-0,5;0,0;0,0;0,0;50,0;Подготовка;
20251210;09:03:29;-0,5;0,0;0,0;0,0;50,0;Подготовка;
20251210;09:03:34;-0,5;0,0;0,0;0,0;50,0;Подготовка;
20251210;09:03:39;-0,5;0,0;0,0;0,0;50,0;Подготовка;
20251210;09:03:44;-0,5;0,0;0,0;0,0;50,0;Подготовка;
20251210;09:03:49;-0,5;0,0;0,0;0,0;50,0;Подготовка;
20251210;09:03:54;-0,5;0,0;0,0;0,0;50,0;Подготовка;
20251210;09:03:59;-0,5;0,0;0,0;0,0;50,0;Подготовка;
20251210;09:04:04;-0,5;0,0;0,0;0,0;50,0;Подготовка;
20251210;09:04:09;-0,5;0,0;0,0;0,0;50,0;Подготовка;
20251210;09:04:14;-0,5;0,0;0,0;0,0;50,0;Подготовка;
20251210;09:04:19;-0,5;0,0;0,0;0,0;50,0;Подготовка;
20251210;09:04:24;-0,5;0,0;0,0;0,0;50,0;Подготовка;
20251210;09:04:29;-0,5;0,0;0,0;0,0;50,0;Подготовка;
20251210;09:04:35;-0,5;0,0;0,0;0,0;50,0;Подготовка;
20251210;09:04:40;-0,5;0,0;0,0;0,0;50,0;Подготовка;
20251210;09:04:45;-0,5;0,0;0,0;0,0;50,0;Подготовка;
20251210;09:04:50;-0,5;0,0;0,0;0,0;50,0;Подготовка;
20251210;09:04:55;-0,5;0,0;0,0;0,0;50,0;Подготовка;
20251210;09:05:00;-0,5;0,0;0,0;0,0;50,0;Подготовка;
20251210;09:05:05;-0,5;0,0;0,0;0,0;50,0;Подготовка;
20251210;09:05:10;-0,5;0,0;0,0;0,0;50,0;Подготовка;
20251210;09:05:15;-0,5;0,0;0,0;0,0;50,0;Подготовка;
Предприятие;
Объект;
Вид оборудования;
Дисп. наименование;
Тип;
Зав. номер;
Сер. номер;
Год выпуска;
Год ввода в эксплуатацию;
Дата отбора пробы;
Марка пробы;
Температура пробы;
DATE ;TIME ;TS_TEMP ;PROB_TEMP ;PROB_OTN_VL ;PROBE_VlAGOSOD ;SP ;STATUS ; 
20251210;09:25:26;-0,39;0,0;0,0;0,0;50,0;Включение;
20251210;09:25:31;-0,49;0,0;0,0;0,0;50,0;Включение;
20251210;09:25:36;-0,49;0,0;0,0;0,0;50,0;Подготовка;
20251210;09:25:41;-0,49;0,0;0,0;0,0;50,0;Подготовка;
20251210;09:25:46;-0,49;0,0;0,0;0,0;50,0;Подготовка;
20251210;09:25:51;-0,49;0,0;0,0;0,0;50,0;Подготовка;
20251210;09:25:56;-0,5;0,0;0,0;0,0;50,0;Подготовка;
20251210;09:26:01;-0,5;0,0;0,0;0,0;50,0;Подготовка;
20251210;09:26:06;-0,5;0,0;0,0;0,0;50,0;Подготовка;
20251210;09:26:11;-0,5;0,0;0,0;0,0;50,0;Подготовка;
20251210;09:26:16;-0,5;0,0;0,0;0,0;50,0;Подготовка;
20251210;09:26:21;-0,5;0,0;0,0;0,0;50,0;Подготовка;
20251210;09:26:26;-0,5;0,0;0,0;0,0;50,0;Подготовка;
20251210;09:26:31;-0,5;0,0;0,0;0,0;50,0;Подготовка;
20251210;09:26:36;-0,5;0,0;0,0;0,0;50,0;Подготовка;
20251210;09:26:41;-0,5;0,0;0,0;0,0;50,0;Подготовка;
20251210;09:26:46;-0,5;0,0;0,0;0,0;50,0;Подготовка;
20251210;09:26:51;-0,5;0,0;0,0;0,0;50,0;Подготовка;
20251210;09:26:57;-0,5;0,0;0,0;0,0;50,0;Подготовка;
20251210;09:27:02;-0,5;0,0;0,0;0,0;50,0;Подготовка;
20251210;09:27:07;-0,5;0,0;0,0;0,0;50,0;Подготовка;
20251210;09:27:12;-0,5;0,0;0,0;0,0;50,0;Подготовка;
20251210;09:27:17;-0,5;0,0;0,0;0,0;50,0;Подготовка;
20251210;09:27:22;-0,5;0,0;0,0;0,0;50,0;Подготовка;
20251210;09:27:27;-0,5;0,0;0,0;0,0;50,0;Подготовка;
20251210;09:27:32;-0,5;0,0;0,0;0,0;50,0;Подготовка;
20251210;09:27:37;-0,5;0,0;0,0;0,0;50,0;Подготовка;
20251210;09:27:42;-0,5;0,0;0,0;0,0;50,0;Подготовка;
20251210;09:27:47;-0,5;0,0;0,0;0,0;50,0;Подготовка;
20251210;09:27:52;-0,5;0,0;0,0;0,0;50,0;Подготовка;
20251210;09:27:57;-0,5;0,0;0,0;0,0;50,0;Подготовка;
20251210;09:28:02;-0,5;0,0;0,0;0,0;50,0;Подготовка;
20251210;09:28:07;-0,5;0,0;0,0;0,0;50,0;Подготовка;
20251210;09:28:12;-0,5;0,0;0,0;0,0;50,0;Подготовка;
20251210;09:28:17;-0,5;0,0;0,0;0,0;50,0;Подготовка;
20251210;09:28:22;-0,5;0,0;0,0;0,0;50,0;Подготовка;
20251210;09:28:27;-0,5;0,0;0,0;0,0;50,0;Подготовка;
20251210;09:28:32;-0,5;0,0;0,0;0,0;50,0;Подготовка;
20251210;09:28:37;-0,5;0,0;0,0;0,0;50,0;Подготовка;
20251210;09:28:42;-0,5;0,0;0,0;0,0;50,0;Подготовка;
20251210;09:28:47;-0,5;0,0;0,0;0,0;50,0;Подготовка;
20251210;09:28:52;-0,5;0,0;0,0;0,0;50,0;Подготовка;
20251210;09:28:57;-0,5;0,0;0,0;0,0;50,0;Подготовка;
20251210;09:29:03;-0,5;0,0;0,0;0,0;50,0;Подготовка;
20251210;09:29:08;-0,5;0,0;0,0;0,0;50,0;Подготовка;
20251210;09:29:13;-0,5;0,0;0,0;0,0;50,0;Подготовка;
20251210;09:29:18;-0,5;0,0;0,0;0,0;50,0;Подготовка;
20251210;09:29:23;-0,5;0,0;0,0;0,0;50,0;Подготовка;
20251210;09:29:28;-0,5;0,0;0,0;0,0;50,0;Подготовка;
20251210;09:29:33;-0,5;0,0;0,0;0,0;50,0;Подготовка;
20251210;09:29:38;-0,5;0,0;0,0;0,0;50,0;Подготовка;
20251210;09:29:43;-0,5;0,0;0,0;0,0;50,0;Подготовка;
20251210;09:29:48;-0,5;0,0;0,0;0,0;50,0;Подготовка;
20251210;09:29:53;-0,5;0,0;0,0;0,0;50,0;Подготовка;
20251210;09:29:58;-0,5;0,0;0,0;0,0;50,0;Подготовка;
20251210;09:30:03;-0,5;0,0;0,0;0,0;50,0;Подготовка;
20251210;09:30:08;-0,5;0,0;0,0;0,0;50,0;Подготовка;
20251210;09:30:13;-0,5;0,0;0,0;0,0;50,0;Подготовка;
20251210;09:30:18;-0,5;0,0;0,0;0,0;50,0;Подготовка;
20251210;09:30:23;-0,5;0,0;0,0;0,0;50,0;Подготовка;
20251210;09:30:28;-0,5;0,0;0,0;0,0;50,0;Подготовка;
20251210;09:30:33;-0,5;0,0;0,0;0,0;50,0;Подготовка;
20251210;09:30:38;-0,5;0,0;0,0;0,0;50,0;Подготовка;
20251210;09:30:43;-0,5;0,0;0,0;0,0;50,0;Подготовка;
20251210;09:30:48;-0,5;0,0;0,0;0,0;50,0;Подготовка;
20251210;09:30:53;-0,5;0,0;0,0;0,0;50,0;Подготовка;
20251210;09:30:58;-0,5;0,0;0,0;0,0;50,0;Подготовка;
20251210;09:31:03;-0,5;0,0;0,0;0,0;50,0;Подготовка;
20251210;09:31:09;-0,5;0,0;0,0;0,0;50,0;Подготовка;
20251210;09:31:14;-0,5;0,0;0,0;0,0;50,0;Подготовка;
20251210;09:31:19;-0,5;0,0;0,0;0,0;50,0;Подготовка;
20251210;09:31:24;-0,5;0,0;0,0;0,0;50,0;Подготовка;
20251210;09:31:29;-0,5;0,0;0,0;0,0;50,0;Подготовка;
20251210;09:31:34;-0,5;0,0;0,0;0,0;50,0;Подготовка;
20251210;09:31:39;-0,5;0,0;0,0;0,0;50,0;Подготовка;
20251210;09:31:44;-0,5;0,0;0,0;0,0;50,0;Подготовка;
20251210;09:31:49;-0,5;0,0;0,0;0,0;50,0;Подготовка;
20251210;09:31:54;-0,5;0,0;0,0;0,0;50,0;Подготовка;
20251210;09:31:59;-0,5;0,0;0,0;0,0;50,0;Подготовка;
20251210;09:32:04;-0,5;0,0;0,0;0,0;50,0;Подготовка;
20251210;09:32:09;-0,5;0,0;0,0;0,0;50,0;Подготовка;
20251210;09:32:14;-0,5;0,0;0,0;0,0;50,0;Подготовка;
20251210;09:32:19;-0,5;0,0;0,0;0,0;50,0;Подготовка;
20251210;09:32:24;-0,5;0,0;0,0;0,0;50,0;Подготовка;
20251210;09:32:29;-0,5;0,0;0,0;0,0;50,0;Подготовка;
20251210;09:32:34;-0,5;0,0;0,0;0,0;50,0;Подготовка;
20251210;09:32:39;-0,5;0,0;0,0;0,0;50,0;Подготовка;
20251210;09:32:44;-0,5;0,0;0,0;0,0;50,0;Подготовка;
20251210;09:32:49;-0,5;0,0;0,0;0,0;50,0;Подготовка;
20251210;09:32:54;-0,5;0,0;0,0;0,0;50,0;Подготовка;
20251210;09:32:59;-0,5;0,0;0,0;0,0;50,0;Подготовка;
20251210;09:33:04;-0,5;0,0;0,0;0,0;50,0;Подготовка;
20251210;09:33:09;-0,5;0,0;0,0;0,0;50,0;Подготовка;
20251210;09:33:15;-0,5;0,0;0,0;0,0;50,0;Подготовка;
20251210;09:33:20;-0,5;0,0;0,0;0,0;50,0;Подготовка;
20251210;09:33:25;-0,5;0,0;0,0;0,0;50,0;Подготовка;
20251210;09:33:30;-0,5;0,0;0,0;0,0;50,0;Подготовка;
20251210;09:33:35;-0,5;0,0;0,0;0,0;50,0;Подготовка;
20251210;09:33:40;-0,5;0,0;0,0;0,0;50,0;Подготовка;
20251210;09:33:45;-0,5;0,0;0,0;0,0;50,0;Подготовка;
20251210;09:33:50;-0,5;0,0;0,0;0,0;50,0;Подготовка;
20251210;09:33:55;-0,5;0,0;0,0;0,0;50,0;Подготовка;
20251210;09:34:00;-0,5;0,0;0,0;0,0;50,0;Подготовка;
20251210;09:34:05;-0,5;0,0;0,0;0,0;50,0;Подготовка;
20251210;09:34:10;-0,5;0,0;0,0;0,0;50,0;Подготовка;
20251210;09:34:15;-0,5;0,0;0,0;0,0;50,0;Подготовка;
20251210;09:34:20;-0,5;0,0;0,0;0,0;50,0;Подготовка;
20251210;09:34:25;-0,5;0,0;0,0;0,0;50,0;Подготовка;
20251210;09:34:30;-0,5;0,0;0,0;0,0;50,0;Подготовка;
20251210;09:34:35;-0,5;0,0;0,0;0,0;50,0;Подготовка;
20251210;09:34:40;-0,5;0,0;0,0;0,0;50,0;Подготовка;
20251210;09:34:45;-0,5;0,0;0,0;0,0;50,0;Подготовка;
20251210;09:34:50;-0,5;0,0;0,0;0,0;50,0;Подготовка;
20251210;09:34:55;-0,5;0,0;0,0;0,0;50,0;Подготовка;
20251210;09:35:00;-0,5;0,0;0,0;0,0;50,0;Подготовка;
20251210;09:35:05;-0,5;0,0;0,0;0,0;50,0;Подготовка;
20251210;09:35:10;-0,5;0,0;0,0;0,0;50,0;Подготовка;
20251210;09:35:15;-0,5;0,0;0,0;0,0;50,0;Подготовка;
20251210;09:35:21;-0,5;0,0;0,0;0,0;50,0;Подготовка;
20251210;09:35:26;-0,5;0,0;0,0;0,0;50,0;Подготовка;
20251210;09:35:31;-0,5;0,0;0,0;0,0;50,0;Подготовка;
20251210;09:35:36;-0,5;0,0;0,0;0,0;50,0;Подготовка;
20251210;09:35:41;-0,5;0,0;0,0;0,0;50,0;Подготовка;
20251210;09:35:46;-0,5;0,0;0,0;0,0;50,0;Подготовка;
20251210;09:35:51;-0,5;0,0;0,0;0,0;50,0;Подготовка;
20251210;09:35:56;-0,5;0,0;0,0;0,0;50,0;Подготовка;
20251210;09:36:01;-0,5;0,0;0,0;0,0;50,0;Подготовка;
20251210;09:36:06;-0,5;0,0;0,0;0,0;50,0;Подготовка;
20251210;09:36:11;-0,5;0,0;0,0;0,0;50,0;Подготовка;
20251210;09:36:16;-0,5;0,0;0,0;0,0;50,0;Подготовка;
20251210;09:36:21;-0,5;0,0;0,0;0,0;50,0;Подготовка;
20251210;09:36:26;-0,5;0,0;0,0;0,0;50,0;Подготовка;
20251210;09:36:31;-0,5;0,0;0,0;0,0;50,0;Подготовка;
20251210;09:36:36;-0,5;0,0;0,0;0,0;50,0;Подготовка;
20251210;09:36:41;-0,5;0,0;0,0;0,0;50,0;Подготовка;
20251210;09:36:46;-0,5;0,0;0,0;0,0;50,0;Подготовка;
20251210;09:36:51;-0,5;0,0;0,0;0,0;50,0;Подготовка;
20251210;09:36:56;-0,5;0,0;0,0;0,0;50,0;Подготовка;
20251210;09:37:01;-0,5;0,0;0,0;0,0;50,0;Подготовка;
20251210;09:37:06;-0,5;0,0;0,0;0,0;50,0;Подготовка;
20251210;09:37:11;-0,5;0,0;0,0;0,0;50,0;Подготовка;
20251210;09:37:16;-0,5;0,0;0,0;0,0;50,0;Подготовка;
20251210;09:37:21;-0,5;0,0;0,0;0,0;50,0;Подготовка;
20251210;09:37:27;-0,5;0,0;0,0;0,0;50,0;Подготовка;
20251210;09:37:32;-0,5;0,0;0,0;0,0;50,0;Подготовка;
20251210;09:37:37;-0,5;0,0;0,0;0,0;50,0;Подготовка;
20251210;09:37:42;-0,5;0,0;0,0;0,0;50,0;Подготовка;
20251210;09:37:47;-0,5;0,0;0,0;0,0;50,0;Подготовка;
20251210;09:37:52;-0,5;0,0;0,0;0,0;50,0;Подготовка;
20251210;09:37:57;-0,5;0,0;0,0;0,0;50,0;Подготовка;
20251210;09:38:02;-0,5;0,0;0,0;0,0;50,0;Подготовка;
20251210;09:38:07;-0,5;0,0;0,0;0,0;50,0;Подготовка;
20251210;09:38:12;-0,5;0,0;0,0;0,0;50,0;Подготовка;
20251210;09:38:17;-0,5;0,0;0,0;0,0;50,0;Подготовка;
20251210;09:38:22;-0,5;0,0;0,0;0,0;50,0;Подготовка;
20251210;09:38:27;-0,5;0,0;0,0;0,0;50,0;Подготовка;
20251210;09:38:32;-0,5;0,0;0,0;0,0;50,0;Подготовка;
20251210;09:38:37;-0,5;0,0;0,0;0,0;50,0;Подготовка;
20251210;09:38:42;-0,5;0,0;0,0;0,0;50,0;Подготовка;
20251210;09:38:47;-0,5;0,0;0,0;0,0;50,0;Подготовка;
20251210;09:38:52;-0,5;0,0;0,0;0,0;50,0;Подготовка;
20251210;09:38:57;-0,5;0,0;0,0;0,0;50,0;Подготовка;
20251210;09:39:02;-0,5;0,0;0,0;0,0;50,0;Подготовка;
20251210;09:39:07;-0,5;0,0;0,0;0,0;50,0;Подготовка;
20251210;09:39:12;-0,5;0,0;0,0;0,0;50,0;Подготовка;
20251210;09:39:17;-0,5;0,0;0,0;0,0;50,0;Подготовка;
20251210;09:39:22;-0,5;0,0;0,0;0,0;50,0;Подготовка;
20251210;09:39:27;-0,5;0,0;0,0;0,0;50,0;Подготовка;
20251210;09:39:33;-0,5;0,0;0,0;0,0;50,0;Подготовка;
20251210;09:39:38;-0,5;0,0;0,0;0,0;50,0;Подготовка;
20251210;09:39:43;-0,5;0,0;0,0;0,0;50,0;Подготовка;
20251210;09:39:48;-0,5;0,0;0,0;0,0;50,0;Подготовка;
20251210;09:39:53;-0,5;0,0;0,0;0,0;50,0;Подготовка;
20251210;09:39:58;-0,5;0,0;0,0;0,0;50,0;Подготовка;
20251210;09:40:03;-0,5;0,0;0,0;0,0;50,0;Подготовка;
20251210;09:40:08;-0,5;0,0;0,0;0,0;50,0;Подготовка;
20251210;09:40:13;-0,5;0,0;0,0;0,0;50,0;Подготовка;
20251210;09:40:18;-0,5;0,0;0,0;0,0;50,0;Подготовка;
20251210;09:40:23;-0,5;0,0;0,0;0,0;50,0;Подготовка;
20251210;09:40:28;-0,5;0,0;0,0;0,0;50,0;Подготовка;
20251210;09:40:33;-0,5;0,0;0,0;0,0;50,0;Подготовка;
20251210;09:40:38;-0,5;0,0;0,0;0,0;50,0;Подготовка;
20251210;09:40:43;-0,5;0,0;0,0;0,0;50,0;Подготовка;
20251210;09:40:48;-0,5;0,0;0,0;0,0;50,0;Подготовка;
20251210;09:40:53;-0,5;0,0;0,0;0,0;50,0;Подготовка;
20251210;09:40:58;-0,5;0,0;0,0;0,0;50,0;Подготовка;
20251210;09:41:03;-0,5;0,0;0,0;0,0;50,0;Подготовка;
20251210;09:41:08;-0,5;0,0;0,0;0,0;50,0;Подготовка;
20251210;09:41:13;-0,5;0,0;0,0;0,0;50,0;Подготовка;
20251210;09:41:18;-0,5;0,0;0,0;0,0;50,0;Подготовка;
20251210;09:41:23;-0,5;0,0;0,0;0,0;50,0;Подготовка;
20251210;09:41:28;-0,5;0,0;0,0;0,0;50,0;Подготовка;
20251210;09:41:33;-0,5;0,0;0,0;0,0;50,0;Подготовка;
20251210;09:41:39;-0,5;0,0;0,0;0,0;50,0;Подготовка;
20251210;09:41:44;-0,5;0,0;0,0;0,0;50,0;Подготовка;
20251210;09:41:49;-0,5;0,0;0,0;0,0;50,0;Подготовка;
20251210;09:41:54;-0,5;0,0;0,0;0,0;50,0;Подготовка;
20251210;09:41:59;-0,5;0,0;0,0;0,0;50,0;Подготовка;
20251210;09:42:04;-0,5;0,0;0,0;0,0;50,0;Подготовка;
20251210;09:42:09;-0,5;0,0;0,0;0,0;50,0;Подготовка;
20251210;09:42:14;-0,5;0,0;0,0;0,0;50,0;Подготовка;
20251210;09:42:19;-0,5;0,0;0,0;0,0;50,0;Подготовка;
20251210;09:42:24;-0,5;0,0;0,0;0,0;50,0;Подготовка;
20251210;09:42:29;-0,5;0,0;0,0;0,0;50,0;Подготовка;
20251210;09:42:34;-0,5;0,0;0,0;0,0;50,0;Подготовка;
20251210;09:42:39;-0,5;0,0;0,0;0,0;50,0;Подготовка;
20251210;09:42:44;-0,5;0,0;0,0;0,0;50,0;Подготовка;
20251210;09:42:49;-0,5;0,0;0,0;0,0;50,0;Подготовка;
20251210;09:42:54;-0,5;0,0;0,0;0,0;50,0;Подготовка;
20251210;09:42:59;-0,5;0,0;0,0;0,0;50,0;Подготовка;
20251210;09:43:04;-0,5;0,0;0,0;0,0;50,0;Подготовка;
20251210;09:43:09;-0,5;0,0;0,0;0,0;50,0;Подготовка;
20251210;09:43:14;-0,5;0,0;0,0;0,0;50,0;Подготовка;
20251210;09:43:19;-0,5;0,0;0,0;0,0;50,0;Подготовка;
20251210;09:43:24;-0,5;0,0;0,0;0,0;50,0;Подготовка;
20251210;09:43:29;-0,5;0,0;0,0;0,0;50,0;Подготовка;
20251210;09:43:34;-0,5;0,0;0,0;0,0;50,0;Подготовка;
20251210;09:43:39;-0,5;0,0;0,0;0,0;50,0;Подготовка;
20251210;09:43:45;-0,5;0,0;0,0;0,0;50,0;Подготовка;
20251210;09:43:50;-0,5;0,0;0,0;0,0;50,0;Подготовка;
20251210;09:43:55;-0,5;0,0;0,0;0,0;50,0;Подготовка;
20251210;09:44:00;-0,5;0,0;0,0;0,0;50,0;Подготовка;
20251210;09:44:05;-0,5;0,0;0,0;0,0;50,0;Подготовка;
20251210;09:44:10;-0,5;0,0;0,0;0,0;50,0;Подготовка;
20251210;09:44:15;-0,5;0,0;0,0;0,0;50,0;Подготовка;
20251210;09:44:20;-0,5;0,0;0,0;0,0;50,0;Подготовка;
20251210;09:44:25;-0,5;0,0;0,0;0,0;50,0;Подготовка;
20251210;09:44:30;-0,5;0,0;0,0;0,0;50,0;Подготовка;
20251210;09:44:35;-0,5;0,0;0,0;0,0;50,0;Подготовка;
20251210;09:44:40;-0,5;0,0;0,0;0,0;50,0;Подготовка;
20251210;09:44:45;-0,5;0,0;0,0;0,0;50,0;Подготовка;
20251210;09:44:50;-0,5;0,0;0,0;0,0;50,0;Подготовка;
20251210;09:44:55;-0,5;0,0;0,0;0,0;50,0;Подготовка;
20251210;09:45:00;-0,5;0,0;0,0;0,0;50,0;Подготовка;
20251210;09:45:05;-0,5;0,0;0,0;0,0;50,0;Подготовка;
20251210;09:45:10;-0,5;0,0;0,0;0,0;50,0;Подготовка;
20251210;09:45:15;-0,5;0,0;0,0;0,0;50,0;Подготовка;
20251210;09:45:20;-0,5;0,0;0,0;0,0;50,0;Подготовка;
20251210;09:45:25;-0,5;0,0;0,0;0,0;50,0;Подготовка;
20251210;09:45:30;-0,5;0,0;0,0;0,0;50,0;Подготовка;
20251210;09:45:35;-0,5;0,0;0,0;0,0;50,0;Подготовка;
20251210;09:45:40;-0,5;0,0;0,0;0,0;50,0;Подготовка;
20251210;09:45:45;-0,5;0,0;0,0;0,0;50,0;Подготовка;
20251210;09:45:51;-0,5;0,0;0,0;0,0;50,0;Подготовка;
20251210;09:45:56;-0,5;0,0;0,0;0,0;50,0;Подготовка;
20251210;09:46:01;-0,5;0,0;0,0;0,0;50,0;Подготовка;
20251210;09:46:06;-0,5;0,0;0,0;0,0;50,0;Подготовка;
20251210;09:46:11;-0,5;0,0;0,0;0,0;50,0;Подготовка;
20251210;09:46:16;-0,5;0,0;0,0;0,0;50,0;Подготовка;
20251210;09:46:21;-0,5;0,0;0,0;0,0;50,0;Подготовка;
20251210;09:46:26;-0,5;0,0;0,0;0,0;50,0;Подготовка;
20251210;09:46:31;-0,5;0,0;0,0;0,0;50,0;Подготовка;
20251210;09:46:36;-0,5;0,0;0,0;0,0;50,0;Подготовка;
20251210;09:46:41;-0,5;0,0;0,0;0,0;50,0;Подготовка;
20251210;09:46:46;-0,5;0,0;0,0;0,0;50,0;Подготовка;
20251210;09:46:51;-0,5;0,0;0,0;0,0;50,0;Подготовка;
20251210;09:46:56;-0,5;0,0;0,0;0,0;50,0;Подготовка;
20251210;09:47:01;-0,5;0,0;0,0;0,0;50,0;Подготовка;
20251210;09:47:06;-0,5;0,0;0,0;0,0;50,0;Подготовка;
20251210;09:47:11;-0,5;0,0;0,0;0,0;50,0;Подготовка;
20251210;09:47:16;-0,5;0,0;0,0;0,0;50,0;Подготовка;
20251210;09:47:21;-0,5;0,0;0,0;0,0;50,0;Подготовка;
20251210;09:47:26;-0,5;0,0;0,0;0,0;50,0;Подготовка;
20251210;09:47:31;-0,5;0,0;0,0;0,0;50,0;Подготовка;
20251210;09:47:36;-0,5;0,0;0,0;0,0;50,0;Подготовка;
20251210;09:47:41;-0,5;0,0;0,0;0,0;50,0;Подготовка;
20251210;09:47:46;-0,5;0,0;0,0;0,0;50,0;Подготовка;
20251210;09:47:51;-0,5;0,0;0,0;0,0;50,0;Подготовка;
20251210;09:47:57;-0,5;0,0;0,0;0,0;50,0;Подготовка;
20251210;09:48:02;-0,5;0,0;0,0;0,0;50,0;Подготовка;
20251210;09:48:07;-0,5;0,0;0,0;0,0;50,0;Подготовка;
20251210;09:48:12;-0,5;0,0;0,0;0,0;50,0;Подготовка;
20251210;09:48:17;-0,5;0,0;0,0;0,0;50,0;Подготовка;
20251210;09:48:22;-0,5;0,0;0,0;0,0;50,0;Подготовка;
20251210;09:48:27;-0,5;0,0;0,0;0,0;50,0;Подготовка;
20251210;09:48:32;-0,5;0,0;0,0;0,0;50,0;Подготовка;
20251210;09:48:37;-0,5;0,0;0,0;0,0;50,0;Подготовка;
20251210;09:48:42;-0,5;0,0;0,0;0,0;50,0;Подготовка;
20251210;09:48:47;-0,5;0,0;0,0;0,0;50,0;Подготовка;
20251210;09:48:52;-0,5;0,0;0,0;0,0;50,0;Подготовка;
20251210;09:48:57;-0,5;0,0;0,0;0,0;50,0;Подготовка;
20251210;09:49:02;-0,5;0,0;0,0;0,0;50,0;Подготовка;
20251210;09:49:07;-0,5;0,0;0,0;0,0;50,0;Подготовка;
20251210;09:49:12;-0,5;0,0;0,0;0,0;50,0;Подготовка;
20251210;09:49:17;-0,5;0,0;0,0;0,0;50,0;Подготовка;
20251210;09:49:22;-0,5;0,0;0,0;0,0;50,0;Подготовка;
20251210;09:49:27;-0,5;0,0;0,0;0,0;50,0;Подготовка;
20251210;09:49:32;-0,5;0,0;0,0;0,0;50,0;Подготовка;
20251210;09:49:37;-0,5;0,0;0,0;0,0;50,0;Подготовка;
20251210;09:49:42;-0,5;0,0;0,0;0,0;50,0;Подготовка;
20251210;09:49:47;-0,5;0,0;0,0;0,0;50,0;Подготовка;
20251210;09:49:52;-0,5;0,0;0,0;0,0;50,0;Подготовка;
20251210;09:49:57;-0,5;0,0;0,0;0,0;50,0;Подготовка;
20251210;09:50:03;-0,5;0,0;0,0;0,0;50,0;Подготовка;
20251210;09:50:08;-0,5;0,0;0,0;0,0;50,0;Подготовка;
20251210;09:50:13;-0,5;0,0;0,0;0,0;50,0;Подготовка;
20251210;09:50:18;-0,5;0,0;0,0;0,0;50,0;Подготовка;
20251210;09:50:23;-0,5;0,0;0,0;0,0;50,0;Подготовка;
20251210;09:50:28;-0,5;0,0;0,0;0,0;50,0;Подготовка;
20251210;09:50:33;-0,5;0,0;0,0;0,0;50,0;Подготовка;
20251210;09:50:38;-0,5;0,0;0,0;0,0;50,0;Подготовка;
20251210;09:50:43;-0,5;0,0;0,0;0,0;50,0;Подготовка;
20251210;09:50:48;-0,5;0,0;0,0;0,0;50,0;Подготовка;
20251210;09:50:53;-0,5;0,0;0,0;0,0;50,0;Подготовка;
20251210;09:50:58;-0,5;0,0;0,0;0,0;50,0;Подготовка;
20251210;09:51:03;-0,5;0,0;0,0;0,0;50,0;Подготовка;
20251210;09:51:08;-0,5;0,0;0,0;0,0;50,0;Подготовка;
20251210;09:51:13;-0,5;0,0;0,0;0,0;50,0;Подготовка;
20251210;09:51:18;-0,5;0,0;0,0;0,0;50,0;Подготовка;
20251210;09:51:23;-0,5;0,0;0,0;0,0;50,0;Подготовка;
20251210;09:51:28;-0,5;0,0;0,0;0,0;50,0;Подготовка;
20251210;09:51:33;-0,5;0,0;0,0;0,0;50,0;Подготовка;
20251210;09:51:38;-0,5;0,0;0,0;0,0;50,0;Подготовка;
20251210;09:51:43;-0,5;0,0;0,0;0,0;50,0;Подготовка;
20251210;09:51:48;-0,5;0,0;0,0;0,0;50,0;Подготовка;
20251210;09:51:53;-0,5;0,0;0,0;0,0;50,0;Подготовка;
20251210;09:51:58;-0,5;0,0;0,0;0,0;50,0;Подготовка;
20251210;09:52:03;-0,5;0,0;0,0;0,0;50,0;Подготовка;
20251210;09:52:09;-0,5;0,0;0,0;0,0;50,0;Подготовка;
20251210;09:52:14;-0,5;0,0;0,0;0,0;50,0;Подготовка;
20251210;09:52:19;-0,5;0,0;0,0;0,0;50,0;Подготовка;
20251210;09:52:24;-0,5;0,0;0,0;0,0;50,0;Подготовка;
20251210;09:52:29;-0,5;0,0;0,0;0,0;50,0;Подготовка;
20251210;09:52:34;-0,5;0,0;0,0;0,0;50,0;Подготовка;
20251210;09:52:39;-0,5;0,0;0,0;0,0;50,0;Подготовка;
20251210;09:52:44;-0,5;0,0;0,0;0,0;50,0;Подготовка;
20251210;09:52:49;-0,5;0,0;0,0;0,0;50,0;Подготовка;
20251210;09:52:54;-0,5;0,0;0,0;0,0;50,0;Подготовка;
20251210;09:52:59;-0,5;0,0;0,0;0,0;50,0;Подготовка;
20251210;09:53:04;-0,5;0,0;0,0;0,0;50,0;Подготовка;
20251210;09:53:09;-0,5;0,0;0,0;0,0;50,0;Подготовка;
20251210;09:53:14;-0,5;0,0;0,0;0,0;50,0;Подготовка;
20251210;09:53:19;-0,5;0,0;0,0;0,0;50,0;Подготовка;
20251210;09:53:24;-0,5;0,0;0,0;0,0;50,0;Подготовка;
20251210;09:53:29;-0,5;0,0;0,0;0,0;50,0;Подготовка;
20251210;09:53:34;-0,5;0,0;0,0;0,0;50,0;Подготовка;
20251210;09:53:39;-0,5;0,0;0,0;0,0;50,0;Подготовка;
20251210;09:53:44;-0,5;0,0;0,0;0,0;50,0;Подготовка;
20251210;09:53:49;-0,5;0,0;0,0;0,0;50,0;Подготовка;
20251210;09:53:54;-0,5;0,0;0,0;0,0;50,0;Подготовка;
20251210;09:53:59;-0,5;0,0;0,0;0,0;50,0;Подготовка;
20251210;09:54:04;-0,5;0,0;0,0;0,0;50,0;Подготовка;
20251210;09:54:09;-0,5;0,0;0,0;0,0;50,0;Подготовка;
20251210;09:54:15;-0,5;0,0;0,0;0,0;50,0;Подготовка;
20251210;09:54:20;-0,5;0,0;0,0;0,0;50,0;Подготовка;
20251210;09:54:25;-0,5;0,0;0,0;0,0;50,0;Подготовка;
20251210;09:54:30;-0,5;0,0;0,0;0,0;50,0;Подготовка;
20251210;09:54:35;-0,5;0,0;0,0;0,0;50,0;Подготовка;
20251210;09:54:40;-0,5;0,0;0,0;0,0;50,0;Подготовка;
20251210;09:54:45;-0,5;0,0;0,0;0,0;50,0;Подготовка;
20251210;09:54:50;-0,5;0,0;0,0;0,0;50,0;Подготовка;
20251210;09:54:55;-0,5;0,0;0,0;0,0;50,0;Подготовка;
20251210;09:55:00;-0,5;0,0;0,0;0,0;50,0;Подготовка;
20251210;09:55:05;-0,5;0,0;0,0;0,0;50,0;Подготовка;
20251210;09:55:10;-0,5;0,0;0,0;0,0;50,0;Подготовка;
20251210;09:55:15;-0,5;0,0;0,0;0,0;50,0;Подготовка;
20251210;09:55:20;-0,5;0,0;0,0;0,0;50,0;Подготовка;
20251210;09:55:25;-0,5;0,0;0,0;0,0;50,0;Подготовка;
20251210;09:55:30;-0,5;0,0;0,0;0,0;50,0;Подготовка;
20251210;09:55:35;-0,5;0,0;0,0;0,0;50,0;Подготовка;
20251210;09:55:40;-0,5;0,0;0,0;0,0;50,0;Подготовка;
20251210;09:55:45;-0,5;0,0;0,0;0,0;50,0;Подготовка;
20251210;09:55:50;-0,5;0,0;0,0;0,0;50,0;Подготовка;
20251210;09:55:55;-0,5;0,0;0,0;0,0;50,0;Подготовка;
20251210;09:56:00;-0,5;0,0;0,0;0,0;50,0;Подготовка;
20251210;09:56:05;-0,5;0,0;0,0;0,0;50,0;Подготовка;
20251210;09:56:10;-0,5;0,0;0,0;0,0;50,0;Подготовка;
20251210;09:56:15;-0,5;0,0;0,0;0,0;50,0;Подготовка;
20251210;09:56:21;-0,5;0,0;0,0;0,0;50,0;Подготовка;
20251210;09:56:26;-0,5;0,0;0,0;0,0;50,0;Подготовка;
20251210;09:56:31;-0,5;0,0;0,0;0,0;50,0;Подготовка;
20251210;09:56:36;-0,5;0,0;0,0;0,0;50,0;Подготовка;
20251210;09:56:41;-0,5;0,0;0,0;0,0;50,0;Подготовка;
20251210;09:56:46;-0,5;0,0;0,0;0,0;50,0;Подготовка;
20251210;09:56:51;-0,5;0,0;0,0;0,0;50,0;Подготовка;
20251210;09:56:56;-0,5;0,0;0,0;0,0;50,0;Подготовка;
20251210;09:57:01;-0,5;0,0;0,0;0,0;50,0;Подготовка;
20251210;09:57:06;-0,5;0,0;0,0;0,0;50,0;Подготовка;
20251210;09:57:11;-0,5;0,0;0,0;0,0;50,0;Подготовка;
20251210;09:57:16;-0,5;0,0;0,0;0,0;50,0;Подготовка;
20251210;09:57:21;-0,5;0,0;0,0;0,0;50,0;Подготовка;
20251210;09:57:26;-0,5;0,0;0,0;0,0;50,0;Подготовка;
20251210;09:57:31;-0,5;0,0;0,0;0,0;50,0;Подготовка;
20251210;09:57:36;-0,5;0,0;0,0;0,0;50,0;Подготовка;
20251210;09:57:41;-0,5;0,0;0,0;0,0;50,0;Подготовка;
20251210;09:57:46;-0,5;0,0;0,0;0,0;50,0;Подготовка;
20251210;09:57:51;-0,5;0,0;0,0;0,0;50,0;Подготовка;
20251210;09:57:56;-0,5;0,0;0,0;0,0;50,0;Подготовка;
20251210;09:58:01;-0,5;0,0;0,0;0,0;50,0;Подготовка;
20251210;09:58:06;-0,5;0,0;0,0;0,0;50,0;Подготовка;
20251210;09:58:11;-0,5;0,0;0,0;0,0;50,0;Подготовка;
20251210;09:58:16;-0,5;0,0;0,0;0,0;50,0;Подготовка;
20251210;09:58:21;-0,5;0,0;0,0;0,0;50,0;Подготовка;
20251210;09:58:27;-0,5;0,0;0,0;0,0;50,0;Подготовка;
20251210;09:58:32;-0,5;0,0;0,0;0,0;50,0;Подготовка;
20251210;09:58:37;-0,5;0,0;0,0;0,0;50,0;Подготовка;
20251210;09:58:42;-0,5;0,0;0,0;0,0;50,0;Подготовка;
20251210;09:58:47;-0,5;0,0;0,0;0,0;50,0;Подготовка;
20251210;09:58:52;-0,5;0,0;0,0;0,0;50,0;Подготовка;
20251210;09:58:57;-0,5;0,0;0,0;0,0;50,0;Подготовка;
20251210;09:59:02;-0,5;0,0;0,0;0,0;50,0;Подготовка;
20251210;09:59:07;-0,5;0,0;0,0;0,0;50,0;Подготовка;
20251210;09:59:12;-0,5;0,0;0,0;0,0;50,0;Подготовка;
20251210;09:59:17;-0,5;0,0;0,0;0,0;50,0;Подготовка;
20251210;09:59:22;-0,5;0,0;0,0;0,0;50,0;Подготовка;
20251210;09:59:27;-0,5;0,0;0,0;0,0;50,0;Подготовка;
20251210;09:59:32;-0,5;0,0;0,0;0,0;50,0;Подготовка;
20251210;09:59:37;-0,5;0,0;0,0;0,0;50,0;Подготовка;
20251210;09:59:42;-0,5;0,0;0,0;0,0;50,0;Подготовка;
20251210;09:59:47;-0,5;0,0;0,0;0,0;50,0;Подготовка;
20251210;09:59:52;-0,5;0,0;0,0;0,0;50,0;Подготовка;
20251210;09:59:57;-0,5;0,0;0,0;0,0;50,0;Подготовка;
20251210;10:00:02;-0,5;0,0;0,0;0,0;50,0;Подготовка;
20251210;10:00:07;-0,5;0,0;0,0;0,0;50,0;Подготовка;
20251210;10:00:12;-0,5;0,0;0,0;0,0;50,0;Подготовка;
20251210;10:00:17;-0,5;0,0;0,0;0,0;50,0;Подготовка;
20251210;10:00:22;-0,5;0,0;0,0;0,0;50,0;Подготовка;
20251210;10:00:27;-0,5;0,0;0,0;0,0;50,0;Подготовка;
20251210;10:00:33;-0,5;0,0;0,0;0,0;50,0;Подготовка;
20251210;10:00:38;-0,5;0,0;0,0;0,0;50,0;Подготовка;
20251210;10:00:43;-0,5;0,0;0,0;0,0;50,0;Подготовка;
20251210;10:00:48;-0,5;0,0;0,0;0,0;50,0;Подготовка;
20251210;10:00:53;-0,5;0,0;0,0;0,0;50,0;Подготовка;
20251210;10:00:58;-0,5;0,0;0,0;0,0;50,0;Подготовка;
20251210;10:01:03;-0,5;0,0;0,0;0,0;50,0;Подготовка;
20251210;10:01:08;-0,5;0,0;0,0;0,0;50,0;Подготовка;
20251210;10:01:13;-0,5;0,0;0,0;0,0;50,0;Подготовка;
20251210;10:01:18;-0,5;0,0;0,0;0,0;50,0;Подготовка;
20251210;10:01:23;-0,5;0,0;0,0;0,0;50,0;Подготовка;
20251210;10:01:28;-0,5;0,0;0,0;0,0;50,0;Подготовка;
20251210;10:01:33;-0,5;0,0;0,0;0,0;50,0;Подготовка;
20251210;10:01:38;-0,5;0,0;0,0;0,0;50,0;Подготовка;
20251210;10:01:43;-0,5;0,0;0,0;0,0;50,0;Подготовка;
20251210;10:01:48;-0,5;0,0;0,0;0,0;50,0;Подготовка;
20251210;10:01:53;-0,5;0,0;0,0;0,0;50,0;Подготовка;
20251210;10:01:58;-0,5;0,0;0,0;0,0;50,0;Подготовка;
20251210;10:02:03;-0,5;0,0;0,0;0,0;50,0;Подготовка;
20251210;10:02:08;-0,5;0,0;0,0;0,0;50,0;Подготовка;
20251210;10:02:13;-0,5;0,0;0,0;0,0;50,0;Подготовка;
20251210;10:02:18;-0,5;0,0;0,0;0,0;50,0;Подготовка;
20251210;10:02:23;-0,5;0,0;0,0;0,0;50,0;Подготовка;
20251210;10:02:28;-0,5;0,0;0,0;0,0;50,0;Подготовка;
20251210;10:02:33;-0,5;0,0;0,0;0,0;50,0;Подготовка;
20251210;10:02:39;-0,5;0,0;0,0;0,0;50,0;Подготовка;
20251210;10:02:44;-0,5;0,0;0,0;0,0;50,0;Подготовка;
20251210;10:02:49;-0,5;0,0;0,0;0,0;50,0;Подготовка;
20251210;10:02:54;-0,5;0,0;0,0;0,0;50,0;Подготовка;
20251210;10:02:59;-0,5;0,0;0,0;0,0;50,0;Подготовка;
20251210;10:03:04;-0,5;0,0;0,0;0,0;50,0;Подготовка;
20251210;10:03:09;-0,5;0,0;0,0;0,0;50,0;Подготовка;
20251210;10:03:14;-0,5;0,0;0,0;0,0;50,0;Подготовка;
20251210;10:03:19;-0,5;0,0;0,0;0,0;50,0;Подготовка;
20251210;10:03:24;-0,5;0,0;0,0;0,0;50,0;Подготовка;
20251210;10:03:29;-0,5;0,0;0,0;0,0;50,0;Подготовка;
20251210;10:03:34;-0,5;0,0;0,0;0,0;50,0;Подготовка;
20251210;10:03:39;-0,5;0,0;0,0;0,0;50,0;Подготовка;
20251210;10:03:44;-0,5;0,0;0,0;0,0;50,0;Подготовка;
20251210;10:03:49;-0,5;0,0;0,0;0,0;50,0;Подготовка;
20251210;10:03:54;-0,5;0,0;0,0;0,0;50,0;Подготовка;
20251210;10:03:59;-0,5;0,0;0,0;0,0;50,0;Подготовка;
20251210;10:04:04;-0,5;0,0;0,0;0,0;50,0;Подготовка;
20251210;10:04:09;-0,5;0,0;0,0;0,0;50,0;Подготовка;
20251210;10:04:14;-0,5;0,0;0,0;0,0;50,0;Подготовка;
20251210;10:04:19;-0,5;0,0;0,0;0,0;50,0;Подготовка;
20251210;10:04:24;-0,5;0,0;0,0;0,0;50,0;Подготовка;
20251210;10:04:29;-0,5;0,0;0,0;0,0;50,0;Подготовка;
20251210;10:04:34;-0,5;0,0;0,0;0,0;50,0;Подготовка;
20251210;10:04:39;-0,5;0,0;0,0;0,0;50,0;Подготовка;
20251210;10:04:45;-0,5;0,0;0,0;0,0;50,0;Подготовка;
20251210;10:04:50;-0,5;0,0;0,0;0,0;50,0;Подготовка;
20251210;10:04:55;-0,5;0,0;0,0;0,0;50,0;Подготовка;
20251210;10:05:00;-0,5;0,0;0,0;0,0;50,0;Подготовка;
20251210;10:05:05;-0,5;0,0;0,0;0,0;50,0;Подготовка;
20251210;10:05:10;-0,5;0,0;0,0;0,0;50,0;Подготовка;
20251210;10:05:15;-0,5;0,0;0,0;0,0;50,0;Подготовка;
20251210;10:05:20;-0,5;0,0;0,0;0,0;50,0;Подготовка;
20251210;10:05:25;-0,5;0,0;0,0;0,0;50,0;Подготовка;
20251210;10:05:30;-0,5;0,0;0,0;0,0;50,0;Подготовка;
20251210;10:05:35;-0,5;0,0;0,0;0,0;50,0;Подготовка;
20251210;10:05:40;-0,5;0,0;0,0;0,0;50,0;Подготовка;
20251210;10:05:45;-0,5;0,0;0,0;0,0;50,0;Подготовка;
20251210;10:05:50;-0,5;0,0;0,0;0,0;50,0;Подготовка;
20251210;10:05:55;-0,5;0,0;0,0;0,0;50,0;Подготовка;
20251210;10:06:00;-0,5;0,0;0,0;0,0;50,0;Подготовка;
20251210;10:06:05;-0,5;0,0;0,0;0,0;50,0;Подготовка;
20251210;10:06:10;-0,5;0,0;0,0;0,0;50,0;Подготовка;
20251210;10:06:15;-0,5;0,0;0,0;0,0;50,0;Подготовка;
20251210;10:06:20;-0,5;0,0;0,0;0,0;50,0;Подготовка;
20251210;10:06:25;-0,5;0,0;0,0;0,0;50,0;Подготовка;
20251210;10:06:30;-0,5;0,0;0,0;0,0;50,0;Подготовка;
20251210;10:06:35;-0,5;0,0;0,0;0,0;50,0;Подготовка;
20251210;10:06:40;-0,5;0,0;0,0;0,0;50,0;Подготовка;
20251210;10:06:45;-0,5;0,0;0,0;0,0;50,0;Подготовка;
20251210;10:06:51;-0,5;0,0;0,0;0,0;50,0;Подготовка;
20251210;10:06:56;-0,5;0,0;0,0;0,0;50,0;Подготовка;
20251210;10:07:01;-0,5;0,0;0,0;0,0;50,0;Подготовка;
20251210;10:07:06;-0,5;0,0;0,0;0,0;50,0;Подготовка;
20251210;10:07:11;-0,5;0,0;0,0;0,0;50,0;Подготовка;
20251210;10:07:16;-0,5;0,0;0,0;0,0;50,0;Подготовка;
20251210;10:07:21;-0,5;0,0;0,0;0,0;50,0;Подготовка;
20251210;10:07:26;-0,5;0,0;0,0;0,0;50,0;Подготовка;
20251210;10:07:31;-0,5;0,0;0,0;0,0;50,0;Подготовка;
20251210;10:07:36;-0,5;0,0;0,0;0,0;50,0;Подготовка;
20251210;10:07:41;-0,5;0,0;0,0;0,0;50,0;Подготовка;
20251210;10:07:46;-0,5;0,0;0,0;0,0;50,0;Подготовка;
20251210;10:07:51;-0,5;0,0;0,0;0,0;50,0;Подготовка;
20251210;10:07:56;-0,5;0,0;0,0;0,0;50,0;Подготовка;
20251210;10:08:01;-0,5;0,0;0,0;0,0;50,0;Подготовка;
20251210;10:08:06;-0,5;0,0;0,0;0,0;50,0;Подготовка;
20251210;10:08:11;-0,5;0,0;0,0;0,0;50,0;Подготовка;
20251210;10:08:16;-0,5;0,0;0,0;0,0;50,0;Подготовка;
20251210;10:08:21;-0,5;0,0;0,0;0,0;50,0;Подготовка;
20251210;10:08:26;-0,5;0,0;0,0;0,0;50,0;Подготовка;
20251210;10:08:31;-0,5;0,0;0,0;0,0;50,0;Подготовка;
20251210;10:08:36;-0,5;0,0;0,0;0,0;50,0;Подготовка;
20251210;10:08:41;-0,5;0,0;0,0;0,0;50,0;Подготовка;
20251210;10:08:46;-0,5;0,0;0,0;0,0;50,0;Подготовка;
20251210;10:08:51;-0,5;0,0;0,0;0,0;50,0;Подготовка;
20251210;10:08:57;-0,5;0,0;0,0;0,0;50,0;Подготовка;
20251210;10:09:02;-0,5;0,0;0,0;0,0;50,0;Подготовка;
20251210;10:09:07;-0,5;0,0;0,0;0,0;50,0;Подготовка;
20251210;10:09:12;-0,5;0,0;0,0;0,0;50,0;Подготовка;
20251210;10:09:17;-0,5;0,0;0,0;0,0;50,0;Подготовка;
20251210;10:09:22;-0,5;0,0;0,0;0,0;50,0;Подготовка;
20251210;10:09:27;-0,5;0,0;0,0;0,0;50,0;Подготовка;
20251210;10:09:32;-0,5;0,0;0,0;0,0;50,0;Подготовка;
20251210;10:09:37;-0,5;0,0;0,0;0,0;50,0;Подготовка;
20251210;10:09:42;-0,5;0,0;0,0;0,0;50,0;Подготовка;
20251210;10:09:47;-0,5;0,0;0,0;0,0;50,0;Подготовка;
20251210;10:09:52;-0,5;0,0;0,0;0,0;50,0;Подготовка;
20251210;10:09:57;-0,5;0,0;0,0;0,0;50,0;Подготовка;
20251210;10:10:02;-0,5;0,0;0,0;0,0;50,0;Подготовка;
20251210;10:10:07;-0,5;0,0;0,0;0,0;50,0;Подготовка;
20251210;10:10:12;-0,5;0,0;0,0;0,0;50,0;Подготовка;
20251210;10:10:17;-0,5;0,0;0,0;0,0;50,0;Подготовка;
20251210;10:10:22;-0,5;0,0;0,0;0,0;50,0;Подготовка;
20251210;10:10:27;-0,5;0,0;0,0;0,0;50,0;Подготовка;
20251210;10:10:32;-0,5;0,0;0,0;0,0;50,0;Подготовка;
20251210;10:10:37;-0,5;0,0;0,0;0,0;50,0;Подготовка;
20251210;10:10:42;-0,5;0,0;0,0;0,0;50,0;Подготовка;
20251210;10:10:47;-0,5;0,0;0,0;0,0;50,0;Подготовка;
20251210;10:10:52;-0,5;0,0;0,0;0,0;50,0;Подготовка;
20251210;10:10:57;-0,5;0,0;0,0;0,0;50,0;Подготовка;
20251210;10:11:03;-0,5;0,0;0,0;0,0;50,0;Подготовка;
20251210;10:11:08;-0,5;0,0;0,0;0,0;50,0;Подготовка;
20251210;10:11:13;-0,5;0,0;0,0;0,0;50,0;Подготовка;
20251210;10:11:18;-0,5;0,0;0,0;0,0;50,0;Подготовка;
20251210;10:11:23;-0,5;0,0;0,0;0,0;50,0;Подготовка;
20251210;10:11:28;-0,5;0,0;0,0;0,0;50,0;Подготовка;
20251210;10:11:33;-0,5;0,0;0,0;0,0;50,0;Подготовка;
20251210;10:11:38;-0,5;0,0;0,0;0,0;50,0;Подготовка;
20251210;10:11:43;-0,5;0,0;0,0;0,0;50,0;Подготовка;
20251210;10:11:48;-0,5;0,0;0,0;0,0;50,0;Подготовка;
20251210;10:11:53;-0,5;0,0;0,0;0,0;50,0;Подготовка;
20251210;10:11:58;-0,5;0,0;0,0;0,0;50,0;Подготовка;
20251210;10:12:03;-0,5;0,0;0,0;0,0;50,0;Подготовка;
20251210;10:12:08;-0,5;0,0;0,0;0,0;50,0;Подготовка;
20251210;10:12:13;-0,5;0,0;0,0;0,0;50,0;Подготовка;
20251210;10:12:18;-0,5;0,0;0,0;0,0;50,0;Подготовка;
20251210;10:12:23;-0,5;0,0;0,0;0,0;50,0;Подготовка;
20251210;10:12:28;-0,5;0,0;0,0;0,0;50,0;Подготовка;
20251210;10:12:33;-0,5;0,0;0,0;0,0;50,0;Подготовка;
20251210;10:12:38;-0,5;0,0;0,0;0,0;50,0;Подготовка;
20251210;10:12:43;-0,5;0,0;0,0;0,0;50,0;Подготовка;
20251210;10:12:48;-0,5;0,0;0,0;0,0;50,0;Подготовка;
20251210;10:12:53;-0,5;0,0;0,0;0,0;50,0;Подготовка;
20251210;10:12:58;-0,5;0,0;0,0;0,0;50,0;Подготовка;
20251210;10:13:03;-0,5;0,0;0,0;0,0;50,0;Подготовка;
20251210;10:13:09;-0,5;0,0;0,0;0,0;50,0;Подготовка;
20251210;10:13:14;-0,5;0,0;0,0;0,0;50,0;Подготовка;
20251210;10:13:19;-0,5;0,0;0,0;0,0;50,0;Подготовка;
20251210;10:13:24;-0,5;0,0;0,0;0,0;50,0;Подготовка;
20251210;10:13:29;-0,5;0,0;0,0;0,0;50,0;Подготовка;
20251210;10:13:34;-0,5;0,0;0,0;0,0;50,0;Подготовка;
20251210;10:13:39;-0,5;0,0;0,0;0,0;50,0;Подготовка;
20251210;10:13:44;-0,5;0,0;0,0;0,0;50,0;Подготовка;
20251210;10:13:49;-0,5;0,0;0,0;0,0;50,0;Подготовка;
20251210;10:13:54;-0,5;0,0;0,0;0,0;50,0;Подготовка;
20251210;10:13:59;-0,5;0,0;0,0;0,0;50,0;Подготовка;
20251210;10:14:04;-0,5;0,0;0,0;0,0;50,0;Подготовка;
20251210;10:14:09;-0,5;0,0;0,0;0,0;50,0;Подготовка;
20251210;10:14:14;-0,5;0,0;0,0;0,0;50,0;Подготовка;
20251210;10:14:19;-0,5;0,0;0,0;0,0;50,0;Подготовка;
20251210;10:14:24;-0,5;0,0;0,0;0,0;50,0;Подготовка;
20251210;10:14:29;-0,5;0,0;0,0;0,0;50,0;Подготовка;
20251210;10:14:34;-0,5;0,0;0,0;0,0;50,0;Подготовка;
20251210;10:14:39;-0,5;0,0;0,0;0,0;50,0;Подготовка;
20251210;10:14:44;-0,5;0,0;0,0;0,0;50,0;Подготовка;
20251210;10:14:49;-0,5;0,0;0,0;0,0;50,0;Подготовка;
20251210;10:14:54;-0,5;0,0;0,0;0,0;50,0;Подготовка;
20251210;10:14:59;-0,5;0,0;0,0;0,0;50,0;Подготовка;
20251210;10:15:04;-0,5;0,0;0,0;0,0;50,0;Подготовка;
20251210;10:15:09;-0,5;0,0;0,0;0,0;50,0;Подготовка;
20251210;10:15:15;-0,5;0,0;0,0;0,0;50,0;Подготовка;
20251210;10:15:20;-0,5;0,0;0,0;0,0;50,0;Подготовка;
20251210;10:15:25;-0,5;0,0;0,0;0,0;50,0;Подготовка;
20251210;10:15:30;-0,5;0,0;0,0;0,0;50,0;Подготовка;
20251210;10:15:35;-0,5;0,0;0,0;0,0;50,0;Подготовка;
20251210;10:15:40;-0,5;0,0;0,0;0,0;50,0;Подготовка;
20251210;10:15:45;-0,5;0,0;0,0;0,0;50,0;Подготовка;
20251210;10:15:50;-0,5;0,0;0,0;0,0;50,0;Подготовка;
20251210;10:15:55;-0,5;0,0;0,0;0,0;50,0;Подготовка;
20251210;10:16:00;-0,5;0,0;0,0;0,0;50,0;Подготовка;
20251210;10:16:05;-0,5;0,0;0,0;0,0;50,0;Подготовка;
20251210;10:16:10;-0,5;0,0;0,0;0,0;50,0;Подготовка;
20251210;10:16:15;-0,5;0,0;0,0;0,0;50,0;Подготовка;
20251210;10:16:20;-0,5;0,0;0,0;0,0;50,0;Подготовка;
20251210;10:16:25;-0,5;0,0;0,0;0,0;50,0;Подготовка;
20251210;10:16:30;-0,5;0,0;0,0;0,0;50,0;Подготовка;
20251210;10:16:35;-0,5;0,0;0,0;0,0;50,0;Подготовка;
20251210;10:16:40;-0,5;0,0;0,0;0,0;50,0;Подготовка;
20251210;10:16:45;-0,5;0,0;0,0;0,0;50,0;Подготовка;
20251210;10:16:50;-0,5;0,0;0,0;0,0;50,0;Подготовка;
20251210;10:16:55;-0,5;0,0;0,0;0,0;50,0;Подготовка;
20251210;10:17:00;-0,5;0,0;0,0;0,0;50,0;Подготовка;
20251210;10:17:05;-0,5;0,0;0,0;0,0;50,0;Подготовка;
20251210;10:17:10;-0,5;0,0;0,0;0,0;50,0;Подготовка;
20251210;10:17:15;-0,5;0,0;0,0;0,0;50,0;Подготовка;
20251210;10:17:21;-0,5;0,0;0,0;0,0;50,0;Подготовка;
20251210;10:17:26;-0,5;0,0;0,0;0,0;50,0;Подготовка;
20251210;10:17:31;-0,5;0,0;0,0;0,0;50,0;Подготовка;
20251210;10:17:36;-0,5;0,0;0,0;0,0;50,0;Подготовка;
20251210;10:17:41;-0,5;0,0;0,0;0,0;50,0;Подготовка;
20251210;10:17:46;-0,5;0,0;0,0;0,0;50,0;Подготовка;
20251210;10:17:51;-0,5;0,0;0,0;0,0;50,0;Подготовка;
20251210;10:17:56;-0,5;0,0;0,0;0,0;50,0;Подготовка;
20251210;10:18:01;-0,5;0,0;0,0;0,0;50,0;Подготовка;
20251210;10:18:06;-0,5;0,0;0,0;0,0;50,0;Подготовка;
20251210;10:18:11;-0,5;0,0;0,0;0,0;50,0;Подготовка;
20251210;10:18:16;-0,5;0,0;0,0;0,0;50,0;Подготовка;
20251210;10:18:21;-0,5;0,0;0,0;0,0;50,0;Подготовка;
20251210;10:18:26;-0,5;0,0;0,0;0,0;50,0;Подготовка;
20251210;10:18:31;-0,5;0,0;0,0;0,0;50,0;Подготовка;
20251210;10:18:36;-0,5;0,0;0,0;0,0;50,0;Подготовка;
20251210;10:18:41;-0,5;0,0;0,0;0,0;50,0;Подготовка;
20251210;10:18:46;-0,5;0,0;0,0;0,0;50,0;Подготовка;
20251210;10:18:51;-0,5;0,0;0,0;0,0;50,0;Подготовка;
20251210;10:18:56;-0,5;0,0;0,0;0,0;50,0;Подготовка;
20251210;10:19:01;-0,5;0,0;0,0;0,0;50,0;Подготовка;
20251210;10:19:06;-0,5;0,0;0,0;0,0;50,0;Подготовка;
20251210;10:19:11;-0,5;0,0;0,0;0,0;50,0;Подготовка;
20251210;10:19:16;-0,5;0,0;0,0;0,0;50,0;Подготовка;
20251210;10:19:21;-0,5;0,0;0,0;0,0;50,0;Подготовка;
20251210;10:19:27;-0,5;0,0;0,0;0,0;50,0;Подготовка;
20251210;10:19:32;-0,5;0,0;0,0;0,0;50,0;Подготовка;
20251210;10:19:37;-0,5;0,0;0,0;0,0;50,0;Подготовка;
20251210;10:19:42;-0,5;0,0;0,0;0,0;50,0;Подготовка;
20251210;10:19:47;-0,5;0,0;0,0;0,0;50,0;Подготовка;
20251210;10:19:52;-0,5;0,0;0,0;0,0;50,0;Подготовка;
20251210;10:19:57;-0,5;0,0;0,0;0,0;50,0;Подготовка;
20251210;10:20:02;-0,5;0,0;0,0;0,0;50,0;Подготовка;
20251210;10:20:07;-0,5;0,0;0,0;0,0;50,0;Подготовка;
20251210;10:20:12;-0,5;0,0;0,0;0,0;50,0;Подготовка;
20251210;10:20:17;-0,5;0,0;0,0;0,0;50,0;Подготовка;
20251210;10:20:22;-0,5;0,0;0,0;0,0;50,0;Подготовка;
20251210;10:20:27;-0,5;0,0;0,0;0,0;50,0;Подготовка;
20251210;10:20:32;-0,5;0,0;0,0;0,0;50,0;Подготовка;
20251210;10:20:37;-0,5;0,0;0,0;0,0;50,0;Подготовка;
20251210;10:20:42;-0,5;0,0;0,0;0,0;50,0;Подготовка;
20251210;10:20:47;-0,5;0,0;0,0;0,0;50,0;Подготовка;
20251210;10:20:52;-0,5;0,0;0,0;0,0;50,0;Подготовка;
20251210;10:20:57;-0,5;0,0;0,0;0,0;50,0;Подготовка;
20251210;10:21:02;-0,5;0,0;0,0;0,0;50,0;Подготовка;
20251210;10:21:07;-0,5;0,0;0,0;0,0;50,0;Подготовка;
20251210;10:21:12;-0,5;0,0;0,0;0,0;50,0;Подготовка;
20251210;10:21:17;-0,5;0,0;0,0;0,0;50,0;Подготовка;
20251210;10:21:22;-0,5;0,0;0,0;0,0;50,0;Подготовка;
20251210;10:21:27;-0,5;0,0;0,0;0,0;50,0;Подготовка;
20251210;10:21:33;-0,5;0,0;0,0;0,0;50,0;Подготовка;
20251210;10:21:38;-0,5;0,0;0,0;0,0;50,0;Подготовка;
20251210;10:21:43;-0,5;0,0;0,0;0,0;50,0;Подготовка;
20251210;10:21:48;-0,5;0,0;0,0;0,0;50,0;Подготовка;
20251210;10:21:53;-0,5;0,0;0,0;0,0;50,0;Подготовка;
20251210;10:21:58;-0,5;0,0;0,0;0,0;50,0;Подготовка;
20251210;10:22:03;-0,5;0,0;0,0;0,0;50,0;Подготовка;
20251210;10:22:08;-0,5;0,0;0,0;0,0;50,0;Подготовка;
20251210;10:22:13;-0,5;0,0;0,0;0,0;50,0;Подготовка;
20251210;10:22:18;-0,5;0,0;0,0;0,0;50,0;Подготовка;
20251210;10:22:23;-0,5;0,0;0,0;0,0;50,0;Подготовка;
20251210;10:22:28;-0,5;0,0;0,0;0,0;50,0;Подготовка;
20251210;10:22:33;-0,5;0,0;0,0;0,0;50,0;Подготовка;
20251210;10:22:38;-0,5;0,0;0,0;0,0;50,0;Подготовка;
20251210;10:22:43;-0,5;0,0;0,0;0,0;50,0;Подготовка;
20251210;10:22:48;-0,5;0,0;0,0;0,0;50,0;Подготовка;
20251210;10:22:53;-0,5;0,0;0,0;0,0;50,0;Подготовка;
20251210;10:22:58;-0,5;0,0;0,0;0,0;50,0;Подготовка;
20251210;10:23:03;-0,5;0,0;0,0;0,0;50,0;Подготовка;
20251210;10:23:08;-0,5;0,0;0,0;0,0;50,0;Подготовка;
20251210;10:23:13;-0,5;0,0;0,0;0,0;50,0;Подготовка;
20251210;10:23:18;-0,5;0,0;0,0;0,0;50,0;Подготовка;
20251210;10:23:23;-0,5;0,0;0,0;0,0;50,0;Подготовка;
20251210;10:23:28;-0,5;0,0;0,0;0,0;50,0;Подготовка;
20251210;10:23:33;-0,5;0,0;0,0;0,0;50,0;Подготовка;
20251210;10:23:39;-0,5;0,0;0,0;0,0;50,0;Подготовка;
20251210;10:23:44;-0,5;0,0;0,0;0,0;50,0;Подготовка;
20251210;10:23:49;-0,5;0,0;0,0;0,0;50,0;Подготовка;
20251210;10:23:54;-0,5;0,0;0,0;0,0;50,0;Подготовка;
20251210;10:23:59;-0,5;0,0;0,0;0,0;50,0;Подготовка;
20251210;10:24:04;-0,5;0,0;0,0;0,0;50,0;Подготовка;
20251210;10:24:09;-0,5;0,0;0,0;0,0;50,0;Подготовка;
20251210;10:24:14;-0,5;0,0;0,0;0,0;50,0;Подготовка;
20251210;10:24:19;-0,5;0,0;0,0;0,0;50,0;Подготовка;
20251210;10:24:24;-0,5;0,0;0,0;0,0;50,0;Подготовка;
20251210;10:24:29;-0,5;0,0;0,0;0,0;50,0;Подготовка;
20251210;10:24:34;-0,5;0,0;0,0;0,0;50,0;Подготовка;
20251210;10:24:39;-0,5;0,0;0,0;0,0;50,0;Подготовка;
20251210;10:24:44;-0,5;0,0;0,0;0,0;50,0;Подготовка;
20251210;10:24:49;-0,5;0,0;0,0;0,0;50,0;Подготовка;
20251210;10:24:54;-0,5;0,0;0,0;0,0;50,0;Подготовка;
20251210;10:24:59;-0,5;0,0;0,0;0,0;50,0;Подготовка;
20251210;10:25:04;-0,5;0,0;0,0;0,0;50,0;Подготовка;
20251210;10:25:09;-0,5;0,0;0,0;0,0;50,0;Подготовка;
20251210;10:25:14;-0,5;0,0;0,0;0,0;50,0;Подготовка;
Предприятие;
Объект;
Вид оборудования;
Дисп. наименование;
Тип;
Зав. номер;
Сер. номер;
Год выпуска;
Год ввода в эксплуатацию;
Дата отбора пробы;
Марка пробы;
Температура пробы;
DATE ;TIME ;TS_TEMP ;PROB_TEMP ;PROB_OTN_VL ;PROBE_VlAGOSOD ;SP ;STATUS ; 
20251210;10:25:31;-0,39;0,0;0,0;0,0;50,0;Включение;
20251210;10:25:36;-0,49;0,0;0,0;0,0;50,0;Включение;
20251210;10:25:41;-0,49;0,0;0,0;0,0;50,0;Подготовка;
20251210;10:25:46;-0,49;0,0;0,0;0,0;50,0;Подготовка;
20251210;10:25:52;-0,49;0,0;0,0;0,0;50,0;Подготовка;
20251210;10:25:57;-0,49;0,0;0,0;0,0;50,0;Подготовка;
20251210;10:26:02;-0,5;0,0;0,0;0,0;50,0;Подготовка;
20251210;10:26:07;-0,5;0,0;0,0;0,0;50,0;Подготовка;
20251210;10:26:12;-0,5;0,0;0,0;0,0;50,0;Подготовка;
20251210;10:26:17;-0,5;0,0;0,0;0,0;50,0;Подготовка;
20251210;10:26:22;-0,5;0,0;0,0;0,0;50,0;Подготовка;
20251210;10:26:27;-0,5;0,0;0,0;0,0;50,0;Подготовка;
20251210;10:26:32;-0,5;0,0;0,0;0,0;50,0;Подготовка;
20251210;10:26:37;-0,5;0,0;0,0;0,0;50,0;Подготовка;
20251210;10:26:42;-0,5;0,0;0,0;0,0;50,0;Подготовка;
20251210;10:26:47;-0,5;0,0;0,0;0,0;50,0;Подготовка;
20251210;10:26:52;-0,5;0,0;0,0;0,0;50,0;Подготовка;
20251210;10:26:57;-0,5;0,0;0,0;0,0;50,0;Подготовка;
20251210;10:27:02;-0,5;0,0;0,0;0,0;50,0;Подготовка;
20251210;10:27:07;-0,5;0,0;0,0;0,0;50,0;Подготовка;
20251210;10:27:12;-0,5;0,0;0,0;0,0;50,0;Подготовка;
20251210;10:27:17;-0,5;0,0;0,0;0,0;50,0;Подготовка;
20251210;10:27:22;-0,5;0,0;0,0;0,0;50,0;Подготовка;
20251210;10:27:27;-0,5;0,0;0,0;0,0;50,0;Подготовка;
20251210;10:27:32;-0,5;0,0;0,0;0,0;50,0;Подготовка;
20251210;10:27:37;-0,5;0,0;0,0;0,0;50,0;Подготовка;
20251210;10:27:42;-0,5;0,0;0,0;0,0;50,0;Подготовка;
20251210;10:27:47;-0,5;0,0;0,0;0,0;50,0;Подготовка;
20251210;10:27:52;-0,5;0,0;0,0;0,0;50,0;Подготовка;
20251210;10:27:58;-0,5;0,0;0,0;0,0;50,0;Подготовка;
20251210;10:28:03;-0,5;0,0;0,0;0,0;50,0;Подготовка;
20251210;10:28:08;-0,5;0,0;0,0;0,0;50,0;Подготовка;
20251210;10:28:13;-0,5;0,0;0,0;0,0;50,0;Подготовка;
20251210;10:28:18;-0,5;0,0;0,0;0,0;50,0;Подготовка;
20251210;10:28:23;-0,5;0,0;0,0;0,0;50,0;Подготовка;
20251210;10:28:28;-0,5;0,0;0,0;0,0;50,0;Подготовка;
20251210;10:28:33;-0,5;0,0;0,0;0,0;50,0;Подготовка;
20251210;10:28:38;-0,5;0,0;0,0;0,0;50,0;Подготовка;
20251210;10:28:43;-0,5;0,0;0,0;0,0;50,0;Подготовка;
20251210;10:28:48;-0,5;0,0;0,0;0,0;50,0;Подготовка;
20251210;10:28:53;-0,5;0,0;0,0;0,0;50,0;Подготовка;
20251210;10:28:58;-0,5;0,0;0,0;0,0;50,0;Подготовка;
20251210;10:29:03;-0,5;0,0;0,0;0,0;50,0;Подготовка;
20251210;10:29:08;-0,5;0,0;0,0;0,0;50,0;Подготовка;
20251210;10:29:13;-0,5;0,0;0,0;0,0;50,0;Подготовка;
20251210;10:29:18;-0,5;0,0;0,0;0,0;50,0;Подготовка;
20251210;10:29:23;-0,5;0,0;0,0;0,0;50,0;Подготовка;
20251210;10:29:28;-0,5;0,0;0,0;0,0;50,0;Подготовка;
20251210;10:29:33;-0,5;0,0;0,0;0,0;50,0;Подготовка;
20251210;10:29:38;-0,5;0,0;0,0;0,0;50,0;Подготовка;
20251210;10:29:43;-0,5;0,0;0,0;0,0;50,0;Подготовка;
20251210;10:29:48;-0,5;0,0;0,0;0,0;50,0;Подготовка;
20251210;10:29:53;-0,5;0,0;0,0;0,0;50,0;Подготовка;
20251210;10:29:58;-0,5;0,0;0,0;0,0;50,0;Подготовка;
20251210;10:30:04;-0,5;0,0;0,0;0,0;50,0;Подготовка;
20251210;10:30:09;-0,5;0,0;0,0;0,0;50,0;Подготовка;
20251210;10:30:14;-0,5;0,0;0,0;0,0;50,0;Подготовка;
20251210;10:30:19;-0,5;0,0;0,0;0,0;50,0;Подготовка;
20251210;10:30:24;-0,5;0,0;0,0;0,0;50,0;Подготовка;
20251210;10:30:29;-0,5;0,0;0,0;0,0;50,0;Подготовка;
20251210;10:30:34;-0,5;0,0;0,0;0,0;50,0;Подготовка;
20251210;10:30:39;-0,5;0,0;0,0;0,0;50,0;Подготовка;
20251210;10:30:44;-0,5;0,0;0,0;0,0;50,0;Подготовка;
20251210;10:30:49;-0,5;0,0;0,0;0,0;50,0;Подготовка;
20251210;10:30:54;-0,5;0,0;0,0;0,0;50,0;Подготовка;
20251210;10:30:59;-0,5;0,0;0,0;0,0;50,0;Подготовка;
20251210;10:31:04;-0,5;0,0;0,0;0,0;50,0;Подготовка;
20251210;10:31:09;-0,5;0,0;0,0;0,0;50,0;Подготовка;
20251210;10:31:14;-0,5;0,0;0,0;0,0;50,0;Подготовка;
20251210;10:31:19;-0,5;0,0;0,0;0,0;50,0;Подготовка;
20251210;10:31:24;-0,5;0,0;0,0;0,0;50,0;Подготовка;
20251210;10:31:29;-0,5;0,0;0,0;0,0;50,0;Подготовка;
20251210;10:31:34;-0,5;0,0;0,0;0,0;50,0;Подготовка;
20251210;10:31:39;-0,5;0,0;0,0;0,0;50,0;Подготовка;
20251210;10:31:44;-0,5;0,0;0,0;0,0;50,0;Подготовка;
20251210;10:31:49;-0,5;0,0;0,0;0,0;50,0;Подготовка;
20251210;10:31:54;-0,5;0,0;0,0;0,0;50,0;Подготовка;
20251210;10:31:59;-0,5;0,0;0,0;0,0;50,0;Подготовка;
20251210;10:32:04;-0,5;0,0;0,0;0,0;50,0;Подготовка;
20251210;10:32:10;-0,5;0,0;0,0;0,0;50,0;Подготовка;
20251210;10:32:15;-0,5;0,0;0,0;0,0;50,0;Подготовка;
20251210;10:32:20;-0,5;0,0;0,0;0,0;50,0;Подготовка;
20251210;10:32:25;-0,5;0,0;0,0;0,0;50,0;Подготовка;
20251210;10:32:30;-0,5;0,0;0,0;0,0;50,0;Подготовка;
20251210;10:32:35;-0,5;0,0;0,0;0,0;50,0;Подготовка;
20251210;10:32:40;-0,5;0,0;0,0;0,0;50,0;Подготовка;
20251210;10:32:45;-0,5;0,0;0,0;0,0;50,0;Подготовка;
20251210;10:32:50;-0,5;0,0;0,0;0,0;50,0;Подготовка;
20251210;10:32:55;-0,5;0,0;0,0;0,0;50,0;Подготовка;
20251210;10:33:00;-0,5;0,0;0,0;0,0;50,0;Подготовка;
20251210;10:33:05;-0,5;0,0;0,0;0,0;50,0;Подготовка;
20251210;10:33:10;-0,5;0,0;0,0;0,0;50,0;Подготовка;
20251210;10:33:15;-0,5;0,0;0,0;0,0;50,0;Подготовка;
20251210;10:33:20;-0,5;0,0;0,0;0,0;50,0;Подготовка;
20251210;10:33:25;-0,5;0,0;0,0;0,0;50,0;Подготовка;
20251210;10:33:30;-0,5;0,0;0,0;0,0;50,0;Подготовка;
20251210;10:33:35;-0,5;0,0;0,0;0,0;50,0;Подготовка;
20251210;10:33:40;-0,5;0,0;0,0;0,0;50,0;Подготовка;
20251210;10:33:45;-0,5;0,0;0,0;0,0;50,0;Подготовка;
20251210;10:33:50;-0,5;0,0;0,0;0,0;50,0;Подготовка;
20251210;10:33:55;-0,5;0,0;0,0;0,0;50,0;Подготовка;
20251210;10:34:00;-0,5;0,0;0,0;0,0;50,0;Подготовка;
20251210;10:34:05;-0,5;0,0;0,0;0,0;50,0;Подготовка;
20251210;10:34:10;-0,5;0,0;0,0;0,0;50,0;Подготовка;
20251210;10:34:16;-0,5;0,0;0,0;0,0;50,0;Подготовка;
20251210;10:34:21;-0,5;0,0;0,0;0,0;50,0;Подготовка;
20251210;10:34:26;-0,5;0,0;0,0;0,0;50,0;Подготовка;
20251210;10:34:31;-0,5;0,0;0,0;0,0;50,0;Подготовка;
20251210;10:34:36;-0,5;0,0;0,0;0,0;50,0;Подготовка;
20251210;10:34:41;-0,5;0,0;0,0;0,0;50,0;Подготовка;
20251210;10:34:46;-0,5;0,0;0,0;0,0;50,0;Подготовка;
20251210;10:34:51;-0,5;0,0;0,0;0,0;50,0;Подготовка;
20251210;10:34:56;-0,5;0,0;0,0;0,0;50,0;Подготовка;
20251210;10:35:01;-0,5;0,0;0,0;0,0;50,0;Подготовка;
20251210;10:35:06;-0,5;0,0;0,0;0,0;50,0;Подготовка;
20251210;10:35:11;-0,5;0,0;0,0;0,0;50,0;Подготовка;
20251210;10:35:16;-0,5;0,0;0,0;0,0;50,0;Подготовка;
20251210;10:35:21;-0,5;0,0;0,0;0,0;50,0;Подготовка;
20251210;10:35:26;-0,5;0,0;0,0;0,0;50,0;Подготовка;
20251210;10:35:31;-0,5;0,0;0,0;0,0;50,0;Подготовка;
20251210;10:35:36;-0,5;0,0;0,0;0,0;50,0;Подготовка;
20251210;10:35:41;-0,5;0,0;0,0;0,0;50,0;Подготовка;
20251210;10:35:46;-0,5;0,0;0,0;0,0;50,0;Подготовка;
20251210;10:35:51;-0,5;0,0;0,0;0,0;50,0;Подготовка;
20251210;10:35:56;-0,5;0,0;0,0;0,0;50,0;Подготовка;
20251210;10:36:01;-0,5;0,0;0,0;0,0;50,0;Подготовка;
20251210;10:36:06;-0,5;0,0;0,0;0,0;50,0;Подготовка;
20251210;10:36:11;-0,5;0,0;0,0;0,0;50,0;Подготовка;
20251210;10:36:16;-0,5;0,0;0,0;0,0;50,0;Подготовка;
20251210;10:36:22;-0,5;0,0;0,0;0,0;50,0;Подготовка;
20251210;10:36:27;-0,5;0,0;0,0;0,0;50,0;Подготовка;
20251210;10:36:32;-0,5;0,0;0,0;0,0;50,0;Подготовка;
20251210;10:36:37;-0,5;0,0;0,0;0,0;50,0;Подготовка;
20251210;10:36:42;-0,5;0,0;0,0;0,0;50,0;Подготовка;
20251210;10:36:47;-0,5;0,0;0,0;0,0;50,0;Подготовка;
20251210;10:36:52;-0,5;0,0;0,0;0,0;50,0;Подготовка;
20251210;10:36:57;-0,5;0,0;0,0;0,0;50,0;Подготовка;
20251210;10:37:02;-0,5;0,0;0,0;0,0;50,0;Подготовка;
20251210;10:37:07;-0,5;0,0;0,0;0,0;50,0;Подготовка;
20251210;10:37:12;-0,5;0,0;0,0;0,0;50,0;Подготовка;
20251210;10:37:17;-0,5;0,0;0,0;0,0;50,0;Подготовка;
20251210;10:37:22;-0,5;0,0;0,0;0,0;50,0;Подготовка;
20251210;10:37:27;-0,5;0,0;0,0;0,0;50,0;Подготовка;
20251210;10:37:32;-0,5;0,0;0,0;0,0;50,0;Подготовка;
20251210;10:37:37;-0,5;0,0;0,0;0,0;50,0;Подготовка;
20251210;10:37:42;-0,5;0,0;0,0;0,0;50,0;Подготовка;
20251210;10:37:47;-0,5;0,0;0,0;0,0;50,0;Подготовка;
20251210;10:37:52;-0,5;0,0;0,0;0,0;50,0;Подготовка;
20251210;10:37:57;-0,5;0,0;0,0;0,0;50,0;Подготовка;
20251210;10:38:02;-0,5;0,0;0,0;0,0;50,0;Подготовка;
20251210;10:38:07;-0,5;0,0;0,0;0,0;50,0;Подготовка;
20251210;10:38:12;-0,5;0,0;0,0;0,0;50,0;Подготовка;
20251210;10:38:17;-0,5;0,0;0,0;0,0;50,0;Подготовка;
20251210;10:38:22;-0,5;0,0;0,0;0,0;50,0;Подготовка;
20251210;10:38:28;-0,5;0,0;0,0;0,0;50,0;Подготовка;
20251210;10:38:33;-0,5;0,0;0,0;0,0;50,0;Подготовка;
20251210;10:38:38;-0,5;0,0;0,0;0,0;50,0;Подготовка;
20251210;10:38:43;-0,5;0,0;0,0;0,0;50,0;Подготовка;
20251210;10:38:48;-0,5;0,0;0,0;0,0;50,0;Подготовка;
20251210;10:38:53;-0,5;0,0;0,0;0,0;50,0;Подготовка;
20251210;10:38:58;-0,5;0,0;0,0;0,0;50,0;Подготовка;
20251210;10:39:03;-0,5;0,0;0,0;0,0;50,0;Подготовка;
20251210;10:39:08;-0,5;0,0;0,0;0,0;50,0;Подготовка;
20251210;10:39:13;-0,5;0,0;0,0;0,0;50,0;Подготовка;
20251210;10:39:18;-0,5;0,0;0,0;0,0;50,0;Подготовка;
20251210;10:39:23;-0,5;0,0;0,0;0,0;50,0;Подготовка;
20251210;10:39:28;-0,5;0,0;0,0;0,0;50,0;Подготовка;
20251210;10:39:33;-0,5;0,0;0,0;0,0;50,0;Подготовка;
20251210;10:39:38;-0,5;0,0;0,0;0,0;50,0;Подготовка;
20251210;10:39:43;-0,5;0,0;0,0;0,0;50,0;Подготовка;
20251210;10:39:48;-0,5;0,0;0,0;0,0;50,0;Подготовка;
20251210;10:39:53;-0,5;0,0;0,0;0,0;50,0;Подготовка;
20251210;10:39:58;-0,5;0,0;0,0;0,0;50,0;Подготовка;
20251210;10:40:03;-0,5;0,0;0,0;0,0;50,0;Подготовка;
20251210;10:40:08;-0,5;0,0;0,0;0,0;50,0;Подготовка;
20251210;10:40:13;-0,5;0,0;0,0;0,0;50,0;Подготовка;
20251210;10:40:18;-0,5;0,0;0,0;0,0;50,0;Подготовка;
20251210;10:40:23;-0,5;0,0;0,0;0,0;50,0;Подготовка;
20251210;10:40:28;-0,5;0,0;0,0;0,0;50,0;Подготовка;
20251210;10:40:34;-0,5;0,0;0,0;0,0;50,0;Подготовка;
20251210;10:40:39;-0,5;0,0;0,0;0,0;50,0;Подготовка;
20251210;10:40:44;-0,5;0,0;0,0;0,0;50,0;Подготовка;
20251210;10:40:49;-0,5;0,0;0,0;0,0;50,0;Подготовка;
20251210;10:40:54;-0,5;0,0;0,0;0,0;50,0;Подготовка;
20251210;10:40:59;-0,5;0,0;0,0;0,0;50,0;Подготовка;
20251210;10:41:04;-0,5;0,0;0,0;0,0;50,0;Подготовка;
20251210;10:41:09;-0,5;0,0;0,0;0,0;50,0;Подготовка;
20251210;10:41:14;-0,5;0,0;0,0;0,0;50,0;Подготовка;
20251210;10:41:19;-0,5;0,0;0,0;0,0;50,0;Подготовка;
20251210;10:41:24;-0,5;0,0;0,0;0,0;50,0;Подготовка;
20251210;10:41:29;-0,5;0,0;0,0;0,0;50,0;Подготовка;
20251210;10:41:34;-0,5;0,0;0,0;0,0;50,0;Подготовка;
20251210;10:41:39;-0,5;0,0;0,0;0,0;50,0;Подготовка;
20251210;10:41:44;-0,5;0,0;0,0;0,0;50,0;Подготовка;
20251210;10:41:49;-0,5;0,0;0,0;0,0;50,0;Подготовка;
20251210;10:41:54;-0,5;0,0;0,0;0,0;50,0;Подготовка;
20251210;10:41:59;-0,5;0,0;0,0;0,0;50,0;Подготовка;
20251210;10:42:04;-0,5;0,0;0,0;0,0;50,0;Подготовка;
20251210;10:42:09;-0,5;0,0;0,0;0,0;50,0;Подготовка;
20251210;10:42:14;-0,5;0,0;0,0;0,0;50,0;Подготовка;
20251210;10:42:19;-0,5;0,0;0,0;0,0;50,0;Подготовка;
20251210;10:42:24;-0,5;0,0;0,0;0,0;50,0;Подготовка;
20251210;10:42:29;-0,5;0,0;0,0;0,0;50,0;Подготовка;
20251210;10:42:35;-0,5;0,0;0,0;0,0;50,0;Подготовка;
20251210;10:42:40;-0,5;0,0;0,0;0,0;50,0;Подготовка;
20251210;10:42:45;-0,5;0,0;0,0;0,0;50,0;Подготовка;
20251210;10:42:50;-0,5;0,0;0,0;0,0;50,0;Подготовка;
20251210;10:42:55;-0,5;0,0;0,0;0,0;50,0;Подготовка;
20251210;10:43:00;-0,5;0,0;0,0;0,0;50,0;Подготовка;
20251210;10:43:05;-0,5;0,0;0,0;0,0;50,0;Подготовка;
20251210;10:43:10;-0,5;0,0;0,0;0,0;50,0;Подготовка;
20251210;10:43:15;-0,5;0,0;0,0;0,0;50,0;Подготовка;
20251210;10:43:20;-0,5;0,0;0,0;0,0;50,0;Подготовка;
20251210;10:43:25;-0,5;0,0;0,0;0,0;50,0;Подготовка;
20251210;10:43:30;-0,5;0,0;0,0;0,0;50,0;Подготовка;
20251210;10:43:35;-0,5;0,0;0,0;0,0;50,0;Подготовка;
20251210;10:43:40;-0,5;0,0;0,0;0,0;50,0;Подготовка;
20251210;10:43:45;-0,5;0,0;0,0;0,0;50,0;Подготовка;
20251210;10:43:50;-0,5;0,0;0,0;0,0;50,0;Подготовка;
20251210;10:43:55;-0,5;0,0;0,0;0,0;50,0;Подготовка;
20251210;10:44:00;-0,5;0,0;0,0;0,0;50,0;Подготовка;
20251210;10:44:05;-0,5;0,0;0,0;0,0;50,0;Подготовка;
20251210;10:44:10;-0,5;0,0;0,0;0,0;50,0;Подготовка;
20251210;10:44:15;-0,5;0,0;0,0;0,0;50,0;Подготовка;
20251210;10:44:20;-0,5;0,0;0,0;0,0;50,0;Подготовка;
20251210;10:44:25;-0,5;0,0;0,0;0,0;50,0;Подготовка;
20251210;10:44:30;-0,5;0,0;0,0;0,0;50,0;Подготовка;
20251210;10:44:36;-0,5;0,0;0,0;0,0;50,0;Подготовка;
20251210;10:44:41;-0,5;0,0;0,0;0,0;50,0;Подготовка;
20251210;10:44:46;-0,5;0,0;0,0;0,0;50,0;Подготовка;
20251210;10:44:51;-0,5;0,0;0,0;0,0;50,0;Подготовка;
20251210;10:44:56;-0,5;0,0;0,0;0,0;50,0;Подготовка;
20251210;10:45:01;-0,5;0,0;0,0;0,0;50,0;Подготовка;
20251210;10:45:06;-0,5;0,0;0,0;0,0;50,0;Подготовка;
20251210;10:45:11;-0,5;0,0;0,0;0,0;50,0;Подготовка;
20251210;10:45:16;-0,5;0,0;0,0;0,0;50,0;Подготовка;
20251210;10:45:21;-0,5;0,0;0,0;0,0;50,0;Подготовка;
20251210;10:45:26;-0,5;0,0;0,0;0,0;50,0;Подготовка;
20251210;10:45:31;-0,5;0,0;0,0;0,0;50,0;Подготовка;
20251210;10:45:36;-0,5;0,0;0,0;0,0;50,0;Подготовка;
20251210;10:45:41;-0,5;0,0;0,0;0,0;50,0;Подготовка;
20251210;10:45:46;-0,5;0,0;0,0;0,0;50,0;Подготовка;
20251210;10:45:51;-0,5;0,0;0,0;0,0;50,0;Подготовка;
20251210;10:45:56;-0,5;0,0;0,0;0,0;50,0;Подготовка;
20251210;10:46:01;-0,5;0,0;0,0;0,0;50,0;Подготовка;
20251210;10:46:06;-0,5;0,0;0,0;0,0;50,0;Подготовка;
20251210;10:46:11;-0,5;0,0;0,0;0,0;50,0;Подготовка;
20251210;10:46:16;-0,5;0,0;0,0;0,0;50,0;Подготовка;
20251210;10:46:21;-0,5;0,0;0,0;0,0;50,0;Подготовка;
20251210;10:46:26;-0,5;0,0;0,0;0,0;50,0;Подготовка;
20251210;10:46:31;-0,5;0,0;0,0;0,0;50,0;Подготовка;
20251210;10:46:36;-0,5;0,0;0,0;0,0;50,0;Подготовка;
20251210;10:46:42;-0,5;0,0;0,0;0,0;50,0;Подготовка;
20251210;10:46:47;-0,5;0,0;0,0;0,0;50,0;Подготовка;
20251210;10:46:52;-0,5;0,0;0,0;0,0;50,0;Подготовка;
20251210;10:46:57;-0,5;0,0;0,0;0,0;50,0;Подготовка;
20251210;10:47:02;-0,5;0,0;0,0;0,0;50,0;Подготовка;
20251210;10:47:07;-0,5;0,0;0,0;0,0;50,0;Подготовка;
20251210;10:47:12;-0,5;0,0;0,0;0,0;50,0;Подготовка;
20251210;10:47:17;-0,5;0,0;0,0;0,0;50,0;Подготовка;
20251210;10:47:22;-0,5;0,0;0,0;0,0;50,0;Подготовка;
20251210;10:47:27;-0,5;0,0;0,0;0,0;50,0;Подготовка;
20251210;10:47:32;-0,5;0,0;0,0;0,0;50,0;Подготовка;
20251210;10:47:37;-0,5;0,0;0,0;0,0;50,0;Подготовка;
20251210;10:47:42;-0,5;0,0;0,0;0,0;50,0;Подготовка;
20251210;10:47:47;-0,5;0,0;0,0;0,0;50,0;Подготовка;
20251210;10:47:52;-0,5;0,0;0,0;0,0;50,0;Подготовка;
20251210;10:47:57;-0,5;0,0;0,0;0,0;50,0;Подготовка;
20251210;10:48:02;-0,5;0,0;0,0;0,0;50,0;Подготовка;
20251210;10:48:07;-0,5;0,0;0,0;0,0;50,0;Подготовка;
20251210;10:48:12;-0,5;0,0;0,0;0,0;50,0;Подготовка;
20251210;10:48:17;-0,5;0,0;0,0;0,0;50,0;Подготовка;
20251210;10:48:22;-0,5;0,0;0,0;0,0;50,0;Подготовка;
20251210;10:48:27;-0,5;0,0;0,0;0,0;50,0;Подготовка;
20251210;10:48:32;-0,5;0,0;0,0;0,0;50,0;Подготовка;
20251210;10:48:37;-0,5;0,0;0,0;0,0;50,0;Подготовка;
20251210;10:48:42;-0,5;0,0;0,0;0,0;50,0;Подготовка;
20251210;10:48:48;-0,5;0,0;0,0;0,0;50,0;Подготовка;
20251210;10:48:53;-0,5;0,0;0,0;0,0;50,0;Подготовка;
20251210;10:48:58;-0,5;0,0;0,0;0,0;50,0;Подготовка;
20251210;10:49:03;-0,5;0,0;0,0;0,0;50,0;Подготовка;
20251210;10:49:08;-0,5;0,0;0,0;0,0;50,0;Подготовка;
20251210;10:49:13;-0,5;0,0;0,0;0,0;50,0;Подготовка;
20251210;10:49:18;-0,5;0,0;0,0;0,0;50,0;Подготовка;
20251210;10:49:23;-0,5;0,0;0,0;0,0;50,0;Подготовка;
20251210;10:49:28;-0,5;0,0;0,0;0,0;50,0;Подготовка;
20251210;10:49:33;-0,5;0,0;0,0;0,0;50,0;Подготовка;
20251210;10:49:38;-0,5;0,0;0,0;0,0;50,0;Подготовка;
20251210;10:49:43;-0,5;0,0;0,0;0,0;50,0;Подготовка;
20251210;10:49:48;-0,5;0,0;0,0;0,0;50,0;Подготовка;
20251210;10:49:53;-0,5;0,0;0,0;0,0;50,0;Подготовка;
20251210;10:49:58;-0,5;0,0;0,0;0,0;50,0;Подготовка;
20251210;10:50:03;-0,5;0,0;0,0;0,0;50,0;Подготовка;
20251210;10:50:08;-0,5;0,0;0,0;0,0;50,0;Подготовка;
20251210;10:50:13;-0,5;0,0;0,0;0,0;50,0;Подготовка;
20251210;10:50:18;-0,5;0,0;0,0;0,0;50,0;Подготовка;
20251210;10:50:23;-0,5;0,0;0,0;0,0;50,0;Подготовка;
20251210;10:50:28;-0,5;0,0;0,0;0,0;50,0;Подготовка;
20251210;10:50:33;-0,5;0,0;0,0;0,0;50,0;Подготовка;
20251210;10:50:38;-0,5;0,0;0,0;0,0;50,0;Подготовка;
20251210;10:50:43;-0,5;0,0;0,0;0,0;50,0;Подготовка;
20251210;10:50:48;-0,5;0,0;0,0;0,0;50,0;Подготовка;
20251210;10:50:54;-0,5;0,0;0,0;0,0;50,0;Подготовка;
20251210;10:50:59;-0,5;0,0;0,0;0,0;50,0;Подготовка;
20251210;10:51:04;-0,5;0,0;0,0;0,0;50,0;Подготовка;
20251210;10:51:09;-0,5;0,0;0,0;0,0;50,0;Подготовка;
20251210;10:51:14;-0,5;0,0;0,0;0,0;50,0;Подготовка;
20251210;10:51:19;-0,5;0,0;0,0;0,0;50,0;Подготовка;
20251210;10:51:24;-0,5;0,0;0,0;0,0;50,0;Подготовка;
20251210;10:51:29;-0,5;0,0;0,0;0,0;50,0;Подготовка;
20251210;10:51:34;-0,5;0,0;0,0;0,0;50,0;Подготовка;
20251210;10:51:39;-0,5;0,0;0,0;0,0;50,0;Подготовка;
20251210;10:51:44;-0,5;0,0;0,0;0,0;50,0;Подготовка;
20251210;10:51:49;-0,5;0,0;0,0;0,0;50,0;Подготовка;
20251210;10:51:54;-0,5;0,0;0,0;0,0;50,0;Подготовка;
20251210;10:51:59;-0,5;0,0;0,0;0,0;50,0;Подготовка;
20251210;10:52:04;-0,5;0,0;0,0;0,0;50,0;Подготовка;
20251210;10:52:09;-0,5;0,0;0,0;0,0;50,0;Подготовка;
20251210;10:52:14;-0,5;0,0;0,0;0,0;50,0;Подготовка;
20251210;10:52:19;-0,5;0,0;0,0;0,0;50,0;Подготовка;
20251210;10:52:24;-0,5;0,0;0,0;0,0;50,0;Подготовка;
20251210;10:52:29;-0,5;0,0;0,0;0,0;50,0;Подготовка;
20251210;10:52:34;-0,5;0,0;0,0;0,0;50,0;Подготовка;
20251210;10:52:39;-0,5;0,0;0,0;0,0;50,0;Подготовка;
20251210;10:52:44;-0,5;0,0;0,0;0,0;50,0;Подготовка;
20251210;10:52:49;-0,5;0,0;0,0;0,0;50,0;Подготовка;
20251210;10:52:54;-0,5;0,0;0,0;0,0;50,0;Подготовка;
20251210;10:53:00;-0,5;0,0;0,0;0,0;50,0;Подготовка;
20251210;10:53:05;-0,5;0,0;0,0;0,0;50,0;Подготовка;
20251210;10:53:10;-0,5;0,0;0,0;0,0;50,0;Подготовка;
20251210;10:53:15;-0,5;0,0;0,0;0,0;50,0;Подготовка;
20251210;10:53:20;-0,5;0,0;0,0;0,0;50,0;Подготовка;
20251210;10:53:25;-0,5;0,0;0,0;0,0;50,0;Подготовка;
20251210;10:53:30;-0,5;0,0;0,0;0,0;50,0;Подготовка;
20251210;10:53:35;-0,5;0,0;0,0;0,0;50,0;Подготовка;
20251210;10:53:40;-0,5;0,0;0,0;0,0;50,0;Подготовка;
20251210;10:53:45;-0,5;0,0;0,0;0,0;50,0;Подготовка;
20251210;10:53:50;-0,5;0,0;0,0;0,0;50,0;Подготовка;
20251210;10:53:55;-0,5;0,0;0,0;0,0;50,0;Подготовка;
20251210;10:54:00;-0,5;0,0;0,0;0,0;50,0;Подготовка;
20251210;10:54:05;-0,5;0,0;0,0;0,0;50,0;Подготовка;
20251210;10:54:10;-0,5;0,0;0,0;0,0;50,0;Подготовка;
20251210;10:54:15;-0,5;0,0;0,0;0,0;50,0;Подготовка;
20251210;10:54:20;-0,5;0,0;0,0;0,0;50,0;Подготовка;
20251210;10:54:25;-0,5;0,0;0,0;0,0;50,0;Подготовка;
20251210;10:54:30;-0,5;0,0;0,0;0,0;50,0;Подготовка;
20251210;10:54:35;-0,5;0,0;0,0;0,0;50,0;Подготовка;
20251210;10:54:40;-0,5;0,0;0,0;0,0;50,0;Подготовка;
20251210;10:54:45;-0,5;0,0;0,0;0,0;50,0;Подготовка;
20251210;10:54:50;-0,5;0,0;0,0;0,0;50,0;Подготовка;
20251210;10:54:55;-0,5;0,0;0,0;0,0;50,0;Подготовка;
20251210;10:55:00;-0,5;0,0;0,0;0,0;50,0;Подготовка;
20251210;10:55:06;-0,5;0,0;0,0;0,0;50,0;Подготовка;
20251210;10:55:11;-0,5;0,0;0,0;0,0;50,0;Подготовка;
20251210;10:55:16;-0,5;0,0;0,0;0,0;50,0;Подготовка;
20251210;10:55:21;-0,5;0,0;0,0;0,0;50,0;Подготовка;
20251210;10:55:26;-0,5;0,0;0,0;0,0;50,0;Подготовка;
20251210;10:55:31;-0,5;0,0;0,0;0,0;50,0;Подготовка;
20251210;10:55:36;-0,5;0,0;0,0;0,0;50,0;Подготовка;
20251210;10:55:41;-0,5;0,0;0,0;0,0;50,0;Подготовка;
20251210;10:55:46;-0,5;0,0;0,0;0,0;50,0;Подготовка;
20251210;10:55:51;-0,5;0,0;0,0;0,0;50,0;Подготовка;
20251210;10:55:56;-0,5;0,0;0,0;0,0;50,0;Подготовка;
20251210;10:56:01;-0,5;0,0;0,0;0,0;50,0;Подготовка;
20251210;10:56:06;-0,5;0,0;0,0;0,0;50,0;Подготовка;
20251210;10:56:11;-0,5;0,0;0,0;0,0;50,0;Подготовка;
20251210;10:56:16;-0,5;0,0;0,0;0,0;50,0;Подготовка;
20251210;10:56:21;-0,5;0,0;0,0;0,0;50,0;Подготовка;
20251210;10:56:26;-0,5;0,0;0,0;0,0;50,0;Подготовка;
20251210;10:56:31;-0,5;0,0;0,0;0,0;50,0;Подготовка;
20251210;10:56:36;-0,5;0,0;0,0;0,0;50,0;Подготовка;
20251210;10:56:41;-0,5;0,0;0,0;0,0;50,0;Подготовка;
20251210;10:56:46;-0,5;0,0;0,0;0,0;50,0;Подготовка;
20251210;10:56:51;-0,5;0,0;0,0;0,0;50,0;Подготовка;
20251210;10:56:56;-0,5;0,0;0,0;0,0;50,0;Подготовка;
20251210;10:57:01;-0,5;0,0;0,0;0,0;50,0;Подготовка;
20251210;10:57:06;-0,5;0,0;0,0;0,0;50,0;Подготовка;
20251210;10:57:12;-0,5;0,0;0,0;0,0;50,0;Подготовка;
20251210;10:57:17;-0,5;0,0;0,0;0,0;50,0;Подготовка;
20251210;10:57:22;-0,5;0,0;0,0;0,0;50,0;Подготовка;
20251210;10:57:27;-0,5;0,0;0,0;0,0;50,0;Подготовка;
20251210;10:57:32;-0,5;0,0;0,0;0,0;50,0;Подготовка;
20251210;10:57:37;-0,5;0,0;0,0;0,0;50,0;Подготовка;
20251210;10:57:42;-0,5;0,0;0,0;0,0;50,0;Подготовка;
20251210;10:57:47;-0,5;0,0;0,0;0,0;50,0;Подготовка;
20251210;10:57:52;-0,5;0,0;0,0;0,0;50,0;Подготовка;
20251210;10:57:57;-0,5;0,0;0,0;0,0;50,0;Подготовка;
20251210;10:58:02;-0,5;0,0;0,0;0,0;50,0;Подготовка;
20251210;10:58:07;-0,5;0,0;0,0;0,0;50,0;Подготовка;
20251210;10:58:12;-0,5;0,0;0,0;0,0;50,0;Подготовка;
20251210;10:58:17;-0,5;0,0;0,0;0,0;50,0;Подготовка;
20251210;10:58:22;-0,5;0,0;0,0;0,0;50,0;Подготовка;
20251210;10:58:27;-0,5;0,0;0,0;0,0;50,0;Подготовка;
20251210;10:58:32;-0,5;0,0;0,0;0,0;50,0;Подготовка;
20251210;10:58:37;-0,5;0,0;0,0;0,0;50,0;Подготовка;
20251210;10:58:42;-0,5;0,0;0,0;0,0;50,0;Подготовка;
20251210;10:58:47;-0,5;0,0;0,0;0,0;50,0;Подготовка;
20251210;10:58:52;-0,5;0,0;0,0;0,0;50,0;Подготовка;
20251210;10:58:57;-0,5;0,0;0,0;0,0;50,0;Подготовка;
20251210;10:59:02;-0,5;0,0;0,0;0,0;50,0;Подготовка;
20251210;10:59:07;-0,5;0,0;0,0;0,0;50,0;Подготовка;
20251210;10:59:13;-0,5;0,0;0,0;0,0;50,0;Подготовка;
20251210;10:59:18;-0,5;0,0;0,0;0,0;50,0;Подготовка;
20251210;10:59:23;-0,5;0,0;0,0;0,0;50,0;Подготовка;
20251210;10:59:28;-0,5;0,0;0,0;0,0;50,0;Подготовка;
20251210;10:59:33;-0,5;0,0;0,0;0,0;50,0;Подготовка;
20251210;10:59:38;-0,5;0,0;0,0;0,0;50,0;Подготовка;
20251210;10:59:43;-0,5;0,0;0,0;0,0;50,0;Подготовка;
20251210;10:59:48;-0,5;0,0;0,0;0,0;50,0;Подготовка;
20251210;10:59:53;-0,5;0,0;0,0;0,0;50,0;Подготовка;
20251210;10:59:58;-0,5;0,0;0,0;0,0;50,0;Подготовка;
20251210;11:00:03;-0,5;0,0;0,0;0,0;50,0;Подготовка;
20251210;11:00:08;-0,5;0,0;0,0;0,0;50,0;Подготовка;
20251210;11:00:13;-0,5;0,0;0,0;0,0;50,0;Подготовка;
20251210;11:00:18;-0,5;0,0;0,0;0,0;50,0;Подготовка;
20251210;11:00:23;-0,5;0,0;0,0;0,0;50,0;Подготовка;
20251210;11:00:28;-0,5;0,0;0,0;0,0;50,0;Подготовка;
20251210;11:00:33;-0,5;0,0;0,0;0,0;50,0;Подготовка;
20251210;11:00:38;-0,5;0,0;0,0;0,0;50,0;Подготовка;
20251210;11:00:43;-0,5;0,0;0,0;0,0;50,0;Подготовка;
20251210;11:00:48;-0,5;0,0;0,0;0,0;50,0;Подготовка;
20251210;11:00:53;-0,5;0,0;0,0;0,0;50,0;Подготовка;
20251210;11:00:58;-0,5;0,0;0,0;0,0;50,0;Подготовка;
20251210;11:01:03;-0,5;0,0;0,0;0,0;50,0;Подготовка;
20251210;11:01:08;-0,5;0,0;0,0;0,0;50,0;Подготовка;
20251210;11:01:13;-0,5;0,0;0,0;0,0;50,0;Подготовка;
20251210;11:01:19;-0,5;0,0;0,0;0,0;50,0;Подготовка;
20251210;11:01:24;-0,5;0,0;0,0;0,0;50,0;Подготовка;
20251210;11:01:29;-0,5;0,0;0,0;0,0;50,0;Подготовка;
20251210;11:01:34;-0,5;0,0;0,0;0,0;50,0;Подготовка;
20251210;11:01:39;-0,5;0,0;0,0;0,0;50,0;Подготовка;
20251210;11:01:44;-0,5;0,0;0,0;0,0;50,0;Подготовка;
20251210;11:01:49;-0,5;0,0;0,0;0,0;50,0;Подготовка;
20251210;11:01:54;-0,5;0,0;0,0;0,0;50,0;Подготовка;
20251210;11:01:59;-0,5;0,0;0,0;0,0;50,0;Подготовка;
20251210;11:02:04;-0,5;0,0;0,0;0,0;50,0;Подготовка;
20251210;11:02:09;-0,5;0,0;0,0;0,0;50,0;Подготовка;
20251210;11:02:14;-0,5;0,0;0,0;0,0;50,0;Подготовка;
20251210;11:02:19;-0,5;0,0;0,0;0,0;50,0;Подготовка;
20251210;11:02:24;-0,5;0,0;0,0;0,0;50,0;Подготовка;
20251210;11:02:29;-0,5;0,0;0,0;0,0;50,0;Подготовка;
20251210;11:02:34;-0,5;0,0;0,0;0,0;50,0;Подготовка;
20251210;11:02:39;-0,5;0,0;0,0;0,0;50,0;Подготовка;
20251210;11:02:44;-0,5;0,0;0,0;0,0;50,0;Подготовка;
20251210;11:02:49;-0,5;0,0;0,0;0,0;50,0;Подготовка;
20251210;11:02:54;-0,5;0,0;0,0;0,0;50,0;Подготовка;
20251210;11:02:59;-0,5;0,0;0,0;0,0;50,0;Подготовка;
20251210;11:03:04;-0,5;0,0;0,0;0,0;50,0;Подготовка;
20251210;11:03:09;-0,5;0,0;0,0;0,0;50,0;Подготовка;
20251210;11:03:14;-0,5;0,0;0,0;0,0;50,0;Подготовка;
20251210;11:03:19;-0,5;0,0;0,0;0,0;50,0;Подготовка;
20251210;11:03:25;-0,5;0,0;0,0;0,0;50,0;Подготовка;
20251210;11:03:30;-0,5;0,0;0,0;0,0;50,0;Подготовка;
20251210;11:03:35;-0,5;0,0;0,0;0,0;50,0;Подготовка;
20251210;11:03:40;-0,5;0,0;0,0;0,0;50,0;Подготовка;
20251210;11:03:45;-0,5;0,0;0,0;0,0;50,0;Подготовка;
20251210;11:03:50;-0,5;0,0;0,0;0,0;50,0;Подготовка;
20251210;11:03:55;-0,5;0,0;0,0;0,0;50,0;Подготовка;
20251210;11:04:00;-0,5;0,0;0,0;0,0;50,0;Подготовка;
20251210;11:04:05;-0,5;0,0;0,0;0,0;50,0;Подготовка;
20251210;11:04:10;-0,5;0,0;0,0;0,0;50,0;Подготовка;
20251210;11:04:15;-0,5;0,0;0,0;0,0;50,0;Подготовка;
20251210;11:04:20;-0,5;0,0;0,0;0,0;50,0;Подготовка;
20251210;11:04:25;-0,5;0,0;0,0;0,0;50,0;Подготовка;
20251210;11:04:30;-0,5;0,0;0,0;0,0;50,0;Подготовка;
20251210;11:04:35;-0,5;0,0;0,0;0,0;50,0;Подготовка;
20251210;11:04:40;-0,5;0,0;0,0;0,0;50,0;Подготовка;
20251210;11:04:45;-0,5;0,0;0,0;0,0;50,0;Подготовка;
20251210;11:04:50;-0,5;0,0;0,0;0,0;50,0;Подготовка;
20251210;11:04:55;-0,5;0,0;0,0;0,0;50,0;Подготовка;
20251210;11:05:00;-0,5;0,0;0,0;0,0;50,0;Подготовка;
20251210;11:05:05;-0,5;0,0;0,0;0,0;50,0;Подготовка;
20251210;11:05:10;-0,5;0,0;0,0;0,0;50,0;Подготовка;
20251210;11:05:15;-0,5;0,0;0,0;0,0;50,0;Подготовка;
20251210;11:05:20;-0,5;0,0;0,0;0,0;50,0;Подготовка;
20251210;11:05:25;-0,5;0,0;0,0;0,0;50,0;Подготовка;
20251210;11:05:31;-0,5;0,0;0,0;0,0;50,0;Подготовка;
20251210;11:05:36;-0,5;0,0;0,0;0,0;50,0;Подготовка;
20251210;11:05:41;-0,5;0,0;0,0;0,0;50,0;Подготовка;
20251210;11:05:46;-0,5;0,0;0,0;0,0;50,0;Подготовка;
20251210;11:05:51;-0,5;0,0;0,0;0,0;50,0;Подготовка;
20251210;11:05:56;-0,5;0,0;0,0;0,0;50,0;Подготовка;
20251210;11:06:01;-0,5;0,0;0,0;0,0;50,0;Подготовка;
20251210;11:06:06;-0,5;0,0;0,0;0,0;50,0;Подготовка;
20251210;11:06:11;-0,5;0,0;0,0;0,0;50,0;Подготовка;
20251210;11:06:16;-0,5;0,0;0,0;0,0;50,0;Подготовка;
20251210;11:06:21;-0,5;0,0;0,0;0,0;50,0;Подготовка;
20251210;11:06:26;-0,5;0,0;0,0;0,0;50,0;Подготовка;
20251210;11:06:31;-0,5;0,0;0,0;0,0;50,0;Подготовка;
20251210;11:06:36;-0,5;0,0;0,0;0,0;50,0;Подготовка;
20251210;11:06:41;-0,5;0,0;0,0;0,0;50,0;Подготовка;
20251210;11:06:46;-0,5;0,0;0,0;0,0;50,0;Подготовка;
20251210;11:06:51;-0,5;0,0;0,0;0,0;50,0;Подготовка;
20251210;11:06:56;-0,5;0,0;0,0;0,0;50,0;Подготовка;
20251210;11:07:01;-0,5;0,0;0,0;0,0;50,0;Подготовка;
20251210;11:07:06;-0,5;0,0;0,0;0,0;50,0;Подготовка;
20251210;11:07:11;-0,5;0,0;0,0;0,0;50,0;Подготовка;
20251210;11:07:16;-0,5;0,0;0,0;0,0;50,0;Подготовка;
20251210;11:07:21;-0,5;0,0;0,0;0,0;50,0;Подготовка;
20251210;11:07:26;-0,5;0,0;0,0;0,0;50,0;Подготовка;
20251210;11:07:31;-0,5;0,0;0,0;0,0;50,0;Подготовка;
20251210;11:07:37;-0,5;0,0;0,0;0,0;50,0;Подготовка;
20251210;11:07:42;-0,5;0,0;0,0;0,0;50,0;Подготовка;
20251210;11:07:47;-0,5;0,0;0,0;0,0;50,0;Подготовка;
20251210;11:07:52;-0,5;0,0;0,0;0,0;50,0;Подготовка;
20251210;11:07:57;-0,5;0,0;0,0;0,0;50,0;Подготовка;
20251210;11:08:02;-0,5;0,0;0,0;0,0;50,0;Подготовка;
20251210;11:08:07;-0,5;0,0;0,0;0,0;50,0;Подготовка;
20251210;11:08:12;-0,5;0,0;0,0;0,0;50,0;Подготовка;
20251210;11:08:17;-0,5;0,0;0,0;0,0;50,0;Подготовка;
20251210;11:08:22;-0,5;0,0;0,0;0,0;50,0;Подготовка;
20251210;11:08:27;-0,5;0,0;0,0;0,0;50,0;Подготовка;
20251210;11:08:32;-0,5;0,0;0,0;0,0;50,0;Подготовка;
20251210;11:08:37;-0,5;0,0;0,0;0,0;50,0;Подготовка;
20251210;11:08:42;-0,5;0,0;0,0;0,0;50,0;Подготовка;
20251210;11:08:47;-0,5;0,0;0,0;0,0;50,0;Подготовка;
20251210;11:08:52;-0,5;0,0;0,0;0,0;50,0;Подготовка;
20251210;11:08:57;-0,5;0,0;0,0;0,0;50,0;Подготовка;
20251210;11:09:02;-0,5;0,0;0,0;0,0;50,0;Подготовка;
20251210;11:09:07;-0,5;0,0;0,0;0,0;50,0;Подготовка;
20251210;11:09:12;-0,5;0,0;0,0;0,0;50,0;Подготовка;
20251210;11:09:17;-0,5;0,0;0,0;0,0;50,0;Подготовка;
20251210;11:09:22;-0,5;0,0;0,0;0,0;50,0;Подготовка;
20251210;11:09:27;-0,5;0,0;0,0;0,0;50,0;Подготовка;
20251210;11:09:32;-0,5;0,0;0,0;0,0;50,0;Подготовка;
20251210;11:09:37;-0,5;0,0;0,0;0,0;50,0;Подготовка;
20251210;11:09:43;-0,5;0,0;0,0;0,0;50,0;Подготовка;
20251210;11:09:48;-0,5;0,0;0,0;0,0;50,0;Подготовка;
20251210;11:09:53;-0,5;0,0;0,0;0,0;50,0;Подготовка;
20251210;11:09:58;-0,5;0,0;0,0;0,0;50,0;Подготовка;
20251210;11:10:03;-0,5;0,0;0,0;0,0;50,0;Подготовка;
20251210;11:10:08;-0,5;0,0;0,0;0,0;50,0;Подготовка;
20251210;11:10:13;-0,5;0,0;0,0;0,0;50,0;Подготовка;
20251210;11:10:18;-0,5;0,0;0,0;0,0;50,0;Подготовка;
20251210;11:10:23;-0,5;0,0;0,0;0,0;50,0;Подготовка;
20251210;11:10:28;-0,5;0,0;0,0;0,0;50,0;Подготовка;
20251210;11:10:33;-0,5;0,0;0,0;0,0;50,0;Подготовка;
20251210;11:10:38;-0,5;0,0;0,0;0,0;50,0;Подготовка;
20251210;11:10:43;-0,5;0,0;0,0;0,0;50,0;Подготовка;
20251210;11:10:48;-0,5;0,0;0,0;0,0;50,0;Подготовка;
20251210;11:10:53;-0,5;0,0;0,0;0,0;50,0;Подготовка;
20251210;11:10:58;-0,5;0,0;0,0;0,0;50,0;Подготовка;
20251210;11:11:03;-0,5;0,0;0,0;0,0;50,0;Подготовка;
20251210;11:11:08;-0,5;0,0;0,0;0,0;50,0;Подготовка;
20251210;11:11:13;-0,5;0,0;0,0;0,0;50,0;Подготовка;
20251210;11:11:18;-0,5;0,0;0,0;0,0;50,0;Подготовка;
20251210;11:11:23;-0,5;0,0;0,0;0,0;50,0;Подготовка;
20251210;11:11:28;-0,5;0,0;0,0;0,0;50,0;Подготовка;
20251210;11:11:33;-0,5;0,0;0,0;0,0;50,0;Подготовка;
20251210;11:11:38;-0,5;0,0;0,0;0,0;50,0;Подготовка;
20251210;11:11:43;-0,5;0,0;0,0;0,0;50,0;Подготовка;
20251210;11:11:49;-0,5;0,0;0,0;0,0;50,0;Подготовка;
20251210;11:11:54;-0,5;0,0;0,0;0,0;50,0;Подготовка;
20251210;11:11:59;-0,5;0,0;0,0;0,0;50,0;Подготовка;
20251210;11:12:04;-0,5;0,0;0,0;0,0;50,0;Подготовка;
20251210;11:12:09;-0,5;0,0;0,0;0,0;50,0;Подготовка;
                                                                                                                                                                                                                Предприятие;
Объект;
Вид оборудования;
Дисп. наименование;
Тип;
Зав. номер;
Сер. номер;
Год выпуска;
Год ввода в эксплуатацию;
Дата отбора пробы;
Марка пробы;
Температура пробы;
DATE ;TIME ;TS_TEMP ;PROB_TEMP ;PROB_OTN_VL ;PROBE_VlAGOSOD ;SP ;STATUS ; 
20251210;11:12:08;-0,39;0,0;0,0;0,0;50,0;Включение;
20251210;11:12:13;-0,49;0,0;0,0;0,0;50,0;Включение;
20251210;11:12:18;-0,49;0,0;0,0;0,0;50,0;Подготовка;
20251210;11:12:23;-0,49;0,0;0,0;0,0;50,0;Подготовка;
