20251209;00:00:05;-0,5;0,0;0,0;0,0;50,0;Подготовка;
20251209;00:00:11;-0,5;0,0;0,0;0,0;50,0;Подготовка;
20251209;00:00:16;-0,5;0,0;0,0;0,0;50,0;Подготовка;
20251209;00:00:21;-0,5;0,0;0,0;0,0;50,0;Подготовка;
20251209;00:00:26;-0,5;0,0;0,0;0,0;50,0;Подготовка;
20251209;00:00:31;-0,5;0,0;0,0;0,0;50,0;Подготовка;
20251209;00:00:36;-0,5;0,0;0,0;0,0;50,0;Подготовка;
20251209;00:00:41;-0,5;0,0;0,0;0,0;50,0;Подготовка;
20251209;00:00:46;-0,5;0,0;0,0;0,0;50,0;Подготовка;
20251209;00:00:51;-0,5;0,0;0,0;0,0;50,0;Подготовка;
20251209;00:00:56;-0,5;0,0;0,0;0,0;50,0;Подготовка;
20251209;00:01:01;-0,5;0,0;0,0;0,0;50,0;Подготовка;
20251209;00:01:06;-0,5;0,0;0,0;0,0;50,0;Подготовка;
20251209;00:01:11;-0,5;0,0;0,0;0,0;50,0;Подготовка;
20251209;00:01:16;-0,5;0,0;0,0;0,0;50,0;Подготовка;
20251209;00:01:21;-0,5;0,0;0,0;0,0;50,0;Подготовка;
20251209;00:01:26;-0,5;0,0;0,0;0,0;50,0;Подготовка;
20251209;00:01:31;-0,5;0,0;0,0;0,0;50,0;Подготовка;
20251209;00:01:36;-0,5;0,0;0,0;0,0;50,0;Подготовка;
20251209;00:01:41;-0,5;0,0;0,0;0,0;50,0;Подготовка;
20251209;00:01:46;-0,5;0,0;0,0;0,0;50,0;Подготовка;
20251209;00:01:51;-0,5;0,0;0,0;0,0;50,0;Подготовка;
20251209;00:01:56;-0,5;0,0;0,0;0,0;50,0;Подготовка;
20251209;00:02:01;-0,5;0,0;0,0;0,0;50,0;Подготовка;
20251209;00:02:06;-0,5;0,0;0,0;0,0;50,0;Подготовка;
20251209;00:02:11;-0,5;0,0;0,0;0,0;50,0;Подготовка;
20251209;00:02:17;-0,5;0,0;0,0;0,0;50,0;Подготовка;
20251209;00:02:22;-0,5;0,0;0,0;0,0;50,0;Подготовка;
20251209;00:02:27;-0,5;0,0;0,0;0,0;50,0;Подготовка;
20251209;00:02:32;-0,5;0,0;0,0;0,0;50,0;Подготовка;
20251209;00:02:37;-0,5;0,0;0,0;0,0;50,0;Подготовка;
20251209;00:02:42;-0,5;0,0;0,0;0,0;50,0;Подготовка;
20251209;00:02:47;-0,5;0,0;0,0;0,0;50,0;Подготовка;
20251209;00:02:52;-0,5;0,0;0,0;0,0;50,0;Подготовка;
20251209;00:02:57;-0,5;0,0;0,0;0,0;50,0;Подготовка;
20251209;00:03:02;-0,5;0,0;0,0;0,0;50,0;Подготовка;
20251209;00:03:07;-0,5;0,0;0,0;0,0;50,0;Подготовка;
20251209;00:03:12;-0,5;0,0;0,0;0,0;50,0;Подготовка;
20251209;00:03:17;-0,5;0,0;0,0;0,0;50,0;Подготовка;
20251209;00:03:22;-0,5;0,0;0,0;0,0;50,0;Подготовка;
20251209;00:03:27;-0,5;0,0;0,0;0,0;50,0;Подготовка;
20251209;00:03:32;-0,5;0,0;0,0;0,0;50,0;Подготовка;
20251209;00:03:37;-0,5;0,0;0,0;0,0;50,0;Подготовка;
20251209;00:03:42;-0,5;0,0;0,0;0,0;50,0;Подготовка;
20251209;00:03:47;-0,5;0,0;0,0;0,0;50,0;Подготовка;
20251209;00:03:52;-0,5;0,0;0,0;0,0;50,0;Подготовка;
20251209;00:03:57;-0,5;0,0;0,0;0,0;50,0;Подготовка;
20251209;00:04:02;-0,5;0,0;0,0;0,0;50,0;Подготовка;
20251209;00:04:07;-0,5;0,0;0,0;0,0;50,0;Подготовка;
20251209;00:04:12;-0,5;0,0;0,0;0,0;50,0;Подготовка;
20251209;00:04:17;-0,5;0,0;0,0;0,0;50,0;Подготовка;
20251209;00:04:23;-0,5;0,0;0,0;0,0;50,0;Подготовка;
20251209;00:04:28;-0,5;0,0;0,0;0,0;50,0;Подготовка;
20251209;00:04:33;-0,5;0,0;0,0;0,0;50,0;Подготовка;
20251209;00:04:38;-0,5;0,0;0,0;0,0;50,0;Подготовка;
20251209;00:04:43;-0,5;0,0;0,0;0,0;50,0;Подготовка;
20251209;00:04:48;-0,5;0,0;0,0;0,0;50,0;Подготовка;
20251209;00:04:53;-0,5;0,0;0,0;0,0;50,0;Подготовка;
20251209;00:04:58;-0,5;0,0;0,0;0,0;50,0;Подготовка;
20251209;00:05:03;-0,5;0,0;0,0;0,0;50,0;Подготовка;
20251209;00:05:08;-0,5;0,0;0,0;0,0;50,0;Подготовка;
20251209;00:05:13;-0,5;0,0;0,0;0,0;50,0;Подготовка;
20251209;00:05:18;-0,5;0,0;0,0;0,0;50,0;Подготовка;
20251209;00:05:23;-0,5;0,0;0,0;0,0;50,0;Подготовка;
20251209;00:05:28;-0,5;0,0;0,0;0,0;50,0;Подготовка;
20251209;00:05:33;-0,5;0,0;0,0;0,0;50,0;Подготовка;
20251209;00:05:38;-0,5;0,0;0,0;0,0;50,0;Подготовка;
20251209;00:05:43;-0,5;0,0;0,0;0,0;50,0;Подготовка;
20251209;00:05:48;-0,5;0,0;0,0;0,0;50,0;Подготовка;
20251209;00:05:53;-0,5;0,0;0,0;0,0;50,0;Подготовка;
20251209;00:05:58;-0,5;0,0;0,0;0,0;50,0;Подготовка;
20251209;00:06:03;-0,5;0,0;0,0;0,0;50,0;Подготовка;
20251209;00:06:08;-0,5;0,0;0,0;0,0;50,0;Подготовка;
20251209;00:06:13;-0,5;0,0;0,0;0,0;50,0;Подготовка;
20251209;00:06:18;-0,5;0,0;0,0;0,0;50,0;Подготовка;
20251209;00:06:23;-0,5;0,0;0,0;0,0;50,0;Подготовка;
20251209;00:06:29;-0,5;0,0;0,0;0,0;50,0;Подготовка;
20251209;00:06:34;-0,5;0,0;0,0;0,0;50,0;Подготовка;
20251209;00:06:39;-0,5;0,0;0,0;0,0;50,0;Подготовка;
20251209;00:06:44;-0,5;0,0;0,0;0,0;50,0;Подготовка;
20251209;00:06:49;-0,5;0,0;0,0;0,0;50,0;Подготовка;
20251209;00:06:54;-0,5;0,0;0,0;0,0;50,0;Подготовка;
20251209;00:06:59;-0,5;0,0;0,0;0,0;50,0;Подготовка;
20251209;00:07:04;-0,5;0,0;0,0;0,0;50,0;Подготовка;
20251209;00:07:09;-0,5;0,0;0,0;0,0;50,0;Подготовка;
20251209;00:07:14;-0,5;0,0;0,0;0,0;50,0;Подготовка;
20251209;00:07:19;-0,5;0,0;0,0;0,0;50,0;Подготовка;
20251209;00:07:24;-0,5;0,0;0,0;0,0;50,0;Подготовка;
20251209;00:07:29;-0,5;0,0;0,0;0,0;50,0;Подготовка;
20251209;00:07:34;-0,5;0,0;0,0;0,0;50,0;Подготовка;
20251209;00:07:39;-0,5;0,0;0,0;0,0;50,0;Подготовка;
20251209;00:07:44;-0,5;0,0;0,0;0,0;50,0;Подготовка;
20251209;00:07:49;-0,5;0,0;0,0;0,0;50,0;Подготовка;
20251209;00:07:54;-0,5;0,0;0,0;0,0;50,0;Подготовка;
20251209;00:07:59;-0,5;0,0;0,0;0,0;50,0;Подготовка;
20251209;00:08:04;-0,5;0,0;0,0;0,0;50,0;Подготовка;
20251209;00:08:09;-0,5;0,0;0,0;0,0;50,0;Подготовка;
20251209;00:08:14;-0,5;0,0;0,0;0,0;50,0;Подготовка;
20251209;00:08:19;-0,5;0,0;0,0;0,0;50,0;Подготовка;
20251209;00:08:24;-0,5;0,0;0,0;0,0;50,0;Подготовка;
20251209;00:08:29;-0,5;0,0;0,0;0,0;50,0;Подготовка;
20251209;00:08:35;-0,5;0,0;0,0;0,0;50,0;Подготовка;
20251209;00:08:40;-0,5;0,0;0,0;0,0;50,0;Подготовка;
20251209;00:08:45;-0,5;0,0;0,0;0,0;50,0;Подготовка;
20251209;00:08:50;-0,5;0,0;0,0;0,0;50,0;Подготовка;
20251209;00:08:55;-0,5;0,0;0,0;0,0;50,0;Подготовка;
20251209;00:09:00;-0,5;0,0;0,0;0,0;50,0;Подготовка;
20251209;00:09:05;-0,5;0,0;0,0;0,0;50,0;Подготовка;
20251209;00:09:10;-0,5;0,0;0,0;0,0;50,0;Подготовка;
20251209;00:09:15;-0,5;0,0;0,0;0,0;50,0;Подготовка;
20251209;00:09:20;-0,5;0,0;0,0;0,0;50,0;Подготовка;
20251209;00:09:25;-0,5;0,0;0,0;0,0;50,0;Подготовка;
20251209;00:09:30;-0,5;0,0;0,0;0,0;50,0;Подготовка;
20251209;00:09:35;-0,5;0,0;0,0;0,0;50,0;Подготовка;
20251209;00:09:40;-0,5;0,0;0,0;0,0;50,0;Подготовка;
20251209;00:09:45;-0,5;0,0;0,0;0,0;50,0;Подготовка;
20251209;00:09:50;-0,5;0,0;0,0;0,0;50,0;Подготовка;
20251209;00:09:55;-0,5;0,0;0,0;0,0;50,0;Подготовка;
20251209;00:10:00;-0,5;0,0;0,0;0,0;50,0;Подготовка;
20251209;00:10:05;-0,5;0,0;0,0;0,0;50,0;Подготовка;
20251209;00:10:10;-0,5;0,0;0,0;0,0;50,0;Подготовка;
20251209;00:10:15;-0,5;0,0;0,0;0,0;50,0;Подготовка;
20251209;00:10:20;-0,5;0,0;0,0;0,0;50,0;Подготовка;
20251209;00:10:25;-0,5;0,0;0,0;0,0;50,0;Подготовка;
20251209;00:10:30;-0,5;0,0;0,0;0,0;50,0;Подготовка;
20251209;00:10:35;-0,5;0,0;0,0;0,0;50,0;Подготовка;
20251209;00:10:41;-0,5;0,0;0,0;0,0;50,0;Подготовка;
20251209;00:10:46;-0,5;0,0;0,0;0,0;50,0;Подготовка;
20251209;00:10:51;-0,5;0,0;0,0;0,0;50,0;Подготовка;
20251209;00:10:56;-0,5;0,0;0,0;0,0;50,0;Подготовка;
20251209;00:11:01;-0,5;0,0;0,0;0,0;50,0;Подготовка;
20251209;00:11:06;-0,5;0,0;0,0;0,0;50,0;Подготовка;
20251209;00:11:11;-0,5;0,0;0,0;0,0;50,0;Подготовка;
20251209;00:11:16;-0,5;0,0;0,0;0,0;50,0;Подготовка;
20251209;00:11:21;-0,5;0,0;0,0;0,0;50,0;Подготовка;
20251209;00:11:26;-0,5;0,0;0,0;0,0;50,0;Подготовка;
20251209;00:11:31;-0,5;0,0;0,0;0,0;50,0;Подготовка;
20251209;00:11:36;-0,5;0,0;0,0;0,0;50,0;Подготовка;
20251209;00:11:41;-0,5;0,0;0,0;0,0;50,0;Подготовка;
20251209;00:11:46;-0,5;0,0;0,0;0,0;50,0;Подготовка;
20251209;00:11:51;-0,5;0,0;0,0;0,0;50,0;Подготовка;
20251209;00:11:56;-0,5;0,0;0,0;0,0;50,0;Подготовка;
20251209;00:12:01;-0,5;0,0;0,0;0,0;50,0;Подготовка;
20251209;00:12:06;-0,5;0,0;0,0;0,0;50,0;Подготовка;
20251209;00:12:11;-0,5;0,0;0,0;0,0;50,0;Подготовка;
20251209;00:12:16;-0,5;0,0;0,0;0,0;50,0;Подготовка;
20251209;00:12:21;-0,5;0,0;0,0;0,0;50,0;Подготовка;
20251209;00:12:26;-0,5;0,0;0,0;0,0;50,0;Подготовка;
20251209;00:12:31;-0,5;0,0;0,0;0,0;50,0;Подготовка;
20251209;00:12:36;-0,5;0,0;0,0;0,0;50,0;Подготовка;
20251209;00:12:41;-0,5;0,0;0,0;0,0;50,0;Подготовка;
20251209;00:12:47;-0,5;0,0;0,0;0,0;50,0;Подготовка;
20251209;00:12:52;-0,5;0,0;0,0;0,0;50,0;Подготовка;
20251209;00:12:57;-0,5;0,0;0,0;0,0;50,0;Подготовка;
20251209;00:13:02;-0,5;0,0;0,0;0,0;50,0;Подготовка;
20251209;00:13:07;-0,5;0,0;0,0;0,0;50,0;Подготовка;
20251209;00:13:12;-0,5;0,0;0,0;0,0;50,0;Подготовка;
20251209;00:13:17;-0,5;0,0;0,0;0,0;50,0;Подготовка;
20251209;00:13:22;-0,5;0,0;0,0;0,0;50,0;Подготовка;
20251209;00:13:27;-0,5;0,0;0,0;0,0;50,0;Подготовка;
20251209;00:13:32;-0,5;0,0;0,0;0,0;50,0;Подготовка;
20251209;00:13:37;-0,5;0,0;0,0;0,0;50,0;Подготовка;
20251209;00:13:42;-0,5;0,0;0,0;0,0;50,0;Подготовка;
20251209;00:13:47;-0,5;0,0;0,0;0,0;50,0;Подготовка;
20251209;00:13:52;-0,5;0,0;0,0;0,0;50,0;Подготовка;
20251209;00:13:57;-0,5;0,0;0,0;0,0;50,0;Подготовка;
20251209;00:14:02;-0,5;0,0;0,0;0,0;50,0;Подготовка;
20251209;00:14:07;-0,5;0,0;0,0;0,0;50,0;Подготовка;
20251209;00:14:12;-0,5;0,0;0,0;0,0;50,0;Подготовка;
20251209;00:14:17;-0,5;0,0;0,0;0,0;50,0;Подготовка;
20251209;00:14:22;-0,5;0,0;0,0;0,0;50,0;Подготовка;
20251209;00:14:27;-0,5;0,0;0,0;0,0;50,0;Подготовка;
20251209;00:14:32;-0,5;0,0;0,0;0,0;50,0;Подготовка;
20251209;00:14:37;-0,5;0,0;0,0;0,0;50,0;Подготовка;
20251209;00:14:42;-0,5;0,0;0,0;0,0;50,0;Подготовка;
20251209;00:14:47;-0,5;0,0;0,0;0,0;50,0;Подготовка;
20251209;00:14:53;-0,5;0,0;0,0;0,0;50,0;Подготовка;
20251209;00:14:58;-0,5;0,0;0,0;0,0;50,0;Подготовка;
20251209;00:15:03;-0,5;0,0;0,0;0,0;50,0;Подготовка;
20251209;00:15:08;-0,5;0,0;0,0;0,0;50,0;Подготовка;
20251209;00:15:13;-0,5;0,0;0,0;0,0;50,0;Подготовка;
20251209;00:15:18;-0,5;0,0;0,0;0,0;50,0;Подготовка;
20251209;00:15:23;-0,5;0,0;0,0;0,0;50,0;Подготовка;
20251209;00:15:28;-0,5;0,0;0,0;0,0;50,0;Подготовка;
20251209;00:15:33;-0,5;0,0;0,0;0,0;50,0;Подготовка;
20251209;00:15:38;-0,5;0,0;0,0;0,0;50,0;Подготовка;
20251209;00:15:43;-0,5;0,0;0,0;0,0;50,0;Подготовка;
20251209;00:15:48;-0,5;0,0;0,0;0,0;50,0;Подготовка;
20251209;00:15:53;-0,5;0,0;0,0;0,0;50,0;Подготовка;
20251209;00:15:58;-0,5;0,0;0,0;0,0;50,0;Подготовка;
20251209;00:16:03;-0,5;0,0;0,0;0,0;50,0;Подготовка;
20251209;00:16:08;-0,5;0,0;0,0;0,0;50,0;Подготовка;
20251209;00:16:13;-0,5;0,0;0,0;0,0;50,0;Подготовка;
20251209;00:16:18;-0,5;0,0;0,0;0,0;50,0;Подготовка;
20251209;00:16:23;-0,5;0,0;0,0;0,0;50,0;Подготовка;
20251209;00:16:28;-0,5;0,0;0,0;0,0;50,0;Подготовка;
20251209;00:16:33;-0,5;0,0;0,0;0,0;50,0;Подготовка;
20251209;00:16:38;-0,5;0,0;0,0;0,0;50,0;Подготовка;
20251209;00:16:43;-0,5;0,0;0,0;0,0;50,0;Подготовка;
20251209;00:16:48;-0,5;0,0;0,0;0,0;50,0;Подготовка;
20251209;00:16:53;-0,5;0,0;0,0;0,0;50,0;Подготовка;
20251209;00:16:59;-0,5;0,0;0,0;0,0;50,0;Подготовка;
20251209;00:17:04;-0,5;0,0;0,0;0,0;50,0;Подготовка;
20251209;00:17:09;-0,5;0,0;0,0;0,0;50,0;Подготовка;
20251209;00:17:14;-0,5;0,0;0,0;0,0;50,0;Подготовка;
20251209;00:17:19;-0,5;0,0;0,0;0,0;50,0;Подготовка;
20251209;00:17:24;-0,5;0,0;0,0;0,0;50,0;Подготовка;
20251209;00:17:29;-0,5;0,0;0,0;0,0;50,0;Подготовка;
20251209;00:17:34;-0,5;0,0;0,0;0,0;50,0;Подготовка;
20251209;00:17:39;-0,5;0,0;0,0;0,0;50,0;Подготовка;
20251209;00:17:44;-0,5;0,0;0,0;0,0;50,0;Подготовка;
20251209;00:17:49;-0,5;0,0;0,0;0,0;50,0;Подготовка;
20251209;00:17:54;-0,5;0,0;0,0;0,0;50,0;Подготовка;
20251209;00:17:59;-0,5;0,0;0,0;0,0;50,0;Подготовка;
20251209;00:18:04;-0,5;0,0;0,0;0,0;50,0;Подготовка;
20251209;00:18:09;-0,5;0,0;0,0;0,0;50,0;Подготовка;
20251209;00:18:14;-0,5;0,0;0,0;0,0;50,0;Подготовка;
20251209;00:18:19;-0,5;0,0;0,0;0,0;50,0;Подготовка;
20251209;00:18:24;-0,5;0,0;0,0;0,0;50,0;Подготовка;
20251209;00:18:29;-0,5;0,0;0,0;0,0;50,0;Подготовка;
20251209;00:18:34;-0,5;0,0;0,0;0,0;50,0;Подготовка;
20251209;00:18:39;-0,5;0,0;0,0;0,0;50,0;Подготовка;
20251209;00:18:44;-0,5;0,0;0,0;0,0;50,0;Подготовка;
20251209;00:18:49;-0,5;0,0;0,0;0,0;50,0;Подготовка;
20251209;00:18:54;-0,5;0,0;0,0;0,0;50,0;Подготовка;
20251209;00:18:59;-0,5;0,0;0,0;0,0;50,0;Подготовка;
20251209;00:19:05;-0,5;0,0;0,0;0,0;50,0;Подготовка;
20251209;00:19:10;-0,5;0,0;0,0;0,0;50,0;Подготовка;
20251209;00:19:15;-0,5;0,0;0,0;0,0;50,0;Подготовка;
20251209;00:19:20;-0,5;0,0;0,0;0,0;50,0;Подготовка;
20251209;00:19:25;-0,5;0,0;0,0;0,0;50,0;Подготовка;
20251209;00:19:30;-0,5;0,0;0,0;0,0;50,0;Подготовка;
20251209;00:19:35;-0,5;0,0;0,0;0,0;50,0;Подготовка;
20251209;00:19:40;-0,5;0,0;0,0;0,0;50,0;Подготовка;
20251209;00:19:45;-0,5;0,0;0,0;0,0;50,0;Подготовка;
20251209;00:19:50;-0,5;0,0;0,0;0,0;50,0;Подготовка;
20251209;00:19:55;-0,5;0,0;0,0;0,0;50,0;Подготовка;
20251209;00:20:00;-0,5;0,0;0,0;0,0;50,0;Подготовка;
20251209;00:20:05;-0,5;0,0;0,0;0,0;50,0;Подготовка;
20251209;00:20:10;-0,5;0,0;0,0;0,0;50,0;Подготовка;
20251209;00:20:15;-0,5;0,0;0,0;0,0;50,0;Подготовка;
20251209;00:20:20;-0,5;0,0;0,0;0,0;50,0;Подготовка;
20251209;00:20:25;-0,5;0,0;0,0;0,0;50,0;Подготовка;
20251209;00:20:30;-0,5;0,0;0,0;0,0;50,0;Подготовка;
20251209;00:20:35;-0,5;0,0;0,0;0,0;50,0;Подготовка;
20251209;00:20:40;-0,5;0,0;0,0;0,0;50,0;Подготовка;
20251209;00:20:45;-0,5;0,0;0,0;0,0;50,0;Подготовка;
20251209;00:20:50;-0,5;0,0;0,0;0,0;50,0;Подготовка;
20251209;00:20:55;-0,5;0,0;0,0;0,0;50,0;Подготовка;
20251209;00:21:00;-0,5;0,0;0,0;0,0;50,0;Подготовка;
20251209;00:21:05;-0,5;0,0;0,0;0,0;50,0;Подготовка;
20251209;00:21:11;-0,5;0,0;0,0;0,0;50,0;Подготовка;
20251209;00:21:16;-0,5;0,0;0,0;0,0;50,0;Подготовка;
20251209;00:21:21;-0,5;0,0;0,0;0,0;50,0;Подготовка;
20251209;00:21:26;-0,5;0,0;0,0;0,0;50,0;Подготовка;
20251209;00:21:31;-0,5;0,0;0,0;0,0;50,0;Подготовка;
20251209;00:21:36;-0,5;0,0;0,0;0,0;50,0;Подготовка;
20251209;00:21:41;-0,5;0,0;0,0;0,0;50,0;Подготовка;
20251209;00:21:46;-0,5;0,0;0,0;0,0;50,0;Подготовка;
20251209;00:21:51;-0,5;0,0;0,0;0,0;50,0;Подготовка;
20251209;00:21:56;-0,5;0,0;0,0;0,0;50,0;Подготовка;
20251209;00:22:01;-0,5;0,0;0,0;0,0;50,0;Подготовка;
20251209;00:22:06;-0,5;0,0;0,0;0,0;50,0;Подготовка;
20251209;00:22:11;-0,5;0,0;0,0;0,0;50,0;Подготовка;
20251209;00:22:16;-0,5;0,0;0,0;0,0;50,0;Подготовка;
20251209;00:22:21;-0,5;0,0;0,0;0,0;50,0;Подготовка;
20251209;00:22:26;-0,5;0,0;0,0;0,0;50,0;Подготовка;
20251209;00:22:31;-0,5;0,0;0,0;0,0;50,0;Подготовка;
20251209;00:22:36;-0,5;0,0;0,0;0,0;50,0;Подготовка;
20251209;00:22:41;-0,5;0,0;0,0;0,0;50,0;Подготовка;
20251209;00:22:46;-0,5;0,0;0,0;0,0;50,0;Подготовка;
20251209;00:22:51;-0,5;0,0;0,0;0,0;50,0;Подготовка;
20251209;00:22:56;-0,5;0,0;0,0;0,0;50,0;Подготовка;
20251209;00:23:01;-0,5;0,0;0,0;0,0;50,0;Подготовка;
20251209;00:23:06;-0,5;0,0;0,0;0,0;50,0;Подготовка;
20251209;00:23:11;-0,5;0,0;0,0;0,0;50,0;Подготовка;
20251209;00:23:17;-0,5;0,0;0,0;0,0;50,0;Подготовка;
20251209;00:23:22;-0,5;0,0;0,0;0,0;50,0;Подготовка;
20251209;00:23:27;-0,5;0,0;0,0;0,0;50,0;Подготовка;
20251209;00:23:32;-0,5;0,0;0,0;0,0;50,0;Подготовка;
20251209;00:23:37;-0,5;0,0;0,0;0,0;50,0;Подготовка;
20251209;00:23:42;-0,5;0,0;0,0;0,0;50,0;Подготовка;
20251209;00:23:47;-0,5;0,0;0,0;0,0;50,0;Подготовка;
20251209;00:23:52;-0,5;0,0;0,0;0,0;50,0;Подготовка;
20251209;00:23:57;-0,5;0,0;0,0;0,0;50,0;Подготовка;
20251209;00:24:02;-0,5;0,0;0,0;0,0;50,0;Подготовка;
20251209;00:24:07;-0,5;0,0;0,0;0,0;50,0;Подготовка;
20251209;00:24:12;-0,5;0,0;0,0;0,0;50,0;Подготовка;
20251209;00:24:17;-0,5;0,0;0,0;0,0;50,0;Подготовка;
20251209;00:24:22;-0,5;0,0;0,0;0,0;50,0;Подготовка;
20251209;00:24:27;-0,5;0,0;0,0;0,0;50,0;Подготовка;
20251209;00:24:32;-0,5;0,0;0,0;0,0;50,0;Подготовка;
20251209;00:24:37;-0,5;0,0;0,0;0,0;50,0;Подготовка;
20251209;00:24:42;-0,5;0,0;0,0;0,0;50,0;Подготовка;
20251209;00:24:47;-0,5;0,0;0,0;0,0;50,0;Подготовка;
20251209;00:24:52;-0,5;0,0;0,0;0,0;50,0;Подготовка;
20251209;00:24:57;-0,5;0,0;0,0;0,0;50,0;Подготовка;
20251209;00:25:02;-0,5;0,0;0,0;0,0;50,0;Подготовка;
20251209;00:25:07;-0,5;0,0;0,0;0,0;50,0;Подготовка;
20251209;00:25:12;-0,5;0,0;0,0;0,0;50,0;Подготовка;
20251209;00:25:17;-0,5;0,0;0,0;0,0;50,0;Подготовка;
20251209;00:25:23;-0,5;0,0;0,0;0,0;50,0;Подготовка;
20251209;00:25:28;-0,5;0,0;0,0;0,0;50,0;Подготовка;
20251209;00:25:33;-0,5;0,0;0,0;0,0;50,0;Подготовка;
20251209;00:25:38;-0,5;0,0;0,0;0,0;50,0;Подготовка;
20251209;00:25:43;-0,5;0,0;0,0;0,0;50,0;Подготовка;
20251209;00:25:48;-0,5;0,0;0,0;0,0;50,0;Подготовка;
20251209;00:25:53;-0,5;0,0;0,0;0,0;50,0;Подготовка;
20251209;00:25:58;-0,5;0,0;0,0;0,0;50,0;Подготовка;
20251209;00:26:03;-0,5;0,0;0,0;0,0;50,0;Подготовка;
20251209;00:26:08;-0,5;0,0;0,0;0,0;50,0;Подготовка;
20251209;00:26:13;-0,5;0,0;0,0;0,0;50,0;Подготовка;
20251209;00:26:18;-0,5;0,0;0,0;0,0;50,0;Подготовка;
20251209;00:26:23;-0,5;0,0;0,0;0,0;50,0;Подготовка;
20251209;00:26:28;-0,5;0,0;0,0;0,0;50,0;Подготовка;
20251209;00:26:33;-0,5;0,0;0,0;0,0;50,0;Подготовка;
20251209;00:26:38;-0,5;0,0;0,0;0,0;50,0;Подготовка;
20251209;00:26:43;-0,5;0,0;0,0;0,0;50,0;Подготовка;
20251209;00:26:48;-0,5;0,0;0,0;0,0;50,0;Подготовка;
20251209;00:26:53;-0,5;0,0;0,0;0,0;50,0;Подготовка;
20251209;00:26:58;-0,5;0,0;0,0;0,0;50,0;Подготовка;
20251209;00:27:03;-0,5;0,0;0,0;0,0;50,0;Подготовка;
20251209;00:27:08;-0,5;0,0;0,0;0,0;50,0;Подготовка;
20251209;00:27:13;-0,5;0,0;0,0;0,0;50,0;Подготовка;
20251209;00:27:18;-0,5;0,0;0,0;0,0;50,0;Подготовка;
20251209;00:27:23;-0,5;0,0;0,0;0,0;50,0;Подготовка;
20251209;00:27:29;-0,5;0,0;0,0;0,0;50,0;Подготовка;
20251209;00:27:34;-0,5;0,0;0,0;0,0;50,0;Подготовка;
20251209;00:27:39;-0,5;0,0;0,0;0,0;50,0;Подготовка;
20251209;00:27:44;-0,5;0,0;0,0;0,0;50,0;Подготовка;
20251209;00:27:49;-0,5;0,0;0,0;0,0;50,0;Подготовка;
20251209;00:27:54;-0,5;0,0;0,0;0,0;50,0;Подготовка;
20251209;00:27:59;-0,5;0,0;0,0;0,0;50,0;Подготовка;
20251209;00:28:04;-0,5;0,0;0,0;0,0;50,0;Подготовка;
20251209;00:28:09;-0,5;0,0;0,0;0,0;50,0;Подготовка;
20251209;00:28:14;-0,5;0,0;0,0;0,0;50,0;Подготовка;
20251209;00:28:19;-0,5;0,0;0,0;0,0;50,0;Подготовка;
20251209;00:28:24;-0,5;0,0;0,0;0,0;50,0;Подготовка;
20251209;00:28:29;-0,5;0,0;0,0;0,0;50,0;Подготовка;
20251209;00:28:34;-0,5;0,0;0,0;0,0;50,0;Подготовка;
20251209;00:28:39;-0,5;0,0;0,0;0,0;50,0;Подготовка;
20251209;00:28:44;-0,5;0,0;0,0;0,0;50,0;Подготовка;
20251209;00:28:49;-0,5;0,0;0,0;0,0;50,0;Подготовка;
20251209;00:28:54;-0,5;0,0;0,0;0,0;50,0;Подготовка;
20251209;00:28:59;-0,5;0,0;0,0;0,0;50,0;Подготовка;
20251209;00:29:04;-0,5;0,0;0,0;0,0;50,0;Подготовка;
20251209;00:29:09;-0,5;0,0;0,0;0,0;50,0;Подготовка;
20251209;00:29:14;-0,5;0,0;0,0;0,0;50,0;Подготовка;
20251209;00:29:19;-0,5;0,0;0,0;0,0;50,0;Подготовка;
20251209;00:29:24;-0,5;0,0;0,0;0,0;50,0;Подготовка;
20251209;00:29:29;-0,5;0,0;0,0;0,0;50,0;Подготовка;
20251209;00:29:35;-0,5;0,0;0,0;0,0;50,0;Подготовка;
20251209;00:29:40;-0,5;0,0;0,0;0,0;50,0;Подготовка;
20251209;00:29:45;-0,5;0,0;0,0;0,0;50,0;Подготовка;
20251209;00:29:50;-0,5;0,0;0,0;0,0;50,0;Подготовка;
20251209;00:29:55;-0,5;0,0;0,0;0,0;50,0;Подготовка;
20251209;00:30:00;-0,5;0,0;0,0;0,0;50,0;Подготовка;
20251209;00:30:05;-0,5;0,0;0,0;0,0;50,0;Подготовка;
20251209;00:30:10;-0,5;0,0;0,0;0,0;50,0;Подготовка;
20251209;00:30:15;-0,5;0,0;0,0;0,0;50,0;Подготовка;
20251209;00:30:20;-0,5;0,0;0,0;0,0;50,0;Подготовка;
20251209;00:30:25;-0,5;0,0;0,0;0,0;50,0;Подготовка;
20251209;00:30:30;-0,5;0,0;0,0;0,0;50,0;Подготовка;
20251209;00:30:35;-0,5;0,0;0,0;0,0;50,0;Подготовка;
20251209;00:30:40;-0,5;0,0;0,0;0,0;50,0;Подготовка;
20251209;00:30:45;-0,5;0,0;0,0;0,0;50,0;Подготовка;
20251209;00:30:50;-0,5;0,0;0,0;0,0;50,0;Подготовка;
20251209;00:30:55;-0,5;0,0;0,0;0,0;50,0;Подготовка;
20251209;00:31:00;-0,5;0,0;0,0;0,0;50,0;Подготовка;
20251209;00:31:05;-0,5;0,0;0,0;0,0;50,0;Подготовка;
20251209;00:31:10;-0,5;0,0;0,0;0,0;50,0;Подготовка;
20251209;00:31:15;-0,5;0,0;0,0;0,0;50,0;Подготовка;
20251209;00:31:20;-0,5;0,0;0,0;0,0;50,0;Подготовка;
20251209;00:31:25;-0,5;0,0;0,0;0,0;50,0;Подготовка;
20251209;00:31:30;-0,5;0,0;0,0;0,0;50,0;Подготовка;
20251209;00:31:35;-0,5;0,0;0,0;0,0;50,0;Подготовка;
20251209;00:31:41;-0,5;0,0;0,0;0,0;50,0;Подготовка;
20251209;00:31:46;-0,5;0,0;0,0;0,0;50,0;Подготовка;
20251209;00:31:51;-0,5;0,0;0,0;0,0;50,0;Подготовка;
20251209;00:31:56;-0,5;0,0;0,0;0,0;50,0;Подготовка;
20251209;00:32:01;-0,5;0,0;0,0;0,0;50,0;Подготовка;
20251209;00:32:06;-0,5;0,0;0,0;0,0;50,0;Подготовка;
20251209;00:32:11;-0,5;0,0;0,0;0,0;50,0;Подготовка;
20251209;00:32:16;-0,5;0,0;0,0;0,0;50,0;Подготовка;
20251209;00:32:21;-0,5;0,0;0,0;0,0;50,0;Подготовка;
20251209;00:32:26;-0,5;0,0;0,0;0,0;50,0;Подготовка;
20251209;00:32:31;-0,5;0,0;0,0;0,0;50,0;Подготовка;
20251209;00:32:36;-0,5;0,0;0,0;0,0;50,0;Подготовка;
20251209;00:32:41;-0,5;0,0;0,0;0,0;50,0;Подготовка;
20251209;00:32:46;-0,5;0,0;0,0;0,0;50,0;Подготовка;
20251209;00:32:51;-0,5;0,0;0,0;0,0;50,0;Подготовка;
Предприятие;
Объект;
Вид оборудования;
Дисп. наименование;
Тип;
Зав. номер;
Сер. номер;
Год выпуска;
Год ввода в эксплуатацию;
Дата отбора пробы;
Марка пробы;
Температура пробы;
DATE ;TIME ;TS_TEMP ;PROB_TEMP ;PROB_OTN_VL ;PROBE_VlAGOSOD ;SP ;STATUS ; 
20251209;00:33:08;-0,39;0,0;0,0;0,0;50,0;Включение;
20251209;00:33:13;-0,49;0,0;0,0;0,0;50,0;Включение;
20251209;00:33:18;-0,49;0,0;0,0;0,0;50,0;Подготовка;
20251209;00:33:23;-0,49;0,0;0,0;0,0;50,0;Подготовка;
20251209;00:33:28;-0,49;0,0;0,0;0,0;50,0;Подготовка;
20251209;00:33:33;-0,49;0,0;0,0;0,0;50,0;Подготовка;
20251209;00:33:38;-0,5;0,0;0,0;0,0;50,0;Подготовка;
20251209;00:33:43;-0,5;0,0;0,0;0,0;50,0;Подготовка;
20251209;00:33:48;-0,5;0,0;0,0;0,0;50,0;Подготовка;
20251209;00:33:53;-0,5;0,0;0,0;0,0;50,0;Подготовка;
20251209;00:33:58;-0,5;0,0;0,0;0,0;50,0;Подготовка;
20251209;00:34:04;-0,5;0,0;0,0;0,0;50,0;Подготовка;
20251209;00:34:09;-0,5;0,0;0,0;0,0;50,0;Подготовка;
20251209;00:34:14;-0,5;0,0;0,0;0,0;50,0;Подготовка;
20251209;00:34:19;-0,5;0,0;0,0;0,0;50,0;Подготовка;
20251209;00:34:24;-0,5;0,0;0,0;0,0;50,0;Подготовка;
20251209;00:34:29;-0,5;0,0;0,0;0,0;50,0;Подготовка;
20251209;00:34:34;-0,5;0,0;0,0;0,0;50,0;Подготовка;
20251209;00:34:39;-0,5;0,0;0,0;0,0;50,0;Подготовка;
20251209;00:34:44;-0,5;0,0;0,0;0,0;50,0;Подготовка;
20251209;00:34:49;-0,5;0,0;0,0;0,0;50,0;Подготовка;
20251209;00:34:54;-0,5;0,0;0,0;0,0;50,0;Подготовка;
20251209;00:34:59;-0,5;0,0;0,0;0,0;50,0;Подготовка;
20251209;00:35:04;-0,5;0,0;0,0;0,0;50,0;Подготовка;
20251209;00:35:09;-0,5;0,0;0,0;0,0;50,0;Подготовка;
20251209;00:35:14;-0,5;0,0;0,0;0,0;50,0;Подготовка;
20251209;00:35:19;-0,5;0,0;0,0;0,0;50,0;Подготовка;
20251209;00:35:24;-0,5;0,0;0,0;0,0;50,0;Подготовка;
20251209;00:35:29;-0,5;0,0;0,0;0,0;50,0;Подготовка;
20251209;00:35:34;-0,5;0,0;0,0;0,0;50,0;Подготовка;
20251209;00:35:39;-0,5;0,0;0,0;0,0;50,0;Подготовка;
20251209;00:35:44;-0,5;0,0;0,0;0,0;50,0;Подготовка;
20251209;00:35:49;-0,5;0,0;0,0;0,0;50,0;Подготовка;
20251209;00:35:54;-0,5;0,0;0,0;0,0;50,0;Подготовка;
20251209;00:35:59;-0,5;0,0;0,0;0,0;50,0;Подготовка;
20251209;00:36:04;-0,5;0,0;0,0;0,0;50,0;Подготовка;
20251209;00:36:10;-0,5;0,0;0,0;0,0;50,0;Подготовка;
20251209;00:36:15;-0,5;0,0;0,0;0,0;50,0;Подготовка;
20251209;00:36:20;-0,5;0,0;0,0;0,0;50,0;Подготовка;
20251209;00:36:25;-0,5;0,0;0,0;0,0;50,0;Подготовка;
20251209;00:36:30;-0,5;0,0;0,0;0,0;50,0;Подготовка;
20251209;00:36:35;-0,5;0,0;0,0;0,0;50,0;Подготовка;
20251209;00:36:40;-0,5;0,0;0,0;0,0;50,0;Подготовка;
20251209;00:36:45;-0,5;0,0;0,0;0,0;50,0;Подготовка;
20251209;00:36:50;-0,5;0,0;0,0;0,0;50,0;Подготовка;
20251209;00:36:55;-0,5;0,0;0,0;0,0;50,0;Подготовка;
20251209;00:37:00;-0,5;0,0;0,0;0,0;50,0;Подготовка;
20251209;00:37:05;-0,5;0,0;0,0;0,0;50,0;Подготовка;
20251209;00:37:10;-0,5;0,0;0,0;0,0;50,0;Подготовка;
20251209;00:37:15;-0,5;0,0;0,0;0,0;50,0;Подготовка;
20251209;00:37:20;-0,5;0,0;0,0;0,0;50,0;Подготовка;
20251209;00:37:25;-0,5;0,0;0,0;0,0;50,0;Подготовка;
20251209;00:37:30;-0,5;0,0;0,0;0,0;50,0;Подготовка;
20251209;00:37:35;-0,5;0,0;0,0;0,0;50,0;Подготовка;
20251209;00:37:40;-0,5;0,0;0,0;0,0;50,0;Подготовка;
20251209;00:37:45;-0,5;0,0;0,0;0,0;50,0;Подготовка;
20251209;00:37:50;-0,5;0,0;0,0;0,0;50,0;Подготовка;
20251209;00:37:55;-0,5;0,0;0,0;0,0;50,0;Подготовка;
20251209;00:38:00;-0,5;0,0;0,0;0,0;50,0;Подготовка;
20251209;00:38:05;-0,5;0,0;0,0;0,0;50,0;Подготовка;
20251209;00:38:10;-0,5;0,0;0,0;0,0;50,0;Подготовка;
20251209;00:38:16;-0,5;0,0;0,0;0,0;50,0;Подготовка;
20251209;00:38:21;-0,5;0,0;0,0;0,0;50,0;Подготовка;
20251209;00:38:26;-0,5;0,0;0,0;0,0;50,0;Подготовка;
20251209;00:38:31;-0,5;0,0;0,0;0,0;50,0;Подготовка;
20251209;00:38:36;-0,5;0,0;0,0;0,0;50,0;Подготовка;
20251209;00:38:41;-0,5;0,0;0,0;0,0;50,0;Подготовка;
20251209;00:38:46;-0,5;0,0;0,0;0,0;50,0;Подготовка;
20251209;00:38:51;-0,5;0,0;0,0;0,0;50,0;Подготовка;
20251209;00:38:56;-0,5;0,0;0,0;0,0;50,0;Подготовка;
20251209;00:39:01;-0,5;0,0;0,0;0,0;50,0;Подготовка;
20251209;00:39:06;-0,5;0,0;0,0;0,0;50,0;Подготовка;
20251209;00:39:11;-0,5;0,0;0,0;0,0;50,0;Подготовка;
20251209;00:39:16;-0,5;0,0;0,0;0,0;50,0;Подготовка;
20251209;00:39:21;-0,5;0,0;0,0;0,0;50,0;Подготовка;
20251209;00:39:26;-0,5;0,0;0,0;0,0;50,0;Подготовка;
20251209;00:39:31;-0,5;0,0;0,0;0,0;50,0;Подготовка;
20251209;00:39:36;-0,5;0,0;0,0;0,0;50,0;Подготовка;
20251209;00:39:41;-0,5;0,0;0,0;0,0;50,0;Подготовка;
20251209;00:39:46;-0,5;0,0;0,0;0,0;50,0;Подготовка;
20251209;00:39:51;-0,5;0,0;0,0;0,0;50,0;Подготовка;
20251209;00:39:56;-0,5;0,0;0,0;0,0;50,0;Подготовка;
20251209;00:40:01;-0,5;0,0;0,0;0,0;50,0;Подготовка;
20251209;00:40:06;-0,5;0,0;0,0;0,0;50,0;Подготовка;
20251209;00:40:11;-0,5;0,0;0,0;0,0;50,0;Подготовка;
20251209;00:40:16;-0,5;0,0;0,0;0,0;50,0;Подготовка;
20251209;00:40:22;-0,5;0,0;0,0;0,0;50,0;Подготовка;
20251209;00:40:27;-0,5;0,0;0,0;0,0;50,0;Подготовка;
20251209;00:40:32;-0,5;0,0;0,0;0,0;50,0;Подготовка;
20251209;00:40:37;-0,5;0,0;0,0;0,0;50,0;Подготовка;
20251209;00:40:42;-0,5;0,0;0,0;0,0;50,0;Подготовка;
20251209;00:40:47;-0,5;0,0;0,0;0,0;50,0;Подготовка;
20251209;00:40:52;-0,5;0,0;0,0;0,0;50,0;Подготовка;
20251209;00:40:57;-0,5;0,0;0,0;0,0;50,0;Подготовка;
20251209;00:41:02;-0,5;0,0;0,0;0,0;50,0;Подготовка;
20251209;00:41:07;-0,5;0,0;0,0;0,0;50,0;Подготовка;
20251209;00:41:12;-0,5;0,0;0,0;0,0;50,0;Подготовка;
20251209;00:41:17;-0,5;0,0;0,0;0,0;50,0;Подготовка;
20251209;00:41:22;-0,5;0,0;0,0;0,0;50,0;Подготовка;
20251209;00:41:27;-0,5;0,0;0,0;0,0;50,0;Подготовка;
20251209;00:41:32;-0,5;0,0;0,0;0,0;50,0;Подготовка;
20251209;00:41:37;-0,5;0,0;0,0;0,0;50,0;Подготовка;
20251209;00:41:42;-0,5;0,0;0,0;0,0;50,0;Подготовка;
20251209;00:41:47;-0,5;0,0;0,0;0,0;50,0;Подготовка;
20251209;00:41:52;-0,5;0,0;0,0;0,0;50,0;Подготовка;
20251209;00:41:57;-0,5;0,0;0,0;0,0;50,0;Подготовка;
20251209;00:42:02;-0,5;0,0;0,0;0,0;50,0;Подготовка;
20251209;00:42:07;-0,5;0,0;0,0;0,0;50,0;Подготовка;
20251209;00:42:12;-0,5;0,0;0,0;0,0;50,0;Подготовка;
20251209;00:42:17;-0,5;0,0;0,0;0,0;50,0;Подготовка;
20251209;00:42:22;-0,5;0,0;0,0;0,0;50,0;Подготовка;
20251209;00:42:28;-0,5;0,0;0,0;0,0;50,0;Подготовка;
20251209;00:42:33;-0,5;0,0;0,0;0,0;50,0;Подготовка;
20251209;00:42:38;-0,5;0,0;0,0;0,0;50,0;Подготовка;
20251209;00:42:43;-0,5;0,0;0,0;0,0;50,0;Подготовка;
20251209;00:42:48;-0,5;0,0;0,0;0,0;50,0;Подготовка;
20251209;00:42:53;-0,5;0,0;0,0;0,0;50,0;Подготовка;
20251209;00:42:58;-0,5;0,0;0,0;0,0;50,0;Подготовка;
20251209;00:43:03;-0,5;0,0;0,0;0,0;50,0;Подготовка;
20251209;00:43:08;-0,5;0,0;0,0;0,0;50,0;Подготовка;
20251209;00:43:13;-0,5;0,0;0,0;0,0;50,0;Подготовка;
20251209;00:43:18;-0,5;0,0;0,0;0,0;50,0;Подготовка;
20251209;00:43:23;-0,5;0,0;0,0;0,0;50,0;Подготовка;
20251209;00:43:28;-0,5;0,0;0,0;0,0;50,0;Подготовка;
20251209;00:43:33;-0,5;0,0;0,0;0,0;50,0;Подготовка;
20251209;00:43:38;-0,5;0,0;0,0;0,0;50,0;Подготовка;
20251209;00:43:43;-0,5;0,0;0,0;0,0;50,0;Подготовка;
20251209;00:43:48;-0,5;0,0;0,0;0,0;50,0;Подготовка;
20251209;00:43:53;-0,5;0,0;0,0;0,0;50,0;Подготовка;
20251209;00:43:58;-0,5;0,0;0,0;0,0;50,0;Подготовка;
20251209;00:44:03;-0,5;0,0;0,0;0,0;50,0;Подготовка;
20251209;00:44:08;-0,5;0,0;0,0;0,0;50,0;Подготовка;
20251209;00:44:13;-0,5;0,0;0,0;0,0;50,0;Подготовка;
20251209;00:44:18;-0,5;0,0;0,0;0,0;50,0;Подготовка;
20251209;00:44:23;-0,5;0,0;0,0;0,0;50,0;Подготовка;
20251209;00:44:28;-0,5;0,0;0,0;0,0;50,0;Подготовка;
20251209;00:44:34;-0,5;0,0;0,0;0,0;50,0;Подготовка;
20251209;00:44:39;-0,5;0,0;0,0;0,0;50,0;Подготовка;
20251209;00:44:44;-0,5;0,0;0,0;0,0;50,0;Подготовка;
20251209;00:44:49;-0,5;0,0;0,0;0,0;50,0;Подготовка;
20251209;00:44:54;-0,5;0,0;0,0;0,0;50,0;Подготовка;
20251209;00:44:59;-0,5;0,0;0,0;0,0;50,0;Подготовка;
20251209;00:45:04;-0,5;0,0;0,0;0,0;50,0;Подготовка;
20251209;00:45:09;-0,5;0,0;0,0;0,0;50,0;Подготовка;
20251209;00:45:14;-0,5;0,0;0,0;0,0;50,0;Подготовка;
20251209;00:45:19;-0,5;0,0;0,0;0,0;50,0;Подготовка;
20251209;00:45:24;-0,5;0,0;0,0;0,0;50,0;Подготовка;
20251209;00:45:29;-0,5;0,0;0,0;0,0;50,0;Подготовка;
20251209;00:45:34;-0,5;0,0;0,0;0,0;50,0;Подготовка;
20251209;00:45:39;-0,5;0,0;0,0;0,0;50,0;Подготовка;
20251209;00:45:44;-0,5;0,0;0,0;0,0;50,0;Подготовка;
20251209;00:45:49;-0,5;0,0;0,0;0,0;50,0;Подготовка;
20251209;00:45:54;-0,5;0,0;0,0;0,0;50,0;Подготовка;
20251209;00:45:59;-0,5;0,0;0,0;0,0;50,0;Подготовка;
20251209;00:46:04;-0,5;0,0;0,0;0,0;50,0;Подготовка;
20251209;00:46:09;-0,5;0,0;0,0;0,0;50,0;Подготовка;
20251209;00:46:14;-0,5;0,0;0,0;0,0;50,0;Подготовка;
20251209;00:46:19;-0,5;0,0;0,0;0,0;50,0;Подготовка;
20251209;00:46:24;-0,5;0,0;0,0;0,0;50,0;Подготовка;
20251209;00:46:29;-0,5;0,0;0,0;0,0;50,0;Подготовка;
20251209;00:46:34;-0,5;0,0;0,0;0,0;50,0;Подготовка;
20251209;00:46:40;-0,5;0,0;0,0;0,0;50,0;Подготовка;
20251209;00:46:45;-0,5;0,0;0,0;0,0;50,0;Подготовка;
20251209;00:46:50;-0,5;0,0;0,0;0,0;50,0;Подготовка;
20251209;00:46:55;-0,5;0,0;0,0;0,0;50,0;Подготовка;
20251209;00:47:00;-0,5;0,0;0,0;0,0;50,0;Подготовка;
20251209;00:47:05;-0,5;0,0;0,0;0,0;50,0;Подготовка;
20251209;00:47:10;-0,5;0,0;0,0;0,0;50,0;Подготовка;
20251209;00:47:15;-0,5;0,0;0,0;0,0;50,0;Подготовка;
20251209;00:47:20;-0,5;0,0;0,0;0,0;50,0;Подготовка;
20251209;00:47:25;-0,5;0,0;0,0;0,0;50,0;Подготовка;
20251209;00:47:30;-0,5;0,0;0,0;0,0;50,0;Подготовка;
20251209;00:47:35;-0,5;0,0;0,0;0,0;50,0;Подготовка;
20251209;00:47:40;-0,5;0,0;0,0;0,0;50,0;Подготовка;
20251209;00:47:45;-0,5;0,0;0,0;0,0;50,0;Подготовка;
20251209;00:47:50;-0,5;0,0;0,0;0,0;50,0;Подготовка;
20251209;00:47:55;-0,5;0,0;0,0;0,0;50,0;Подготовка;
20251209;00:48:00;-0,5;0,0;0,0;0,0;50,0;Подготовка;
20251209;00:48:05;-0,5;0,0;0,0;0,0;50,0;Подготовка;
20251209;00:48:10;-0,5;0,0;0,0;0,0;50,0;Подготовка;
20251209;00:48:15;-0,5;0,0;0,0;0,0;50,0;Подготовка;
20251209;00:48:20;-0,5;0,0;0,0;0,0;50,0;Подготовка;
20251209;00:48:25;-0,5;0,0;0,0;0,0;50,0;Подготовка;
20251209;00:48:30;-0,5;0,0;0,0;0,0;50,0;Подготовка;
20251209;00:48:35;-0,5;0,0;0,0;0,0;50,0;Подготовка;
20251209;00:48:40;-0,5;0,0;0,0;0,0;50,0;Подготовка;
20251209;00:48:46;-0,5;0,0;0,0;0,0;50,0;Подготовка;
20251209;00:48:51;-0,5;0,0;0,0;0,0;50,0;Подготовка;
20251209;00:48:56;-0,5;0,0;0,0;0,0;50,0;Подготовка;
20251209;00:49:01;-0,5;0,0;0,0;0,0;50,0;Подготовка;
20251209;00:49:06;-0,5;0,0;0,0;0,0;50,0;Подготовка;
20251209;00:49:11;-0,5;0,0;0,0;0,0;50,0;Подготовка;
20251209;00:49:16;-0,5;0,0;0,0;0,0;50,0;Подготовка;
20251209;00:49:21;-0,5;0,0;0,0;0,0;50,0;Подготовка;
20251209;00:49:26;-0,5;0,0;0,0;0,0;50,0;Подготовка;
20251209;00:49:31;-0,5;0,0;0,0;0,0;50,0;Подготовка;
20251209;00:49:36;-0,5;0,0;0,0;0,0;50,0;Подготовка;
20251209;00:49:41;-0,5;0,0;0,0;0,0;50,0;Подготовка;
20251209;00:49:46;-0,5;0,0;0,0;0,0;50,0;Подготовка;
20251209;00:49:51;-0,5;0,0;0,0;0,0;50,0;Подготовка;
20251209;00:49:56;-0,5;0,0;0,0;0,0;50,0;Подготовка;
20251209;00:50:01;-0,5;0,0;0,0;0,0;50,0;Подготовка;
20251209;00:50:06;-0,5;0,0;0,0;0,0;50,0;Подготовка;
20251209;00:50:11;-0,5;0,0;0,0;0,0;50,0;Подготовка;
20251209;00:50:16;-0,5;0,0;0,0;0,0;50,0;Подготовка;
20251209;00:50:21;-0,5;0,0;0,0;0,0;50,0;Подготовка;
20251209;00:50:26;-0,5;0,0;0,0;0,0;50,0;Подготовка;
20251209;00:50:31;-0,5;0,0;0,0;0,0;50,0;Подготовка;
20251209;00:50:36;-0,5;0,0;0,0;0,0;50,0;Подготовка;
20251209;00:50:41;-0,5;0,0;0,0;0,0;50,0;Подготовка;
20251209;00:50:46;-0,5;0,0;0,0;0,0;50,0;Подготовка;
20251209;00:50:52;-0,5;0,0;0,0;0,0;50,0;Подготовка;
20251209;00:50:57;-0,5;0,0;0,0;0,0;50,0;Подготовка;
20251209;00:51:02;-0,5;0,0;0,0;0,0;50,0;Подготовка;
20251209;00:51:07;-0,5;0,0;0,0;0,0;50,0;Подготовка;
20251209;00:51:12;-0,5;0,0;0,0;0,0;50,0;Подготовка;
20251209;00:51:17;-0,5;0,0;0,0;0,0;50,0;Подготовка;
20251209;00:51:22;-0,5;0,0;0,0;0,0;50,0;Подготовка;
20251209;00:51:27;-0,5;0,0;0,0;0,0;50,0;Подготовка;
20251209;00:51:32;-0,5;0,0;0,0;0,0;50,0;Подготовка;
20251209;00:51:37;-0,5;0,0;0,0;0,0;50,0;Подготовка;
20251209;00:51:42;-0,5;0,0;0,0;0,0;50,0;Подготовка;
20251209;00:51:47;-0,5;0,0;0,0;0,0;50,0;Подготовка;
20251209;00:51:52;-0,5;0,0;0,0;0,0;50,0;Подготовка;
20251209;00:51:57;-0,5;0,0;0,0;0,0;50,0;Подготовка;
20251209;00:52:02;-0,5;0,0;0,0;0,0;50,0;Подготовка;
20251209;00:52:07;-0,5;0,0;0,0;0,0;50,0;Подготовка;
20251209;00:52:12;-0,5;0,0;0,0;0,0;50,0;Подготовка;
20251209;00:52:17;-0,5;0,0;0,0;0,0;50,0;Подготовка;
20251209;00:52:22;-0,5;0,0;0,0;0,0;50,0;Подготовка;
20251209;00:52:27;-0,5;0,0;0,0;0,0;50,0;Подготовка;
20251209;00:52:32;-0,5;0,0;0,0;0,0;50,0;Подготовка;
20251209;00:52:37;-0,5;0,0;0,0;0,0;50,0;Подготовка;
20251209;00:52:42;-0,5;0,0;0,0;0,0;50,0;Подготовка;
20251209;00:52:47;-0,5;0,0;0,0;0,0;50,0;Подготовка;
20251209;00:52:52;-0,5;0,0;0,0;0,0;50,0;Подготовка;
20251209;00:52:58;-0,5;0,0;0,0;0,0;50,0;Подготовка;
20251209;00:53:03;-0,5;0,0;0,0;0,0;50,0;Подготовка;
20251209;00:53:08;-0,5;0,0;0,0;0,0;50,0;Подготовка;
20251209;00:53:13;-0,5;0,0;0,0;0,0;50,0;Подготовка;
20251209;00:53:18;-0,5;0,0;0,0;0,0;50,0;Подготовка;
20251209;00:53:23;-0,5;0,0;0,0;0,0;50,0;Подготовка;
20251209;00:53:28;-0,5;0,0;0,0;0,0;50,0;Подготовка;
20251209;00:53:33;-0,5;0,0;0,0;0,0;50,0;Подготовка;
20251209;00:53:38;-0,5;0,0;0,0;0,0;50,0;Подготовка;
20251209;00:53:43;-0,5;0,0;0,0;0,0;50,0;Подготовка;
20251209;00:53:48;-0,5;0,0;0,0;0,0;50,0;Подготовка;
20251209;00:53:53;-0,5;0,0;0,0;0,0;50,0;Подготовка;
20251209;00:53:58;-0,5;0,0;0,0;0,0;50,0;Подготовка;
20251209;00:54:03;-0,5;0,0;0,0;0,0;50,0;Подготовка;
20251209;00:54:08;-0,5;0,0;0,0;0,0;50,0;Подготовка;
20251209;00:54:13;-0,5;0,0;0,0;0,0;50,0;Подготовка;
20251209;00:54:18;-0,5;0,0;0,0;0,0;50,0;Подготовка;
20251209;00:54:23;-0,5;0,0;0,0;0,0;50,0;Подготовка;
20251209;00:54:28;-0,5;0,0;0,0;0,0;50,0;Подготовка;
20251209;00:54:33;-0,5;0,0;0,0;0,0;50,0;Подготовка;
20251209;00:54:38;-0,5;0,0;0,0;0,0;50,0;Подготовка;
20251209;00:54:43;-0,5;0,0;0,0;0,0;50,0;Подготовка;
20251209;00:54:48;-0,5;0,0;0,0;0,0;50,0;Подготовка;
20251209;00:54:53;-0,5;0,0;0,0;0,0;50,0;Подготовка;
20251209;00:54:58;-0,5;0,0;0,0;0,0;50,0;Подготовка;
20251209;00:55:04;-0,5;0,0;0,0;0,0;50,0;Подготовка;
20251209;00:55:09;-0,5;0,0;0,0;0,0;50,0;Подготовка;
20251209;00:55:14;-0,5;0,0;0,0;0,0;50,0;Подготовка;
20251209;00:55:19;-0,5;0,0;0,0;0,0;50,0;Подготовка;
20251209;00:55:24;-0,5;0,0;0,0;0,0;50,0;Подготовка;
20251209;00:55:29;-0,5;0,0;0,0;0,0;50,0;Подготовка;
20251209;00:55:34;-0,5;0,0;0,0;0,0;50,0;Подготовка;
20251209;00:55:39;-0,5;0,0;0,0;0,0;50,0;Подготовка;
20251209;00:55:44;-0,5;0,0;0,0;0,0;50,0;Подготовка;
20251209;00:55:49;-0,5;0,0;0,0;0,0;50,0;Подготовка;
20251209;00:55:54;-0,5;0,0;0,0;0,0;50,0;Подготовка;
20251209;00:55:59;-0,5;0,0;0,0;0,0;50,0;Подготовка;
20251209;00:56:04;-0,5;0,0;0,0;0,0;50,0;Подготовка;
20251209;00:56:09;-0,5;0,0;0,0;0,0;50,0;Подготовка;
20251209;00:56:14;-0,5;0,0;0,0;0,0;50,0;Подготовка;
20251209;00:56:19;-0,5;0,0;0,0;0,0;50,0;Подготовка;
20251209;00:56:24;-0,5;0,0;0,0;0,0;50,0;Подготовка;
20251209;00:56:29;-0,5;0,0;0,0;0,0;50,0;Подготовка;
20251209;00:56:34;-0,5;0,0;0,0;0,0;50,0;Подготовка;
20251209;00:56:39;-0,5;0,0;0,0;0,0;50,0;Подготовка;
20251209;00:56:44;-0,5;0,0;0,0;0,0;50,0;Подготовка;
20251209;00:56:49;-0,5;0,0;0,0;0,0;50,0;Подготовка;
20251209;00:56:54;-0,5;0,0;0,0;0,0;50,0;Подготовка;
20251209;00:56:59;-0,5;0,0;0,0;0,0;50,0;Подготовка;
20251209;00:57:04;-0,5;0,0;0,0;0,0;50,0;Подготовка;
20251209;00:57:10;-0,5;0,0;0,0;0,0;50,0;Подготовка;
20251209;00:57:15;-0,5;0,0;0,0;0,0;50,0;Подготовка;
20251209;00:57:20;-0,5;0,0;0,0;0,0;50,0;Подготовка;
20251209;00:57:25;-0,5;0,0;0,0;0,0;50,0;Подготовка;
20251209;00:57:30;-0,5;0,0;0,0;0,0;50,0;Подготовка;
20251209;00:57:35;-0,5;0,0;0,0;0,0;50,0;Подготовка;
20251209;00:57:40;-0,5;0,0;0,0;0,0;50,0;Подготовка;
20251209;00:57:45;-0,5;0,0;0,0;0,0;50,0;Подготовка;
20251209;00:57:50;-0,5;0,0;0,0;0,0;50,0;Подготовка;
20251209;00:57:55;-0,5;0,0;0,0;0,0;50,0;Подготовка;
20251209;00:58:00;-0,5;0,0;0,0;0,0;50,0;Подготовка;
20251209;00:58:05;-0,5;0,0;0,0;0,0;50,0;Подготовка;
20251209;00:58:10;-0,5;0,0;0,0;0,0;50,0;Подготовка;
20251209;00:58:15;-0,5;0,0;0,0;0,0;50,0;Подготовка;
20251209;00:58:20;-0,5;0,0;0,0;0,0;50,0;Подготовка;
20251209;00:58:25;-0,5;0,0;0,0;0,0;50,0;Подготовка;
20251209;00:58:30;-0,5;0,0;0,0;0,0;50,0;Подготовка;
20251209;00:58:35;-0,5;0,0;0,0;0,0;50,0;Подготовка;
20251209;00:58:40;-0,5;0,0;0,0;0,0;50,0;Подготовка;
20251209;00:58:45;-0,5;0,0;0,0;0,0;50,0;Подготовка;
20251209;00:58:50;-0,5;0,0;0,0;0,0;50,0;Подготовка;
20251209;00:58:55;-0,5;0,0;0,0;0,0;50,0;Подготовка;
20251209;00:59:00;-0,5;0,0;0,0;0,0;50,0;Подготовка;
20251209;00:59:05;-0,5;0,0;0,0;0,0;50,0;Подготовка;
20251209;00:59:10;-0,5;0,0;0,0;0,0;50,0;Подготовка;
20251209;00:59:16;-0,5;0,0;0,0;0,0;50,0;Подготовка;
20251209;00:59:21;-0,5;0,0;0,0;0,0;50,0;Подготовка;
20251209;00:59:26;-0,5;0,0;0,0;0,0;50,0;Подготовка;
20251209;00:59:31;-0,5;0,0;0,0;0,0;50,0;Подготовка;
20251209;00:59:36;-0,5;0,0;0,0;0,0;50,0;Подготовка;
20251209;00:59:41;-0,5;0,0;0,0;0,0;50,0;Подготовка;
20251209;00:59:46;-0,5;0,0;0,0;0,0;50,0;Подготовка;
20251209;00:59:51;-0,5;0,0;0,0;0,0;50,0;Подготовка;
20251209;00:59:56;-0,5;0,0;0,0;0,0;50,0;Подготовка;
20251209;01:00:01;-0,5;0,0;0,0;0,0;50,0;Подготовка;
20251209;01:00:06;-0,5;0,0;0,0;0,0;50,0;Подготовка;
20251209;01:00:11;-0,5;0,0;0,0;0,0;50,0;Подготовка;
20251209;01:00:16;-0,5;0,0;0,0;0,0;50,0;Подготовка;
20251209;01:00:21;-0,5;0,0;0,0;0,0;50,0;Подготовка;
20251209;01:00:26;-0,5;0,0;0,0;0,0;50,0;Подготовка;
20251209;01:00:31;-0,5;0,0;0,0;0,0;50,0;Подготовка;
20251209;01:00:36;-0,5;0,0;0,0;0,0;50,0;Подготовка;
20251209;01:00:41;-0,5;0,0;0,0;0,0;50,0;Подготовка;
20251209;01:00:46;-0,5;0,0;0,0;0,0;50,0;Подготовка;
20251209;01:00:51;-0,5;0,0;0,0;0,0;50,0;Подготовка;
20251209;01:00:56;-0,5;0,0;0,0;0,0;50,0;Подготовка;
20251209;01:01:01;-0,5;0,0;0,0;0,0;50,0;Подготовка;
20251209;01:01:06;-0,5;0,0;0,0;0,0;50,0;Подготовка;
20251209;01:01:11;-0,5;0,0;0,0;0,0;50,0;Подготовка;
20251209;01:01:16;-0,5;0,0;0,0;0,0;50,0;Подготовка;
20251209;01:01:22;-0,5;0,0;0,0;0,0;50,0;Подготовка;
20251209;01:01:27;-0,5;0,0;0,0;0,0;50,0;Подготовка;
20251209;01:01:32;-0,5;0,0;0,0;0,0;50,0;Подготовка;
20251209;01:01:37;-0,5;0,0;0,0;0,0;50,0;Подготовка;
20251209;01:01:42;-0,5;0,0;0,0;0,0;50,0;Подготовка;
20251209;01:01:47;-0,5;0,0;0,0;0,0;50,0;Подготовка;
20251209;01:01:52;-0,5;0,0;0,0;0,0;50,0;Подготовка;
20251209;01:01:57;-0,5;0,0;0,0;0,0;50,0;Подготовка;
20251209;01:02:02;-0,5;0,0;0,0;0,0;50,0;Подготовка;
20251209;01:02:07;-0,5;0,0;0,0;0,0;50,0;Подготовка;
20251209;01:02:12;-0,5;0,0;0,0;0,0;50,0;Подготовка;
20251209;01:02:17;-0,5;0,0;0,0;0,0;50,0;Подготовка;
20251209;01:02:22;-0,5;0,0;0,0;0,0;50,0;Подготовка;
20251209;01:02:27;-0,5;0,0;0,0;0,0;50,0;Подготовка;
20251209;01:02:32;-0,5;0,0;0,0;0,0;50,0;Подготовка;
20251209;01:02:37;-0,5;0,0;0,0;0,0;50,0;Подготовка;
20251209;01:02:42;-0,5;0,0;0,0;0,0;50,0;Подготовка;
20251209;01:02:47;-0,5;0,0;0,0;0,0;50,0;Подготовка;
20251209;01:02:52;-0,5;0,0;0,0;0,0;50,0;Подготовка;
20251209;01:02:57;-0,5;0,0;0,0;0,0;50,0;Подготовка;
20251209;01:03:02;-0,5;0,0;0,0;0,0;50,0;Подготовка;
20251209;01:03:07;-0,5;0,0;0,0;0,0;50,0;Подготовка;
20251209;01:03:12;-0,5;0,0;0,0;0,0;50,0;Подготовка;
20251209;01:03:17;-0,5;0,0;0,0;0,0;50,0;Подготовка;
20251209;01:03:22;-0,5;0,0;0,0;0,0;50,0;Подготовка;
20251209;01:03:28;-0,5;0,0;0,0;0,0;50,0;Подготовка;
20251209;01:03:33;-0,5;0,0;0,0;0,0;50,0;Подготовка;
20251209;01:03:38;-0,5;0,0;0,0;0,0;50,0;Подготовка;
20251209;01:03:43;-0,5;0,0;0,0;0,0;50,0;Подготовка;
20251209;01:03:48;-0,5;0,0;0,0;0,0;50,0;Подготовка;
20251209;01:03:53;-0,5;0,0;0,0;0,0;50,0;Подготовка;
20251209;01:03:58;-0,5;0,0;0,0;0,0;50,0;Подготовка;
20251209;01:04:03;-0,5;0,0;0,0;0,0;50,0;Подготовка;
20251209;01:04:08;-0,5;0,0;0,0;0,0;50,0;Подготовка;
20251209;01:04:13;-0,5;0,0;0,0;0,0;50,0;Подготовка;
20251209;01:04:18;-0,5;0,0;0,0;0,0;50,0;Подготовка;
20251209;01:04:23;-0,5;0,0;0,0;0,0;50,0;Подготовка;
20251209;01:04:28;-0,5;0,0;0,0;0,0;50,0;Подготовка;
20251209;01:04:33;-0,5;0,0;0,0;0,0;50,0;Подготовка;
20251209;01:04:38;-0,5;0,0;0,0;0,0;50,0;Подготовка;
20251209;01:04:43;-0,5;0,0;0,0;0,0;50,0;Подготовка;
20251209;01:04:48;-0,5;0,0;0,0;0,0;50,0;Подготовка;
20251209;01:04:53;-0,5;0,0;0,0;0,0;50,0;Подготовка;
20251209;01:04:58;-0,5;0,0;0,0;0,0;50,0;Подготовка;
20251209;01:05:03;-0,5;0,0;0,0;0,0;50,0;Подготовка;
20251209;01:05:08;-0,5;0,0;0,0;0,0;50,0;Подготовка;
20251209;01:05:13;-0,5;0,0;0,0;0,0;50,0;Подготовка;
20251209;01:05:18;-0,5;0,0;0,0;0,0;50,0;Подготовка;
20251209;01:05:23;-0,5;0,0;0,0;0,0;50,0;Подготовка;
20251209;01:05:28;-0,5;0,0;0,0;0,0;50,0;Подготовка;
20251209;01:05:34;-0,5;0,0;0,0;0,0;50,0;Подготовка;
20251209;01:05:39;-0,5;0,0;0,0;0,0;50,0;Подготовка;
20251209;01:05:44;-0,5;0,0;0,0;0,0;50,0;Подготовка;
20251209;01:05:49;-0,5;0,0;0,0;0,0;50,0;Подготовка;
20251209;01:05:54;-0,5;0,0;0,0;0,0;50,0;Подготовка;
20251209;01:05:59;-0,5;0,0;0,0;0,0;50,0;Подготовка;
20251209;01:06:04;-0,5;0,0;0,0;0,0;50,0;Подготовка;
20251209;01:06:09;-0,5;0,0;0,0;0,0;50,0;Подготовка;
20251209;01:06:14;-0,5;0,0;0,0;0,0;50,0;Подготовка;
20251209;01:06:19;-0,5;0,0;0,0;0,0;50,0;Подготовка;
20251209;01:06:24;-0,5;0,0;0,0;0,0;50,0;Подготовка;
20251209;01:06:29;-0,5;0,0;0,0;0,0;50,0;Подготовка;
20251209;01:06:34;-0,5;0,0;0,0;0,0;50,0;Подготовка;
20251209;01:06:39;-0,5;0,0;0,0;0,0;50,0;Подготовка;
20251209;01:06:44;-0,5;0,0;0,0;0,0;50,0;Подготовка;
20251209;01:06:49;-0,5;0,0;0,0;0,0;50,0;Подготовка;
20251209;01:06:54;-0,5;0,0;0,0;0,0;50,0;Подготовка;
20251209;01:06:59;-0,5;0,0;0,0;0,0;50,0;Подготовка;
20251209;01:07:04;-0,5;0,0;0,0;0,0;50,0;Подготовка;
20251209;01:07:09;-0,5;0,0;0,0;0,0;50,0;Подготовка;
20251209;01:07:14;-0,5;0,0;0,0;0,0;50,0;Подготовка;
20251209;01:07:19;-0,5;0,0;0,0;0,0;50,0;Подготовка;
20251209;01:07:24;-0,5;0,0;0,0;0,0;50,0;Подготовка;
20251209;01:07:29;-0,5;0,0;0,0;0,0;50,0;Подготовка;
20251209;01:07:34;-0,5;0,0;0,0;0,0;50,0;Подготовка;
20251209;01:07:40;-0,5;0,0;0,0;0,0;50,0;Подготовка;
20251209;01:07:45;-0,5;0,0;0,0;0,0;50,0;Подготовка;
20251209;01:07:50;-0,5;0,0;0,0;0,0;50,0;Подготовка;
20251209;01:07:55;-0,5;0,0;0,0;0,0;50,0;Подготовка;
20251209;01:08:00;-0,5;0,0;0,0;0,0;50,0;Подготовка;
20251209;01:08:05;-0,5;0,0;0,0;0,0;50,0;Подготовка;
20251209;01:08:10;-0,5;0,0;0,0;0,0;50,0;Подготовка;
20251209;01:08:15;-0,5;0,0;0,0;0,0;50,0;Подготовка;
20251209;01:08:20;-0,5;0,0;0,0;0,0;50,0;Подготовка;
20251209;01:08:25;-0,5;0,0;0,0;0,0;50,0;Подготовка;
20251209;01:08:30;-0,5;0,0;0,0;0,0;50,0;Подготовка;
20251209;01:08:35;-0,5;0,0;0,0;0,0;50,0;Подготовка;
20251209;01:08:40;-0,5;0,0;0,0;0,0;50,0;Подготовка;
20251209;01:08:45;-0,5;0,0;0,0;0,0;50,0;Подготовка;
20251209;01:08:50;-0,5;0,0;0,0;0,0;50,0;Подготовка;
20251209;01:08:55;-0,5;0,0;0,0;0,0;50,0;Подготовка;
20251209;01:09:00;-0,5;0,0;0,0;0,0;50,0;Подготовка;
20251209;01:09:05;-0,5;0,0;0,0;0,0;50,0;Подготовка;
20251209;01:09:10;-0,5;0,0;0,0;0,0;50,0;Подготовка;
20251209;01:09:15;-0,5;0,0;0,0;0,0;50,0;Подготовка;
20251209;01:09:20;-0,5;0,0;0,0;0,0;50,0;Подготовка;
20251209;01:09:25;-0,5;0,0;0,0;0,0;50,0;Подготовка;
20251209;01:09:30;-0,5;0,0;0,0;0,0;50,0;Подготовка;
20251209;01:09:35;-0,5;0,0;0,0;0,0;50,0;Подготовка;
20251209;01:09:40;-0,5;0,0;0,0;0,0;50,0;Подготовка;
20251209;01:09:46;-0,5;0,0;0,0;0,0;50,0;Подготовка;
20251209;01:09:51;-0,5;0,0;0,0;0,0;50,0;Подготовка;
20251209;01:09:56;-0,5;0,0;0,0;0,0;50,0;Подготовка;
20251209;01:10:01;-0,5;0,0;0,0;0,0;50,0;Подготовка;
20251209;01:10:06;-0,5;0,0;0,0;0,0;50,0;Подготовка;
20251209;01:10:11;-0,5;0,0;0,0;0,0;50,0;Подготовка;
20251209;01:10:16;-0,5;0,0;0,0;0,0;50,0;Подготовка;
20251209;01:10:21;-0,5;0,0;0,0;0,0;50,0;Подготовка;
20251209;01:10:26;-0,5;0,0;0,0;0,0;50,0;Подготовка;
20251209;01:10:31;-0,5;0,0;0,0;0,0;50,0;Подготовка;
20251209;01:10:36;-0,5;0,0;0,0;0,0;50,0;Подготовка;
20251209;01:10:41;-0,5;0,0;0,0;0,0;50,0;Подготовка;
20251209;01:10:46;-0,5;0,0;0,0;0,0;50,0;Подготовка;
20251209;01:10:51;-0,5;0,0;0,0;0,0;50,0;Подготовка;
20251209;01:10:56;-0,5;0,0;0,0;0,0;50,0;Подготовка;
20251209;01:11:01;-0,5;0,0;0,0;0,0;50,0;Подготовка;
20251209;01:11:06;-0,5;0,0;0,0;0,0;50,0;Подготовка;
20251209;01:11:11;-0,5;0,0;0,0;0,0;50,0;Подготовка;
20251209;01:11:16;-0,5;0,0;0,0;0,0;50,0;Подготовка;
20251209;01:11:21;-0,5;0,0;0,0;0,0;50,0;Подготовка;
20251209;01:11:26;-0,5;0,0;0,0;0,0;50,0;Подготовка;
20251209;01:11:31;-0,5;0,0;0,0;0,0;50,0;Подготовка;
20251209;01:11:36;-0,5;0,0;0,0;0,0;50,0;Подготовка;
20251209;01:11:41;-0,5;0,0;0,0;0,0;50,0;Подготовка;
20251209;01:11:46;-0,5;0,0;0,0;0,0;50,0;Подготовка;
20251209;01:11:52;-0,5;0,0;0,0;0,0;50,0;Подготовка;
20251209;01:11:57;-0,5;0,0;0,0;0,0;50,0;Подготовка;
20251209;01:12:02;-0,5;0,0;0,0;0,0;50,0;Подготовка;
20251209;01:12:07;-0,5;0,0;0,0;0,0;50,0;Подготовка;
20251209;01:12:12;-0,5;0,0;0,0;0,0;50,0;Подготовка;
20251209;01:12:17;-0,5;0,0;0,0;0,0;50,0;Подготовка;
20251209;01:12:22;-0,5;0,0;0,0;0,0;50,0;Подготовка;
20251209;01:12:27;-0,5;0,0;0,0;0,0;50,0;Подготовка;
20251209;01:12:32;-0,5;0,0;0,0;0,0;50,0;Подготовка;
20251209;01:12:37;-0,5;0,0;0,0;0,0;50,0;Подготовка;
20251209;01:12:42;-0,5;0,0;0,0;0,0;50,0;Подготовка;
20251209;01:12:47;-0,5;0,0;0,0;0,0;50,0;Подготовка;
20251209;01:12:52;-0,5;0,0;0,0;0,0;50,0;Подготовка;
20251209;01:12:57;-0,5;0,0;0,0;0,0;50,0;Подготовка;
20251209;01:13:02;-0,5;0,0;0,0;0,0;50,0;Подготовка;
20251209;01:13:07;-0,5;0,0;0,0;0,0;50,0;Подготовка;
20251209;01:13:12;-0,5;0,0;0,0;0,0;50,0;Подготовка;
20251209;01:13:17;-0,5;0,0;0,0;0,0;50,0;Подготовка;
20251209;01:13:22;-0,5;0,0;0,0;0,0;50,0;Подготовка;
20251209;01:13:27;-0,5;0,0;0,0;0,0;50,0;Подготовка;
20251209;01:13:32;-0,5;0,0;0,0;0,0;50,0;Подготовка;
20251209;01:13:37;-0,5;0,0;0,0;0,0;50,0;Подготовка;
20251209;01:13:42;-0,5;0,0;0,0;0,0;50,0;Подготовка;
20251209;01:13:47;-0,5;0,0;0,0;0,0;50,0;Подготовка;
20251209;01:13:52;-0,5;0,0;0,0;0,0;50,0;Подготовка;
20251209;01:13:58;-0,5;0,0;0,0;0,0;50,0;Подготовка;
20251209;01:14:03;-0,5;0,0;0,0;0,0;50,0;Подготовка;
20251209;01:14:08;-0,5;0,0;0,0;0,0;50,0;Подготовка;
20251209;01:14:13;-0,5;0,0;0,0;0,0;50,0;Подготовка;
20251209;01:14:18;-0,5;0,0;0,0;0,0;50,0;Подготовка;
20251209;01:14:23;-0,5;0,0;0,0;0,0;50,0;Подготовка;
20251209;01:14:28;-0,5;0,0;0,0;0,0;50,0;Подготовка;
20251209;01:14:33;-0,5;0,0;0,0;0,0;50,0;Подготовка;
20251209;01:14:38;-0,5;0,0;0,0;0,0;50,0;Подготовка;
20251209;01:14:43;-0,5;0,0;0,0;0,0;50,0;Подготовка;
20251209;01:14:48;-0,5;0,0;0,0;0,0;50,0;Подготовка;
20251209;01:14:53;-0,5;0,0;0,0;0,0;50,0;Подготовка;
20251209;01:14:58;-0,5;0,0;0,0;0,0;50,0;Подготовка;
20251209;01:15:03;-0,5;0,0;0,0;0,0;50,0;Подготовка;
20251209;01:15:08;-0,5;0,0;0,0;0,0;50,0;Подготовка;
20251209;01:15:13;-0,5;0,0;0,0;0,0;50,0;Подготовка;
20251209;01:15:18;-0,5;0,0;0,0;0,0;50,0;Подготовка;
20251209;01:15:23;-0,5;0,0;0,0;0,0;50,0;Подготовка;
20251209;01:15:28;-0,5;0,0;0,0;0,0;50,0;Подготовка;
20251209;01:15:33;-0,5;0,0;0,0;0,0;50,0;Подготовка;
20251209;01:15:38;-0,5;0,0;0,0;0,0;50,0;Подготовка;
20251209;01:15:43;-0,5;0,0;0,0;0,0;50,0;Подготовка;
20251209;01:15:48;-0,5;0,0;0,0;0,0;50,0;Подготовка;
20251209;01:15:53;-0,5;0,0;0,0;0,0;50,0;Подготовка;
20251209;01:15:58;-0,5;0,0;0,0;0,0;50,0;Подготовка;
20251209;01:16:04;-0,5;0,0;0,0;0,0;50,0;Подготовка;
20251209;01:16:09;-0,5;0,0;0,0;0,0;50,0;Подготовка;
20251209;01:16:14;-0,5;0,0;0,0;0,0;50,0;Подготовка;
20251209;01:16:19;-0,5;0,0;0,0;0,0;50,0;Подготовка;
20251209;01:16:24;-0,5;0,0;0,0;0,0;50,0;Подготовка;
20251209;01:16:29;-0,5;0,0;0,0;0,0;50,0;Подготовка;
20251209;01:16:34;-0,5;0,0;0,0;0,0;50,0;Подготовка;
20251209;01:16:39;-0,5;0,0;0,0;0,0;50,0;Подготовка;
20251209;01:16:44;-0,5;0,0;0,0;0,0;50,0;Подготовка;
20251209;01:16:49;-0,5;0,0;0,0;0,0;50,0;Подготовка;
20251209;01:16:54;-0,5;0,0;0,0;0,0;50,0;Подготовка;
20251209;01:16:59;-0,5;0,0;0,0;0,0;50,0;Подготовка;
20251209;01:17:04;-0,5;0,0;0,0;0,0;50,0;Подготовка;
20251209;01:17:09;-0,5;0,0;0,0;0,0;50,0;Подготовка;
20251209;01:17:14;-0,5;0,0;0,0;0,0;50,0;Подготовка;
20251209;01:17:19;-0,5;0,0;0,0;0,0;50,0;Подготовка;
20251209;01:17:24;-0,5;0,0;0,0;0,0;50,0;Подготовка;
20251209;01:17:29;-0,5;0,0;0,0;0,0;50,0;Подготовка;
20251209;01:17:34;-0,5;0,0;0,0;0,0;50,0;Подготовка;
20251209;01:17:39;-0,5;0,0;0,0;0,0;50,0;Подготовка;
20251209;01:17:44;-0,5;0,0;0,0;0,0;50,0;Подготовка;
20251209;01:17:49;-0,5;0,0;0,0;0,0;50,0;Подготовка;
20251209;01:17:54;-0,5;0,0;0,0;0,0;50,0;Подготовка;
20251209;01:17:59;-0,5;0,0;0,0;0,0;50,0;Подготовка;
20251209;01:18:04;-0,5;0,0;0,0;0,0;50,0;Подготовка;
20251209;01:18:10;-0,5;0,0;0,0;0,0;50,0;Подготовка;
20251209;01:18:15;-0,5;0,0;0,0;0,0;50,0;Подготовка;
20251209;01:18:20;-0,5;0,0;0,0;0,0;50,0;Подготовка;
20251209;01:18:25;-0,5;0,0;0,0;0,0;50,0;Подготовка;
20251209;01:18:30;-0,5;0,0;0,0;0,0;50,0;Подготовка;
20251209;01:18:35;-0,5;0,0;0,0;0,0;50,0;Подготовка;
20251209;01:18:40;-0,5;0,0;0,0;0,0;50,0;Подготовка;
20251209;01:18:45;-0,5;0,0;0,0;0,0;50,0;Подготовка;
20251209;01:18:50;-0,5;0,0;0,0;0,0;50,0;Подготовка;
20251209;01:18:55;-0,5;0,0;0,0;0,0;50,0;Подготовка;
20251209;01:19:00;-0,5;0,0;0,0;0,0;50,0;Подготовка;
20251209;01:19:05;-0,5;0,0;0,0;0,0;50,0;Подготовка;
20251209;01:19:10;-0,5;0,0;0,0;0,0;50,0;Подготовка;
20251209;01:19:15;-0,5;0,0;0,0;0,0;50,0;Подготовка;
20251209;01:19:20;-0,5;0,0;0,0;0,0;50,0;Подготовка;
20251209;01:19:25;-0,5;0,0;0,0;0,0;50,0;Подготовка;
20251209;01:19:30;-0,5;0,0;0,0;0,0;50,0;Подготовка;
20251209;01:19:35;-0,5;0,0;0,0;0,0;50,0;Подготовка;
20251209;01:19:40;-0,5;0,0;0,0;0,0;50,0;Подготовка;
20251209;01:19:45;-0,5;0,0;0,0;0,0;50,0;Подготовка;
20251209;01:19:50;-0,5;0,0;0,0;0,0;50,0;Подготовка;
20251209;01:19:55;-0,5;0,0;0,0;0,0;50,0;Подготовка;
20251209;01:20:00;-0,5;0,0;0,0;0,0;50,0;Подготовка;
20251209;01:20:05;-0,5;0,0;0,0;0,0;50,0;Подготовка;
20251209;01:20:10;-0,5;0,0;0,0;0,0;50,0;Подготовка;
20251209;01:20:16;-0,5;0,0;0,0;0,0;50,0;Подготовка;
20251209;01:20:21;-0,5;0,0;0,0;0,0;50,0;Подготовка;
20251209;01:20:26;-0,5;0,0;0,0;0,0;50,0;Подготовка;
20251209;01:20:31;-0,5;0,0;0,0;0,0;50,0;Подготовка;
20251209;01:20:36;-0,5;0,0;0,0;0,0;50,0;Подготовка;
20251209;01:20:41;-0,5;0,0;0,0;0,0;50,0;Подготовка;
20251209;01:20:46;-0,5;0,0;0,0;0,0;50,0;Подготовка;
20251209;01:20:51;-0,5;0,0;0,0;0,0;50,0;Подготовка;
20251209;01:20:56;-0,5;0,0;0,0;0,0;50,0;Подготовка;
20251209;01:21:01;-0,5;0,0;0,0;0,0;50,0;Подготовка;
20251209;01:21:06;-0,5;0,0;0,0;0,0;50,0;Подготовка;
20251209;01:21:11;-0,5;0,0;0,0;0,0;50,0;Подготовка;
20251209;01:21:16;-0,5;0,0;0,0;0,0;50,0;Подготовка;
20251209;01:21:21;-0,5;0,0;0,0;0,0;50,0;Подготовка;
20251209;01:21:26;-0,5;0,0;0,0;0,0;50,0;Подготовка;
20251209;01:21:31;-0,5;0,0;0,0;0,0;50,0;Подготовка;
20251209;01:21:36;-0,5;0,0;0,0;0,0;50,0;Подготовка;
20251209;01:21:41;-0,5;0,0;0,0;0,0;50,0;Подготовка;
20251209;01:21:46;-0,5;0,0;0,0;0,0;50,0;Подготовка;
20251209;01:21:51;-0,5;0,0;0,0;0,0;50,0;Подготовка;
20251209;01:21:56;-0,5;0,0;0,0;0,0;50,0;Подготовка;
20251209;01:22:01;-0,5;0,0;0,0;0,0;50,0;Подготовка;
20251209;01:22:06;-0,5;0,0;0,0;0,0;50,0;Подготовка;
20251209;01:22:11;-0,5;0,0;0,0;0,0;50,0;Подготовка;
20251209;01:22:16;-0,5;0,0;0,0;0,0;50,0;Подготовка;
20251209;01:22:22;-0,5;0,0;0,0;0,0;50,0;Подготовка;
20251209;01:22:27;-0,5;0,0;0,0;0,0;50,0;Подготовка;
20251209;01:22:32;-0,5;0,0;0,0;0,0;50,0;Подготовка;
20251209;01:22:37;-0,5;0,0;0,0;0,0;50,0;Подготовка;
20251209;01:22:42;-0,5;0,0;0,0;0,0;50,0;Подготовка;
20251209;01:22:47;-0,5;0,0;0,0;0,0;50,0;Подготовка;
20251209;01:22:52;-0,5;0,0;0,0;0,0;50,0;Подготовка;
20251209;01:22:57;-0,5;0,0;0,0;0,0;50,0;Подготовка;
20251209;01:23:02;-0,5;0,0;0,0;0,0;50,0;Подготовка;
20251209;01:23:07;-0,5;0,0;0,0;0,0;50,0;Подготовка;
20251209;01:23:12;-0,5;0,0;0,0;0,0;50,0;Подготовка;
20251209;01:23:17;-0,5;0,0;0,0;0,0;50,0;Подготовка;
20251209;01:23:22;-0,5;0,0;0,0;0,0;50,0;Подготовка;
20251209;01:23:27;-0,5;0,0;0,0;0,0;50,0;Подготовка;
20251209;01:23:32;-0,5;0,0;0,0;0,0;50,0;Подготовка;
20251209;01:23:37;-0,5;0,0;0,0;0,0;50,0;Подготовка;
20251209;01:23:42;-0,5;0,0;0,0;0,0;50,0;Подготовка;
20251209;01:23:47;-0,5;0,0;0,0;0,0;50,0;Подготовка;
20251209;01:23:52;-0,5;0,0;0,0;0,0;50,0;Подготовка;
20251209;01:23:57;-0,5;0,0;0,0;0,0;50,0;Подготовка;
20251209;01:24:02;-0,5;0,0;0,0;0,0;50,0;Подготовка;
20251209;01:24:07;-0,5;0,0;0,0;0,0;50,0;Подготовка;
20251209;01:24:12;-0,5;0,0;0,0;0,0;50,0;Подготовка;
20251209;01:24:17;-0,5;0,0;0,0;0,0;50,0;Подготовка;
20251209;01:24:22;-0,5;0,0;0,0;0,0;50,0;Подготовка;
20251209;01:24:28;-0,5;0,0;0,0;0,0;50,0;Подготовка;
20251209;01:24:33;-0,5;0,0;0,0;0,0;50,0;Подготовка;
20251209;01:24:38;-0,5;0,0;0,0;0,0;50,0;Подготовка;
20251209;01:24:43;-0,5;0,0;0,0;0,0;50,0;Подготовка;
20251209;01:24:48;-0,5;0,0;0,0;0,0;50,0;Подготовка;
20251209;01:24:53;-0,5;0,0;0,0;0,0;50,0;Подготовка;
20251209;01:24:58;-0,5;0,0;0,0;0,0;50,0;Подготовка;
20251209;01:25:03;-0,5;0,0;0,0;0,0;50,0;Подготовка;
20251209;01:25:08;-0,5;0,0;0,0;0,0;50,0;Подготовка;
20251209;01:25:13;-0,5;0,0;0,0;0,0;50,0;Подготовка;
20251209;01:25:18;-0,5;0,0;0,0;0,0;50,0;Подготовка;
20251209;01:25:23;-0,5;0,0;0,0;0,0;50,0;Подготовка;
20251209;01:25:28;-0,5;0,0;0,0;0,0;50,0;Подготовка;
20251209;01:25:33;-0,5;0,0;0,0;0,0;50,0;Подготовка;
20251209;01:25:38;-0,5;0,0;0,0;0,0;50,0;Подготовка;
20251209;01:25:43;-0,5;0,0;0,0;0,0;50,0;Подготовка;
20251209;01:25:48;-0,5;0,0;0,0;0,0;50,0;Подготовка;
20251209;01:25:53;-0,5;0,0;0,0;0,0;50,0;Подготовка;
20251209;01:25:58;-0,5;0,0;0,0;0,0;50,0;Подготовка;
20251209;01:26:03;-0,5;0,0;0,0;0,0;50,0;Подготовка;
20251209;01:26:08;-0,5;0,0;0,0;0,0;50,0;Подготовка;
20251209;01:26:13;-0,5;0,0;0,0;0,0;50,0;Подготовка;
20251209;01:26:18;-0,5;0,0;0,0;0,0;50,0;Подготовка;
20251209;01:26:23;-0,5;0,0;0,0;0,0;50,0;Подготовка;
20251209;01:26:28;-0,5;0,0;0,0;0,0;50,0;Подготовка;
20251209;01:26:34;-0,5;0,0;0,0;0,0;50,0;Подготовка;
20251209;01:26:39;-0,5;0,0;0,0;0,0;50,0;Подготовка;
20251209;01:26:44;-0,5;0,0;0,0;0,0;50,0;Подготовка;
20251209;01:26:49;-0,5;0,0;0,0;0,0;50,0;Подготовка;
20251209;01:26:54;-0,5;0,0;0,0;0,0;50,0;Подготовка;
20251209;01:26:59;-0,5;0,0;0,0;0,0;50,0;Подготовка;
20251209;01:27:04;-0,5;0,0;0,0;0,0;50,0;Подготовка;
20251209;01:27:09;-0,5;0,0;0,0;0,0;50,0;Подготовка;
20251209;01:27:14;-0,5;0,0;0,0;0,0;50,0;Подготовка;
20251209;01:27:19;-0,5;0,0;0,0;0,0;50,0;Подготовка;
20251209;01:27:24;-0,5;0,0;0,0;0,0;50,0;Подготовка;
20251209;01:27:29;-0,5;0,0;0,0;0,0;50,0;Подготовка;
20251209;01:27:34;-0,5;0,0;0,0;0,0;50,0;Подготовка;
20251209;01:27:39;-0,5;0,0;0,0;0,0;50,0;Подготовка;
20251209;01:27:44;-0,5;0,0;0,0;0,0;50,0;Подготовка;
20251209;01:27:49;-0,5;0,0;0,0;0,0;50,0;Подготовка;
20251209;01:27:54;-0,5;0,0;0,0;0,0;50,0;Подготовка;
20251209;01:27:59;-0,5;0,0;0,0;0,0;50,0;Подготовка;
20251209;01:28:04;-0,5;0,0;0,0;0,0;50,0;Подготовка;
20251209;01:28:09;-0,5;0,0;0,0;0,0;50,0;Подготовка;
20251209;01:28:14;-0,5;0,0;0,0;0,0;50,0;Подготовка;
20251209;01:28:19;-0,5;0,0;0,0;0,0;50,0;Подготовка;
20251209;01:28:24;-0,5;0,0;0,0;0,0;50,0;Подготовка;
20251209;01:28:29;-0,5;0,0;0,0;0,0;50,0;Подготовка;
20251209;01:28:34;-0,5;0,0;0,0;0,0;50,0;Подготовка;
20251209;01:28:40;-0,5;0,0;0,0;0,0;50,0;Подготовка;
20251209;01:28:45;-0,5;0,0;0,0;0,0;50,0;Подготовка;
20251209;01:28:50;-0,5;0,0;0,0;0,0;50,0;Подготовка;
20251209;01:28:55;-0,5;0,0;0,0;0,0;50,0;Подготовка;
20251209;01:29:00;-0,5;0,0;0,0;0,0;50,0;Подготовка;
20251209;01:29:05;-0,5;0,0;0,0;0,0;50,0;Подготовка;
20251209;01:29:10;-0,5;0,0;0,0;0,0;50,0;Подготовка;
20251209;01:29:15;-0,5;0,0;0,0;0,0;50,0;Подготовка;
20251209;01:29:20;-0,5;0,0;0,0;0,0;50,0;Подготовка;
20251209;01:29:25;-0,5;0,0;0,0;0,0;50,0;Подготовка;
20251209;01:29:30;-0,5;0,0;0,0;0,0;50,0;Подготовка;
20251209;01:29:35;-0,5;0,0;0,0;0,0;50,0;Подготовка;
20251209;01:29:40;-0,5;0,0;0,0;0,0;50,0;Подготовка;
20251209;01:29:45;-0,5;0,0;0,0;0,0;50,0;Подготовка;
20251209;01:29:50;-0,5;0,0;0,0;0,0;50,0;Подготовка;
20251209;01:29:55;-0,5;0,0;0,0;0,0;50,0;Подготовка;
20251209;01:30:00;-0,5;0,0;0,0;0,0;50,0;Подготовка;
20251209;01:30:05;-0,5;0,0;0,0;0,0;50,0;Подготовка;
20251209;01:30:10;-0,5;0,0;0,0;0,0;50,0;Подготовка;
20251209;01:30:15;-0,5;0,0;0,0;0,0;50,0;Подготовка;
20251209;01:30:20;-0,5;0,0;0,0;0,0;50,0;Подготовка;
20251209;01:30:25;-0,5;0,0;0,0;0,0;50,0;Подготовка;
20251209;01:30:30;-0,5;0,0;0,0;0,0;50,0;Подготовка;
20251209;01:30:35;-0,5;0,0;0,0;0,0;50,0;Подготовка;
20251209;01:30:40;-0,5;0,0;0,0;0,0;50,0;Подготовка;
20251209;01:30:46;-0,5;0,0;0,0;0,0;50,0;Подготовка;
20251209;01:30:51;-0,5;0,0;0,0;0,0;50,0;Подготовка;
20251209;01:30:56;-0,5;0,0;0,0;0,0;50,0;Подготовка;
20251209;01:31:01;-0,5;0,0;0,0;0,0;50,0;Подготовка;
20251209;01:31:06;-0,5;0,0;0,0;0,0;50,0;Подготовка;
20251209;01:31:11;-0,5;0,0;0,0;0,0;50,0;Подготовка;
20251209;01:31:16;-0,5;0,0;0,0;0,0;50,0;Подготовка;
20251209;01:31:21;-0,5;0,0;0,0;0,0;50,0;Подготовка;
20251209;01:31:26;-0,5;0,0;0,0;0,0;50,0;Подготовка;
20251209;01:31:31;-0,5;0,0;0,0;0,0;50,0;Подготовка;
20251209;01:31:36;-0,5;0,0;0,0;0,0;50,0;Подготовка;
20251209;01:31:41;-0,5;0,0;0,0;0,0;50,0;Подготовка;
20251209;01:31:46;-0,5;0,0;0,0;0,0;50,0;Подготовка;
20251209;01:31:51;-0,5;0,0;0,0;0,0;50,0;Подготовка;
20251209;01:31:56;-0,5;0,0;0,0;0,0;50,0;Подготовка;
20251209;01:32:01;-0,5;0,0;0,0;0,0;50,0;Подготовка;
20251209;01:32:06;-0,5;0,0;0,0;0,0;50,0;Подготовка;
20251209;01:32:11;-0,5;0,0;0,0;0,0;50,0;Подготовка;
20251209;01:32:16;-0,5;0,0;0,0;0,0;50,0;Подготовка;
20251209;01:32:21;-0,5;0,0;0,0;0,0;50,0;Подготовка;
20251209;01:32:26;-0,5;0,0;0,0;0,0;50,0;Подготовка;
20251209;01:32:31;-0,5;0,0;0,0;0,0;50,0;Подготовка;
20251209;01:32:36;-0,5;0,0;0,0;0,0;50,0;Подготовка;
20251209;01:32:41;-0,5;0,0;0,0;0,0;50,0;Подготовка;
20251209;01:32:46;-0,5;0,0;0,0;0,0;50,0;Подготовка;
20251209;01:32:52;-0,5;0,0;0,0;0,0;50,0;Подготовка;
20251209;01:32:57;-0,5;0,0;0,0;0,0;50,0;Подготовка;
Предприятие;
Объект;
Вид оборудования;
Дисп. наименование;
Тип;
Зав. номер;
Сер. номер;
Год выпуска;
Год ввода в эксплуатацию;
Дата отбора пробы;
Марка пробы;
Температура пробы;
DATE ;TIME ;TS_TEMP ;PROB_TEMP ;PROB_OTN_VL ;PROBE_VlAGOSOD ;SP ;STATUS ; 
20251209;01:33:15;-0,39;0,0;0,0;0,0;50,0;Включение;
20251209;01:33:20;-0,49;0,0;0,0;0,0;50,0;Включение;
20251209;01:33:25;-0,49;0,0;0,0;0,0;50,0;Подготовка;
20251209;01:33:30;-0,49;0,0;0,0;0,0;50,0;Подготовка;
20251209;01:33:35;-0,49;0,0;0,0;0,0;50,0;Подготовка;
20251209;01:33:40;-0,49;0,0;0,0;0,0;50,0;Подготовка;
20251209;01:33:45;-0,5;0,0;0,0;0,0;50,0;Подготовка;
20251209;01:33:50;-0,5;0,0;0,0;0,0;50,0;Подготовка;
20251209;01:33:55;-0,5;0,0;0,0;0,0;50,0;Подготовка;
20251209;01:34:00;-0,5;0,0;0,0;0,0;50,0;Подготовка;
20251209;01:34:05;-0,5;0,0;0,0;0,0;50,0;Подготовка;
20251209;01:34:10;-0,5;0,0;0,0;0,0;50,0;Подготовка;
20251209;01:34:15;-0,5;0,0;0,0;0,0;50,0;Подготовка;
20251209;01:34:20;-0,5;0,0;0,0;0,0;50,0;Подготовка;
20251209;01:34:25;-0,5;0,0;0,0;0,0;50,0;Подготовка;
20251209;01:34:30;-0,5;0,0;0,0;0,0;50,0;Подготовка;
20251209;01:34:35;-0,5;0,0;0,0;0,0;50,0;Подготовка;
20251209;01:34:40;-0,5;0,0;0,0;0,0;50,0;Подготовка;
20251209;01:34:45;-0,5;0,0;0,0;0,0;50,0;Подготовка;
20251209;01:34:50;-0,5;0,0;0,0;0,0;50,0;Подготовка;
20251209;01:34:55;-0,5;0,0;0,0;0,0;50,0;Подготовка;
20251209;01:35:00;-0,5;0,0;0,0;0,0;50,0;Подготовка;
20251209;01:35:05;-0,5;0,0;0,0;0,0;50,0;Подготовка;
20251209;01:35:10;-0,5;0,0;0,0;0,0;50,0;Подготовка;
20251209;01:35:16;-0,5;0,0;0,0;0,0;50,0;Подготовка;
20251209;01:35:21;-0,5;0,0;0,0;0,0;50,0;Подготовка;
20251209;01:35:26;-0,5;0,0;0,0;0,0;50,0;Подготовка;
20251209;01:35:31;-0,5;0,0;0,0;0,0;50,0;Подготовка;
20251209;01:35:36;-0,5;0,0;0,0;0,0;50,0;Подготовка;
20251209;01:35:41;-0,5;0,0;0,0;0,0;50,0;Подготовка;
20251209;01:35:46;-0,5;0,0;0,0;0,0;50,0;Подготовка;
20251209;01:35:51;-0,5;0,0;0,0;0,0;50,0;Подготовка;
20251209;01:35:56;-0,5;0,0;0,0;0,0;50,0;Подготовка;
20251209;01:36:01;-0,5;0,0;0,0;0,0;50,0;Подготовка;
20251209;01:36:06;-0,5;0,0;0,0;0,0;50,0;Подготовка;
20251209;01:36:11;-0,5;0,0;0,0;0,0;50,0;Подготовка;
20251209;01:36:16;-0,5;0,0;0,0;0,0;50,0;Подготовка;
20251209;01:36:21;-0,5;0,0;0,0;0,0;50,0;Подготовка;
20251209;01:36:26;-0,5;0,0;0,0;0,0;50,0;Подготовка;
20251209;01:36:31;-0,5;0,0;0,0;0,0;50,0;Подготовка;
20251209;01:36:36;-0,5;0,0;0,0;0,0;50,0;Подготовка;
20251209;01:36:41;-0,5;0,0;0,0;0,0;50,0;Подготовка;
20251209;01:36:46;-0,5;0,0;0,0;0,0;50,0;Подготовка;
20251209;01:36:51;-0,5;0,0;0,0;0,0;50,0;Подготовка;
20251209;01:36:56;-0,5;0,0;0,0;0,0;50,0;Подготовка;
20251209;01:37:01;-0,5;0,0;0,0;0,0;50,0;Подготовка;
20251209;01:37:06;-0,5;0,0;0,0;0,0;50,0;Подготовка;
20251209;01:37:11;-0,5;0,0;0,0;0,0;50,0;Подготовка;
20251209;01:37:16;-0,5;0,0;0,0;0,0;50,0;Подготовка;
20251209;01:37:22;-0,5;0,0;0,0;0,0;50,0;Подготовка;
20251209;01:37:27;-0,5;0,0;0,0;0,0;50,0;Подготовка;
20251209;01:37:32;-0,5;0,0;0,0;0,0;50,0;Подготовка;
20251209;01:37:37;-0,5;0,0;0,0;0,0;50,0;Подготовка;
20251209;01:37:42;-0,5;0,0;0,0;0,0;50,0;Подготовка;
20251209;01:37:47;-0,5;0,0;0,0;0,0;50,0;Подготовка;
20251209;01:37:52;-0,5;0,0;0,0;0,0;50,0;Подготовка;
20251209;01:37:57;-0,5;0,0;0,0;0,0;50,0;Подготовка;
20251209;01:38:02;-0,5;0,0;0,0;0,0;50,0;Подготовка;
20251209;01:38:07;-0,5;0,0;0,0;0,0;50,0;Подготовка;
20251209;01:38:12;-0,5;0,0;0,0;0,0;50,0;Подготовка;
20251209;01:38:17;-0,5;0,0;0,0;0,0;50,0;Подготовка;
20251209;01:38:22;-0,5;0,0;0,0;0,0;50,0;Подготовка;
20251209;01:38:27;-0,5;0,0;0,0;0,0;50,0;Подготовка;
20251209;01:38:32;-0,5;0,0;0,0;0,0;50,0;Подготовка;
20251209;01:38:37;-0,5;0,0;0,0;0,0;50,0;Подготовка;
20251209;01:38:42;-0,5;0,0;0,0;0,0;50,0;Подготовка;
20251209;01:38:47;-0,5;0,0;0,0;0,0;50,0;Подготовка;
20251209;01:38:52;-0,5;0,0;0,0;0,0;50,0;Подготовка;
20251209;01:38:57;-0,5;0,0;0,0;0,0;50,0;Подготовка;
20251209;01:39:02;-0,5;0,0;0,0;0,0;50,0;Подготовка;
20251209;01:39:07;-0,5;0,0;0,0;0,0;50,0;Подготовка;
20251209;01:39:12;-0,5;0,0;0,0;0,0;50,0;Подготовка;
20251209;01:39:17;-0,5;0,0;0,0;0,0;50,0;Подготовка;
20251209;01:39:22;-0,5;0,0;0,0;0,0;50,0;Подготовка;
20251209;01:39:28;-0,5;0,0;0,0;0,0;50,0;Подготовка;
20251209;01:39:33;-0,5;0,0;0,0;0,0;50,0;Подготовка;
20251209;01:39:38;-0,5;0,0;0,0;0,0;50,0;Подготовка;
20251209;01:39:43;-0,5;0,0;0,0;0,0;50,0;Подготовка;
20251209;01:39:48;-0,5;0,0;0,0;0,0;50,0;Подготовка;
20251209;01:39:53;-0,5;0,0;0,0;0,0;50,0;Подготовка;
20251209;01:39:58;-0,5;0,0;0,0;0,0;50,0;Подготовка;
20251209;01:40:03;-0,5;0,0;0,0;0,0;50,0;Подготовка;
20251209;01:40:08;-0,5;0,0;0,0;0,0;50,0;Подготовка;
20251209;01:40:13;-0,5;0,0;0,0;0,0;50,0;Подготовка;
20251209;01:40:18;-0,5;0,0;0,0;0,0;50,0;Подготовка;
20251209;01:40:23;-0,5;0,0;0,0;0,0;50,0;Подготовка;
20251209;01:40:28;-0,5;0,0;0,0;0,0;50,0;Подготовка;
20251209;01:40:33;-0,5;0,0;0,0;0,0;50,0;Подготовка;
20251209;01:40:38;-0,5;0,0;0,0;0,0;50,0;Подготовка;
20251209;01:40:43;-0,5;0,0;0,0;0,0;50,0;Подготовка;
20251209;01:40:48;-0,5;0,0;0,0;0,0;50,0;Подготовка;
20251209;01:40:53;-0,5;0,0;0,0;0,0;50,0;Подготовка;
20251209;01:40:58;-0,5;0,0;0,0;0,0;50,0;Подготовка;
20251209;01:41:03;-0,5;0,0;0,0;0,0;50,0;Подготовка;
20251209;01:41:08;-0,5;0,0;0,0;0,0;50,0;Подготовка;
20251209;01:41:13;-0,5;0,0;0,0;0,0;50,0;Подготовка;
20251209;01:41:18;-0,5;0,0;0,0;0,0;50,0;Подготовка;
20251209;01:41:23;-0,5;0,0;0,0;0,0;50,0;Подготовка;
20251209;01:41:28;-0,5;0,0;0,0;0,0;50,0;Подготовка;
20251209;01:41:34;-0,5;0,0;0,0;0,0;50,0;Подготовка;
20251209;01:41:39;-0,5;0,0;0,0;0,0;50,0;Подготовка;
20251209;01:41:44;-0,5;0,0;0,0;0,0;50,0;Подготовка;
20251209;01:41:49;-0,5;0,0;0,0;0,0;50,0;Подготовка;
20251209;01:41:54;-0,5;0,0;0,0;0,0;50,0;Подготовка;
20251209;01:41:59;-0,5;0,0;0,0;0,0;50,0;Подготовка;
20251209;01:42:04;-0,5;0,0;0,0;0,0;50,0;Подготовка;
20251209;01:42:09;-0,5;0,0;0,0;0,0;50,0;Подготовка;
20251209;01:42:14;-0,5;0,0;0,0;0,0;50,0;Подготовка;
20251209;01:42:19;-0,5;0,0;0,0;0,0;50,0;Подготовка;
20251209;01:42:24;-0,5;0,0;0,0;0,0;50,0;Подготовка;
20251209;01:42:29;-0,5;0,0;0,0;0,0;50,0;Подготовка;
20251209;01:42:34;-0,5;0,0;0,0;0,0;50,0;Подготовка;
20251209;01:42:39;-0,5;0,0;0,0;0,0;50,0;Подготовка;
20251209;01:42:44;-0,5;0,0;0,0;0,0;50,0;Подготовка;
20251209;01:42:49;-0,5;0,0;0,0;0,0;50,0;Подготовка;
20251209;01:42:54;-0,5;0,0;0,0;0,0;50,0;Подготовка;
20251209;01:42:59;-0,5;0,0;0,0;0,0;50,0;Подготовка;
20251209;01:43:04;-0,5;0,0;0,0;0,0;50,0;Подготовка;
20251209;01:43:09;-0,5;0,0;0,0;0,0;50,0;Подготовка;
20251209;01:43:14;-0,5;0,0;0,0;0,0;50,0;Подготовка;
20251209;01:43:19;-0,5;0,0;0,0;0,0;50,0;Подготовка;
20251209;01:43:24;-0,5;0,0;0,0;0,0;50,0;Подготовка;
20251209;01:43:29;-0,5;0,0;0,0;0,0;50,0;Подготовка;
20251209;01:43:34;-0,5;0,0;0,0;0,0;50,0;Подготовка;
20251209;01:43:40;-0,5;0,0;0,0;0,0;50,0;Подготовка;
20251209;01:43:45;-0,5;0,0;0,0;0,0;50,0;Подготовка;
20251209;01:43:50;-0,5;0,0;0,0;0,0;50,0;Подготовка;
20251209;01:43:55;-0,5;0,0;0,0;0,0;50,0;Подготовка;
20251209;01:44:00;-0,5;0,0;0,0;0,0;50,0;Подготовка;
20251209;01:44:05;-0,5;0,0;0,0;0,0;50,0;Подготовка;
20251209;01:44:10;-0,5;0,0;0,0;0,0;50,0;Подготовка;
20251209;01:44:15;-0,5;0,0;0,0;0,0;50,0;Подготовка;
20251209;01:44:20;-0,5;0,0;0,0;0,0;50,0;Подготовка;
20251209;01:44:25;-0,5;0,0;0,0;0,0;50,0;Подготовка;
20251209;01:44:30;-0,5;0,0;0,0;0,0;50,0;Подготовка;
20251209;01:44:35;-0,5;0,0;0,0;0,0;50,0;Подготовка;
20251209;01:44:40;-0,5;0,0;0,0;0,0;50,0;Подготовка;
20251209;01:44:45;-0,5;0,0;0,0;0,0;50,0;Подготовка;
20251209;01:44:50;-0,5;0,0;0,0;0,0;50,0;Подготовка;
20251209;01:44:55;-0,5;0,0;0,0;0,0;50,0;Подготовка;
20251209;01:45:00;-0,5;0,0;0,0;0,0;50,0;Подготовка;
20251209;01:45:05;-0,5;0,0;0,0;0,0;50,0;Подготовка;
20251209;01:45:10;-0,5;0,0;0,0;0,0;50,0;Подготовка;
20251209;01:45:15;-0,5;0,0;0,0;0,0;50,0;Подготовка;
20251209;01:45:20;-0,5;0,0;0,0;0,0;50,0;Подготовка;
20251209;01:45:25;-0,5;0,0;0,0;0,0;50,0;Подготовка;
20251209;01:45:30;-0,5;0,0;0,0;0,0;50,0;Подготовка;
20251209;01:45:35;-0,5;0,0;0,0;0,0;50,0;Подготовка;
20251209;01:45:40;-0,5;0,0;0,0;0,0;50,0;Подготовка;
20251209;01:45:46;-0,5;0,0;0,0;0,0;50,0;Подготовка;
20251209;01:45:51;-0,5;0,0;0,0;0,0;50,0;Подготовка;
20251209;01:45:56;-0,5;0,0;0,0;0,0;50,0;Подготовка;
20251209;01:46:01;-0,5;0,0;0,0;0,0;50,0;Подготовка;
20251209;01:46:06;-0,5;0,0;0,0;0,0;50,0;Подготовка;
20251209;01:46:11;-0,5;0,0;0,0;0,0;50,0;Подготовка;
20251209;01:46:16;-0,5;0,0;0,0;0,0;50,0;Подготовка;
20251209;01:46:21;-0,5;0,0;0,0;0,0;50,0;Подготовка;
20251209;01:46:26;-0,5;0,0;0,0;0,0;50,0;Подготовка;
20251209;01:46:31;-0,5;0,0;0,0;0,0;50,0;Подготовка;
20251209;01:46:36;-0,5;0,0;0,0;0,0;50,0;Подготовка;
20251209;01:46:41;-0,5;0,0;0,0;0,0;50,0;Подготовка;
20251209;01:46:46;-0,5;0,0;0,0;0,0;50,0;Подготовка;
20251209;01:46:51;-0,5;0,0;0,0;0,0;50,0;Подготовка;
20251209;01:46:56;-0,5;0,0;0,0;0,0;50,0;Подготовка;
20251209;01:47:01;-0,5;0,0;0,0;0,0;50,0;Подготовка;
20251209;01:47:06;-0,5;0,0;0,0;0,0;50,0;Подготовка;
20251209;01:47:11;-0,5;0,0;0,0;0,0;50,0;Подготовка;
20251209;01:47:16;-0,5;0,0;0,0;0,0;50,0;Подготовка;
20251209;01:47:21;-0,5;0,0;0,0;0,0;50,0;Подготовка;
20251209;01:47:26;-0,5;0,0;0,0;0,0;50,0;Подготовка;
20251209;01:47:31;-0,5;0,0;0,0;0,0;50,0;Подготовка;
20251209;01:47:36;-0,5;0,0;0,0;0,0;50,0;Подготовка;
20251209;01:47:41;-0,5;0,0;0,0;0,0;50,0;Подготовка;
20251209;01:47:46;-0,5;0,0;0,0;0,0;50,0;Подготовка;
20251209;01:47:52;-0,5;0,0;0,0;0,0;50,0;Подготовка;
20251209;01:47:57;-0,5;0,0;0,0;0,0;50,0;Подготовка;
20251209;01:48:02;-0,5;0,0;0,0;0,0;50,0;Подготовка;
20251209;01:48:07;-0,5;0,0;0,0;0,0;50,0;Подготовка;
20251209;01:48:12;-0,5;0,0;0,0;0,0;50,0;Подготовка;
20251209;01:48:17;-0,5;0,0;0,0;0,0;50,0;Подготовка;
20251209;01:48:22;-0,5;0,0;0,0;0,0;50,0;Подготовка;
20251209;01:48:27;-0,5;0,0;0,0;0,0;50,0;Подготовка;
20251209;01:48:32;-0,5;0,0;0,0;0,0;50,0;Подготовка;
20251209;01:48:37;-0,5;0,0;0,0;0,0;50,0;Подготовка;
20251209;01:48:42;-0,5;0,0;0,0;0,0;50,0;Подготовка;
20251209;01:48:47;-0,5;0,0;0,0;0,0;50,0;Подготовка;
20251209;01:48:52;-0,5;0,0;0,0;0,0;50,0;Подготовка;
20251209;01:48:57;-0,5;0,0;0,0;0,0;50,0;Подготовка;
20251209;01:49:02;-0,5;0,0;0,0;0,0;50,0;Подготовка;
20251209;01:49:07;-0,5;0,0;0,0;0,0;50,0;Подготовка;
20251209;01:49:12;-0,5;0,0;0,0;0,0;50,0;Подготовка;
20251209;01:49:17;-0,5;0,0;0,0;0,0;50,0;Подготовка;
20251209;01:49:22;-0,5;0,0;0,0;0,0;50,0;Подготовка;
20251209;01:49:27;-0,5;0,0;0,0;0,0;50,0;Подготовка;
20251209;01:49:32;-0,5;0,0;0,0;0,0;50,0;Подготовка;
20251209;01:49:37;-0,5;0,0;0,0;0,0;50,0;Подготовка;
20251209;01:49:42;-0,5;0,0;0,0;0,0;50,0;Подготовка;
20251209;01:49:47;-0,5;0,0;0,0;0,0;50,0;Подготовка;
20251209;01:49:52;-0,5;0,0;0,0;0,0;50,0;Подготовка;
20251209;01:49:58;-0,5;0,0;0,0;0,0;50,0;Подготовка;
20251209;01:50:03;-0,5;0,0;0,0;0,0;50,0;Подготовка;
20251209;01:50:08;-0,5;0,0;0,0;0,0;50,0;Подготовка;
20251209;01:50:13;-0,5;0,0;0,0;0,0;50,0;Подготовка;
20251209;01:50:18;-0,5;0,0;0,0;0,0;50,0;Подготовка;
20251209;01:50:23;-0,5;0,0;0,0;0,0;50,0;Подготовка;
20251209;01:50:28;-0,5;0,0;0,0;0,0;50,0;Подготовка;
20251209;01:50:33;-0,5;0,0;0,0;0,0;50,0;Подготовка;
20251209;01:50:38;-0,5;0,0;0,0;0,0;50,0;Подготовка;
20251209;01:50:43;-0,5;0,0;0,0;0,0;50,0;Подготовка;
20251209;01:50:48;-0,5;0,0;0,0;0,0;50,0;Подготовка;
20251209;01:50:53;-0,5;0,0;0,0;0,0;50,0;Подготовка;
20251209;01:50:58;-0,5;0,0;0,0;0,0;50,0;Подготовка;
20251209;01:51:03;-0,5;0,0;0,0;0,0;50,0;Подготовка;
20251209;01:51:08;-0,5;0,0;0,0;0,0;50,0;Подготовка;
20251209;01:51:13;-0,5;0,0;0,0;0,0;50,0;Подготовка;
20251209;01:51:18;-0,5;0,0;0,0;0,0;50,0;Подготовка;
20251209;01:51:23;-0,5;0,0;0,0;0,0;50,0;Подготовка;
20251209;01:51:28;-0,5;0,0;0,0;0,0;50,0;Подготовка;
20251209;01:51:33;-0,5;0,0;0,0;0,0;50,0;Подготовка;
20251209;01:51:38;-0,5;0,0;0,0;0,0;50,0;Подготовка;
20251209;01:51:43;-0,5;0,0;0,0;0,0;50,0;Подготовка;
20251209;01:51:48;-0,5;0,0;0,0;0,0;50,0;Подготовка;
20251209;01:51:53;-0,5;0,0;0,0;0,0;50,0;Подготовка;
20251209;01:51:58;-0,5;0,0;0,0;0,0;50,0;Подготовка;
20251209;01:52:04;-0,5;0,0;0,0;0,0;50,0;Подготовка;
20251209;01:52:09;-0,5;0,0;0,0;0,0;50,0;Подготовка;
20251209;01:52:14;-0,5;0,0;0,0;0,0;50,0;Подготовка;
20251209;01:52:19;-0,5;0,0;0,0;0,0;50,0;Подготовка;
20251209;01:52:24;-0,5;0,0;0,0;0,0;50,0;Подготовка;
20251209;01:52:29;-0,5;0,0;0,0;0,0;50,0;Подготовка;
20251209;01:52:34;-0,5;0,0;0,0;0,0;50,0;Подготовка;
20251209;01:52:39;-0,5;0,0;0,0;0,0;50,0;Подготовка;
20251209;01:52:44;-0,5;0,0;0,0;0,0;50,0;Подготовка;
20251209;01:52:49;-0,5;0,0;0,0;0,0;50,0;Подготовка;
20251209;01:52:54;-0,5;0,0;0,0;0,0;50,0;Подготовка;
20251209;01:52:59;-0,5;0,0;0,0;0,0;50,0;Подготовка;
20251209;01:53:04;-0,5;0,0;0,0;0,0;50,0;Подготовка;
20251209;01:53:09;-0,5;0,0;0,0;0,0;50,0;Подготовка;
20251209;01:53:14;-0,5;0,0;0,0;0,0;50,0;Подготовка;
20251209;01:53:19;-0,5;0,0;0,0;0,0;50,0;Подготовка;
20251209;01:53:24;-0,5;0,0;0,0;0,0;50,0;Подготовка;
20251209;01:53:29;-0,5;0,0;0,0;0,0;50,0;Подготовка;
20251209;01:53:34;-0,5;0,0;0,0;0,0;50,0;Подготовка;
20251209;01:53:39;-0,5;0,0;0,0;0,0;50,0;Подготовка;
20251209;01:53:44;-0,5;0,0;0,0;0,0;50,0;Подготовка;
20251209;01:53:49;-0,5;0,0;0,0;0,0;50,0;Подготовка;
20251209;01:53:54;-0,5;0,0;0,0;0,0;50,0;Подготовка;
20251209;01:53:59;-0,5;0,0;0,0;0,0;50,0;Подготовка;
20251209;01:54:04;-0,5;0,0;0,0;0,0;50,0;Подготовка;
20251209;01:54:10;-0,5;0,0;0,0;0,0;50,0;Подготовка;
20251209;01:54:15;-0,5;0,0;0,0;0,0;50,0;Подготовка;
20251209;01:54:20;-0,5;0,0;0,0;0,0;50,0;Подготовка;
20251209;01:54:25;-0,5;0,0;0,0;0,0;50,0;Подготовка;
20251209;01:54:30;-0,5;0,0;0,0;0,0;50,0;Подготовка;
20251209;01:54:35;-0,5;0,0;0,0;0,0;50,0;Подготовка;
20251209;01:54:40;-0,5;0,0;0,0;0,0;50,0;Подготовка;
20251209;01:54:45;-0,5;0,0;0,0;0,0;50,0;Подготовка;
20251209;01:54:50;-0,5;0,0;0,0;0,0;50,0;Подготовка;
20251209;01:54:55;-0,5;0,0;0,0;0,0;50,0;Подготовка;
20251209;01:55:00;-0,5;0,0;0,0;0,0;50,0;Подготовка;
20251209;01:55:05;-0,5;0,0;0,0;0,0;50,0;Подготовка;
20251209;01:55:10;-0,5;0,0;0,0;0,0;50,0;Подготовка;
20251209;01:55:15;-0,5;0,0;0,0;0,0;50,0;Подготовка;
20251209;01:55:20;-0,5;0,0;0,0;0,0;50,0;Подготовка;
20251209;01:55:25;-0,5;0,0;0,0;0,0;50,0;Подготовка;
20251209;01:55:30;-0,5;0,0;0,0;0,0;50,0;Подготовка;
20251209;01:55:35;-0,5;0,0;0,0;0,0;50,0;Подготовка;
20251209;01:55:40;-0,5;0,0;0,0;0,0;50,0;Подготовка;
20251209;01:55:45;-0,5;0,0;0,0;0,0;50,0;Подготовка;
20251209;01:55:50;-0,5;0,0;0,0;0,0;50,0;Подготовка;
20251209;01:55:55;-0,5;0,0;0,0;0,0;50,0;Подготовка;
20251209;01:56:00;-0,5;0,0;0,0;0,0;50,0;Подготовка;
20251209;01:56:05;-0,5;0,0;0,0;0,0;50,0;Подготовка;
20251209;01:56:10;-0,5;0,0;0,0;0,0;50,0;Подготовка;
20251209;01:56:16;-0,5;0,0;0,0;0,0;50,0;Подготовка;
20251209;01:56:21;-0,5;0,0;0,0;0,0;50,0;Подготовка;
20251209;01:56:26;-0,5;0,0;0,0;0,0;50,0;Подготовка;
20251209;01:56:31;-0,5;0,0;0,0;0,0;50,0;Подготовка;
20251209;01:56:36;-0,5;0,0;0,0;0,0;50,0;Подготовка;
20251209;01:56:41;-0,5;0,0;0,0;0,0;50,0;Подготовка;
20251209;01:56:46;-0,5;0,0;0,0;0,0;50,0;Подготовка;
20251209;01:56:51;-0,5;0,0;0,0;0,0;50,0;Подготовка;
20251209;01:56:56;-0,5;0,0;0,0;0,0;50,0;Подготовка;
20251209;01:57:01;-0,5;0,0;0,0;0,0;50,0;Подготовка;
20251209;01:57:06;-0,5;0,0;0,0;0,0;50,0;Подготовка;
20251209;01:57:11;-0,5;0,0;0,0;0,0;50,0;Подготовка;
20251209;01:57:16;-0,5;0,0;0,0;0,0;50,0;Подготовка;
20251209;01:57:21;-0,5;0,0;0,0;0,0;50,0;Подготовка;
20251209;01:57:26;-0,5;0,0;0,0;0,0;50,0;Подготовка;
20251209;01:57:31;-0,5;0,0;0,0;0,0;50,0;Подготовка;
20251209;01:57:36;-0,5;0,0;0,0;0,0;50,0;Подготовка;
20251209;01:57:41;-0,5;0,0;0,0;0,0;50,0;Подготовка;
20251209;01:57:46;-0,5;0,0;0,0;0,0;50,0;Подготовка;
20251209;01:57:51;-0,5;0,0;0,0;0,0;50,0;Подготовка;
20251209;01:57:56;-0,5;0,0;0,0;0,0;50,0;Подготовка;
20251209;01:58:01;-0,5;0,0;0,0;0,0;50,0;Подготовка;
20251209;01:58:06;-0,5;0,0;0,0;0,0;50,0;Подготовка;
20251209;01:58:11;-0,5;0,0;0,0;0,0;50,0;Подготовка;
20251209;01:58:16;-0,5;0,0;0,0;0,0;50,0;Подготовка;
20251209;01:58:22;-0,5;0,0;0,0;0,0;50,0;Подготовка;
20251209;01:58:27;-0,5;0,0;0,0;0,0;50,0;Подготовка;
20251209;01:58:32;-0,5;0,0;0,0;0,0;50,0;Подготовка;
20251209;01:58:37;-0,5;0,0;0,0;0,0;50,0;Подготовка;
20251209;01:58:42;-0,5;0,0;0,0;0,0;50,0;Подготовка;
20251209;01:58:47;-0,5;0,0;0,0;0,0;50,0;Подготовка;
20251209;01:58:52;-0,5;0,0;0,0;0,0;50,0;Подготовка;
20251209;01:58:57;-0,5;0,0;0,0;0,0;50,0;Подготовка;
20251209;01:59:02;-0,5;0,0;0,0;0,0;50,0;Подготовка;
20251209;01:59:07;-0,5;0,0;0,0;0,0;50,0;Подготовка;
20251209;01:59:12;-0,5;0,0;0,0;0,0;50,0;Подготовка;
20251209;01:59:17;-0,5;0,0;0,0;0,0;50,0;Подготовка;
20251209;01:59:22;-0,5;0,0;0,0;0,0;50,0;Подготовка;
20251209;01:59:27;-0,5;0,0;0,0;0,0;50,0;Подготовка;
20251209;01:59:32;-0,5;0,0;0,0;0,0;50,0;Подготовка;
20251209;01:59:37;-0,5;0,0;0,0;0,0;50,0;Подготовка;
20251209;01:59:42;-0,5;0,0;0,0;0,0;50,0;Подготовка;
20251209;01:59:47;-0,5;0,0;0,0;0,0;50,0;Подготовка;
20251209;01:59:52;-0,5;0,0;0,0;0,0;50,0;Подготовка;
20251209;01:59:57;-0,5;0,0;0,0;0,0;50,0;Подготовка;
20251209;02:00:02;-0,5;0,0;0,0;0,0;50,0;Подготовка;
20251209;02:00:07;-0,5;0,0;0,0;0,0;50,0;Подготовка;
20251209;02:00:12;-0,5;0,0;0,0;0,0;50,0;Подготовка;
20251209;02:00:17;-0,5;0,0;0,0;0,0;50,0;Подготовка;
20251209;02:00:22;-0,5;0,0;0,0;0,0;50,0;Подготовка;
20251209;02:00:28;-0,5;0,0;0,0;0,0;50,0;Подготовка;
20251209;02:00:33;-0,5;0,0;0,0;0,0;50,0;Подготовка;
20251209;02:00:38;-0,5;0,0;0,0;0,0;50,0;Подготовка;
20251209;02:00:43;-0,5;0,0;0,0;0,0;50,0;Подготовка;
20251209;02:00:48;-0,5;0,0;0,0;0,0;50,0;Подготовка;
20251209;02:00:53;-0,5;0,0;0,0;0,0;50,0;Подготовка;
20251209;02:00:58;-0,5;0,0;0,0;0,0;50,0;Подготовка;
20251209;02:01:03;-0,5;0,0;0,0;0,0;50,0;Подготовка;
20251209;02:01:08;-0,5;0,0;0,0;0,0;50,0;Подготовка;
20251209;02:01:13;-0,5;0,0;0,0;0,0;50,0;Подготовка;
20251209;02:01:18;-0,5;0,0;0,0;0,0;50,0;Подготовка;
20251209;02:01:23;-0,5;0,0;0,0;0,0;50,0;Подготовка;
20251209;02:01:28;-0,5;0,0;0,0;0,0;50,0;Подготовка;
20251209;02:01:33;-0,5;0,0;0,0;0,0;50,0;Подготовка;
20251209;02:01:38;-0,5;0,0;0,0;0,0;50,0;Подготовка;
20251209;02:01:43;-0,5;0,0;0,0;0,0;50,0;Подготовка;
20251209;02:01:48;-0,5;0,0;0,0;0,0;50,0;Подготовка;
20251209;02:01:53;-0,5;0,0;0,0;0,0;50,0;Подготовка;
20251209;02:01:58;-0,5;0,0;0,0;0,0;50,0;Подготовка;
20251209;02:02:03;-0,5;0,0;0,0;0,0;50,0;Подготовка;
20251209;02:02:08;-0,5;0,0;0,0;0,0;50,0;Подготовка;
20251209;02:02:13;-0,5;0,0;0,0;0,0;50,0;Подготовка;
20251209;02:02:18;-0,5;0,0;0,0;0,0;50,0;Подготовка;
20251209;02:02:23;-0,5;0,0;0,0;0,0;50,0;Подготовка;
20251209;02:02:28;-0,5;0,0;0,0;0,0;50,0;Подготовка;
20251209;02:02:34;-0,5;0,0;0,0;0,0;50,0;Подготовка;
20251209;02:02:39;-0,5;0,0;0,0;0,0;50,0;Подготовка;
20251209;02:02:44;-0,5;0,0;0,0;0,0;50,0;Подготовка;
20251209;02:02:49;-0,5;0,0;0,0;0,0;50,0;Подготовка;
20251209;02:02:54;-0,5;0,0;0,0;0,0;50,0;Подготовка;
20251209;02:02:59;-0,5;0,0;0,0;0,0;50,0;Подготовка;
20251209;02:03:04;-0,5;0,0;0,0;0,0;50,0;Подготовка;
20251209;02:03:09;-0,5;0,0;0,0;0,0;50,0;Подготовка;
20251209;02:03:14;-0,5;0,0;0,0;0,0;50,0;Подготовка;
20251209;02:03:19;-0,5;0,0;0,0;0,0;50,0;Подготовка;
20251209;02:03:24;-0,5;0,0;0,0;0,0;50,0;Подготовка;
20251209;02:03:29;-0,5;0,0;0,0;0,0;50,0;Подготовка;
20251209;02:03:34;-0,5;0,0;0,0;0,0;50,0;Подготовка;
20251209;02:03:39;-0,5;0,0;0,0;0,0;50,0;Подготовка;
20251209;02:03:44;-0,5;0,0;0,0;0,0;50,0;Подготовка;
20251209;02:03:49;-0,5;0,0;0,0;0,0;50,0;Подготовка;
20251209;02:03:54;-0,5;0,0;0,0;0,0;50,0;Подготовка;
20251209;02:03:59;-0,5;0,0;0,0;0,0;50,0;Подготовка;
20251209;02:04:04;-0,5;0,0;0,0;0,0;50,0;Подготовка;
20251209;02:04:09;-0,5;0,0;0,0;0,0;50,0;Подготовка;
20251209;02:04:14;-0,5;0,0;0,0;0,0;50,0;Подготовка;
20251209;02:04:19;-0,5;0,0;0,0;0,0;50,0;Подготовка;
20251209;02:04:24;-0,5;0,0;0,0;0,0;50,0;Подготовка;
20251209;02:04:29;-0,5;0,0;0,0;0,0;50,0;Подготовка;
20251209;02:04:34;-0,5;0,0;0,0;0,0;50,0;Подготовка;
20251209;02:04:40;-0,5;0,0;0,0;0,0;50,0;Подготовка;
20251209;02:04:45;-0,5;0,0;0,0;0,0;50,0;Подготовка;
20251209;02:04:50;-0,5;0,0;0,0;0,0;50,0;Подготовка;
20251209;02:04:55;-0,5;0,0;0,0;0,0;50,0;Подготовка;
20251209;02:05:00;-0,5;0,0;0,0;0,0;50,0;Подготовка;
20251209;02:05:05;-0,5;0,0;0,0;0,0;50,0;Подготовка;
20251209;02:05:10;-0,5;0,0;0,0;0,0;50,0;Подготовка;
20251209;02:05:15;-0,5;0,0;0,0;0,0;50,0;Подготовка;
20251209;02:05:20;-0,5;0,0;0,0;0,0;50,0;Подготовка;
20251209;02:05:25;-0,5;0,0;0,0;0,0;50,0;Подготовка;
20251209;02:05:30;-0,5;0,0;0,0;0,0;50,0;Подготовка;
20251209;02:05:35;-0,5;0,0;0,0;0,0;50,0;Подготовка;
20251209;02:05:40;-0,5;0,0;0,0;0,0;50,0;Подготовка;
20251209;02:05:45;-0,5;0,0;0,0;0,0;50,0;Подготовка;
20251209;02:05:50;-0,5;0,0;0,0;0,0;50,0;Подготовка;
20251209;02:05:55;-0,5;0,0;0,0;0,0;50,0;Подготовка;
20251209;02:06:00;-0,5;0,0;0,0;0,0;50,0;Подготовка;
20251209;02:06:05;-0,5;0,0;0,0;0,0;50,0;Подготовка;
20251209;02:06:10;-0,5;0,0;0,0;0,0;50,0;Подготовка;
20251209;02:06:15;-0,5;0,0;0,0;0,0;50,0;Подготовка;
20251209;02:06:20;-0,5;0,0;0,0;0,0;50,0;Подготовка;
20251209;02:06:25;-0,5;0,0;0,0;0,0;50,0;Подготовка;
20251209;02:06:30;-0,5;0,0;0,0;0,0;50,0;Подготовка;
20251209;02:06:35;-0,5;0,0;0,0;0,0;50,0;Подготовка;
20251209;02:06:40;-0,5;0,0;0,0;0,0;50,0;Подготовка;
20251209;02:06:46;-0,5;0,0;0,0;0,0;50,0;Подготовка;
20251209;02:06:51;-0,5;0,0;0,0;0,0;50,0;Подготовка;
20251209;02:06:56;-0,5;0,0;0,0;0,0;50,0;Подготовка;
20251209;02:07:01;-0,5;0,0;0,0;0,0;50,0;Подготовка;
20251209;02:07:06;-0,5;0,0;0,0;0,0;50,0;Подготовка;
20251209;02:07:11;-0,5;0,0;0,0;0,0;50,0;Подготовка;
20251209;02:07:16;-0,5;0,0;0,0;0,0;50,0;Подготовка;
20251209;02:07:21;-0,5;0,0;0,0;0,0;50,0;Подготовка;
20251209;02:07:26;-0,5;0,0;0,0;0,0;50,0;Подготовка;
20251209;02:07:31;-0,5;0,0;0,0;0,0;50,0;Подготовка;
20251209;02:07:36;-0,5;0,0;0,0;0,0;50,0;Подготовка;
20251209;02:07:41;-0,5;0,0;0,0;0,0;50,0;Подготовка;
20251209;02:07:46;-0,5;0,0;0,0;0,0;50,0;Подготовка;
20251209;02:07:51;-0,5;0,0;0,0;0,0;50,0;Подготовка;
20251209;02:07:56;-0,5;0,0;0,0;0,0;50,0;Подготовка;
20251209;02:08:01;-0,5;0,0;0,0;0,0;50,0;Подготовка;
20251209;02:08:06;-0,5;0,0;0,0;0,0;50,0;Подготовка;
20251209;02:08:11;-0,5;0,0;0,0;0,0;50,0;Подготовка;
20251209;02:08:16;-0,5;0,0;0,0;0,0;50,0;Подготовка;
20251209;02:08:21;-0,5;0,0;0,0;0,0;50,0;Подготовка;
20251209;02:08:26;-0,5;0,0;0,0;0,0;50,0;Подготовка;
20251209;02:08:31;-0,5;0,0;0,0;0,0;50,0;Подготовка;
20251209;02:08:36;-0,5;0,0;0,0;0,0;50,0;Подготовка;
20251209;02:08:41;-0,5;0,0;0,0;0,0;50,0;Подготовка;
20251209;02:08:46;-0,5;0,0;0,0;0,0;50,0;Подготовка;
20251209;02:08:52;-0,5;0,0;0,0;0,0;50,0;Подготовка;
20251209;02:08:57;-0,5;0,0;0,0;0,0;50,0;Подготовка;
20251209;02:09:02;-0,5;0,0;0,0;0,0;50,0;Подготовка;
20251209;02:09:07;-0,5;0,0;0,0;0,0;50,0;Подготовка;
20251209;02:09:12;-0,5;0,0;0,0;0,0;50,0;Подготовка;
20251209;02:09:17;-0,5;0,0;0,0;0,0;50,0;Подготовка;
20251209;02:09:22;-0,5;0,0;0,0;0,0;50,0;Подготовка;
20251209;02:09:27;-0,5;0,0;0,0;0,0;50,0;Подготовка;
20251209;02:09:32;-0,5;0,0;0,0;0,0;50,0;Подготовка;
20251209;02:09:37;-0,5;0,0;0,0;0,0;50,0;Подготовка;
20251209;02:09:42;-0,5;0,0;0,0;0,0;50,0;Подготовка;
20251209;02:09:47;-0,5;0,0;0,0;0,0;50,0;Подготовка;
20251209;02:09:52;-0,5;0,0;0,0;0,0;50,0;Подготовка;
20251209;02:09:57;-0,5;0,0;0,0;0,0;50,0;Подготовка;
20251209;02:10:02;-0,5;0,0;0,0;0,0;50,0;Подготовка;
20251209;02:10:07;-0,5;0,0;0,0;0,0;50,0;Подготовка;
20251209;02:10:12;-0,5;0,0;0,0;0,0;50,0;Подготовка;
20251209;02:10:17;-0,5;0,0;0,0;0,0;50,0;Подготовка;
20251209;02:10:22;-0,5;0,0;0,0;0,0;50,0;Подготовка;
20251209;02:10:27;-0,5;0,0;0,0;0,0;50,0;Подготовка;
20251209;02:10:32;-0,5;0,0;0,0;0,0;50,0;Подготовка;
20251209;02:10:37;-0,5;0,0;0,0;0,0;50,0;Подготовка;
20251209;02:10:42;-0,5;0,0;0,0;0,0;50,0;Подготовка;
20251209;02:10:47;-0,5;0,0;0,0;0,0;50,0;Подготовка;
20251209;02:10:52;-0,5;0,0;0,0;0,0;50,0;Подготовка;
20251209;02:10:58;-0,5;0,0;0,0;0,0;50,0;Подготовка;
20251209;02:11:03;-0,5;0,0;0,0;0,0;50,0;Подготовка;
20251209;02:11:08;-0,5;0,0;0,0;0,0;50,0;Подготовка;
20251209;02:11:13;-0,5;0,0;0,0;0,0;50,0;Подготовка;
20251209;02:11:18;-0,5;0,0;0,0;0,0;50,0;Подготовка;
20251209;02:11:23;-0,5;0,0;0,0;0,0;50,0;Подготовка;
20251209;02:11:28;-0,5;0,0;0,0;0,0;50,0;Подготовка;
20251209;02:11:33;-0,5;0,0;0,0;0,0;50,0;Подготовка;
20251209;02:11:38;-0,5;0,0;0,0;0,0;50,0;Подготовка;
20251209;02:11:43;-0,5;0,0;0,0;0,0;50,0;Подготовка;
20251209;02:11:48;-0,5;0,0;0,0;0,0;50,0;Подготовка;
20251209;02:11:53;-0,5;0,0;0,0;0,0;50,0;Подготовка;
20251209;02:11:58;-0,5;0,0;0,0;0,0;50,0;Подготовка;
20251209;02:12:03;-0,5;0,0;0,0;0,0;50,0;Подготовка;
20251209;02:12:08;-0,5;0,0;0,0;0,0;50,0;Подготовка;
20251209;02:12:13;-0,5;0,0;0,0;0,0;50,0;Подготовка;
20251209;02:12:18;-0,5;0,0;0,0;0,0;50,0;Подготовка;
20251209;02:12:23;-0,5;0,0;0,0;0,0;50,0;Подготовка;
20251209;02:12:28;-0,5;0,0;0,0;0,0;50,0;Подготовка;
20251209;02:12:33;-0,5;0,0;0,0;0,0;50,0;Подготовка;
20251209;02:12:38;-0,5;0,0;0,0;0,0;50,0;Подготовка;
20251209;02:12:43;-0,5;0,0;0,0;0,0;50,0;Подготовка;
20251209;02:12:48;-0,5;0,0;0,0;0,0;50,0;Подготовка;
20251209;02:12:53;-0,5;0,0;0,0;0,0;50,0;Подготовка;
20251209;02:12:58;-0,5;0,0;0,0;0,0;50,0;Подготовка;
20251209;02:13:04;-0,5;0,0;0,0;0,0;50,0;Подготовка;
20251209;02:13:09;-0,5;0,0;0,0;0,0;50,0;Подготовка;
20251209;02:13:14;-0,5;0,0;0,0;0,0;50,0;Подготовка;
20251209;02:13:19;-0,5;0,0;0,0;0,0;50,0;Подготовка;
20251209;02:13:24;-0,5;0,0;0,0;0,0;50,0;Подготовка;
20251209;02:13:29;-0,5;0,0;0,0;0,0;50,0;Подготовка;
20251209;02:13:34;-0,5;0,0;0,0;0,0;50,0;Подготовка;
20251209;02:13:39;-0,5;0,0;0,0;0,0;50,0;Подготовка;
20251209;02:13:44;-0,5;0,0;0,0;0,0;50,0;Подготовка;
20251209;02:13:49;-0,5;0,0;0,0;0,0;50,0;Подготовка;
20251209;02:13:54;-0,5;0,0;0,0;0,0;50,0;Подготовка;
20251209;02:13:59;-0,5;0,0;0,0;0,0;50,0;Подготовка;
20251209;02:14:04;-0,5;0,0;0,0;0,0;50,0;Подготовка;
20251209;02:14:09;-0,5;0,0;0,0;0,0;50,0;Подготовка;
20251209;02:14:14;-0,5;0,0;0,0;0,0;50,0;Подготовка;
20251209;02:14:19;-0,5;0,0;0,0;0,0;50,0;Подготовка;
20251209;02:14:24;-0,5;0,0;0,0;0,0;50,0;Подготовка;
20251209;02:14:29;-0,5;0,0;0,0;0,0;50,0;Подготовка;
20251209;02:14:34;-0,5;0,0;0,0;0,0;50,0;Подготовка;
20251209;02:14:39;-0,5;0,0;0,0;0,0;50,0;Подготовка;
20251209;02:14:44;-0,5;0,0;0,0;0,0;50,0;Подготовка;
20251209;02:14:49;-0,5;0,0;0,0;0,0;50,0;Подготовка;
20251209;02:14:54;-0,5;0,0;0,0;0,0;50,0;Подготовка;
20251209;02:14:59;-0,5;0,0;0,0;0,0;50,0;Подготовка;
20251209;02:15:04;-0,5;0,0;0,0;0,0;50,0;Подготовка;
20251209;02:15:10;-0,5;0,0;0,0;0,0;50,0;Подготовка;
20251209;02:15:15;-0,5;0,0;0,0;0,0;50,0;Подготовка;
20251209;02:15:20;-0,5;0,0;0,0;0,0;50,0;Подготовка;
20251209;02:15:25;-0,5;0,0;0,0;0,0;50,0;Подготовка;
20251209;02:15:30;-0,5;0,0;0,0;0,0;50,0;Подготовка;
20251209;02:15:35;-0,5;0,0;0,0;0,0;50,0;Подготовка;
20251209;02:15:40;-0,5;0,0;0,0;0,0;50,0;Подготовка;
20251209;02:15:45;-0,5;0,0;0,0;0,0;50,0;Подготовка;
20251209;02:15:50;-0,5;0,0;0,0;0,0;50,0;Подготовка;
20251209;02:15:55;-0,5;0,0;0,0;0,0;50,0;Подготовка;
20251209;02:16:00;-0,5;0,0;0,0;0,0;50,0;Подготовка;
20251209;02:16:05;-0,5;0,0;0,0;0,0;50,0;Подготовка;
20251209;02:16:10;-0,5;0,0;0,0;0,0;50,0;Подготовка;
20251209;02:16:15;-0,5;0,0;0,0;0,0;50,0;Подготовка;
20251209;02:16:20;-0,5;0,0;0,0;0,0;50,0;Подготовка;
20251209;02:16:25;-0,5;0,0;0,0;0,0;50,0;Подготовка;
20251209;02:16:30;-0,5;0,0;0,0;0,0;50,0;Подготовка;
20251209;02:16:35;-0,5;0,0;0,0;0,0;50,0;Подготовка;
20251209;02:16:40;-0,5;0,0;0,0;0,0;50,0;Подготовка;
20251209;02:16:45;-0,5;0,0;0,0;0,0;50,0;Подготовка;
20251209;02:16:50;-0,5;0,0;0,0;0,0;50,0;Подготовка;
20251209;02:16:55;-0,5;0,0;0,0;0,0;50,0;Подготовка;
20251209;02:17:00;-0,5;0,0;0,0;0,0;50,0;Подготовка;
20251209;02:17:05;-0,5;0,0;0,0;0,0;50,0;Подготовка;
20251209;02:17:10;-0,5;0,0;0,0;0,0;50,0;Подготовка;
20251209;02:17:16;-0,5;0,0;0,0;0,0;50,0;Подготовка;
20251209;02:17:21;-0,5;0,0;0,0;0,0;50,0;Подготовка;
20251209;02:17:26;-0,5;0,0;0,0;0,0;50,0;Подготовка;
20251209;02:17:31;-0,5;0,0;0,0;0,0;50,0;Подготовка;
20251209;02:17:36;-0,5;0,0;0,0;0,0;50,0;Подготовка;
20251209;02:17:41;-0,5;0,0;0,0;0,0;50,0;Подготовка;
20251209;02:17:46;-0,5;0,0;0,0;0,0;50,0;Подготовка;
20251209;02:17:51;-0,5;0,0;0,0;0,0;50,0;Подготовка;
20251209;02:17:56;-0,5;0,0;0,0;0,0;50,0;Подготовка;
20251209;02:18:01;-0,5;0,0;0,0;0,0;50,0;Подготовка;
20251209;02:18:06;-0,5;0,0;0,0;0,0;50,0;Подготовка;
20251209;02:18:11;-0,5;0,0;0,0;0,0;50,0;Подготовка;
20251209;02:18:16;-0,5;0,0;0,0;0,0;50,0;Подготовка;
20251209;02:18:21;-0,5;0,0;0,0;0,0;50,0;Подготовка;
20251209;02:18:26;-0,5;0,0;0,0;0,0;50,0;Подготовка;
20251209;02:18:31;-0,5;0,0;0,0;0,0;50,0;Подготовка;
20251209;02:18:36;-0,5;0,0;0,0;0,0;50,0;Подготовка;
20251209;02:18:41;-0,5;0,0;0,0;0,0;50,0;Подготовка;
20251209;02:18:46;-0,5;0,0;0,0;0,0;50,0;Подготовка;
20251209;02:18:51;-0,5;0,0;0,0;0,0;50,0;Подготовка;
20251209;02:18:56;-0,5;0,0;0,0;0,0;50,0;Подготовка;
20251209;02:19:01;-0,5;0,0;0,0;0,0;50,0;Подготовка;
20251209;02:19:06;-0,5;0,0;0,0;0,0;50,0;Подготовка;
20251209;02:19:11;-0,5;0,0;0,0;0,0;50,0;Подготовка;
20251209;02:19:16;-0,5;0,0;0,0;0,0;50,0;Подготовка;
20251209;02:19:22;-0,5;0,0;0,0;0,0;50,0;Подготовка;
20251209;02:19:27;-0,5;0,0;0,0;0,0;50,0;Подготовка;
20251209;02:19:32;-0,5;0,0;0,0;0,0;50,0;Подготовка;
20251209;02:19:37;-0,5;0,0;0,0;0,0;50,0;Подготовка;
20251209;02:19:42;-0,5;0,0;0,0;0,0;50,0;Подготовка;
20251209;02:19:47;-0,5;0,0;0,0;0,0;50,0;Подготовка;
20251209;02:19:52;-0,5;0,0;0,0;0,0;50,0;Подготовка;
20251209;02:19:57;-0,5;0,0;0,0;0,0;50,0;Подготовка;
20251209;02:20:02;-0,5;0,0;0,0;0,0;50,0;Подготовка;
20251209;02:20:07;-0,5;0,0;0,0;0,0;50,0;Подготовка;
20251209;02:20:12;-0,5;0,0;0,0;0,0;50,0;Подготовка;
20251209;02:20:17;-0,5;0,0;0,0;0,0;50,0;Подготовка;
20251209;02:20:22;-0,5;0,0;0,0;0,0;50,0;Подготовка;
20251209;02:20:27;-0,5;0,0;0,0;0,0;50,0;Подготовка;
20251209;02:20:32;-0,5;0,0;0,0;0,0;50,0;Подготовка;
20251209;02:20:37;-0,5;0,0;0,0;0,0;50,0;Подготовка;
20251209;02:20:42;-0,5;0,0;0,0;0,0;50,0;Подготовка;
20251209;02:20:47;-0,5;0,0;0,0;0,0;50,0;Подготовка;
20251209;02:20:52;-0,5;0,0;0,0;0,0;50,0;Подготовка;
20251209;02:20:57;-0,5;0,0;0,0;0,0;50,0;Подготовка;
20251209;02:21:02;-0,5;0,0;0,0;0,0;50,0;Подготовка;
20251209;02:21:07;-0,5;0,0;0,0;0,0;50,0;Подготовка;
20251209;02:21:12;-0,5;0,0;0,0;0,0;50,0;Подготовка;
20251209;02:21:17;-0,5;0,0;0,0;0,0;50,0;Подготовка;
20251209;02:21:22;-0,5;0,0;0,0;0,0;50,0;Подготовка;
20251209;02:21:28;-0,5;0,0;0,0;0,0;50,0;Подготовка;
20251209;02:21:33;-0,5;0,0;0,0;0,0;50,0;Подготовка;
20251209;02:21:38;-0,5;0,0;0,0;0,0;50,0;Подготовка;
20251209;02:21:43;-0,5;0,0;0,0;0,0;50,0;Подготовка;
20251209;02:21:48;-0,5;0,0;0,0;0,0;50,0;Подготовка;
20251209;02:21:53;-0,5;0,0;0,0;0,0;50,0;Подготовка;
20251209;02:21:58;-0,5;0,0;0,0;0,0;50,0;Подготовка;
20251209;02:22:03;-0,5;0,0;0,0;0,0;50,0;Подготовка;
20251209;02:22:08;-0,5;0,0;0,0;0,0;50,0;Подготовка;
20251209;02:22:13;-0,5;0,0;0,0;0,0;50,0;Подготовка;
20251209;02:22:18;-0,5;0,0;0,0;0,0;50,0;Подготовка;
20251209;02:22:23;-0,5;0,0;0,0;0,0;50,0;Подготовка;
20251209;02:22:28;-0,5;0,0;0,0;0,0;50,0;Подготовка;
20251209;02:22:33;-0,5;0,0;0,0;0,0;50,0;Подготовка;
20251209;02:22:38;-0,5;0,0;0,0;0,0;50,0;Подготовка;
20251209;02:22:43;-0,5;0,0;0,0;0,0;50,0;Подготовка;
20251209;02:22:48;-0,5;0,0;0,0;0,0;50,0;Подготовка;
20251209;02:22:53;-0,5;0,0;0,0;0,0;50,0;Подготовка;
20251209;02:22:58;-0,5;0,0;0,0;0,0;50,0;Подготовка;
20251209;02:23:03;-0,5;0,0;0,0;0,0;50,0;Подготовка;
20251209;02:23:08;-0,5;0,0;0,0;0,0;50,0;Подготовка;
20251209;02:23:13;-0,5;0,0;0,0;0,0;50,0;Подготовка;
20251209;02:23:18;-0,5;0,0;0,0;0,0;50,0;Подготовка;
20251209;02:23:23;-0,5;0,0;0,0;0,0;50,0;Подготовка;
20251209;02:23:28;-0,5;0,0;0,0;0,0;50,0;Подготовка;
20251209;02:23:34;-0,5;0,0;0,0;0,0;50,0;Подготовка;
20251209;02:23:39;-0,5;0,0;0,0;0,0;50,0;Подготовка;
20251209;02:23:44;-0,5;0,0;0,0;0,0;50,0;Подготовка;
20251209;02:23:49;-0,5;0,0;0,0;0,0;50,0;Подготовка;
20251209;02:23:54;-0,5;0,0;0,0;0,0;50,0;Подготовка;
20251209;02:23:59;-0,5;0,0;0,0;0,0;50,0;Подготовка;
20251209;02:24:04;-0,5;0,0;0,0;0,0;50,0;Подготовка;
20251209;02:24:09;-0,5;0,0;0,0;0,0;50,0;Подготовка;
20251209;02:24:14;-0,5;0,0;0,0;0,0;50,0;Подготовка;
20251209;02:24:19;-0,5;0,0;0,0;0,0;50,0;Подготовка;
20251209;02:24:24;-0,5;0,0;0,0;0,0;50,0;Подготовка;
20251209;02:24:29;-0,5;0,0;0,0;0,0;50,0;Подготовка;
20251209;02:24:34;-0,5;0,0;0,0;0,0;50,0;Подготовка;
20251209;02:24:39;-0,5;0,0;0,0;0,0;50,0;Подготовка;
20251209;02:24:44;-0,5;0,0;0,0;0,0;50,0;Подготовка;
20251209;02:24:49;-0,5;0,0;0,0;0,0;50,0;Подготовка;
20251209;02:24:54;-0,5;0,0;0,0;0,0;50,0;Подготовка;
20251209;02:24:59;-0,5;0,0;0,0;0,0;50,0;Подготовка;
20251209;02:25:04;-0,5;0,0;0,0;0,0;50,0;Подготовка;
20251209;02:25:09;-0,5;0,0;0,0;0,0;50,0;Подготовка;
20251209;02:25:14;-0,5;0,0;0,0;0,0;50,0;Подготовка;
20251209;02:25:19;-0,5;0,0;0,0;0,0;50,0;Подготовка;
20251209;02:25:24;-0,5;0,0;0,0;0,0;50,0;Подготовка;
20251209;02:25:29;-0,5;0,0;0,0;0,0;50,0;Подготовка;
20251209;02:25:34;-0,5;0,0;0,0;0,0;50,0;Подготовка;
20251209;02:25:40;-0,5;0,0;0,0;0,0;50,0;Подготовка;
20251209;02:25:45;-0,5;0,0;0,0;0,0;50,0;Подготовка;
20251209;02:25:50;-0,5;0,0;0,0;0,0;50,0;Подготовка;
20251209;02:25:55;-0,5;0,0;0,0;0,0;50,0;Подготовка;
20251209;02:26:00;-0,5;0,0;0,0;0,0;50,0;Подготовка;
20251209;02:26:05;-0,5;0,0;0,0;0,0;50,0;Подготовка;
20251209;02:26:10;-0,5;0,0;0,0;0,0;50,0;Подготовка;
20251209;02:26:15;-0,5;0,0;0,0;0,0;50,0;Подготовка;
20251209;02:26:20;-0,5;0,0;0,0;0,0;50,0;Подготовка;
20251209;02:26:25;-0,5;0,0;0,0;0,0;50,0;Подготовка;
20251209;02:26:30;-0,5;0,0;0,0;0,0;50,0;Подготовка;
20251209;02:26:35;-0,5;0,0;0,0;0,0;50,0;Подготовка;
20251209;02:26:40;-0,5;0,0;0,0;0,0;50,0;Подготовка;
20251209;02:26:45;-0,5;0,0;0,0;0,0;50,0;Подготовка;
20251209;02:26:50;-0,5;0,0;0,0;0,0;50,0;Подготовка;
20251209;02:26:55;-0,5;0,0;0,0;0,0;50,0;Подготовка;
20251209;02:27:00;-0,5;0,0;0,0;0,0;50,0;Подготовка;
20251209;02:27:05;-0,5;0,0;0,0;0,0;50,0;Подготовка;
20251209;02:27:10;-0,5;0,0;0,0;0,0;50,0;Подготовка;
20251209;02:27:15;-0,5;0,0;0,0;0,0;50,0;Подготовка;
20251209;02:27:20;-0,5;0,0;0,0;0,0;50,0;Подготовка;
20251209;02:27:25;-0,5;0,0;0,0;0,0;50,0;Подготовка;
20251209;02:27:30;-0,5;0,0;0,0;0,0;50,0;Подготовка;
20251209;02:27:35;-0,5;0,0;0,0;0,0;50,0;Подготовка;
20251209;02:27:40;-0,5;0,0;0,0;0,0;50,0;Подготовка;
20251209;02:27:46;-0,5;0,0;0,0;0,0;50,0;Подготовка;
20251209;02:27:51;-0,5;0,0;0,0;0,0;50,0;Подготовка;
20251209;02:27:56;-0,5;0,0;0,0;0,0;50,0;Подготовка;
20251209;02:28:01;-0,5;0,0;0,0;0,0;50,0;Подготовка;
20251209;02:28:06;-0,5;0,0;0,0;0,0;50,0;Подготовка;
20251209;02:28:11;-0,5;0,0;0,0;0,0;50,0;Подготовка;
20251209;02:28:16;-0,5;0,0;0,0;0,0;50,0;Подготовка;
20251209;02:28:21;-0,5;0,0;0,0;0,0;50,0;Подготовка;
20251209;02:28:26;-0,5;0,0;0,0;0,0;50,0;Подготовка;
20251209;02:28:31;-0,5;0,0;0,0;0,0;50,0;Подготовка;
20251209;02:28:36;-0,5;0,0;0,0;0,0;50,0;Подготовка;
20251209;02:28:41;-0,5;0,0;0,0;0,0;50,0;Подготовка;
20251209;02:28:46;-0,5;0,0;0,0;0,0;50,0;Подготовка;
20251209;02:28:51;-0,5;0,0;0,0;0,0;50,0;Подготовка;
20251209;02:28:56;-0,5;0,0;0,0;0,0;50,0;Подготовка;
20251209;02:29:01;-0,5;0,0;0,0;0,0;50,0;Подготовка;
20251209;02:29:06;-0,5;0,0;0,0;0,0;50,0;Подготовка;
20251209;02:29:11;-0,5;0,0;0,0;0,0;50,0;Подготовка;
20251209;02:29:16;-0,5;0,0;0,0;0,0;50,0;Подготовка;
20251209;02:29:21;-0,5;0,0;0,0;0,0;50,0;Подготовка;
20251209;02:29:26;-0,5;0,0;0,0;0,0;50,0;Подготовка;
20251209;02:29:31;-0,5;0,0;0,0;0,0;50,0;Подготовка;
20251209;02:29:36;-0,5;0,0;0,0;0,0;50,0;Подготовка;
20251209;02:29:41;-0,5;0,0;0,0;0,0;50,0;Подготовка;
20251209;02:29:46;-0,5;0,0;0,0;0,0;50,0;Подготовка;
20251209;02:29:52;-0,5;0,0;0,0;0,0;50,0;Подготовка;
20251209;02:29:57;-0,5;0,0;0,0;0,0;50,0;Подготовка;
20251209;02:30:02;-0,5;0,0;0,0;0,0;50,0;Подготовка;
20251209;02:30:07;-0,5;0,0;0,0;0,0;50,0;Подготовка;
20251209;02:30:12;-0,5;0,0;0,0;0,0;50,0;Подготовка;
20251209;02:30:17;-0,5;0,0;0,0;0,0;50,0;Подготовка;
20251209;02:30:22;-0,5;0,0;0,0;0,0;50,0;Подготовка;
20251209;02:30:27;-0,5;0,0;0,0;0,0;50,0;Подготовка;
20251209;02:30:32;-0,5;0,0;0,0;0,0;50,0;Подготовка;
20251209;02:30:37;-0,5;0,0;0,0;0,0;50,0;Подготовка;
20251209;02:30:42;-0,5;0,0;0,0;0,0;50,0;Подготовка;
20251209;02:30:47;-0,5;0,0;0,0;0,0;50,0;Подготовка;
20251209;02:30:52;-0,5;0,0;0,0;0,0;50,0;Подготовка;
20251209;02:30:57;-0,5;0,0;0,0;0,0;50,0;Подготовка;
20251209;02:31:02;-0,5;0,0;0,0;0,0;50,0;Подготовка;
20251209;02:31:07;-0,5;0,0;0,0;0,0;50,0;Подготовка;
20251209;02:31:12;-0,5;0,0;0,0;0,0;50,0;Подготовка;
20251209;02:31:17;-0,5;0,0;0,0;0,0;50,0;Подготовка;
20251209;02:31:22;-0,5;0,0;0,0;0,0;50,0;Подготовка;
20251209;02:31:27;-0,5;0,0;0,0;0,0;50,0;Подготовка;
20251209;02:31:32;-0,5;0,0;0,0;0,0;50,0;Подготовка;
20251209;02:31:37;-0,5;0,0;0,0;0,0;50,0;Подготовка;
20251209;02:31:42;-0,5;0,0;0,0;0,0;50,0;Подготовка;
20251209;02:31:47;-0,5;0,0;0,0;0,0;50,0;Подготовка;
20251209;02:31:52;-0,5;0,0;0,0;0,0;50,0;Подготовка;
20251209;02:31:58;-0,5;0,0;0,0;0,0;50,0;Подготовка;
20251209;02:32:03;-0,5;0,0;0,0;0,0;50,0;Подготовка;
20251209;02:32:08;-0,5;0,0;0,0;0,0;50,0;Подготовка;
20251209;02:32:13;-0,5;0,0;0,0;0,0;50,0;Подготовка;
20251209;02:32:18;-0,5;0,0;0,0;0,0;50,0;Подготовка;
20251209;02:32:23;-0,5;0,0;0,0;0,0;50,0;Подготовка;
20251209;02:32:28;-0,5;0,0;0,0;0,0;50,0;Подготовка;
20251209;02:32:33;-0,5;0,0;0,0;0,0;50,0;Подготовка;
20251209;02:32:38;-0,5;0,0;0,0;0,0;50,0;Подготовка;
20251209;02:32:43;-0,5;0,0;0,0;0,0;50,0;Подготовка;
20251209;02:32:48;-0,5;0,0;0,0;0,0;50,0;Подготовка;
20251209;02:32:53;-0,5;0,0;0,0;0,0;50,0;Подготовка;
20251209;02:32:58;-0,5;0,0;0,0;0,0;50,0;Подготовка;
20251209;02:33:03;-0,5;0,0;0,0;0,0;50,0;Подготовка;
Предприятие;
Объект;
Вид оборудования;
Дисп. наименование;
Тип;
Зав. номер;
Сер. номер;
Год выпуска;
Год ввода в эксплуатацию;
Дата отбора пробы;
Марка пробы;
Температура пробы;
DATE ;TIME ;TS_TEMP ;PROB_TEMP ;PROB_OTN_VL ;PROBE_VlAGOSOD ;SP ;STATUS ; 
20251209;02:33:20;-0,39;0,0;0,0;0,0;50,0;Включение;
20251209;02:33:25;-0,49;0,0;0,0;0,0;50,0;Включение;
20251209;02:33:30;-0,49;0,0;0,0;0,0;50,0;Подготовка;
20251209;02:33:35;-0,49;0,0;0,0;0,0;50,0;Подготовка;
20251209;02:33:40;-0,49;0,0;0,0;0,0;50,0;Подготовка;
20251209;02:33:45;-0,49;0,0;0,0;0,0;50,0;Подготовка;
20251209;02:33:50;-0,5;0,0;0,0;0,0;50,0;Подготовка;
20251209;02:33:55;-0,5;0,0;0,0;0,0;50,0;Подготовка;
20251209;02:34:00;-0,5;0,0;0,0;0,0;50,0;Подготовка;
20251209;02:34:05;-0,5;0,0;0,0;0,0;50,0;Подготовка;
20251209;02:34:10;-0,5;0,0;0,0;0,0;50,0;Подготовка;
20251209;02:34:15;-0,5;0,0;0,0;0,0;50,0;Подготовка;
20251209;02:34:21;-0,5;0,0;0,0;0,0;50,0;Подготовка;
20251209;02:34:26;-0,5;0,0;0,0;0,0;50,0;Подготовка;
20251209;02:34:31;-0,5;0,0;0,0;0,0;50,0;Подготовка;
20251209;02:34:36;-0,5;0,0;0,0;0,0;50,0;Подготовка;
20251209;02:34:41;-0,5;0,0;0,0;0,0;50,0;Подготовка;
20251209;02:34:46;-0,5;0,0;0,0;0,0;50,0;Подготовка;
20251209;02:34:51;-0,5;0,0;0,0;0,0;50,0;Подготовка;
20251209;02:34:56;-0,5;0,0;0,0;0,0;50,0;Подготовка;
20251209;02:35:01;-0,5;0,0;0,0;0,0;50,0;Подготовка;
20251209;02:35:06;-0,5;0,0;0,0;0,0;50,0;Подготовка;
20251209;02:35:11;-0,5;0,0;0,0;0,0;50,0;Подготовка;
20251209;02:35:16;-0,5;0,0;0,0;0,0;50,0;Подготовка;
20251209;02:35:21;-0,5;0,0;0,0;0,0;50,0;Подготовка;
20251209;02:35:26;-0,5;0,0;0,0;0,0;50,0;Подготовка;
20251209;02:35:31;-0,5;0,0;0,0;0,0;50,0;Подготовка;
20251209;02:35:36;-0,5;0,0;0,0;0,0;50,0;Подготовка;
20251209;02:35:41;-0,5;0,0;0,0;0,0;50,0;Подготовка;
20251209;02:35:46;-0,5;0,0;0,0;0,0;50,0;Подготовка;
20251209;02:35:51;-0,5;0,0;0,0;0,0;50,0;Подготовка;
20251209;02:35:56;-0,5;0,0;0,0;0,0;50,0;Подготовка;
20251209;02:36:01;-0,5;0,0;0,0;0,0;50,0;Подготовка;
20251209;02:36:06;-0,5;0,0;0,0;0,0;50,0;Подготовка;
20251209;02:36:11;-0,5;0,0;0,0;0,0;50,0;Подготовка;
20251209;02:36:16;-0,5;0,0;0,0;0,0;50,0;Подготовка;
20251209;02:36:21;-0,5;0,0;0,0;0,0;50,0;Подготовка;
20251209;02:36:27;-0,5;0,0;0,0;0,0;50,0;Подготовка;
20251209;02:36:32;-0,5;0,0;0,0;0,0;50,0;Подготовка;
20251209;02:36:37;-0,5;0,0;0,0;0,0;50,0;Подготовка;
20251209;02:36:42;-0,5;0,0;0,0;0,0;50,0;Подготовка;
20251209;02:36:47;-0,5;0,0;0,0;0,0;50,0;Подготовка;
20251209;02:36:52;-0,5;0,0;0,0;0,0;50,0;Подготовка;
20251209;02:36:57;-0,5;0,0;0,0;0,0;50,0;Подготовка;
20251209;02:37:02;-0,5;0,0;0,0;0,0;50,0;Подготовка;
20251209;02:37:07;-0,5;0,0;0,0;0,0;50,0;Подготовка;
20251209;02:37:12;-0,5;0,0;0,0;0,0;50,0;Подготовка;
20251209;02:37:17;-0,5;0,0;0,0;0,0;50,0;Подготовка;
20251209;02:37:22;-0,5;0,0;0,0;0,0;50,0;Подготовка;
20251209;02:37:27;-0,5;0,0;0,0;0,0;50,0;Подготовка;
20251209;02:37:32;-0,5;0,0;0,0;0,0;50,0;Подготовка;
20251209;02:37:37;-0,5;0,0;0,0;0,0;50,0;Подготовка;
20251209;02:37:42;-0,5;0,0;0,0;0,0;50,0;Подготовка;
20251209;02:37:47;-0,5;0,0;0,0;0,0;50,0;Подготовка;
20251209;02:37:52;-0,5;0,0;0,0;0,0;50,0;Подготовка;
20251209;02:37:57;-0,5;0,0;0,0;0,0;50,0;Подготовка;
20251209;02:38:02;-0,5;0,0;0,0;0,0;50,0;Подготовка;
20251209;02:38:07;-0,5;0,0;0,0;0,0;50,0;Подготовка;
20251209;02:38:12;-0,5;0,0;0,0;0,0;50,0;Подготовка;
20251209;02:38:17;-0,5;0,0;0,0;0,0;50,0;Подготовка;
20251209;02:38:22;-0,5;0,0;0,0;0,0;50,0;Подготовка;
20251209;02:38:27;-0,5;0,0;0,0;0,0;50,0;Подготовка;
20251209;02:38:33;-0,5;0,0;0,0;0,0;50,0;Подготовка;
20251209;02:38:38;-0,5;0,0;0,0;0,0;50,0;Подготовка;
20251209;02:38:43;-0,5;0,0;0,0;0,0;50,0;Подготовка;
20251209;02:38:48;-0,5;0,0;0,0;0,0;50,0;Подготовка;
20251209;02:38:53;-0,5;0,0;0,0;0,0;50,0;Подготовка;
20251209;02:38:58;-0,5;0,0;0,0;0,0;50,0;Подготовка;
20251209;02:39:03;-0,5;0,0;0,0;0,0;50,0;Подготовка;
20251209;02:39:08;-0,5;0,0;0,0;0,0;50,0;Подготовка;
20251209;02:39:13;-0,5;0,0;0,0;0,0;50,0;Подготовка;
20251209;02:39:18;-0,5;0,0;0,0;0,0;50,0;Подготовка;
20251209;02:39:23;-0,5;0,0;0,0;0,0;50,0;Подготовка;
20251209;02:39:28;-0,5;0,0;0,0;0,0;50,0;Подготовка;
20251209;02:39:33;-0,5;0,0;0,0;0,0;50,0;Подготовка;
20251209;02:39:38;-0,5;0,0;0,0;0,0;50,0;Подготовка;
20251209;02:39:43;-0,5;0,0;0,0;0,0;50,0;Подготовка;
20251209;02:39:48;-0,5;0,0;0,0;0,0;50,0;Подготовка;
20251209;02:39:53;-0,5;0,0;0,0;0,0;50,0;Подготовка;
20251209;02:39:58;-0,5;0,0;0,0;0,0;50,0;Подготовка;
20251209;02:40:03;-0,5;0,0;0,0;0,0;50,0;Подготовка;
20251209;02:40:08;-0,5;0,0;0,0;0,0;50,0;Подготовка;
20251209;02:40:13;-0,5;0,0;0,0;0,0;50,0;Подготовка;
20251209;02:40:18;-0,5;0,0;0,0;0,0;50,0;Подготовка;
20251209;02:40:23;-0,5;0,0;0,0;0,0;50,0;Подготовка;
20251209;02:40:28;-0,5;0,0;0,0;0,0;50,0;Подготовка;
20251209;02:40:33;-0,5;0,0;0,0;0,0;50,0;Подготовка;
20251209;02:40:39;-0,5;0,0;0,0;0,0;50,0;Подготовка;
20251209;02:40:44;-0,5;0,0;0,0;0,0;50,0;Подготовка;
20251209;02:40:49;-0,5;0,0;0,0;0,0;50,0;Подготовка;
20251209;02:40:54;-0,5;0,0;0,0;0,0;50,0;Подготовка;
20251209;02:40:59;-0,5;0,0;0,0;0,0;50,0;Подготовка;
20251209;02:41:04;-0,5;0,0;0,0;0,0;50,0;Подготовка;
20251209;02:41:09;-0,5;0,0;0,0;0,0;50,0;Подготовка;
20251209;02:41:14;-0,5;0,0;0,0;0,0;50,0;Подготовка;
20251209;02:41:19;-0,5;0,0;0,0;0,0;50,0;Подготовка;
20251209;02:41:24;-0,5;0,0;0,0;0,0;50,0;Подготовка;
20251209;02:41:29;-0,5;0,0;0,0;0,0;50,0;Подготовка;
20251209;02:41:34;-0,5;0,0;0,0;0,0;50,0;Подготовка;
20251209;02:41:39;-0,5;0,0;0,0;0,0;50,0;Подготовка;
20251209;02:41:44;-0,5;0,0;0,0;0,0;50,0;Подготовка;
20251209;02:41:49;-0,5;0,0;0,0;0,0;50,0;Подготовка;
20251209;02:41:54;-0,5;0,0;0,0;0,0;50,0;Подготовка;
20251209;02:41:59;-0,5;0,0;0,0;0,0;50,0;Подготовка;
20251209;02:42:04;-0,5;0,0;0,0;0,0;50,0;Подготовка;
20251209;02:42:09;-0,5;0,0;0,0;0,0;50,0;Подготовка;
20251209;02:42:14;-0,5;0,0;0,0;0,0;50,0;Подготовка;
20251209;02:42:19;-0,5;0,0;0,0;0,0;50,0;Подготовка;
20251209;02:42:24;-0,5;0,0;0,0;0,0;50,0;Подготовка;
20251209;02:42:29;-0,5;0,0;0,0;0,0;50,0;Подготовка;
20251209;02:42:34;-0,5;0,0;0,0;0,0;50,0;Подготовка;
20251209;02:42:39;-0,5;0,0;0,0;0,0;50,0;Подготовка;
20251209;02:42:45;-0,5;0,0;0,0;0,0;50,0;Подготовка;
20251209;02:42:50;-0,5;0,0;0,0;0,0;50,0;Подготовка;
20251209;02:42:55;-0,5;0,0;0,0;0,0;50,0;Подготовка;
20251209;02:43:00;-0,5;0,0;0,0;0,0;50,0;Подготовка;
20251209;02:43:05;-0,5;0,0;0,0;0,0;50,0;Подготовка;
20251209;02:43:10;-0,5;0,0;0,0;0,0;50,0;Подготовка;
20251209;02:43:15;-0,5;0,0;0,0;0,0;50,0;Подготовка;
20251209;02:43:20;-0,5;0,0;0,0;0,0;50,0;Подготовка;
20251209;02:43:25;-0,5;0,0;0,0;0,0;50,0;Подготовка;
20251209;02:43:30;-0,5;0,0;0,0;0,0;50,0;Подготовка;
20251209;02:43:35;-0,5;0,0;0,0;0,0;50,0;Подготовка;
20251209;02:43:40;-0,5;0,0;0,0;0,0;50,0;Подготовка;
20251209;02:43:45;-0,5;0,0;0,0;0,0;50,0;Подготовка;
20251209;02:43:50;-0,5;0,0;0,0;0,0;50,0;Подготовка;
20251209;02:43:55;-0,5;0,0;0,0;0,0;50,0;Подготовка;
20251209;02:44:00;-0,5;0,0;0,0;0,0;50,0;Подготовка;
20251209;02:44:05;-0,5;0,0;0,0;0,0;50,0;Подготовка;
20251209;02:44:10;-0,5;0,0;0,0;0,0;50,0;Подготовка;
20251209;02:44:15;-0,5;0,0;0,0;0,0;50,0;Подготовка;
20251209;02:44:20;-0,5;0,0;0,0;0,0;50,0;Подготовка;
20251209;02:44:25;-0,5;0,0;0,0;0,0;50,0;Подготовка;
20251209;02:44:30;-0,5;0,0;0,0;0,0;50,0;Подготовка;
20251209;02:44:35;-0,5;0,0;0,0;0,0;50,0;Подготовка;
20251209;02:44:40;-0,5;0,0;0,0;0,0;50,0;Подготовка;
20251209;02:44:45;-0,5;0,0;0,0;0,0;50,0;Подготовка;
20251209;02:44:51;-0,5;0,0;0,0;0,0;50,0;Подготовка;
20251209;02:44:56;-0,5;0,0;0,0;0,0;50,0;Подготовка;
20251209;02:45:01;-0,5;0,0;0,0;0,0;50,0;Подготовка;
20251209;02:45:06;-0,5;0,0;0,0;0,0;50,0;Подготовка;
20251209;02:45:11;-0,5;0,0;0,0;0,0;50,0;Подготовка;
20251209;02:45:16;-0,5;0,0;0,0;0,0;50,0;Подготовка;
20251209;02:45:21;-0,5;0,0;0,0;0,0;50,0;Подготовка;
20251209;02:45:26;-0,5;0,0;0,0;0,0;50,0;Подготовка;
20251209;02:45:31;-0,5;0,0;0,0;0,0;50,0;Подготовка;
20251209;02:45:36;-0,5;0,0;0,0;0,0;50,0;Подготовка;
20251209;02:45:41;-0,5;0,0;0,0;0,0;50,0;Подготовка;
20251209;02:45:46;-0,5;0,0;0,0;0,0;50,0;Подготовка;
20251209;02:45:51;-0,5;0,0;0,0;0,0;50,0;Подготовка;
20251209;02:45:56;-0,5;0,0;0,0;0,0;50,0;Подготовка;
20251209;02:46:01;-0,5;0,0;0,0;0,0;50,0;Подготовка;
20251209;02:46:06;-0,5;0,0;0,0;0,0;50,0;Подготовка;
20251209;02:46:11;-0,5;0,0;0,0;0,0;50,0;Подготовка;
20251209;02:46:16;-0,5;0,0;0,0;0,0;50,0;Подготовка;
20251209;02:46:21;-0,5;0,0;0,0;0,0;50,0;Подготовка;
20251209;02:46:26;-0,5;0,0;0,0;0,0;50,0;Подготовка;
20251209;02:46:31;-0,5;0,0;0,0;0,0;50,0;Подготовка;
20251209;02:46:36;-0,5;0,0;0,0;0,0;50,0;Подготовка;
20251209;02:46:41;-0,5;0,0;0,0;0,0;50,0;Подготовка;
20251209;02:46:46;-0,5;0,0;0,0;0,0;50,0;Подготовка;
20251209;02:46:51;-0,5;0,0;0,0;0,0;50,0;Подготовка;
20251209;02:46:57;-0,5;0,0;0,0;0,0;50,0;Подготовка;
20251209;02:47:02;-0,5;0,0;0,0;0,0;50,0;Подготовка;
20251209;02:47:07;-0,5;0,0;0,0;0,0;50,0;Подготовка;
20251209;02:47:12;-0,5;0,0;0,0;0,0;50,0;Подготовка;
20251209;02:47:17;-0,5;0,0;0,0;0,0;50,0;Подготовка;
20251209;02:47:22;-0,5;0,0;0,0;0,0;50,0;Подготовка;
20251209;02:47:27;-0,5;0,0;0,0;0,0;50,0;Подготовка;
20251209;02:47:32;-0,5;0,0;0,0;0,0;50,0;Подготовка;
20251209;02:47:37;-0,5;0,0;0,0;0,0;50,0;Подготовка;
20251209;02:47:42;-0,5;0,0;0,0;0,0;50,0;Подготовка;
20251209;02:47:47;-0,5;0,0;0,0;0,0;50,0;Подготовка;
20251209;02:47:52;-0,5;0,0;0,0;0,0;50,0;Подготовка;
20251209;02:47:57;-0,5;0,0;0,0;0,0;50,0;Подготовка;
20251209;02:48:02;-0,5;0,0;0,0;0,0;50,0;Подготовка;
20251209;02:48:07;-0,5;0,0;0,0;0,0;50,0;Подготовка;
20251209;02:48:12;-0,5;0,0;0,0;0,0;50,0;Подготовка;
20251209;02:48:17;-0,5;0,0;0,0;0,0;50,0;Подготовка;
20251209;02:48:22;-0,5;0,0;0,0;0,0;50,0;Подготовка;
20251209;02:48:27;-0,5;0,0;0,0;0,0;50,0;Подготовка;
20251209;02:48:32;-0,5;0,0;0,0;0,0;50,0;Подготовка;
20251209;02:48:37;-0,5;0,0;0,0;0,0;50,0;Подготовка;
20251209;02:48:42;-0,5;0,0;0,0;0,0;50,0;Подготовка;
20251209;02:48:47;-0,5;0,0;0,0;0,0;50,0;Подготовка;
20251209;02:48:52;-0,5;0,0;0,0;0,0;50,0;Подготовка;
20251209;02:48:57;-0,5;0,0;0,0;0,0;50,0;Подготовка;
20251209;02:49:03;-0,5;0,0;0,0;0,0;50,0;Подготовка;
20251209;02:49:08;-0,5;0,0;0,0;0,0;50,0;Подготовка;
20251209;02:49:13;-0,5;0,0;0,0;0,0;50,0;Подготовка;
20251209;02:49:18;-0,5;0,0;0,0;0,0;50,0;Подготовка;
20251209;02:49:23;-0,5;0,0;0,0;0,0;50,0;Подготовка;
20251209;02:49:28;-0,5;0,0;0,0;0,0;50,0;Подготовка;
20251209;02:49:33;-0,5;0,0;0,0;0,0;50,0;Подготовка;
20251209;02:49:38;-0,5;0,0;0,0;0,0;50,0;Подготовка;
20251209;02:49:43;-0,5;0,0;0,0;0,0;50,0;Подготовка;
20251209;02:49:48;-0,5;0,0;0,0;0,0;50,0;Подготовка;
20251209;02:49:53;-0,5;0,0;0,0;0,0;50,0;Подготовка;
20251209;02:49:58;-0,5;0,0;0,0;0,0;50,0;Подготовка;
20251209;02:50:03;-0,5;0,0;0,0;0,0;50,0;Подготовка;
20251209;02:50:08;-0,5;0,0;0,0;0,0;50,0;Подготовка;
20251209;02:50:13;-0,5;0,0;0,0;0,0;50,0;Подготовка;
20251209;02:50:18;-0,5;0,0;0,0;0,0;50,0;Подготовка;
20251209;02:50:23;-0,5;0,0;0,0;0,0;50,0;Подготовка;
20251209;02:50:28;-0,5;0,0;0,0;0,0;50,0;Подготовка;
20251209;02:50:33;-0,5;0,0;0,0;0,0;50,0;Подготовка;
20251209;02:50:38;-0,5;0,0;0,0;0,0;50,0;Подготовка;
20251209;02:50:43;-0,5;0,0;0,0;0,0;50,0;Подготовка;
20251209;02:50:48;-0,5;0,0;0,0;0,0;50,0;Подготовка;
20251209;02:50:53;-0,5;0,0;0,0;0,0;50,0;Подготовка;
20251209;02:50:58;-0,5;0,0;0,0;0,0;50,0;Подготовка;
20251209;02:51:03;-0,5;0,0;0,0;0,0;50,0;Подготовка;
20251209;02:51:09;-0,5;0,0;0,0;0,0;50,0;Подготовка;
20251209;02:51:14;-0,5;0,0;0,0;0,0;50,0;Подготовка;
20251209;02:51:19;-0,5;0,0;0,0;0,0;50,0;Подготовка;
20251209;02:51:24;-0,5;0,0;0,0;0,0;50,0;Подготовка;
20251209;02:51:29;-0,5;0,0;0,0;0,0;50,0;Подготовка;
20251209;02:51:34;-0,5;0,0;0,0;0,0;50,0;Подготовка;
20251209;02:51:39;-0,5;0,0;0,0;0,0;50,0;Подготовка;
20251209;02:51:44;-0,5;0,0;0,0;0,0;50,0;Подготовка;
20251209;02:51:49;-0,5;0,0;0,0;0,0;50,0;Подготовка;
20251209;02:51:54;-0,5;0,0;0,0;0,0;50,0;Подготовка;
20251209;02:51:59;-0,5;0,0;0,0;0,0;50,0;Подготовка;
20251209;02:52:04;-0,5;0,0;0,0;0,0;50,0;Подготовка;
20251209;02:52:09;-0,5;0,0;0,0;0,0;50,0;Подготовка;
20251209;02:52:14;-0,5;0,0;0,0;0,0;50,0;Подготовка;
20251209;02:52:19;-0,5;0,0;0,0;0,0;50,0;Подготовка;
20251209;02:52:24;-0,5;0,0;0,0;0,0;50,0;Подготовка;
20251209;02:52:29;-0,5;0,0;0,0;0,0;50,0;Подготовка;
20251209;02:52:34;-0,5;0,0;0,0;0,0;50,0;Подготовка;
20251209;02:52:39;-0,5;0,0;0,0;0,0;50,0;Подготовка;
20251209;02:52:44;-0,5;0,0;0,0;0,0;50,0;Подготовка;
20251209;02:52:49;-0,5;0,0;0,0;0,0;50,0;Подготовка;
20251209;02:52:54;-0,5;0,0;0,0;0,0;50,0;Подготовка;
20251209;02:52:59;-0,5;0,0;0,0;0,0;50,0;Подготовка;
20251209;02:53:04;-0,5;0,0;0,0;0,0;50,0;Подготовка;
20251209;02:53:09;-0,5;0,0;0,0;0,0;50,0;Подготовка;
20251209;02:53:15;-0,5;0,0;0,0;0,0;50,0;Подготовка;
20251209;02:53:20;-0,5;0,0;0,0;0,0;50,0;Подготовка;
20251209;02:53:25;-0,5;0,0;0,0;0,0;50,0;Подготовка;
20251209;02:53:30;-0,5;0,0;0,0;0,0;50,0;Подготовка;
20251209;02:53:35;-0,5;0,0;0,0;0,0;50,0;Подготовка;
20251209;02:53:40;-0,5;0,0;0,0;0,0;50,0;Подготовка;
20251209;02:53:45;-0,5;0,0;0,0;0,0;50,0;Подготовка;
20251209;02:53:50;-0,5;0,0;0,0;0,0;50,0;Подготовка;
20251209;02:53:55;-0,5;0,0;0,0;0,0;50,0;Подготовка;
20251209;02:54:00;-0,5;0,0;0,0;0,0;50,0;Подготовка;
20251209;02:54:05;-0,5;0,0;0,0;0,0;50,0;Подготовка;
20251209;02:54:10;-0,5;0,0;0,0;0,0;50,0;Подготовка;
20251209;02:54:15;-0,5;0,0;0,0;0,0;50,0;Подготовка;
20251209;02:54:20;-0,5;0,0;0,0;0,0;50,0;Подготовка;
20251209;02:54:25;-0,5;0,0;0,0;0,0;50,0;Подготовка;
20251209;02:54:30;-0,5;0,0;0,0;0,0;50,0;Подготовка;
20251209;02:54:35;-0,5;0,0;0,0;0,0;50,0;Подготовка;
20251209;02:54:40;-0,5;0,0;0,0;0,0;50,0;Подготовка;
20251209;02:54:45;-0,5;0,0;0,0;0,0;50,0;Подготовка;
20251209;02:54:50;-0,5;0,0;0,0;0,0;50,0;Подготовка;
20251209;02:54:55;-0,5;0,0;0,0;0,0;50,0;Подготовка;
20251209;02:55:00;-0,5;0,0;0,0;0,0;50,0;Подготовка;
20251209;02:55:05;-0,5;0,0;0,0;0,0;50,0;Подготовка;
20251209;02:55:10;-0,5;0,0;0,0;0,0;50,0;Подготовка;
20251209;02:55:15;-0,5;0,0;0,0;0,0;50,0;Подготовка;
20251209;02:55:21;-0,5;0,0;0,0;0,0;50,0;Подготовка;
20251209;02:55:26;-0,5;0,0;0,0;0,0;50,0;Подготовка;
20251209;02:55:31;-0,5;0,0;0,0;0,0;50,0;Подготовка;
20251209;02:55:36;-0,5;0,0;0,0;0,0;50,0;Подготовка;
20251209;02:55:41;-0,5;0,0;0,0;0,0;50,0;Подготовка;
20251209;02:55:46;-0,5;0,0;0,0;0,0;50,0;Подготовка;
20251209;02:55:51;-0,5;0,0;0,0;0,0;50,0;Подготовка;
20251209;02:55:56;-0,5;0,0;0,0;0,0;50,0;Подготовка;
20251209;02:56:01;-0,5;0,0;0,0;0,0;50,0;Подготовка;
20251209;02:56:06;-0,5;0,0;0,0;0,0;50,0;Подготовка;
20251209;02:56:11;-0,5;0,0;0,0;0,0;50,0;Подготовка;
20251209;02:56:16;-0,5;0,0;0,0;0,0;50,0;Подготовка;
20251209;02:56:21;-0,5;0,0;0,0;0,0;50,0;Подготовка;
20251209;02:56:26;-0,5;0,0;0,0;0,0;50,0;Подготовка;
20251209;02:56:31;-0,5;0,0;0,0;0,0;50,0;Подготовка;
20251209;02:56:36;-0,5;0,0;0,0;0,0;50,0;Подготовка;
20251209;02:56:41;-0,5;0,0;0,0;0,0;50,0;Подготовка;
20251209;02:56:46;-0,5;0,0;0,0;0,0;50,0;Подготовка;
20251209;02:56:51;-0,5;0,0;0,0;0,0;50,0;Подготовка;
20251209;02:56:56;-0,5;0,0;0,0;0,0;50,0;Подготовка;
20251209;02:57:01;-0,5;0,0;0,0;0,0;50,0;Подготовка;
20251209;02:57:06;-0,5;0,0;0,0;0,0;50,0;Подготовка;
20251209;02:57:11;-0,5;0,0;0,0;0,0;50,0;Подготовка;
20251209;02:57:16;-0,5;0,0;0,0;0,0;50,0;Подготовка;
20251209;02:57:21;-0,5;0,0;0,0;0,0;50,0;Подготовка;
20251209;02:57:27;-0,5;0,0;0,0;0,0;50,0;Подготовка;
20251209;02:57:32;-0,5;0,0;0,0;0,0;50,0;Подготовка;
20251209;02:57:37;-0,5;0,0;0,0;0,0;50,0;Подготовка;
20251209;02:57:42;-0,5;0,0;0,0;0,0;50,0;Подготовка;
20251209;02:57:47;-0,5;0,0;0,0;0,0;50,0;Подготовка;
20251209;02:57:52;-0,5;0,0;0,0;0,0;50,0;Подготовка;
20251209;02:57:57;-0,5;0,0;0,0;0,0;50,0;Подготовка;
20251209;02:58:02;-0,5;0,0;0,0;0,0;50,0;Подготовка;
20251209;02:58:07;-0,5;0,0;0,0;0,0;50,0;Подготовка;
20251209;02:58:12;-0,5;0,0;0,0;0,0;50,0;Подготовка;
20251209;02:58:17;-0,5;0,0;0,0;0,0;50,0;Подготовка;
20251209;02:58:22;-0,5;0,0;0,0;0,0;50,0;Подготовка;
20251209;02:58:27;-0,5;0,0;0,0;0,0;50,0;Подготовка;
20251209;02:58:32;-0,5;0,0;0,0;0,0;50,0;Подготовка;
20251209;02:58:37;-0,5;0,0;0,0;0,0;50,0;Подготовка;
20251209;02:58:42;-0,5;0,0;0,0;0,0;50,0;Подготовка;
20251209;02:58:47;-0,5;0,0;0,0;0,0;50,0;Подготовка;
20251209;02:58:52;-0,5;0,0;0,0;0,0;50,0;Подготовка;
20251209;02:58:57;-0,5;0,0;0,0;0,0;50,0;Подготовка;
20251209;02:59:02;-0,5;0,0;0,0;0,0;50,0;Подготовка;
20251209;02:59:07;-0,5;0,0;0,0;0,0;50,0;Подготовка;
20251209;02:59:12;-0,5;0,0;0,0;0,0;50,0;Подготовка;
20251209;02:59:17;-0,5;0,0;0,0;0,0;50,0;Подготовка;
20251209;02:59:22;-0,5;0,0;0,0;0,0;50,0;Подготовка;
20251209;02:59:27;-0,5;0,0;0,0;0,0;50,0;Подготовка;
20251209;02:59:33;-0,5;0,0;0,0;0,0;50,0;Подготовка;
20251209;02:59:38;-0,5;0,0;0,0;0,0;50,0;Подготовка;
20251209;02:59:43;-0,5;0,0;0,0;0,0;50,0;Подготовка;
20251209;02:59:48;-0,5;0,0;0,0;0,0;50,0;Подготовка;
20251209;02:59:53;-0,5;0,0;0,0;0,0;50,0;Подготовка;
20251209;02:59:58;-0,5;0,0;0,0;0,0;50,0;Подготовка;
20251209;03:00:03;-0,5;0,0;0,0;0,0;50,0;Подготовка;
20251209;03:00:08;-0,5;0,0;0,0;0,0;50,0;Подготовка;
20251209;03:00:13;-0,5;0,0;0,0;0,0;50,0;Подготовка;
20251209;03:00:18;-0,5;0,0;0,0;0,0;50,0;Подготовка;
20251209;03:00:23;-0,5;0,0;0,0;0,0;50,0;Подготовка;
20251209;03:00:28;-0,5;0,0;0,0;0,0;50,0;Подготовка;
20251209;03:00:33;-0,5;0,0;0,0;0,0;50,0;Подготовка;
20251209;03:00:38;-0,5;0,0;0,0;0,0;50,0;Подготовка;
20251209;03:00:43;-0,5;0,0;0,0;0,0;50,0;Подготовка;
20251209;03:00:48;-0,5;0,0;0,0;0,0;50,0;Подготовка;
20251209;03:00:53;-0,5;0,0;0,0;0,0;50,0;Подготовка;
20251209;03:00:58;-0,5;0,0;0,0;0,0;50,0;Подготовка;
20251209;03:01:03;-0,5;0,0;0,0;0,0;50,0;Подготовка;
20251209;03:01:08;-0,5;0,0;0,0;0,0;50,0;Подготовка;
20251209;03:01:13;-0,5;0,0;0,0;0,0;50,0;Подготовка;
20251209;03:01:18;-0,5;0,0;0,0;0,0;50,0;Подготовка;
20251209;03:01:23;-0,5;0,0;0,0;0,0;50,0;Подготовка;
20251209;03:01:28;-0,5;0,0;0,0;0,0;50,0;Подготовка;
20251209;03:01:33;-0,5;0,0;0,0;0,0;50,0;Подготовка;
20251209;03:01:39;-0,5;0,0;0,0;0,0;50,0;Подготовка;
20251209;03:01:44;-0,5;0,0;0,0;0,0;50,0;Подготовка;
20251209;03:01:49;-0,5;0,0;0,0;0,0;50,0;Подготовка;
20251209;03:01:54;-0,5;0,0;0,0;0,0;50,0;Подготовка;
20251209;03:01:59;-0,5;0,0;0,0;0,0;50,0;Подготовка;
20251209;03:02:04;-0,5;0,0;0,0;0,0;50,0;Подготовка;
20251209;03:02:09;-0,5;0,0;0,0;0,0;50,0;Подготовка;
20251209;03:02:14;-0,5;0,0;0,0;0,0;50,0;Подготовка;
20251209;03:02:19;-0,5;0,0;0,0;0,0;50,0;Подготовка;
20251209;03:02:24;-0,5;0,0;0,0;0,0;50,0;Подготовка;
20251209;03:02:29;-0,5;0,0;0,0;0,0;50,0;Подготовка;
20251209;03:02:34;-0,5;0,0;0,0;0,0;50,0;Подготовка;
20251209;03:02:39;-0,5;0,0;0,0;0,0;50,0;Подготовка;
20251209;03:02:44;-0,5;0,0;0,0;0,0;50,0;Подготовка;
20251209;03:02:49;-0,5;0,0;0,0;0,0;50,0;Подготовка;
20251209;03:02:54;-0,5;0,0;0,0;0,0;50,0;Подготовка;
20251209;03:02:59;-0,5;0,0;0,0;0,0;50,0;Подготовка;
20251209;03:03:04;-0,5;0,0;0,0;0,0;50,0;Подготовка;
20251209;03:03:09;-0,5;0,0;0,0;0,0;50,0;Подготовка;
20251209;03:03:14;-0,5;0,0;0,0;0,0;50,0;Подготовка;
20251209;03:03:19;-0,5;0,0;0,0;0,0;50,0;Подготовка;
20251209;03:03:24;-0,5;0,0;0,0;0,0;50,0;Подготовка;
20251209;03:03:29;-0,5;0,0;0,0;0,0;50,0;Подготовка;
20251209;03:03:34;-0,5;0,0;0,0;0,0;50,0;Подготовка;
20251209;03:03:39;-0,5;0,0;0,0;0,0;50,0;Подготовка;
20251209;03:03:45;-0,5;0,0;0,0;0,0;50,0;Подготовка;
20251209;03:03:50;-0,5;0,0;0,0;0,0;50,0;Подготовка;
20251209;03:03:55;-0,5;0,0;0,0;0,0;50,0;Подготовка;
20251209;03:04:00;-0,5;0,0;0,0;0,0;50,0;Подготовка;
20251209;03:04:05;-0,5;0,0;0,0;0,0;50,0;Подготовка;
20251209;03:04:10;-0,5;0,0;0,0;0,0;50,0;Подготовка;
20251209;03:04:15;-0,5;0,0;0,0;0,0;50,0;Подготовка;
20251209;03:04:20;-0,5;0,0;0,0;0,0;50,0;Подготовка;
20251209;03:04:25;-0,5;0,0;0,0;0,0;50,0;Подготовка;
20251209;03:04:30;-0,5;0,0;0,0;0,0;50,0;Подготовка;
20251209;03:04:35;-0,5;0,0;0,0;0,0;50,0;Подготовка;
20251209;03:04:40;-0,5;0,0;0,0;0,0;50,0;Подготовка;
20251209;03:04:45;-0,5;0,0;0,0;0,0;50,0;Подготовка;
20251209;03:04:50;-0,5;0,0;0,0;0,0;50,0;Подготовка;
20251209;03:04:55;-0,5;0,0;0,0;0,0;50,0;Подготовка;
20251209;03:05:00;-0,5;0,0;0,0;0,0;50,0;Подготовка;
20251209;03:05:05;-0,5;0,0;0,0;0,0;50,0;Подготовка;
20251209;03:05:10;-0,5;0,0;0,0;0,0;50,0;Подготовка;
20251209;03:05:15;-0,5;0,0;0,0;0,0;50,0;Подготовка;
20251209;03:05:20;-0,5;0,0;0,0;0,0;50,0;Подготовка;
20251209;03:05:25;-0,5;0,0;0,0;0,0;50,0;Подготовка;
20251209;03:05:30;-0,5;0,0;0,0;0,0;50,0;Подготовка;
20251209;03:05:35;-0,5;0,0;0,0;0,0;50,0;Подготовка;
20251209;03:05:40;-0,5;0,0;0,0;0,0;50,0;Подготовка;
20251209;03:05:45;-0,5;0,0;0,0;0,0;50,0;Подготовка;
20251209;03:05:51;-0,5;0,0;0,0;0,0;50,0;Подготовка;
20251209;03:05:56;-0,5;0,0;0,0;0,0;50,0;Подготовка;
20251209;03:06:01;-0,5;0,0;0,0;0,0;50,0;Подготовка;
20251209;03:06:06;-0,5;0,0;0,0;0,0;50,0;Подготовка;
20251209;03:06:11;-0,5;0,0;0,0;0,0;50,0;Подготовка;
20251209;03:06:16;-0,5;0,0;0,0;0,0;50,0;Подготовка;
20251209;03:06:21;-0,5;0,0;0,0;0,0;50,0;Подготовка;
20251209;03:06:26;-0,5;0,0;0,0;0,0;50,0;Подготовка;
20251209;03:06:31;-0,5;0,0;0,0;0,0;50,0;Подготовка;
20251209;03:06:36;-0,5;0,0;0,0;0,0;50,0;Подготовка;
20251209;03:06:41;-0,5;0,0;0,0;0,0;50,0;Подготовка;
20251209;03:06:46;-0,5;0,0;0,0;0,0;50,0;Подготовка;
20251209;03:06:51;-0,5;0,0;0,0;0,0;50,0;Подготовка;
20251209;03:06:56;-0,5;0,0;0,0;0,0;50,0;Подготовка;
20251209;03:07:01;-0,5;0,0;0,0;0,0;50,0;Подготовка;
20251209;03:07:06;-0,5;0,0;0,0;0,0;50,0;Подготовка;
20251209;03:07:11;-0,5;0,0;0,0;0,0;50,0;Подготовка;
20251209;03:07:16;-0,5;0,0;0,0;0,0;50,0;Подготовка;
20251209;03:07:21;-0,5;0,0;0,0;0,0;50,0;Подготовка;
20251209;03:07:26;-0,5;0,0;0,0;0,0;50,0;Подготовка;
20251209;03:07:31;-0,5;0,0;0,0;0,0;50,0;Подготовка;
20251209;03:07:36;-0,5;0,0;0,0;0,0;50,0;Подготовка;
20251209;03:07:41;-0,5;0,0;0,0;0,0;50,0;Подготовка;
20251209;03:07:46;-0,5;0,0;0,0;0,0;50,0;Подготовка;
20251209;03:07:51;-0,5;0,0;0,0;0,0;50,0;Подготовка;
20251209;03:07:57;-0,5;0,0;0,0;0,0;50,0;Подготовка;
20251209;03:08:02;-0,5;0,0;0,0;0,0;50,0;Подготовка;
20251209;03:08:07;-0,5;0,0;0,0;0,0;50,0;Подготовка;
20251209;03:08:12;-0,5;0,0;0,0;0,0;50,0;Подготовка;
20251209;03:08:17;-0,5;0,0;0,0;0,0;50,0;Подготовка;
20251209;03:08:22;-0,5;0,0;0,0;0,0;50,0;Подготовка;
20251209;03:08:27;-0,5;0,0;0,0;0,0;50,0;Подготовка;
20251209;03:08:32;-0,5;0,0;0,0;0,0;50,0;Подготовка;
20251209;03:08:37;-0,5;0,0;0,0;0,0;50,0;Подготовка;
20251209;03:08:42;-0,5;0,0;0,0;0,0;50,0;Подготовка;
20251209;03:08:47;-0,5;0,0;0,0;0,0;50,0;Подготовка;
20251209;03:08:52;-0,5;0,0;0,0;0,0;50,0;Подготовка;
20251209;03:08:57;-0,5;0,0;0,0;0,0;50,0;Подготовка;
20251209;03:09:02;-0,5;0,0;0,0;0,0;50,0;Подготовка;
20251209;03:09:07;-0,5;0,0;0,0;0,0;50,0;Подготовка;
20251209;03:09:12;-0,5;0,0;0,0;0,0;50,0;Подготовка;
20251209;03:09:17;-0,5;0,0;0,0;0,0;50,0;Подготовка;
20251209;03:09:22;-0,5;0,0;0,0;0,0;50,0;Подготовка;
20251209;03:09:27;-0,5;0,0;0,0;0,0;50,0;Подготовка;
20251209;03:09:32;-0,5;0,0;0,0;0,0;50,0;Подготовка;
20251209;03:09:37;-0,5;0,0;0,0;0,0;50,0;Подготовка;
20251209;03:09:42;-0,5;0,0;0,0;0,0;50,0;Подготовка;
20251209;03:09:47;-0,5;0,0;0,0;0,0;50,0;Подготовка;
20251209;03:09:52;-0,5;0,0;0,0;0,0;50,0;Подготовка;
20251209;03:09:57;-0,5;0,0;0,0;0,0;50,0;Подготовка;
20251209;03:10:03;-0,5;0,0;0,0;0,0;50,0;Подготовка;
20251209;03:10:08;-0,5;0,0;0,0;0,0;50,0;Подготовка;
20251209;03:10:13;-0,5;0,0;0,0;0,0;50,0;Подготовка;
20251209;03:10:18;-0,5;0,0;0,0;0,0;50,0;Подготовка;
20251209;03:10:23;-0,5;0,0;0,0;0,0;50,0;Подготовка;
20251209;03:10:28;-0,5;0,0;0,0;0,0;50,0;Подготовка;
20251209;03:10:33;-0,5;0,0;0,0;0,0;50,0;Подготовка;
20251209;03:10:38;-0,5;0,0;0,0;0,0;50,0;Подготовка;
20251209;03:10:43;-0,5;0,0;0,0;0,0;50,0;Подготовка;
20251209;03:10:48;-0,5;0,0;0,0;0,0;50,0;Подготовка;
20251209;03:10:53;-0,5;0,0;0,0;0,0;50,0;Подготовка;
20251209;03:10:58;-0,5;0,0;0,0;0,0;50,0;Подготовка;
20251209;03:11:03;-0,5;0,0;0,0;0,0;50,0;Подготовка;
20251209;03:11:08;-0,5;0,0;0,0;0,0;50,0;Подготовка;
20251209;03:11:13;-0,5;0,0;0,0;0,0;50,0;Подготовка;
20251209;03:11:18;-0,5;0,0;0,0;0,0;50,0;Подготовка;
20251209;03:11:23;-0,5;0,0;0,0;0,0;50,0;Подготовка;
20251209;03:11:28;-0,5;0,0;0,0;0,0;50,0;Подготовка;
20251209;03:11:33;-0,5;0,0;0,0;0,0;50,0;Подготовка;
20251209;03:11:38;-0,5;0,0;0,0;0,0;50,0;Подготовка;
20251209;03:11:43;-0,5;0,0;0,0;0,0;50,0;Подготовка;
20251209;03:11:48;-0,5;0,0;0,0;0,0;50,0;Подготовка;
20251209;03:11:53;-0,5;0,0;0,0;0,0;50,0;Подготовка;
20251209;03:11:58;-0,5;0,0;0,0;0,0;50,0;Подготовка;
20251209;03:12:03;-0,5;0,0;0,0;0,0;50,0;Подготовка;
20251209;03:12:09;-0,5;0,0;0,0;0,0;50,0;Подготовка;
20251209;03:12:14;-0,5;0,0;0,0;0,0;50,0;Подготовка;
20251209;03:12:19;-0,5;0,0;0,0;0,0;50,0;Подготовка;
20251209;03:12:24;-0,5;0,0;0,0;0,0;50,0;Подготовка;
20251209;03:12:29;-0,5;0,0;0,0;0,0;50,0;Подготовка;
20251209;03:12:34;-0,5;0,0;0,0;0,0;50,0;Подготовка;
20251209;03:12:39;-0,5;0,0;0,0;0,0;50,0;Подготовка;
20251209;03:12:44;-0,5;0,0;0,0;0,0;50,0;Подготовка;
20251209;03:12:49;-0,5;0,0;0,0;0,0;50,0;Подготовка;
20251209;03:12:54;-0,5;0,0;0,0;0,0;50,0;Подготовка;
20251209;03:12:59;-0,5;0,0;0,0;0,0;50,0;Подготовка;
20251209;03:13:04;-0,5;0,0;0,0;0,0;50,0;Подготовка;
20251209;03:13:09;-0,5;0,0;0,0;0,0;50,0;Подготовка;
20251209;03:13:14;-0,5;0,0;0,0;0,0;50,0;Подготовка;
20251209;03:13:19;-0,5;0,0;0,0;0,0;50,0;Подготовка;
20251209;03:13:24;-0,5;0,0;0,0;0,0;50,0;Подготовка;
20251209;03:13:29;-0,5;0,0;0,0;0,0;50,0;Подготовка;
20251209;03:13:34;-0,5;0,0;0,0;0,0;50,0;Подготовка;
20251209;03:13:39;-0,5;0,0;0,0;0,0;50,0;Подготовка;
20251209;03:13:44;-0,5;0,0;0,0;0,0;50,0;Подготовка;
20251209;03:13:49;-0,5;0,0;0,0;0,0;50,0;Подготовка;
20251209;03:13:54;-0,5;0,0;0,0;0,0;50,0;Подготовка;
20251209;03:13:59;-0,5;0,0;0,0;0,0;50,0;Подготовка;
20251209;03:14:04;-0,5;0,0;0,0;0,0;50,0;Подготовка;
20251209;03:14:09;-0,5;0,0;0,0;0,0;50,0;Подготовка;
20251209;03:14:15;-0,5;0,0;0,0;0,0;50,0;Подготовка;
20251209;03:14:20;-0,5;0,0;0,0;0,0;50,0;Подготовка;
20251209;03:14:25;-0,5;0,0;0,0;0,0;50,0;Подготовка;
20251209;03:14:30;-0,5;0,0;0,0;0,0;50,0;Подготовка;
20251209;03:14:35;-0,5;0,0;0,0;0,0;50,0;Подготовка;
20251209;03:14:40;-0,5;0,0;0,0;0,0;50,0;Подготовка;
20251209;03:14:45;-0,5;0,0;0,0;0,0;50,0;Подготовка;
20251209;03:14:50;-0,5;0,0;0,0;0,0;50,0;Подготовка;
20251209;03:14:55;-0,5;0,0;0,0;0,0;50,0;Подготовка;
20251209;03:15:00;-0,5;0,0;0,0;0,0;50,0;Подготовка;
20251209;03:15:05;-0,5;0,0;0,0;0,0;50,0;Подготовка;
20251209;03:15:10;-0,5;0,0;0,0;0,0;50,0;Подготовка;
20251209;03:15:15;-0,5;0,0;0,0;0,0;50,0;Подготовка;
20251209;03:15:20;-0,5;0,0;0,0;0,0;50,0;Подготовка;
20251209;03:15:25;-0,5;0,0;0,0;0,0;50,0;Подготовка;
20251209;03:15:30;-0,5;0,0;0,0;0,0;50,0;Подготовка;
20251209;03:15:35;-0,5;0,0;0,0;0,0;50,0;Подготовка;
20251209;03:15:40;-0,5;0,0;0,0;0,0;50,0;Подготовка;
20251209;03:15:45;-0,5;0,0;0,0;0,0;50,0;Подготовка;
20251209;03:15:50;-0,5;0,0;0,0;0,0;50,0;Подготовка;
20251209;03:15:55;-0,5;0,0;0,0;0,0;50,0;Подготовка;
20251209;03:16:00;-0,5;0,0;0,0;0,0;50,0;Подготовка;
20251209;03:16:05;-0,5;0,0;0,0;0,0;50,0;Подготовка;
20251209;03:16:10;-0,5;0,0;0,0;0,0;50,0;Подготовка;
20251209;03:16:15;-0,5;0,0;0,0;0,0;50,0;Подготовка;
20251209;03:16:21;-0,5;0,0;0,0;0,0;50,0;Подготовка;
20251209;03:16:26;-0,5;0,0;0,0;0,0;50,0;Подготовка;
20251209;03:16:31;-0,5;0,0;0,0;0,0;50,0;Подготовка;
20251209;03:16:36;-0,5;0,0;0,0;0,0;50,0;Подготовка;
20251209;03:16:41;-0,5;0,0;0,0;0,0;50,0;Подготовка;
20251209;03:16:46;-0,5;0,0;0,0;0,0;50,0;Подготовка;
20251209;03:16:51;-0,5;0,0;0,0;0,0;50,0;Подготовка;
20251209;03:16:56;-0,5;0,0;0,0;0,0;50,0;Подготовка;
20251209;03:17:01;-0,5;0,0;0,0;0,0;50,0;Подготовка;
20251209;03:17:06;-0,5;0,0;0,0;0,0;50,0;Подготовка;
20251209;03:17:11;-0,5;0,0;0,0;0,0;50,0;Подготовка;
20251209;03:17:16;-0,5;0,0;0,0;0,0;50,0;Подготовка;
20251209;03:17:21;-0,5;0,0;0,0;0,0;50,0;Подготовка;
20251209;03:17:26;-0,5;0,0;0,0;0,0;50,0;Подготовка;
20251209;03:17:31;-0,5;0,0;0,0;0,0;50,0;Подготовка;
20251209;03:17:36;-0,5;0,0;0,0;0,0;50,0;Подготовка;
20251209;03:17:41;-0,5;0,0;0,0;0,0;50,0;Подготовка;
20251209;03:17:46;-0,5;0,0;0,0;0,0;50,0;Подготовка;
20251209;03:17:51;-0,5;0,0;0,0;0,0;50,0;Подготовка;
20251209;03:17:56;-0,5;0,0;0,0;0,0;50,0;Подготовка;
20251209;03:18:01;-0,5;0,0;0,0;0,0;50,0;Подготовка;
20251209;03:18:06;-0,5;0,0;0,0;0,0;50,0;Подготовка;
20251209;03:18:11;-0,5;0,0;0,0;0,0;50,0;Подготовка;
20251209;03:18:16;-0,5;0,0;0,0;0,0;50,0;Подготовка;
20251209;03:18:21;-0,5;0,0;0,0;0,0;50,0;Подготовка;
20251209;03:18:27;-0,5;0,0;0,0;0,0;50,0;Подготовка;
20251209;03:18:32;-0,5;0,0;0,0;0,0;50,0;Подготовка;
20251209;03:18:37;-0,5;0,0;0,0;0,0;50,0;Подготовка;
20251209;03:18:42;-0,5;0,0;0,0;0,0;50,0;Подготовка;
20251209;03:18:47;-0,5;0,0;0,0;0,0;50,0;Подготовка;
20251209;03:18:52;-0,5;0,0;0,0;0,0;50,0;Подготовка;
20251209;03:18:57;-0,5;0,0;0,0;0,0;50,0;Подготовка;
20251209;03:19:02;-0,5;0,0;0,0;0,0;50,0;Подготовка;
20251209;03:19:07;-0,5;0,0;0,0;0,0;50,0;Подготовка;
20251209;03:19:12;-0,5;0,0;0,0;0,0;50,0;Подготовка;
20251209;03:19:17;-0,5;0,0;0,0;0,0;50,0;Подготовка;
20251209;03:19:22;-0,5;0,0;0,0;0,0;50,0;Подготовка;
20251209;03:19:27;-0,5;0,0;0,0;0,0;50,0;Подготовка;
20251209;03:19:32;-0,5;0,0;0,0;0,0;50,0;Подготовка;
20251209;03:19:37;-0,5;0,0;0,0;0,0;50,0;Подготовка;
20251209;03:19:42;-0,5;0,0;0,0;0,0;50,0;Подготовка;
20251209;03:19:47;-0,5;0,0;0,0;0,0;50,0;Подготовка;
20251209;03:19:52;-0,5;0,0;0,0;0,0;50,0;Подготовка;
20251209;03:19:57;-0,5;0,0;0,0;0,0;50,0;Подготовка;
20251209;03:20:02;-0,5;0,0;0,0;0,0;50,0;Подготовка;
20251209;03:20:07;-0,5;0,0;0,0;0,0;50,0;Подготовка;
20251209;03:20:12;-0,5;0,0;0,0;0,0;50,0;Подготовка;
20251209;03:20:17;-0,5;0,0;0,0;0,0;50,0;Подготовка;
20251209;03:20:22;-0,5;0,0;0,0;0,0;50,0;Подготовка;
20251209;03:20:27;-0,5;0,0;0,0;0,0;50,0;Подготовка;
20251209;03:20:33;-0,5;0,0;0,0;0,0;50,0;Подготовка;
20251209;03:20:38;-0,5;0,0;0,0;0,0;50,0;Подготовка;
20251209;03:20:43;-0,5;0,0;0,0;0,0;50,0;Подготовка;
20251209;03:20:48;-0,5;0,0;0,0;0,0;50,0;Подготовка;
20251209;03:20:53;-0,5;0,0;0,0;0,0;50,0;Подготовка;
20251209;03:20:58;-0,5;0,0;0,0;0,0;50,0;Подготовка;
20251209;03:21:03;-0,5;0,0;0,0;0,0;50,0;Подготовка;
20251209;03:21:08;-0,5;0,0;0,0;0,0;50,0;Подготовка;
20251209;03:21:13;-0,5;0,0;0,0;0,0;50,0;Подготовка;
20251209;03:21:18;-0,5;0,0;0,0;0,0;50,0;Подготовка;
20251209;03:21:23;-0,5;0,0;0,0;0,0;50,0;Подготовка;
20251209;03:21:28;-0,5;0,0;0,0;0,0;50,0;Подготовка;
20251209;03:21:33;-0,5;0,0;0,0;0,0;50,0;Подготовка;
20251209;03:21:38;-0,5;0,0;0,0;0,0;50,0;Подготовка;
20251209;03:21:43;-0,5;0,0;0,0;0,0;50,0;Подготовка;
20251209;03:21:48;-0,5;0,0;0,0;0,0;50,0;Подготовка;
20251209;03:21:53;-0,5;0,0;0,0;0,0;50,0;Подготовка;
20251209;03:21:58;-0,5;0,0;0,0;0,0;50,0;Подготовка;
20251209;03:22:03;-0,5;0,0;0,0;0,0;50,0;Подготовка;
20251209;03:22:08;-0,5;0,0;0,0;0,0;50,0;Подготовка;
20251209;03:22:13;-0,5;0,0;0,0;0,0;50,0;Подготовка;
20251209;03:22:18;-0,5;0,0;0,0;0,0;50,0;Подготовка;
20251209;03:22:23;-0,5;0,0;0,0;0,0;50,0;Подготовка;
20251209;03:22:28;-0,5;0,0;0,0;0,0;50,0;Подготовка;
20251209;03:22:33;-0,5;0,0;0,0;0,0;50,0;Подготовка;
20251209;03:22:39;-0,5;0,0;0,0;0,0;50,0;Подготовка;
20251209;03:22:44;-0,5;0,0;0,0;0,0;50,0;Подготовка;
20251209;03:22:49;-0,5;0,0;0,0;0,0;50,0;Подготовка;
20251209;03:22:54;-0,5;0,0;0,0;0,0;50,0;Подготовка;
20251209;03:22:59;-0,5;0,0;0,0;0,0;50,0;Подготовка;
20251209;03:23:04;-0,5;0,0;0,0;0,0;50,0;Подготовка;
20251209;03:23:09;-0,5;0,0;0,0;0,0;50,0;Подготовка;
20251209;03:23:14;-0,5;0,0;0,0;0,0;50,0;Подготовка;
20251209;03:23:19;-0,5;0,0;0,0;0,0;50,0;Подготовка;
20251209;03:23:24;-0,5;0,0;0,0;0,0;50,0;Подготовка;
20251209;03:23:29;-0,5;0,0;0,0;0,0;50,0;Подготовка;
20251209;03:23:34;-0,5;0,0;0,0;0,0;50,0;Подготовка;
20251209;03:23:39;-0,5;0,0;0,0;0,0;50,0;Подготовка;
20251209;03:23:44;-0,5;0,0;0,0;0,0;50,0;Подготовка;
20251209;03:23:49;-0,5;0,0;0,0;0,0;50,0;Подготовка;
20251209;03:23:54;-0,5;0,0;0,0;0,0;50,0;Подготовка;
20251209;03:23:59;-0,5;0,0;0,0;0,0;50,0;Подготовка;
20251209;03:24:04;-0,5;0,0;0,0;0,0;50,0;Подготовка;
20251209;03:24:09;-0,5;0,0;0,0;0,0;50,0;Подготовка;
20251209;03:24:14;-0,5;0,0;0,0;0,0;50,0;Подготовка;
20251209;03:24:19;-0,5;0,0;0,0;0,0;50,0;Подготовка;
20251209;03:24:24;-0,5;0,0;0,0;0,0;50,0;Подготовка;
20251209;03:24:29;-0,5;0,0;0,0;0,0;50,0;Подготовка;
20251209;03:24:34;-0,5;0,0;0,0;0,0;50,0;Подготовка;
20251209;03:24:39;-0,5;0,0;0,0;0,0;50,0;Подготовка;
20251209;03:24:45;-0,5;0,0;0,0;0,0;50,0;Подготовка;
20251209;03:24:50;-0,5;0,0;0,0;0,0;50,0;Подготовка;
20251209;03:24:55;-0,5;0,0;0,0;0,0;50,0;Подготовка;
20251209;03:25:00;-0,5;0,0;0,0;0,0;50,0;Подготовка;
20251209;03:25:05;-0,5;0,0;0,0;0,0;50,0;Подготовка;
20251209;03:25:10;-0,5;0,0;0,0;0,0;50,0;Подготовка;
20251209;03:25:15;-0,5;0,0;0,0;0,0;50,0;Подготовка;
20251209;03:25:20;-0,5;0,0;0,0;0,0;50,0;Подготовка;
20251209;03:25:25;-0,5;0,0;0,0;0,0;50,0;Подготовка;
20251209;03:25:30;-0,5;0,0;0,0;0,0;50,0;Подготовка;
20251209;03:25:35;-0,5;0,0;0,0;0,0;50,0;Подготовка;
20251209;03:25:40;-0,5;0,0;0,0;0,0;50,0;Подготовка;
20251209;03:25:45;-0,5;0,0;0,0;0,0;50,0;Подготовка;
20251209;03:25:50;-0,5;0,0;0,0;0,0;50,0;Подготовка;
20251209;03:25:55;-0,5;0,0;0,0;0,0;50,0;Подготовка;
20251209;03:26:00;-0,5;0,0;0,0;0,0;50,0;Подготовка;
20251209;03:26:05;-0,5;0,0;0,0;0,0;50,0;Подготовка;
20251209;03:26:10;-0,5;0,0;0,0;0,0;50,0;Подготовка;
20251209;03:26:15;-0,5;0,0;0,0;0,0;50,0;Подготовка;
20251209;03:26:20;-0,5;0,0;0,0;0,0;50,0;Подготовка;
20251209;03:26:25;-0,5;0,0;0,0;0,0;50,0;Подготовка;
20251209;03:26:30;-0,5;0,0;0,0;0,0;50,0;Подготовка;
20251209;03:26:35;-0,5;0,0;0,0;0,0;50,0;Подготовка;
20251209;03:26:40;-0,5;0,0;0,0;0,0;50,0;Подготовка;
20251209;03:26:45;-0,5;0,0;0,0;0,0;50,0;Подготовка;
20251209;03:26:51;-0,5;0,0;0,0;0,0;50,0;Подготовка;
20251209;03:26:56;-0,5;0,0;0,0;0,0;50,0;Подготовка;
20251209;03:27:01;-0,5;0,0;0,0;0,0;50,0;Подготовка;
20251209;03:27:06;-0,5;0,0;0,0;0,0;50,0;Подготовка;
20251209;03:27:11;-0,5;0,0;0,0;0,0;50,0;Подготовка;
20251209;03:27:16;-0,5;0,0;0,0;0,0;50,0;Подготовка;
20251209;03:27:21;-0,5;0,0;0,0;0,0;50,0;Подготовка;
20251209;03:27:26;-0,5;0,0;0,0;0,0;50,0;Подготовка;
20251209;03:27:31;-0,5;0,0;0,0;0,0;50,0;Подготовка;
20251209;03:27:36;-0,5;0,0;0,0;0,0;50,0;Подготовка;
20251209;03:27:41;-0,5;0,0;0,0;0,0;50,0;Подготовка;
20251209;03:27:46;-0,5;0,0;0,0;0,0;50,0;Подготовка;
20251209;03:27:51;-0,5;0,0;0,0;0,0;50,0;Подготовка;
20251209;03:27:56;-0,5;0,0;0,0;0,0;50,0;Подготовка;
20251209;03:28:01;-0,5;0,0;0,0;0,0;50,0;Подготовка;
20251209;03:28:06;-0,5;0,0;0,0;0,0;50,0;Подготовка;
20251209;03:28:11;-0,5;0,0;0,0;0,0;50,0;Подготовка;
20251209;03:28:16;-0,5;0,0;0,0;0,0;50,0;Подготовка;
20251209;03:28:21;-0,5;0,0;0,0;0,0;50,0;Подготовка;
20251209;03:28:26;-0,5;0,0;0,0;0,0;50,0;Подготовка;
20251209;03:28:31;-0,5;0,0;0,0;0,0;50,0;Подготовка;
20251209;03:28:36;-0,5;0,0;0,0;0,0;50,0;Подготовка;
20251209;03:28:41;-0,5;0,0;0,0;0,0;50,0;Подготовка;
20251209;03:28:46;-0,5;0,0;0,0;0,0;50,0;Подготовка;
20251209;03:28:51;-0,5;0,0;0,0;0,0;50,0;Подготовка;
20251209;03:28:57;-0,5;0,0;0,0;0,0;50,0;Подготовка;
20251209;03:29:02;-0,5;0,0;0,0;0,0;50,0;Подготовка;
20251209;03:29:07;-0,5;0,0;0,0;0,0;50,0;Подготовка;
20251209;03:29:12;-0,5;0,0;0,0;0,0;50,0;Подготовка;
20251209;03:29:17;-0,5;0,0;0,0;0,0;50,0;Подготовка;
20251209;03:29:22;-0,5;0,0;0,0;0,0;50,0;Подготовка;
20251209;03:29:27;-0,5;0,0;0,0;0,0;50,0;Подготовка;
20251209;03:29:32;-0,5;0,0;0,0;0,0;50,0;Подготовка;
20251209;03:29:37;-0,5;0,0;0,0;0,0;50,0;Подготовка;
20251209;03:29:42;-0,5;0,0;0,0;0,0;50,0;Подготовка;
20251209;03:29:47;-0,5;0,0;0,0;0,0;50,0;Подготовка;
20251209;03:29:52;-0,5;0,0;0,0;0,0;50,0;Подготовка;
20251209;03:29:57;-0,5;0,0;0,0;0,0;50,0;Подготовка;
20251209;03:30:02;-0,5;0,0;0,0;0,0;50,0;Подготовка;
20251209;03:30:07;-0,5;0,0;0,0;0,0;50,0;Подготовка;
20251209;03:30:12;-0,5;0,0;0,0;0,0;50,0;Подготовка;
20251209;03:30:17;-0,5;0,0;0,0;0,0;50,0;Подготовка;
20251209;03:30:22;-0,5;0,0;0,0;0,0;50,0;Подготовка;
20251209;03:30:27;-0,5;0,0;0,0;0,0;50,0;Подготовка;
20251209;03:30:32;-0,5;0,0;0,0;0,0;50,0;Подготовка;
20251209;03:30:37;-0,5;0,0;0,0;0,0;50,0;Подготовка;
20251209;03:30:42;-0,5;0,0;0,0;0,0;50,0;Подготовка;
20251209;03:30:47;-0,5;0,0;0,0;0,0;50,0;Подготовка;
20251209;03:30:52;-0,5;0,0;0,0;0,0;50,0;Подготовка;
20251209;03:30:57;-0,5;0,0;0,0;0,0;50,0;Подготовка;
20251209;03:31:03;-0,5;0,0;0,0;0,0;50,0;Подготовка;
20251209;03:31:08;-0,5;0,0;0,0;0,0;50,0;Подготовка;
20251209;03:31:13;-0,5;0,0;0,0;0,0;50,0;Подготовка;
20251209;03:31:18;-0,5;0,0;0,0;0,0;50,0;Подготовка;
20251209;03:31:23;-0,5;0,0;0,0;0,0;50,0;Подготовка;
20251209;03:31:28;-0,5;0,0;0,0;0,0;50,0;Подготовка;
20251209;03:31:33;-0,5;0,0;0,0;0,0;50,0;Подготовка;
20251209;03:31:38;-0,5;0,0;0,0;0,0;50,0;Подготовка;
20251209;03:31:43;-0,5;0,0;0,0;0,0;50,0;Подготовка;
20251209;03:31:48;-0,5;0,0;0,0;0,0;50,0;Подготовка;
20251209;03:31:53;-0,5;0,0;0,0;0,0;50,0;Подготовка;
20251209;03:31:58;-0,5;0,0;0,0;0,0;50,0;Подготовка;
20251209;03:32:03;-0,5;0,0;0,0;0,0;50,0;Подготовка;
20251209;03:32:08;-0,5;0,0;0,0;0,0;50,0;Подготовка;
20251209;03:32:13;-0,5;0,0;0,0;0,0;50,0;Подготовка;
20251209;03:32:18;-0,5;0,0;0,0;0,0;50,0;Подготовка;
20251209;03:32:23;-0,5;0,0;0,0;0,0;50,0;Подготовка;
20251209;03:32:28;-0,5;0,0;0,0;0,0;50,0;Подготовка;
20251209;03:32:33;-0,5;0,0;0,0;0,0;50,0;Подготовка;
20251209;03:32:38;-0,5;0,0;0,0;0,0;50,0;Подготовка;
20251209;03:32:43;-0,5;0,0;0,0;0,0;50,0;Подготовка;
20251209;03:32:48;-0,5;0,0;0,0;0,0;50,0;Подготовка;
20251209;03:32:53;-0,5;0,0;0,0;0,0;50,0;Подготовка;
20251209;03:32:58;-0,5;0,0;0,0;0,0;50,0;Подготовка;
20251209;03:33:03;-0,5;0,0;0,0;0,0;50,0;Подготовка;
20251209;03:33:09;-0,5;0,0;0,0;0,0;50,0;Подготовка;
Предприятие;
Объект;
Вид оборудования;
Дисп. наименование;
Тип;
Зав. номер;
Сер. номер;
Год выпуска;
Год ввода в эксплуатацию;
Дата отбора пробы;
Марка пробы;
Температура пробы;
DATE ;TIME ;TS_TEMP ;PROB_TEMP ;PROB_OTN_VL ;PROBE_VlAGOSOD ;SP ;STATUS ; 
20251209;03:33:27;-0,39;0,0;0,0;0,0;50,0;Включение;
20251209;03:33:32;-0,49;0,0;0,0;0,0;50,0;Включение;
20251209;03:33:37;-0,49;0,0;0,0;0,0;50,0;Подготовка;
20251209;03:33:42;-0,49;0,0;0,0;0,0;50,0;Подготовка;
20251209;03:33:47;-0,49;0,0;0,0;0,0;50,0;Подготовка;
20251209;03:33:52;-0,49;0,0;0,0;0,0;50,0;Подготовка;
20251209;03:33:57;-0,5;0,0;0,0;0,0;50,0;Подготовка;
20251209;03:34:02;-0,5;0,0;0,0;0,0;50,0;Подготовка;
20251209;03:34:07;-0,5;0,0;0,0;0,0;50,0;Подготовка;
20251209;03:34:12;-0,5;0,0;0,0;0,0;50,0;Подготовка;
20251209;03:34:17;-0,5;0,0;0,0;0,0;50,0;Подготовка;
20251209;03:34:22;-0,5;0,0;0,0;0,0;50,0;Подготовка;
20251209;03:34:27;-0,5;0,0;0,0;0,0;50,0;Подготовка;
20251209;03:34:32;-0,5;0,0;0,0;0,0;50,0;Подготовка;
20251209;03:34:37;-0,5;0,0;0,0;0,0;50,0;Подготовка;
20251209;03:34:42;-0,5;0,0;0,0;0,0;50,0;Подготовка;
20251209;03:34:47;-0,5;0,0;0,0;0,0;50,0;Подготовка;
20251209;03:34:52;-0,5;0,0;0,0;0,0;50,0;Подготовка;
20251209;03:34:58;-0,5;0,0;0,0;0,0;50,0;Подготовка;
20251209;03:35:03;-0,5;0,0;0,0;0,0;50,0;Подготовка;
20251209;03:35:08;-0,5;0,0;0,0;0,0;50,0;Подготовка;
20251209;03:35:13;-0,5;0,0;0,0;0,0;50,0;Подготовка;
20251209;03:35:18;-0,5;0,0;0,0;0,0;50,0;Подготовка;
20251209;03:35:23;-0,5;0,0;0,0;0,0;50,0;Подготовка;
20251209;03:35:28;-0,5;0,0;0,0;0,0;50,0;Подготовка;
20251209;03:35:33;-0,5;0,0;0,0;0,0;50,0;Подготовка;
20251209;03:35:38;-0,5;0,0;0,0;0,0;50,0;Подготовка;
20251209;03:35:43;-0,5;0,0;0,0;0,0;50,0;Подготовка;
20251209;03:35:48;-0,5;0,0;0,0;0,0;50,0;Подготовка;
20251209;03:35:53;-0,5;0,0;0,0;0,0;50,0;Подготовка;
20251209;03:35:58;-0,5;0,0;0,0;0,0;50,0;Подготовка;
20251209;03:36:03;-0,5;0,0;0,0;0,0;50,0;Подготовка;
20251209;03:36:08;-0,5;0,0;0,0;0,0;50,0;Подготовка;
20251209;03:36:13;-0,5;0,0;0,0;0,0;50,0;Подготовка;
20251209;03:36:18;-0,5;0,0;0,0;0,0;50,0;Подготовка;
20251209;03:36:23;-0,5;0,0;0,0;0,0;50,0;Подготовка;
20251209;03:36:28;-0,5;0,0;0,0;0,0;50,0;Подготовка;
20251209;03:36:33;-0,5;0,0;0,0;0,0;50,0;Подготовка;
20251209;03:36:38;-0,5;0,0;0,0;0,0;50,0;Подготовка;
20251209;03:36:43;-0,5;0,0;0,0;0,0;50,0;Подготовка;
20251209;03:36:48;-0,5;0,0;0,0;0,0;50,0;Подготовка;
20251209;03:36:53;-0,5;0,0;0,0;0,0;50,0;Подготовка;
20251209;03:36:58;-0,5;0,0;0,0;0,0;50,0;Подготовка;
20251209;03:37:04;-0,5;0,0;0,0;0,0;50,0;Подготовка;
20251209;03:37:09;-0,5;0,0;0,0;0,0;50,0;Подготовка;
20251209;03:37:14;-0,5;0,0;0,0;0,0;50,0;Подготовка;
20251209;03:37:19;-0,5;0,0;0,0;0,0;50,0;Подготовка;
20251209;03:37:24;-0,5;0,0;0,0;0,0;50,0;Подготовка;
20251209;03:37:29;-0,5;0,0;0,0;0,0;50,0;Подготовка;
20251209;03:37:34;-0,5;0,0;0,0;0,0;50,0;Подготовка;
20251209;03:37:39;-0,5;0,0;0,0;0,0;50,0;Подготовка;
20251209;03:37:44;-0,5;0,0;0,0;0,0;50,0;Подготовка;
20251209;03:37:49;-0,5;0,0;0,0;0,0;50,0;Подготовка;
20251209;03:37:54;-0,5;0,0;0,0;0,0;50,0;Подготовка;
20251209;03:37:59;-0,5;0,0;0,0;0,0;50,0;Подготовка;
20251209;03:38:04;-0,5;0,0;0,0;0,0;50,0;Подготовка;
20251209;03:38:09;-0,5;0,0;0,0;0,0;50,0;Подготовка;
20251209;03:38:14;-0,5;0,0;0,0;0,0;50,0;Подготовка;
20251209;03:38:19;-0,5;0,0;0,0;0,0;50,0;Подготовка;
20251209;03:38:24;-0,5;0,0;0,0;0,0;50,0;Подготовка;
20251209;03:38:29;-0,5;0,0;0,0;0,0;50,0;Подготовка;
20251209;03:38:34;-0,5;0,0;0,0;0,0;50,0;Подготовка;
20251209;03:38:39;-0,5;0,0;0,0;0,0;50,0;Подготовка;
20251209;03:38:44;-0,5;0,0;0,0;0,0;50,0;Подготовка;
20251209;03:38:49;-0,5;0,0;0,0;0,0;50,0;Подготовка;
20251209;03:38:54;-0,5;0,0;0,0;0,0;50,0;Подготовка;
20251209;03:38:59;-0,5;0,0;0,0;0,0;50,0;Подготовка;
20251209;03:39:04;-0,5;0,0;0,0;0,0;50,0;Подготовка;
20251209;03:39:10;-0,5;0,0;0,0;0,0;50,0;Подготовка;
20251209;03:39:15;-0,5;0,0;0,0;0,0;50,0;Подготовка;
20251209;03:39:20;-0,5;0,0;0,0;0,0;50,0;Подготовка;
20251209;03:39:25;-0,5;0,0;0,0;0,0;50,0;Подготовка;
20251209;03:39:30;-0,5;0,0;0,0;0,0;50,0;Подготовка;
20251209;03:39:35;-0,5;0,0;0,0;0,0;50,0;Подготовка;
20251209;03:39:40;-0,5;0,0;0,0;0,0;50,0;Подготовка;
20251209;03:39:45;-0,5;0,0;0,0;0,0;50,0;Подготовка;
20251209;03:39:50;-0,5;0,0;0,0;0,0;50,0;Подготовка;
20251209;03:39:55;-0,5;0,0;0,0;0,0;50,0;Подготовка;
20251209;03:40:00;-0,5;0,0;0,0;0,0;50,0;Подготовка;
20251209;03:40:05;-0,5;0,0;0,0;0,0;50,0;Подготовка;
20251209;03:40:10;-0,5;0,0;0,0;0,0;50,0;Подготовка;
20251209;03:40:15;-0,5;0,0;0,0;0,0;50,0;Подготовка;
20251209;03:40:20;-0,5;0,0;0,0;0,0;50,0;Подготовка;
20251209;03:40:25;-0,5;0,0;0,0;0,0;50,0;Подготовка;
20251209;03:40:30;-0,5;0,0;0,0;0,0;50,0;Подготовка;
20251209;03:40:35;-0,5;0,0;0,0;0,0;50,0;Подготовка;
20251209;03:40:40;-0,5;0,0;0,0;0,0;50,0;Подготовка;
20251209;03:40:45;-0,5;0,0;0,0;0,0;50,0;Подготовка;
20251209;03:40:50;-0,5;0,0;0,0;0,0;50,0;Подготовка;
20251209;03:40:55;-0,5;0,0;0,0;0,0;50,0;Подготовка;
20251209;03:41:00;-0,5;0,0;0,0;0,0;50,0;Подготовка;
20251209;03:41:05;-0,5;0,0;0,0;0,0;50,0;Подготовка;
20251209;03:41:10;-0,5;0,0;0,0;0,0;50,0;Подготовка;
20251209;03:41:16;-0,5;0,0;0,0;0,0;50,0;Подготовка;
20251209;03:41:21;-0,5;0,0;0,0;0,0;50,0;Подготовка;
20251209;03:41:26;-0,5;0,0;0,0;0,0;50,0;Подготовка;
20251209;03:41:31;-0,5;0,0;0,0;0,0;50,0;Подготовка;
20251209;03:41:36;-0,5;0,0;0,0;0,0;50,0;Подготовка;
20251209;03:41:41;-0,5;0,0;0,0;0,0;50,0;Подготовка;
20251209;03:41:46;-0,5;0,0;0,0;0,0;50,0;Подготовка;
20251209;03:41:51;-0,5;0,0;0,0;0,0;50,0;Подготовка;
20251209;03:41:56;-0,5;0,0;0,0;0,0;50,0;Подготовка;
20251209;03:42:01;-0,5;0,0;0,0;0,0;50,0;Подготовка;
20251209;03:42:06;-0,5;0,0;0,0;0,0;50,0;Подготовка;
20251209;03:42:11;-0,5;0,0;0,0;0,0;50,0;Подготовка;
20251209;03:42:16;-0,5;0,0;0,0;0,0;50,0;Подготовка;
20251209;03:42:21;-0,5;0,0;0,0;0,0;50,0;Подготовка;
20251209;03:42:26;-0,5;0,0;0,0;0,0;50,0;Подготовка;
20251209;03:42:31;-0,5;0,0;0,0;0,0;50,0;Подготовка;
20251209;03:42:36;-0,5;0,0;0,0;0,0;50,0;Подготовка;
20251209;03:42:41;-0,5;0,0;0,0;0,0;50,0;Подготовка;
20251209;03:42:46;-0,5;0,0;0,0;0,0;50,0;Подготовка;
20251209;03:42:51;-0,5;0,0;0,0;0,0;50,0;Подготовка;
20251209;03:42:56;-0,5;0,0;0,0;0,0;50,0;Подготовка;
20251209;03:43:01;-0,5;0,0;0,0;0,0;50,0;Подготовка;
20251209;03:43:06;-0,5;0,0;0,0;0,0;50,0;Подготовка;
20251209;03:43:11;-0,5;0,0;0,0;0,0;50,0;Подготовка;
20251209;03:43:16;-0,5;0,0;0,0;0,0;50,0;Подготовка;
20251209;03:43:22;-0,5;0,0;0,0;0,0;50,0;Подготовка;
20251209;03:43:27;-0,5;0,0;0,0;0,0;50,0;Подготовка;
20251209;03:43:32;-0,5;0,0;0,0;0,0;50,0;Подготовка;
20251209;03:43:37;-0,5;0,0;0,0;0,0;50,0;Подготовка;
20251209;03:43:42;-0,5;0,0;0,0;0,0;50,0;Подготовка;
20251209;03:43:47;-0,5;0,0;0,0;0,0;50,0;Подготовка;
20251209;03:43:52;-0,5;0,0;0,0;0,0;50,0;Подготовка;
20251209;03:43:57;-0,5;0,0;0,0;0,0;50,0;Подготовка;
20251209;03:44:02;-0,5;0,0;0,0;0,0;50,0;Подготовка;
20251209;03:44:07;-0,5;0,0;0,0;0,0;50,0;Подготовка;
20251209;03:44:12;-0,5;0,0;0,0;0,0;50,0;Подготовка;
20251209;03:44:17;-0,5;0,0;0,0;0,0;50,0;Подготовка;
20251209;03:44:22;-0,5;0,0;0,0;0,0;50,0;Подготовка;
20251209;03:44:27;-0,5;0,0;0,0;0,0;50,0;Подготовка;
20251209;03:44:32;-0,5;0,0;0,0;0,0;50,0;Подготовка;
20251209;03:44:37;-0,5;0,0;0,0;0,0;50,0;Подготовка;
20251209;03:44:42;-0,5;0,0;0,0;0,0;50,0;Подготовка;
20251209;03:44:47;-0,5;0,0;0,0;0,0;50,0;Подготовка;
20251209;03:44:52;-0,5;0,0;0,0;0,0;50,0;Подготовка;
20251209;03:44:57;-0,5;0,0;0,0;0,0;50,0;Подготовка;
20251209;03:45:02;-0,5;0,0;0,0;0,0;50,0;Подготовка;
20251209;03:45:07;-0,5;0,0;0,0;0,0;50,0;Подготовка;
20251209;03:45:12;-0,5;0,0;0,0;0,0;50,0;Подготовка;
20251209;03:45:17;-0,5;0,0;0,0;0,0;50,0;Подготовка;
20251209;03:45:22;-0,5;0,0;0,0;0,0;50,0;Подготовка;
20251209;03:45:28;-0,5;0,0;0,0;0,0;50,0;Подготовка;
20251209;03:45:33;-0,5;0,0;0,0;0,0;50,0;Подготовка;
20251209;03:45:38;-0,5;0,0;0,0;0,0;50,0;Подготовка;
20251209;03:45:43;-0,5;0,0;0,0;0,0;50,0;Подготовка;
20251209;03:45:48;-0,5;0,0;0,0;0,0;50,0;Подготовка;
20251209;03:45:53;-0,5;0,0;0,0;0,0;50,0;Подготовка;
20251209;03:45:58;-0,5;0,0;0,0;0,0;50,0;Подготовка;
20251209;03:46:03;-0,5;0,0;0,0;0,0;50,0;Подготовка;
20251209;03:46:08;-0,5;0,0;0,0;0,0;50,0;Подготовка;
20251209;03:46:13;-0,5;0,0;0,0;0,0;50,0;Подготовка;
20251209;03:46:18;-0,5;0,0;0,0;0,0;50,0;Подготовка;
20251209;03:46:23;-0,5;0,0;0,0;0,0;50,0;Подготовка;
20251209;03:46:28;-0,5;0,0;0,0;0,0;50,0;Подготовка;
20251209;03:46:33;-0,5;0,0;0,0;0,0;50,0;Подготовка;
20251209;03:46:38;-0,5;0,0;0,0;0,0;50,0;Подготовка;
20251209;03:46:43;-0,5;0,0;0,0;0,0;50,0;Подготовка;
20251209;03:46:48;-0,5;0,0;0,0;0,0;50,0;Подготовка;
20251209;03:46:53;-0,5;0,0;0,0;0,0;50,0;Подготовка;
20251209;03:46:58;-0,5;0,0;0,0;0,0;50,0;Подготовка;
20251209;03:47:03;-0,5;0,0;0,0;0,0;50,0;Подготовка;
20251209;03:47:08;-0,5;0,0;0,0;0,0;50,0;Подготовка;
20251209;03:47:13;-0,5;0,0;0,0;0,0;50,0;Подготовка;
20251209;03:47:18;-0,5;0,0;0,0;0,0;50,0;Подготовка;
20251209;03:47:23;-0,5;0,0;0,0;0,0;50,0;Подготовка;
20251209;03:47:28;-0,5;0,0;0,0;0,0;50,0;Подготовка;
20251209;03:47:34;-0,5;0,0;0,0;0,0;50,0;Подготовка;
20251209;03:47:39;-0,5;0,0;0,0;0,0;50,0;Подготовка;
20251209;03:47:44;-0,5;0,0;0,0;0,0;50,0;Подготовка;
20251209;03:47:49;-0,5;0,0;0,0;0,0;50,0;Подготовка;
20251209;03:47:54;-0,5;0,0;0,0;0,0;50,0;Подготовка;
20251209;03:47:59;-0,5;0,0;0,0;0,0;50,0;Подготовка;
20251209;03:48:04;-0,5;0,0;0,0;0,0;50,0;Подготовка;
20251209;03:48:09;-0,5;0,0;0,0;0,0;50,0;Подготовка;
20251209;03:48:14;-0,5;0,0;0,0;0,0;50,0;Подготовка;
20251209;03:48:19;-0,5;0,0;0,0;0,0;50,0;Подготовка;
20251209;03:48:24;-0,5;0,0;0,0;0,0;50,0;Подготовка;
20251209;03:48:29;-0,5;0,0;0,0;0,0;50,0;Подготовка;
20251209;03:48:34;-0,5;0,0;0,0;0,0;50,0;Подготовка;
20251209;03:48:39;-0,5;0,0;0,0;0,0;50,0;Подготовка;
20251209;03:48:44;-0,5;0,0;0,0;0,0;50,0;Подготовка;
20251209;03:48:49;-0,5;0,0;0,0;0,0;50,0;Подготовка;
20251209;03:48:54;-0,5;0,0;0,0;0,0;50,0;Подготовка;
20251209;03:48:59;-0,5;0,0;0,0;0,0;50,0;Подготовка;
20251209;03:49:04;-0,5;0,0;0,0;0,0;50,0;Подготовка;
20251209;03:49:09;-0,5;0,0;0,0;0,0;50,0;Подготовка;
20251209;03:49:14;-0,5;0,0;0,0;0,0;50,0;Подготовка;
20251209;03:49:19;-0,5;0,0;0,0;0,0;50,0;Подготовка;
20251209;03:49:24;-0,5;0,0;0,0;0,0;50,0;Подготовка;
20251209;03:49:29;-0,5;0,0;0,0;0,0;50,0;Подготовка;
20251209;03:49:34;-0,5;0,0;0,0;0,0;50,0;Подготовка;
20251209;03:49:40;-0,5;0,0;0,0;0,0;50,0;Подготовка;
20251209;03:49:45;-0,5;0,0;0,0;0,0;50,0;Подготовка;
20251209;03:49:50;-0,5;0,0;0,0;0,0;50,0;Подготовка;
20251209;03:49:55;-0,5;0,0;0,0;0,0;50,0;Подготовка;
20251209;03:50:00;-0,5;0,0;0,0;0,0;50,0;Подготовка;
20251209;03:50:05;-0,5;0,0;0,0;0,0;50,0;Подготовка;
20251209;03:50:10;-0,5;0,0;0,0;0,0;50,0;Подготовка;
20251209;03:50:15;-0,5;0,0;0,0;0,0;50,0;Подготовка;
20251209;03:50:20;-0,5;0,0;0,0;0,0;50,0;Подготовка;
20251209;03:50:25;-0,5;0,0;0,0;0,0;50,0;Подготовка;
20251209;03:50:30;-0,5;0,0;0,0;0,0;50,0;Подготовка;
20251209;03:50:35;-0,5;0,0;0,0;0,0;50,0;Подготовка;
20251209;03:50:40;-0,5;0,0;0,0;0,0;50,0;Подготовка;
20251209;03:50:45;-0,5;0,0;0,0;0,0;50,0;Подготовка;
20251209;03:50:50;-0,5;0,0;0,0;0,0;50,0;Подготовка;
20251209;03:50:55;-0,5;0,0;0,0;0,0;50,0;Подготовка;
20251209;03:51:00;-0,5;0,0;0,0;0,0;50,0;Подготовка;
20251209;03:51:05;-0,5;0,0;0,0;0,0;50,0;Подготовка;
20251209;03:51:10;-0,5;0,0;0,0;0,0;50,0;Подготовка;
20251209;03:51:15;-0,5;0,0;0,0;0,0;50,0;Подготовка;
20251209;03:51:20;-0,5;0,0;0,0;0,0;50,0;Подготовка;
20251209;03:51:25;-0,5;0,0;0,0;0,0;50,0;Подготовка;
20251209;03:51:30;-0,5;0,0;0,0;0,0;50,0;Подготовка;
20251209;03:51:35;-0,5;0,0;0,0;0,0;50,0;Подготовка;
20251209;03:51:40;-0,5;0,0;0,0;0,0;50,0;Подготовка;
20251209;03:51:46;-0,5;0,0;0,0;0,0;50,0;Подготовка;
20251209;03:51:51;-0,5;0,0;0,0;0,0;50,0;Подготовка;
20251209;03:51:56;-0,5;0,0;0,0;0,0;50,0;Подготовка;
20251209;03:52:01;-0,5;0,0;0,0;0,0;50,0;Подготовка;
20251209;03:52:06;-0,5;0,0;0,0;0,0;50,0;Подготовка;
20251209;03:52:11;-0,5;0,0;0,0;0,0;50,0;Подготовка;
20251209;03:52:16;-0,5;0,0;0,0;0,0;50,0;Подготовка;
20251209;03:52:21;-0,5;0,0;0,0;0,0;50,0;Подготовка;
20251209;03:52:26;-0,5;0,0;0,0;0,0;50,0;Подготовка;
20251209;03:52:31;-0,5;0,0;0,0;0,0;50,0;Подготовка;
20251209;03:52:36;-0,5;0,0;0,0;0,0;50,0;Подготовка;
20251209;03:52:41;-0,5;0,0;0,0;0,0;50,0;Подготовка;
20251209;03:52:46;-0,5;0,0;0,0;0,0;50,0;Подготовка;
20251209;03:52:51;-0,5;0,0;0,0;0,0;50,0;Подготовка;
20251209;03:52:56;-0,5;0,0;0,0;0,0;50,0;Подготовка;
20251209;03:53:01;-0,5;0,0;0,0;0,0;50,0;Подготовка;
20251209;03:53:06;-0,5;0,0;0,0;0,0;50,0;Подготовка;
20251209;03:53:11;-0,5;0,0;0,0;0,0;50,0;Подготовка;
20251209;03:53:16;-0,5;0,0;0,0;0,0;50,0;Подготовка;
20251209;03:53:21;-0,5;0,0;0,0;0,0;50,0;Подготовка;
20251209;03:53:26;-0,5;0,0;0,0;0,0;50,0;Подготовка;
20251209;03:53:31;-0,5;0,0;0,0;0,0;50,0;Подготовка;
20251209;03:53:36;-0,5;0,0;0,0;0,0;50,0;Подготовка;
20251209;03:53:41;-0,5;0,0;0,0;0,0;50,0;Подготовка;
20251209;03:53:46;-0,5;0,0;0,0;0,0;50,0;Подготовка;
20251209;03:53:52;-0,5;0,0;0,0;0,0;50,0;Подготовка;
20251209;03:53:57;-0,5;0,0;0,0;0,0;50,0;Подготовка;
20251209;03:54:02;-0,5;0,0;0,0;0,0;50,0;Подготовка;
20251209;03:54:07;-0,5;0,0;0,0;0,0;50,0;Подготовка;
20251209;03:54:12;-0,5;0,0;0,0;0,0;50,0;Подготовка;
20251209;03:54:17;-0,5;0,0;0,0;0,0;50,0;Подготовка;
20251209;03:54:22;-0,5;0,0;0,0;0,0;50,0;Подготовка;
20251209;03:54:27;-0,5;0,0;0,0;0,0;50,0;Подготовка;
20251209;03:54:32;-0,5;0,0;0,0;0,0;50,0;Подготовка;
20251209;03:54:37;-0,5;0,0;0,0;0,0;50,0;Подготовка;
20251209;03:54:42;-0,5;0,0;0,0;0,0;50,0;Подготовка;
20251209;03:54:47;-0,5;0,0;0,0;0,0;50,0;Подготовка;
20251209;03:54:52;-0,5;0,0;0,0;0,0;50,0;Подготовка;
20251209;03:54:57;-0,5;0,0;0,0;0,0;50,0;Подготовка;
20251209;03:55:02;-0,5;0,0;0,0;0,0;50,0;Подготовка;
20251209;03:55:07;-0,5;0,0;0,0;0,0;50,0;Подготовка;
20251209;03:55:12;-0,5;0,0;0,0;0,0;50,0;Подготовка;
20251209;03:55:17;-0,5;0,0;0,0;0,0;50,0;Подготовка;
20251209;03:55:22;-0,5;0,0;0,0;0,0;50,0;Подготовка;
20251209;03:55:27;-0,5;0,0;0,0;0,0;50,0;Подготовка;
20251209;03:55:32;-0,5;0,0;0,0;0,0;50,0;Подготовка;
20251209;03:55:37;-0,5;0,0;0,0;0,0;50,0;Подготовка;
20251209;03:55:42;-0,5;0,0;0,0;0,0;50,0;Подготовка;
20251209;03:55:47;-0,5;0,0;0,0;0,0;50,0;Подготовка;
20251209;03:55:52;-0,5;0,0;0,0;0,0;50,0;Подготовка;
20251209;03:55:58;-0,5;0,0;0,0;0,0;50,0;Подготовка;
20251209;03:56:03;-0,5;0,0;0,0;0,0;50,0;Подготовка;
20251209;03:56:08;-0,5;0,0;0,0;0,0;50,0;Подготовка;
20251209;03:56:13;-0,5;0,0;0,0;0,0;50,0;Подготовка;
20251209;03:56:18;-0,5;0,0;0,0;0,0;50,0;Подготовка;
20251209;03:56:23;-0,5;0,0;0,0;0,0;50,0;Подготовка;
20251209;03:56:28;-0,5;0,0;0,0;0,0;50,0;Подготовка;
20251209;03:56:33;-0,5;0,0;0,0;0,0;50,0;Подготовка;
20251209;03:56:38;-0,5;0,0;0,0;0,0;50,0;Подготовка;
20251209;03:56:43;-0,5;0,0;0,0;0,0;50,0;Подготовка;
20251209;03:56:48;-0,5;0,0;0,0;0,0;50,0;Подготовка;
20251209;03:56:53;-0,5;0,0;0,0;0,0;50,0;Подготовка;
20251209;03:56:58;-0,5;0,0;0,0;0,0;50,0;Подготовка;
20251209;03:57:03;-0,5;0,0;0,0;0,0;50,0;Подготовка;
20251209;03:57:08;-0,5;0,0;0,0;0,0;50,0;Подготовка;
20251209;03:57:13;-0,5;0,0;0,0;0,0;50,0;Подготовка;
20251209;03:57:18;-0,5;0,0;0,0;0,0;50,0;Подготовка;
20251209;03:57:23;-0,5;0,0;0,0;0,0;50,0;Подготовка;
20251209;03:57:28;-0,5;0,0;0,0;0,0;50,0;Подготовка;
20251209;03:57:33;-0,5;0,0;0,0;0,0;50,0;Подготовка;
20251209;03:57:38;-0,5;0,0;0,0;0,0;50,0;Подготовка;
20251209;03:57:43;-0,5;0,0;0,0;0,0;50,0;Подготовка;
20251209;03:57:48;-0,5;0,0;0,0;0,0;50,0;Подготовка;
20251209;03:57:53;-0,5;0,0;0,0;0,0;50,0;Подготовка;
20251209;03:57:58;-0,5;0,0;0,0;0,0;50,0;Подготовка;
20251209;03:58:04;-0,5;0,0;0,0;0,0;50,0;Подготовка;
20251209;03:58:09;-0,5;0,0;0,0;0,0;50,0;Подготовка;
20251209;03:58:14;-0,5;0,0;0,0;0,0;50,0;Подготовка;
20251209;03:58:19;-0,5;0,0;0,0;0,0;50,0;Подготовка;
20251209;03:58:24;-0,5;0,0;0,0;0,0;50,0;Подготовка;
20251209;03:58:29;-0,5;0,0;0,0;0,0;50,0;Подготовка;
20251209;03:58:34;-0,5;0,0;0,0;0,0;50,0;Подготовка;
20251209;03:58:39;-0,5;0,0;0,0;0,0;50,0;Подготовка;
20251209;03:58:44;-0,5;0,0;0,0;0,0;50,0;Подготовка;
20251209;03:58:49;-0,5;0,0;0,0;0,0;50,0;Подготовка;
20251209;03:58:54;-0,5;0,0;0,0;0,0;50,0;Подготовка;
20251209;03:58:59;-0,5;0,0;0,0;0,0;50,0;Подготовка;
20251209;03:59:04;-0,5;0,0;0,0;0,0;50,0;Подготовка;
20251209;03:59:09;-0,5;0,0;0,0;0,0;50,0;Подготовка;
20251209;03:59:14;-0,5;0,0;0,0;0,0;50,0;Подготовка;
20251209;03:59:19;-0,5;0,0;0,0;0,0;50,0;Подготовка;
20251209;03:59:24;-0,5;0,0;0,0;0,0;50,0;Подготовка;
20251209;03:59:29;-0,5;0,0;0,0;0,0;50,0;Подготовка;
20251209;03:59:34;-0,5;0,0;0,0;0,0;50,0;Подготовка;
20251209;03:59:39;-0,5;0,0;0,0;0,0;50,0;Подготовка;
20251209;03:59:44;-0,5;0,0;0,0;0,0;50,0;Подготовка;
20251209;03:59:49;-0,5;0,0;0,0;0,0;50,0;Подготовка;
20251209;03:59:54;-0,5;0,0;0,0;0,0;50,0;Подготовка;
20251209;03:59:59;-0,5;0,0;0,0;0,0;50,0;Подготовка;
20251209;04:00:04;-0,5;0,0;0,0;0,0;50,0;Подготовка;
20251209;04:00:10;-0,5;0,0;0,0;0,0;50,0;Подготовка;
20251209;04:00:15;-0,5;0,0;0,0;0,0;50,0;Подготовка;
20251209;04:00:20;-0,5;0,0;0,0;0,0;50,0;Подготовка;
20251209;04:00:25;-0,5;0,0;0,0;0,0;50,0;Подготовка;
20251209;04:00:30;-0,5;0,0;0,0;0,0;50,0;Подготовка;
20251209;04:00:35;-0,5;0,0;0,0;0,0;50,0;Подготовка;
20251209;04:00:40;-0,5;0,0;0,0;0,0;50,0;Подготовка;
20251209;04:00:45;-0,5;0,0;0,0;0,0;50,0;Подготовка;
20251209;04:00:50;-0,5;0,0;0,0;0,0;50,0;Подготовка;
20251209;04:00:55;-0,5;0,0;0,0;0,0;50,0;Подготовка;
20251209;04:01:00;-0,5;0,0;0,0;0,0;50,0;Подготовка;
20251209;04:01:05;-0,5;0,0;0,0;0,0;50,0;Подготовка;
20251209;04:01:10;-0,5;0,0;0,0;0,0;50,0;Подготовка;
20251209;04:01:15;-0,5;0,0;0,0;0,0;50,0;Подготовка;
20251209;04:01:20;-0,5;0,0;0,0;0,0;50,0;Подготовка;
20251209;04:01:25;-0,5;0,0;0,0;0,0;50,0;Подготовка;
20251209;04:01:30;-0,5;0,0;0,0;0,0;50,0;Подготовка;
20251209;04:01:35;-0,5;0,0;0,0;0,0;50,0;Подготовка;
20251209;04:01:40;-0,5;0,0;0,0;0,0;50,0;Подготовка;
20251209;04:01:45;-0,5;0,0;0,0;0,0;50,0;Подготовка;
20251209;04:01:50;-0,5;0,0;0,0;0,0;50,0;Подготовка;
20251209;04:01:55;-0,5;0,0;0,0;0,0;50,0;Подготовка;
20251209;04:02:00;-0,5;0,0;0,0;0,0;50,0;Подготовка;
20251209;04:02:05;-0,5;0,0;0,0;0,0;50,0;Подготовка;
20251209;04:02:10;-0,5;0,0;0,0;0,0;50,0;Подготовка;
20251209;04:02:16;-0,5;0,0;0,0;0,0;50,0;Подготовка;
20251209;04:02:21;-0,5;0,0;0,0;0,0;50,0;Подготовка;
20251209;04:02:26;-0,5;0,0;0,0;0,0;50,0;Подготовка;
20251209;04:02:31;-0,5;0,0;0,0;0,0;50,0;Подготовка;
20251209;04:02:36;-0,5;0,0;0,0;0,0;50,0;Подготовка;
20251209;04:02:41;-0,5;0,0;0,0;0,0;50,0;Подготовка;
20251209;04:02:46;-0,5;0,0;0,0;0,0;50,0;Подготовка;
20251209;04:02:51;-0,5;0,0;0,0;0,0;50,0;Подготовка;
20251209;04:02:56;-0,5;0,0;0,0;0,0;50,0;Подготовка;
20251209;04:03:01;-0,5;0,0;0,0;0,0;50,0;Подготовка;
20251209;04:03:06;-0,5;0,0;0,0;0,0;50,0;Подготовка;
20251209;04:03:11;-0,5;0,0;0,0;0,0;50,0;Подготовка;
20251209;04:03:16;-0,5;0,0;0,0;0,0;50,0;Подготовка;
20251209;04:03:21;-0,5;0,0;0,0;0,0;50,0;Подготовка;
20251209;04:03:26;-0,5;0,0;0,0;0,0;50,0;Подготовка;
20251209;04:03:31;-0,5;0,0;0,0;0,0;50,0;Подготовка;
20251209;04:03:36;-0,5;0,0;0,0;0,0;50,0;Подготовка;
20251209;04:03:41;-0,5;0,0;0,0;0,0;50,0;Подготовка;
20251209;04:03:46;-0,5;0,0;0,0;0,0;50,0;Подготовка;
20251209;04:03:51;-0,5;0,0;0,0;0,0;50,0;Подготовка;
20251209;04:03:56;-0,5;0,0;0,0;0,0;50,0;Подготовка;
20251209;04:04:01;-0,5;0,0;0,0;0,0;50,0;Подготовка;
20251209;04:04:06;-0,5;0,0;0,0;0,0;50,0;Подготовка;
20251209;04:04:11;-0,5;0,0;0,0;0,0;50,0;Подготовка;
20251209;04:04:16;-0,5;0,0;0,0;0,0;50,0;Подготовка;
20251209;04:04:22;-0,5;0,0;0,0;0,0;50,0;Подготовка;
20251209;04:04:27;-0,5;0,0;0,0;0,0;50,0;Подготовка;
20251209;04:04:32;-0,5;0,0;0,0;0,0;50,0;Подготовка;
20251209;04:04:37;-0,5;0,0;0,0;0,0;50,0;Подготовка;
20251209;04:04:42;-0,5;0,0;0,0;0,0;50,0;Подготовка;
20251209;04:04:47;-0,5;0,0;0,0;0,0;50,0;Подготовка;
20251209;04:04:52;-0,5;0,0;0,0;0,0;50,0;Подготовка;
20251209;04:04:57;-0,5;0,0;0,0;0,0;50,0;Подготовка;
20251209;04:05:02;-0,5;0,0;0,0;0,0;50,0;Подготовка;
20251209;04:05:07;-0,5;0,0;0,0;0,0;50,0;Подготовка;
20251209;04:05:12;-0,5;0,0;0,0;0,0;50,0;Подготовка;
20251209;04:05:17;-0,5;0,0;0,0;0,0;50,0;Подготовка;
20251209;04:05:22;-0,5;0,0;0,0;0,0;50,0;Подготовка;
20251209;04:05:27;-0,5;0,0;0,0;0,0;50,0;Подготовка;
20251209;04:05:32;-0,5;0,0;0,0;0,0;50,0;Подготовка;
20251209;04:05:37;-0,5;0,0;0,0;0,0;50,0;Подготовка;
20251209;04:05:42;-0,5;0,0;0,0;0,0;50,0;Подготовка;
20251209;04:05:47;-0,5;0,0;0,0;0,0;50,0;Подготовка;
20251209;04:05:52;-0,5;0,0;0,0;0,0;50,0;Подготовка;
20251209;04:05:57;-0,5;0,0;0,0;0,0;50,0;Подготовка;
20251209;04:06:02;-0,5;0,0;0,0;0,0;50,0;Подготовка;
20251209;04:06:07;-0,5;0,0;0,0;0,0;50,0;Подготовка;
20251209;04:06:12;-0,5;0,0;0,0;0,0;50,0;Подготовка;
20251209;04:06:17;-0,5;0,0;0,0;0,0;50,0;Подготовка;
20251209;04:06:22;-0,5;0,0;0,0;0,0;50,0;Подготовка;
20251209;04:06:28;-0,5;0,0;0,0;0,0;50,0;Подготовка;
20251209;04:06:33;-0,5;0,0;0,0;0,0;50,0;Подготовка;
20251209;04:06:38;-0,5;0,0;0,0;0,0;50,0;Подготовка;
20251209;04:06:43;-0,5;0,0;0,0;0,0;50,0;Подготовка;
20251209;04:06:48;-0,5;0,0;0,0;0,0;50,0;Подготовка;
20251209;04:06:53;-0,5;0,0;0,0;0,0;50,0;Подготовка;
20251209;04:06:58;-0,5;0,0;0,0;0,0;50,0;Подготовка;
20251209;04:07:03;-0,5;0,0;0,0;0,0;50,0;Подготовка;
20251209;04:07:08;-0,5;0,0;0,0;0,0;50,0;Подготовка;
20251209;04:07:13;-0,5;0,0;0,0;0,0;50,0;Подготовка;
20251209;04:07:18;-0,5;0,0;0,0;0,0;50,0;Подготовка;
20251209;04:07:23;-0,5;0,0;0,0;0,0;50,0;Подготовка;
20251209;04:07:28;-0,5;0,0;0,0;0,0;50,0;Подготовка;
20251209;04:07:33;-0,5;0,0;0,0;0,0;50,0;Подготовка;
20251209;04:07:38;-0,5;0,0;0,0;0,0;50,0;Подготовка;
20251209;04:07:43;-0,5;0,0;0,0;0,0;50,0;Подготовка;
20251209;04:07:48;-0,5;0,0;0,0;0,0;50,0;Подготовка;
20251209;04:07:53;-0,5;0,0;0,0;0,0;50,0;Подготовка;
20251209;04:07:58;-0,5;0,0;0,0;0,0;50,0;Подготовка;
20251209;04:08:03;-0,5;0,0;0,0;0,0;50,0;Подготовка;
20251209;04:08:08;-0,5;0,0;0,0;0,0;50,0;Подготовка;
20251209;04:08:13;-0,5;0,0;0,0;0,0;50,0;Подготовка;
20251209;04:08:18;-0,5;0,0;0,0;0,0;50,0;Подготовка;
20251209;04:08:23;-0,5;0,0;0,0;0,0;50,0;Подготовка;
20251209;04:08:28;-0,5;0,0;0,0;0,0;50,0;Подготовка;
20251209;04:08:34;-0,5;0,0;0,0;0,0;50,0;Подготовка;
20251209;04:08:39;-0,5;0,0;0,0;0,0;50,0;Подготовка;
20251209;04:08:44;-0,5;0,0;0,0;0,0;50,0;Подготовка;
20251209;04:08:49;-0,5;0,0;0,0;0,0;50,0;Подготовка;
20251209;04:08:54;-0,5;0,0;0,0;0,0;50,0;Подготовка;
20251209;04:08:59;-0,5;0,0;0,0;0,0;50,0;Подготовка;
20251209;04:09:04;-0,5;0,0;0,0;0,0;50,0;Подготовка;
20251209;04:09:09;-0,5;0,0;0,0;0,0;50,0;Подготовка;
20251209;04:09:14;-0,5;0,0;0,0;0,0;50,0;Подготовка;
20251209;04:09:19;-0,5;0,0;0,0;0,0;50,0;Подготовка;
20251209;04:09:24;-0,5;0,0;0,0;0,0;50,0;Подготовка;
20251209;04:09:29;-0,5;0,0;0,0;0,0;50,0;Подготовка;
20251209;04:09:34;-0,5;0,0;0,0;0,0;50,0;Подготовка;
20251209;04:09:39;-0,5;0,0;0,0;0,0;50,0;Подготовка;
20251209;04:09:44;-0,5;0,0;0,0;0,0;50,0;Подготовка;
20251209;04:09:49;-0,5;0,0;0,0;0,0;50,0;Подготовка;
20251209;04:09:54;-0,5;0,0;0,0;0,0;50,0;Подготовка;
20251209;04:09:59;-0,5;0,0;0,0;0,0;50,0;Подготовка;
20251209;04:10:04;-0,5;0,0;0,0;0,0;50,0;Подготовка;
20251209;04:10:09;-0,5;0,0;0,0;0,0;50,0;Подготовка;
20251209;04:10:14;-0,5;0,0;0,0;0,0;50,0;Подготовка;
20251209;04:10:19;-0,5;0,0;0,0;0,0;50,0;Подготовка;
20251209;04:10:24;-0,5;0,0;0,0;0,0;50,0;Подготовка;
20251209;04:10:29;-0,5;0,0;0,0;0,0;50,0;Подготовка;
20251209;04:10:34;-0,5;0,0;0,0;0,0;50,0;Подготовка;
20251209;04:10:40;-0,5;0,0;0,0;0,0;50,0;Подготовка;
20251209;04:10:45;-0,5;0,0;0,0;0,0;50,0;Подготовка;
20251209;04:10:50;-0,5;0,0;0,0;0,0;50,0;Подготовка;
20251209;04:10:55;-0,5;0,0;0,0;0,0;50,0;Подготовка;
20251209;04:11:00;-0,5;0,0;0,0;0,0;50,0;Подготовка;
20251209;04:11:05;-0,5;0,0;0,0;0,0;50,0;Подготовка;
20251209;04:11:10;-0,5;0,0;0,0;0,0;50,0;Подготовка;
20251209;04:11:15;-0,5;0,0;0,0;0,0;50,0;Подготовка;
20251209;04:11:20;-0,5;0,0;0,0;0,0;50,0;Подготовка;
20251209;04:11:25;-0,5;0,0;0,0;0,0;50,0;Подготовка;
20251209;04:11:30;-0,5;0,0;0,0;0,0;50,0;Подготовка;
20251209;04:11:35;-0,5;0,0;0,0;0,0;50,0;Подготовка;
20251209;04:11:40;-0,5;0,0;0,0;0,0;50,0;Подготовка;
20251209;04:11:45;-0,5;0,0;0,0;0,0;50,0;Подготовка;
20251209;04:11:50;-0,5;0,0;0,0;0,0;50,0;Подготовка;
20251209;04:11:55;-0,5;0,0;0,0;0,0;50,0;Подготовка;
20251209;04:12:00;-0,5;0,0;0,0;0,0;50,0;Подготовка;
20251209;04:12:05;-0,5;0,0;0,0;0,0;50,0;Подготовка;
20251209;04:12:10;-0,5;0,0;0,0;0,0;50,0;Подготовка;
20251209;04:12:15;-0,5;0,0;0,0;0,0;50,0;Подготовка;
20251209;04:12:20;-0,5;0,0;0,0;0,0;50,0;Подготовка;
20251209;04:12:25;-0,5;0,0;0,0;0,0;50,0;Подготовка;
20251209;04:12:30;-0,5;0,0;0,0;0,0;50,0;Подготовка;
20251209;04:12:35;-0,5;0,0;0,0;0,0;50,0;Подготовка;
20251209;04:12:40;-0,5;0,0;0,0;0,0;50,0;Подготовка;
20251209;04:12:46;-0,5;0,0;0,0;0,0;50,0;Подготовка;
20251209;04:12:51;-0,5;0,0;0,0;0,0;50,0;Подготовка;
20251209;04:12:56;-0,5;0,0;0,0;0,0;50,0;Подготовка;
20251209;04:13:01;-0,5;0,0;0,0;0,0;50,0;Подготовка;
20251209;04:13:06;-0,5;0,0;0,0;0,0;50,0;Подготовка;
20251209;04:13:11;-0,5;0,0;0,0;0,0;50,0;Подготовка;
20251209;04:13:16;-0,5;0,0;0,0;0,0;50,0;Подготовка;
20251209;04:13:21;-0,5;0,0;0,0;0,0;50,0;Подготовка;
20251209;04:13:26;-0,5;0,0;0,0;0,0;50,0;Подготовка;
20251209;04:13:31;-0,5;0,0;0,0;0,0;50,0;Подготовка;
20251209;04:13:36;-0,5;0,0;0,0;0,0;50,0;Подготовка;
20251209;04:13:41;-0,5;0,0;0,0;0,0;50,0;Подготовка;
20251209;04:13:46;-0,5;0,0;0,0;0,0;50,0;Подготовка;
20251209;04:13:51;-0,5;0,0;0,0;0,0;50,0;Подготовка;
20251209;04:13:56;-0,5;0,0;0,0;0,0;50,0;Подготовка;
20251209;04:14:01;-0,5;0,0;0,0;0,0;50,0;Подготовка;
20251209;04:14:06;-0,5;0,0;0,0;0,0;50,0;Подготовка;
20251209;04:14:11;-0,5;0,0;0,0;0,0;50,0;Подготовка;
20251209;04:14:16;-0,5;0,0;0,0;0,0;50,0;Подготовка;
20251209;04:14:21;-0,5;0,0;0,0;0,0;50,0;Подготовка;
20251209;04:14:26;-0,5;0,0;0,0;0,0;50,0;Подготовка;
20251209;04:14:31;-0,5;0,0;0,0;0,0;50,0;Подготовка;
20251209;04:14:36;-0,5;0,0;0,0;0,0;50,0;Подготовка;
20251209;04:14:41;-0,5;0,0;0,0;0,0;50,0;Подготовка;
20251209;04:14:46;-0,5;0,0;0,0;0,0;50,0;Подготовка;
20251209;04:14:52;-0,5;0,0;0,0;0,0;50,0;Подготовка;
20251209;04:14:57;-0,5;0,0;0,0;0,0;50,0;Подготовка;
20251209;04:15:02;-0,5;0,0;0,0;0,0;50,0;Подготовка;
20251209;04:15:07;-0,5;0,0;0,0;0,0;50,0;Подготовка;
20251209;04:15:12;-0,5;0,0;0,0;0,0;50,0;Подготовка;
20251209;04:15:17;-0,5;0,0;0,0;0,0;50,0;Подготовка;
20251209;04:15:22;-0,5;0,0;0,0;0,0;50,0;Подготовка;
20251209;04:15:27;-0,5;0,0;0,0;0,0;50,0;Подготовка;
20251209;04:15:32;-0,5;0,0;0,0;0,0;50,0;Подготовка;
20251209;04:15:37;-0,5;0,0;0,0;0,0;50,0;Подготовка;
20251209;04:15:42;-0,5;0,0;0,0;0,0;50,0;Подготовка;
20251209;04:15:47;-0,5;0,0;0,0;0,0;50,0;Подготовка;
20251209;04:15:52;-0,5;0,0;0,0;0,0;50,0;Подготовка;
20251209;04:15:57;-0,5;0,0;0,0;0,0;50,0;Подготовка;
20251209;04:16:02;-0,5;0,0;0,0;0,0;50,0;Подготовка;
20251209;04:16:07;-0,5;0,0;0,0;0,0;50,0;Подготовка;
20251209;04:16:12;-0,5;0,0;0,0;0,0;50,0;Подготовка;
20251209;04:16:17;-0,5;0,0;0,0;0,0;50,0;Подготовка;
20251209;04:16:22;-0,5;0,0;0,0;0,0;50,0;Подготовка;
20251209;04:16:27;-0,5;0,0;0,0;0,0;50,0;Подготовка;
20251209;04:16:32;-0,5;0,0;0,0;0,0;50,0;Подготовка;
20251209;04:16:37;-0,5;0,0;0,0;0,0;50,0;Подготовка;
20251209;04:16:42;-0,5;0,0;0,0;0,0;50,0;Подготовка;
20251209;04:16:47;-0,5;0,0;0,0;0,0;50,0;Подготовка;
20251209;04:16:52;-0,5;0,0;0,0;0,0;50,0;Подготовка;
20251209;04:16:58;-0,5;0,0;0,0;0,0;50,0;Подготовка;
20251209;04:17:03;-0,5;0,0;0,0;0,0;50,0;Подготовка;
20251209;04:17:08;-0,5;0,0;0,0;0,0;50,0;Подготовка;
20251209;04:17:13;-0,5;0,0;0,0;0,0;50,0;Подготовка;
20251209;04:17:18;-0,5;0,0;0,0;0,0;50,0;Подготовка;
20251209;04:17:23;-0,5;0,0;0,0;0,0;50,0;Подготовка;
20251209;04:17:28;-0,5;0,0;0,0;0,0;50,0;Подготовка;
20251209;04:17:33;-0,5;0,0;0,0;0,0;50,0;Подготовка;
20251209;04:17:38;-0,5;0,0;0,0;0,0;50,0;Подготовка;
20251209;04:17:43;-0,5;0,0;0,0;0,0;50,0;Подготовка;
20251209;04:17:48;-0,5;0,0;0,0;0,0;50,0;Подготовка;
20251209;04:17:53;-0,5;0,0;0,0;0,0;50,0;Подготовка;
20251209;04:17:58;-0,5;0,0;0,0;0,0;50,0;Подготовка;
20251209;04:18:03;-0,5;0,0;0,0;0,0;50,0;Подготовка;
20251209;04:18:08;-0,5;0,0;0,0;0,0;50,0;Подготовка;
20251209;04:18:13;-0,5;0,0;0,0;0,0;50,0;Подготовка;
20251209;04:18:18;-0,5;0,0;0,0;0,0;50,0;Подготовка;
20251209;04:18:23;-0,5;0,0;0,0;0,0;50,0;Подготовка;
20251209;04:18:28;-0,5;0,0;0,0;0,0;50,0;Подготовка;
20251209;04:18:33;-0,5;0,0;0,0;0,0;50,0;Подготовка;
20251209;04:18:38;-0,5;0,0;0,0;0,0;50,0;Подготовка;
20251209;04:18:43;-0,5;0,0;0,0;0,0;50,0;Подготовка;
20251209;04:18:48;-0,5;0,0;0,0;0,0;50,0;Подготовка;
20251209;04:18:53;-0,5;0,0;0,0;0,0;50,0;Подготовка;
20251209;04:18:58;-0,5;0,0;0,0;0,0;50,0;Подготовка;
20251209;04:19:04;-0,5;0,0;0,0;0,0;50,0;Подготовка;
20251209;04:19:09;-0,5;0,0;0,0;0,0;50,0;Подготовка;
20251209;04:19:14;-0,5;0,0;0,0;0,0;50,0;Подготовка;
20251209;04:19:19;-0,5;0,0;0,0;0,0;50,0;Подготовка;
20251209;04:19:24;-0,5;0,0;0,0;0,0;50,0;Подготовка;
20251209;04:19:29;-0,5;0,0;0,0;0,0;50,0;Подготовка;
20251209;04:19:34;-0,5;0,0;0,0;0,0;50,0;Подготовка;
20251209;04:19:39;-0,5;0,0;0,0;0,0;50,0;Подготовка;
20251209;04:19:44;-0,5;0,0;0,0;0,0;50,0;Подготовка;
20251209;04:19:49;-0,5;0,0;0,0;0,0;50,0;Подготовка;
20251209;04:19:54;-0,5;0,0;0,0;0,0;50,0;Подготовка;
20251209;04:19:59;-0,5;0,0;0,0;0,0;50,0;Подготовка;
20251209;04:20:04;-0,5;0,0;0,0;0,0;50,0;Подготовка;
20251209;04:20:09;-0,5;0,0;0,0;0,0;50,0;Подготовка;
20251209;04:20:14;-0,5;0,0;0,0;0,0;50,0;Подготовка;
20251209;04:20:19;-0,5;0,0;0,0;0,0;50,0;Подготовка;
20251209;04:20:24;-0,5;0,0;0,0;0,0;50,0;Подготовка;
20251209;04:20:29;-0,5;0,0;0,0;0,0;50,0;Подготовка;
20251209;04:20:34;-0,5;0,0;0,0;0,0;50,0;Подготовка;
20251209;04:20:39;-0,5;0,0;0,0;0,0;50,0;Подготовка;
20251209;04:20:44;-0,5;0,0;0,0;0,0;50,0;Подготовка;
20251209;04:20:49;-0,5;0,0;0,0;0,0;50,0;Подготовка;
20251209;04:20:54;-0,5;0,0;0,0;0,0;50,0;Подготовка;
20251209;04:20:59;-0,5;0,0;0,0;0,0;50,0;Подготовка;
20251209;04:21:04;-0,5;0,0;0,0;0,0;50,0;Подготовка;
20251209;04:21:10;-0,5;0,0;0,0;0,0;50,0;Подготовка;
20251209;04:21:15;-0,5;0,0;0,0;0,0;50,0;Подготовка;
20251209;04:21:20;-0,5;0,0;0,0;0,0;50,0;Подготовка;
20251209;04:21:25;-0,5;0,0;0,0;0,0;50,0;Подготовка;
20251209;04:21:30;-0,5;0,0;0,0;0,0;50,0;Подготовка;
20251209;04:21:35;-0,5;0,0;0,0;0,0;50,0;Подготовка;
20251209;04:21:40;-0,5;0,0;0,0;0,0;50,0;Подготовка;
20251209;04:21:45;-0,5;0,0;0,0;0,0;50,0;Подготовка;
20251209;04:21:50;-0,5;0,0;0,0;0,0;50,0;Подготовка;
20251209;04:21:55;-0,5;0,0;0,0;0,0;50,0;Подготовка;
20251209;04:22:00;-0,5;0,0;0,0;0,0;50,0;Подготовка;
20251209;04:22:05;-0,5;0,0;0,0;0,0;50,0;Подготовка;
20251209;04:22:10;-0,5;0,0;0,0;0,0;50,0;Подготовка;
20251209;04:22:15;-0,5;0,0;0,0;0,0;50,0;Подготовка;
20251209;04:22:20;-0,5;0,0;0,0;0,0;50,0;Подготовка;
20251209;04:22:25;-0,5;0,0;0,0;0,0;50,0;Подготовка;
20251209;04:22:30;-0,5;0,0;0,0;0,0;50,0;Подготовка;
20251209;04:22:35;-0,5;0,0;0,0;0,0;50,0;Подготовка;
20251209;04:22:40;-0,5;0,0;0,0;0,0;50,0;Подготовка;
20251209;04:22:45;-0,5;0,0;0,0;0,0;50,0;Подготовка;
20251209;04:22:50;-0,5;0,0;0,0;0,0;50,0;Подготовка;
20251209;04:22:55;-0,5;0,0;0,0;0,0;50,0;Подготовка;
20251209;04:23:00;-0,5;0,0;0,0;0,0;50,0;Подготовка;
20251209;04:23:05;-0,5;0,0;0,0;0,0;50,0;Подготовка;
20251209;04:23:10;-0,5;0,0;0,0;0,0;50,0;Подготовка;
20251209;04:23:16;-0,5;0,0;0,0;0,0;50,0;Подготовка;
20251209;04:23:21;-0,5;0,0;0,0;0,0;50,0;Подготовка;
20251209;04:23:26;-0,5;0,0;0,0;0,0;50,0;Подготовка;
20251209;04:23:31;-0,5;0,0;0,0;0,0;50,0;Подготовка;
20251209;04:23:36;-0,5;0,0;0,0;0,0;50,0;Подготовка;
20251209;04:23:41;-0,5;0,0;0,0;0,0;50,0;Подготовка;
20251209;04:23:46;-0,5;0,0;0,0;0,0;50,0;Подготовка;
20251209;04:23:51;-0,5;0,0;0,0;0,0;50,0;Подготовка;
20251209;04:23:56;-0,5;0,0;0,0;0,0;50,0;Подготовка;
20251209;04:24:01;-0,5;0,0;0,0;0,0;50,0;Подготовка;
20251209;04:24:06;-0,5;0,0;0,0;0,0;50,0;Подготовка;
20251209;04:24:11;-0,5;0,0;0,0;0,0;50,0;Подготовка;
20251209;04:24:16;-0,5;0,0;0,0;0,0;50,0;Подготовка;
20251209;04:24:21;-0,5;0,0;0,0;0,0;50,0;Подготовка;
20251209;04:24:26;-0,5;0,0;0,0;0,0;50,0;Подготовка;
20251209;04:24:31;-0,5;0,0;0,0;0,0;50,0;Подготовка;
20251209;04:24:36;-0,5;0,0;0,0;0,0;50,0;Подготовка;
20251209;04:24:41;-0,5;0,0;0,0;0,0;50,0;Подготовка;
20251209;04:24:46;-0,5;0,0;0,0;0,0;50,0;Подготовка;
20251209;04:24:51;-0,5;0,0;0,0;0,0;50,0;Подготовка;
20251209;04:24:56;-0,5;0,0;0,0;0,0;50,0;Подготовка;
20251209;04:25:01;-0,5;0,0;0,0;0,0;50,0;Подготовка;
20251209;04:25:06;-0,5;0,0;0,0;0,0;50,0;Подготовка;
20251209;04:25:11;-0,5;0,0;0,0;0,0;50,0;Подготовка;
20251209;04:25:16;-0,5;0,0;0,0;0,0;50,0;Подготовка;
20251209;04:25:22;-0,5;0,0;0,0;0,0;50,0;Подготовка;
20251209;04:25:27;-0,5;0,0;0,0;0,0;50,0;Подготовка;
20251209;04:25:32;-0,5;0,0;0,0;0,0;50,0;Подготовка;
20251209;04:25:37;-0,5;0,0;0,0;0,0;50,0;Подготовка;
20251209;04:25:42;-0,5;0,0;0,0;0,0;50,0;Подготовка;
20251209;04:25:47;-0,5;0,0;0,0;0,0;50,0;Подготовка;
20251209;04:25:52;-0,5;0,0;0,0;0,0;50,0;Подготовка;
20251209;04:25:57;-0,5;0,0;0,0;0,0;50,0;Подготовка;
20251209;04:26:02;-0,5;0,0;0,0;0,0;50,0;Подготовка;
20251209;04:26:07;-0,5;0,0;0,0;0,0;50,0;Подготовка;
20251209;04:26:12;-0,5;0,0;0,0;0,0;50,0;Подготовка;
20251209;04:26:17;-0,5;0,0;0,0;0,0;50,0;Подготовка;
20251209;04:26:22;-0,5;0,0;0,0;0,0;50,0;Подготовка;
20251209;04:26:27;-0,5;0,0;0,0;0,0;50,0;Подготовка;
20251209;04:26:32;-0,5;0,0;0,0;0,0;50,0;Подготовка;
20251209;04:26:37;-0,5;0,0;0,0;0,0;50,0;Подготовка;
20251209;04:26:42;-0,5;0,0;0,0;0,0;50,0;Подготовка;
20251209;04:26:47;-0,5;0,0;0,0;0,0;50,0;Подготовка;
20251209;04:26:52;-0,5;0,0;0,0;0,0;50,0;Подготовка;
20251209;04:26:57;-0,5;0,0;0,0;0,0;50,0;Подготовка;
20251209;04:27:02;-0,5;0,0;0,0;0,0;50,0;Подготовка;
20251209;04:27:07;-0,5;0,0;0,0;0,0;50,0;Подготовка;
20251209;04:27:12;-0,5;0,0;0,0;0,0;50,0;Подготовка;
20251209;04:27:17;-0,5;0,0;0,0;0,0;50,0;Подготовка;
20251209;04:27:22;-0,5;0,0;0,0;0,0;50,0;Подготовка;
20251209;04:27:28;-0,5;0,0;0,0;0,0;50,0;Подготовка;
20251209;04:27:33;-0,5;0,0;0,0;0,0;50,0;Подготовка;
20251209;04:27:38;-0,5;0,0;0,0;0,0;50,0;Подготовка;
20251209;04:27:43;-0,5;0,0;0,0;0,0;50,0;Подготовка;
20251209;04:27:48;-0,5;0,0;0,0;0,0;50,0;Подготовка;
20251209;04:27:53;-0,5;0,0;0,0;0,0;50,0;Подготовка;
20251209;04:27:58;-0,5;0,0;0,0;0,0;50,0;Подготовка;
20251209;04:28:03;-0,5;0,0;0,0;0,0;50,0;Подготовка;
20251209;04:28:08;-0,5;0,0;0,0;0,0;50,0;Подготовка;
20251209;04:28:13;-0,5;0,0;0,0;0,0;50,0;Подготовка;
20251209;04:28:18;-0,5;0,0;0,0;0,0;50,0;Подготовка;
20251209;04:28:23;-0,5;0,0;0,0;0,0;50,0;Подготовка;
20251209;04:28:28;-0,5;0,0;0,0;0,0;50,0;Подготовка;
20251209;04:28:33;-0,5;0,0;0,0;0,0;50,0;Подготовка;
20251209;04:28:38;-0,5;0,0;0,0;0,0;50,0;Подготовка;
20251209;04:28:43;-0,5;0,0;0,0;0,0;50,0;Подготовка;
20251209;04:28:48;-0,5;0,0;0,0;0,0;50,0;Подготовка;
20251209;04:28:53;-0,5;0,0;0,0;0,0;50,0;Подготовка;
20251209;04:28:58;-0,5;0,0;0,0;0,0;50,0;Подготовка;
20251209;04:29:03;-0,5;0,0;0,0;0,0;50,0;Подготовка;
20251209;04:29:08;-0,5;0,0;0,0;0,0;50,0;Подготовка;
20251209;04:29:13;-0,5;0,0;0,0;0,0;50,0;Подготовка;
20251209;04:29:18;-0,5;0,0;0,0;0,0;50,0;Подготовка;
20251209;04:29:23;-0,5;0,0;0,0;0,0;50,0;Подготовка;
20251209;04:29:28;-0,5;0,0;0,0;0,0;50,0;Подготовка;
20251209;04:29:34;-0,5;0,0;0,0;0,0;50,0;Подготовка;
20251209;04:29:39;-0,5;0,0;0,0;0,0;50,0;Подготовка;
20251209;04:29:44;-0,5;0,0;0,0;0,0;50,0;Подготовка;
20251209;04:29:49;-0,5;0,0;0,0;0,0;50,0;Подготовка;
20251209;04:29:54;-0,5;0,0;0,0;0,0;50,0;Подготовка;
20251209;04:29:59;-0,5;0,0;0,0;0,0;50,0;Подготовка;
20251209;04:30:04;-0,5;0,0;0,0;0,0;50,0;Подготовка;
20251209;04:30:09;-0,5;0,0;0,0;0,0;50,0;Подготовка;
20251209;04:30:14;-0,5;0,0;0,0;0,0;50,0;Подготовка;
20251209;04:30:19;-0,5;0,0;0,0;0,0;50,0;Подготовка;
20251209;04:30:24;-0,5;0,0;0,0;0,0;50,0;Подготовка;
20251209;04:30:29;-0,5;0,0;0,0;0,0;50,0;Подготовка;
20251209;04:30:34;-0,5;0,0;0,0;0,0;50,0;Подготовка;
20251209;04:30:39;-0,5;0,0;0,0;0,0;50,0;Подготовка;
20251209;04:30:44;-0,5;0,0;0,0;0,0;50,0;Подготовка;
20251209;04:30:49;-0,5;0,0;0,0;0,0;50,0;Подготовка;
20251209;04:30:54;-0,5;0,0;0,0;0,0;50,0;Подготовка;
20251209;04:30:59;-0,5;0,0;0,0;0,0;50,0;Подготовка;
20251209;04:31:04;-0,5;0,0;0,0;0,0;50,0;Подготовка;
20251209;04:31:09;-0,5;0,0;0,0;0,0;50,0;Подготовка;
20251209;04:31:14;-0,5;0,0;0,0;0,0;50,0;Подготовка;
20251209;04:31:19;-0,5;0,0;0,0;0,0;50,0;Подготовка;
20251209;04:31:24;-0,5;0,0;0,0;0,0;50,0;Подготовка;
20251209;04:31:29;-0,5;0,0;0,0;0,0;50,0;Подготовка;
20251209;04:31:34;-0,5;0,0;0,0;0,0;50,0;Подготовка;
20251209;04:31:40;-0,5;0,0;0,0;0,0;50,0;Подготовка;
20251209;04:31:45;-0,5;0,0;0,0;0,0;50,0;Подготовка;
20251209;04:31:50;-0,5;0,0;0,0;0,0;50,0;Подготовка;
20251209;04:31:55;-0,5;0,0;0,0;0,0;50,0;Подготовка;
20251209;04:32:00;-0,5;0,0;0,0;0,0;50,0;Подготовка;
20251209;04:32:05;-0,5;0,0;0,0;0,0;50,0;Подготовка;
20251209;04:32:10;-0,5;0,0;0,0;0,0;50,0;Подготовка;
20251209;04:32:15;-0,5;0,0;0,0;0,0;50,0;Подготовка;
20251209;04:32:20;-0,5;0,0;0,0;0,0;50,0;Подготовка;
20251209;04:32:25;-0,5;0,0;0,0;0,0;50,0;Подготовка;
20251209;04:32:30;-0,5;0,0;0,0;0,0;50,0;Подготовка;
20251209;04:32:35;-0,5;0,0;0,0;0,0;50,0;Подготовка;
20251209;04:32:40;-0,5;0,0;0,0;0,0;50,0;Подготовка;
20251209;04:32:45;-0,5;0,0;0,0;0,0;50,0;Подготовка;
20251209;04:32:50;-0,5;0,0;0,0;0,0;50,0;Подготовка;
20251209;04:32:55;-0,5;0,0;0,0;0,0;50,0;Подготовка;
20251209;04:33:00;-0,5;0,0;0,0;0,0;50,0;Подготовка;
20251209;04:33:05;-0,5;0,0;0,0;0,0;50,0;Подготовка;
20251209;04:33:10;-0,5;0,0;0,0;0,0;50,0;Подготовка;
20251209;04:33:15;-0,5;0,0;0,0;0,0;50,0;Подготовка;
Предприятие;
Объект;
Вид оборудования;
Дисп. наименование;
Тип;
Зав. номер;
Сер. номер;
Год выпуска;
Год ввода в эксплуатацию;
Дата отбора пробы;
Марка пробы;
Температура пробы;
DATE ;TIME ;TS_TEMP ;PROB_TEMP ;PROB_OTN_VL ;PROBE_VlAGOSOD ;SP ;STATUS ; 
20251209;04:33:32;-0,39;0,0;0,0;0,0;50,0;Включение;
20251209;04:33:37;-0,49;0,0;0,0;0,0;50,0;Включение;
20251209;04:33:42;-0,49;0,0;0,0;0,0;50,0;Подготовка;
20251209;04:33:47;-0,49;0,0;0,0;0,0;50,0;Подготовка;
20251209;04:33:52;-0,49;0,0;0,0;0,0;50,0;Подготовка;
20251209;04:33:57;-0,49;0,0;0,0;0,0;50,0;Подготовка;
20251209;04:34:02;-0,5;0,0;0,0;0,0;50,0;Подготовка;
20251209;04:34:07;-0,5;0,0;0,0;0,0;50,0;Подготовка;
20251209;04:34:12;-0,5;0,0;0,0;0,0;50,0;Подготовка;
20251209;04:34:17;-0,5;0,0;0,0;0,0;50,0;Подготовка;
20251209;04:34:22;-0,5;0,0;0,0;0,0;50,0;Подготовка;
20251209;04:34:28;-0,5;0,0;0,0;0,0;50,0;Подготовка;
20251209;04:34:33;-0,5;0,0;0,0;0,0;50,0;Подготовка;
20251209;04:34:38;-0,5;0,0;0,0;0,0;50,0;Подготовка;
20251209;04:34:43;-0,5;0,0;0,0;0,0;50,0;Подготовка;
20251209;04:34:48;-0,5;0,0;0,0;0,0;50,0;Подготовка;
20251209;04:34:53;-0,5;0,0;0,0;0,0;50,0;Подготовка;
20251209;04:34:58;-0,5;0,0;0,0;0,0;50,0;Подготовка;
20251209;04:35:03;-0,5;0,0;0,0;0,0;50,0;Подготовка;
20251209;04:35:08;-0,5;0,0;0,0;0,0;50,0;Подготовка;
20251209;04:35:13;-0,5;0,0;0,0;0,0;50,0;Подготовка;
20251209;04:35:18;-0,5;0,0;0,0;0,0;50,0;Подготовка;
20251209;04:35:23;-0,5;0,0;0,0;0,0;50,0;Подготовка;
20251209;04:35:28;-0,5;0,0;0,0;0,0;50,0;Подготовка;
20251209;04:35:33;-0,5;0,0;0,0;0,0;50,0;Подготовка;
20251209;04:35:38;-0,5;0,0;0,0;0,0;50,0;Подготовка;
20251209;04:35:43;-0,5;0,0;0,0;0,0;50,0;Подготовка;
20251209;04:35:48;-0,5;0,0;0,0;0,0;50,0;Подготовка;
20251209;04:35:53;-0,5;0,0;0,0;0,0;50,0;Подготовка;
20251209;04:35:58;-0,5;0,0;0,0;0,0;50,0;Подготовка;
20251209;04:36:03;-0,5;0,0;0,0;0,0;50,0;Подготовка;
20251209;04:36:08;-0,5;0,0;0,0;0,0;50,0;Подготовка;
20251209;04:36:13;-0,5;0,0;0,0;0,0;50,0;Подготовка;
20251209;04:36:18;-0,5;0,0;0,0;0,0;50,0;Подготовка;
20251209;04:36:23;-0,5;0,0;0,0;0,0;50,0;Подготовка;
20251209;04:36:28;-0,5;0,0;0,0;0,0;50,0;Подготовка;
20251209;04:36:34;-0,5;0,0;0,0;0,0;50,0;Подготовка;
20251209;04:36:39;-0,5;0,0;0,0;0,0;50,0;Подготовка;
20251209;04:36:44;-0,5;0,0;0,0;0,0;50,0;Подготовка;
20251209;04:36:49;-0,5;0,0;0,0;0,0;50,0;Подготовка;
20251209;04:36:54;-0,5;0,0;0,0;0,0;50,0;Подготовка;
20251209;04:36:59;-0,5;0,0;0,0;0,0;50,0;Подготовка;
20251209;04:37:04;-0,5;0,0;0,0;0,0;50,0;Подготовка;
20251209;04:37:09;-0,5;0,0;0,0;0,0;50,0;Подготовка;
20251209;04:37:14;-0,5;0,0;0,0;0,0;50,0;Подготовка;
20251209;04:37:19;-0,5;0,0;0,0;0,0;50,0;Подготовка;
20251209;04:37:24;-0,5;0,0;0,0;0,0;50,0;Подготовка;
20251209;04:37:29;-0,5;0,0;0,0;0,0;50,0;Подготовка;
20251209;04:37:34;-0,5;0,0;0,0;0,0;50,0;Подготовка;
20251209;04:37:39;-0,5;0,0;0,0;0,0;50,0;Подготовка;
20251209;04:37:44;-0,5;0,0;0,0;0,0;50,0;Подготовка;
20251209;04:37:49;-0,5;0,0;0,0;0,0;50,0;Подготовка;
20251209;04:37:54;-0,5;0,0;0,0;0,0;50,0;Подготовка;
20251209;04:37:59;-0,5;0,0;0,0;0,0;50,0;Подготовка;
20251209;04:38:04;-0,5;0,0;0,0;0,0;50,0;Подготовка;
20251209;04:38:09;-0,5;0,0;0,0;0,0;50,0;Подготовка;
20251209;04:38:14;-0,5;0,0;0,0;0,0;50,0;Подготовка;
20251209;04:38:19;-0,5;0,0;0,0;0,0;50,0;Подготовка;
20251209;04:38:24;-0,5;0,0;0,0;0,0;50,0;Подготовка;
20251209;04:38:29;-0,5;0,0;0,0;0,0;50,0;Подготовка;
20251209;04:38:34;-0,5;0,0;0,0;0,0;50,0;Подготовка;
20251209;04:38:40;-0,5;0,0;0,0;0,0;50,0;Подготовка;
20251209;04:38:45;-0,5;0,0;0,0;0,0;50,0;Подготовка;
20251209;04:38:50;-0,5;0,0;0,0;0,0;50,0;Подготовка;
20251209;04:38:55;-0,5;0,0;0,0;0,0;50,0;Подготовка;
20251209;04:39:00;-0,5;0,0;0,0;0,0;50,0;Подготовка;
20251209;04:39:05;-0,5;0,0;0,0;0,0;50,0;Подготовка;
20251209;04:39:10;-0,5;0,0;0,0;0,0;50,0;Подготовка;
20251209;04:39:15;-0,5;0,0;0,0;0,0;50,0;Подготовка;
20251209;04:39:20;-0,5;0,0;0,0;0,0;50,0;Подготовка;
20251209;04:39:25;-0,5;0,0;0,0;0,0;50,0;Подготовка;
20251209;04:39:30;-0,5;0,0;0,0;0,0;50,0;Подготовка;
20251209;04:39:35;-0,5;0,0;0,0;0,0;50,0;Подготовка;
20251209;04:39:40;-0,5;0,0;0,0;0,0;50,0;Подготовка;
20251209;04:39:45;-0,5;0,0;0,0;0,0;50,0;Подготовка;
20251209;04:39:50;-0,5;0,0;0,0;0,0;50,0;Подготовка;
20251209;04:39:55;-0,5;0,0;0,0;0,0;50,0;Подготовка;
20251209;04:40:00;-0,5;0,0;0,0;0,0;50,0;Подготовка;
20251209;04:40:05;-0,5;0,0;0,0;0,0;50,0;Подготовка;
20251209;04:40:10;-0,5;0,0;0,0;0,0;50,0;Подготовка;
20251209;04:40:15;-0,5;0,0;0,0;0,0;50,0;Подготовка;
20251209;04:40:20;-0,5;0,0;0,0;0,0;50,0;Подготовка;
20251209;04:40:25;-0,5;0,0;0,0;0,0;50,0;Подготовка;
20251209;04:40:30;-0,5;0,0;0,0;0,0;50,0;Подготовка;
20251209;04:40:35;-0,5;0,0;0,0;0,0;50,0;Подготовка;
20251209;04:40:40;-0,5;0,0;0,0;0,0;50,0;Подготовка;
20251209;04:40:46;-0,5;0,0;0,0;0,0;50,0;Подготовка;
20251209;04:40:51;-0,5;0,0;0,0;0,0;50,0;Подготовка;
20251209;04:40:56;-0,5;0,0;0,0;0,0;50,0;Подготовка;
20251209;04:41:01;-0,5;0,0;0,0;0,0;50,0;Подготовка;
20251209;04:41:06;-0,5;0,0;0,0;0,0;50,0;Подготовка;
20251209;04:41:11;-0,5;0,0;0,0;0,0;50,0;Подготовка;
20251209;04:41:16;-0,5;0,0;0,0;0,0;50,0;Подготовка;
20251209;04:41:21;-0,5;0,0;0,0;0,0;50,0;Подготовка;
20251209;04:41:26;-0,5;0,0;0,0;0,0;50,0;Подготовка;
20251209;04:41:31;-0,5;0,0;0,0;0,0;50,0;Подготовка;
20251209;04:41:36;-0,5;0,0;0,0;0,0;50,0;Подготовка;
20251209;04:41:41;-0,5;0,0;0,0;0,0;50,0;Подготовка;
20251209;04:41:46;-0,5;0,0;0,0;0,0;50,0;Подготовка;
20251209;04:41:51;-0,5;0,0;0,0;0,0;50,0;Подготовка;
20251209;04:41:56;-0,5;0,0;0,0;0,0;50,0;Подготовка;
20251209;04:42:01;-0,5;0,0;0,0;0,0;50,0;Подготовка;
20251209;04:42:06;-0,5;0,0;0,0;0,0;50,0;Подготовка;
20251209;04:42:11;-0,5;0,0;0,0;0,0;50,0;Подготовка;
20251209;04:42:16;-0,5;0,0;0,0;0,0;50,0;Подготовка;
20251209;04:42:21;-0,5;0,0;0,0;0,0;50,0;Подготовка;
20251209;04:42:26;-0,5;0,0;0,0;0,0;50,0;Подготовка;
20251209;04:42:31;-0,5;0,0;0,0;0,0;50,0;Подготовка;
20251209;04:42:36;-0,5;0,0;0,0;0,0;50,0;Подготовка;
20251209;04:42:41;-0,5;0,0;0,0;0,0;50,0;Подготовка;
20251209;04:42:46;-0,5;0,0;0,0;0,0;50,0;Подготовка;
20251209;04:42:52;-0,5;0,0;0,0;0,0;50,0;Подготовка;
20251209;04:42:57;-0,5;0,0;0,0;0,0;50,0;Подготовка;
20251209;04:43:02;-0,5;0,0;0,0;0,0;50,0;Подготовка;
20251209;04:43:07;-0,5;0,0;0,0;0,0;50,0;Подготовка;
20251209;04:43:12;-0,5;0,0;0,0;0,0;50,0;Подготовка;
20251209;04:43:17;-0,5;0,0;0,0;0,0;50,0;Подготовка;
20251209;04:43:22;-0,5;0,0;0,0;0,0;50,0;Подготовка;
20251209;04:43:27;-0,5;0,0;0,0;0,0;50,0;Подготовка;
20251209;04:43:32;-0,5;0,0;0,0;0,0;50,0;Подготовка;
20251209;04:43:37;-0,5;0,0;0,0;0,0;50,0;Подготовка;
20251209;04:43:42;-0,5;0,0;0,0;0,0;50,0;Подготовка;
20251209;04:43:47;-0,5;0,0;0,0;0,0;50,0;Подготовка;
20251209;04:43:52;-0,5;0,0;0,0;0,0;50,0;Подготовка;
20251209;04:43:57;-0,5;0,0;0,0;0,0;50,0;Подготовка;
20251209;04:44:02;-0,5;0,0;0,0;0,0;50,0;Подготовка;
20251209;04:44:07;-0,5;0,0;0,0;0,0;50,0;Подготовка;
20251209;04:44:12;-0,5;0,0;0,0;0,0;50,0;Подготовка;
20251209;04:44:17;-0,5;0,0;0,0;0,0;50,0;Подготовка;
20251209;04:44:22;-0,5;0,0;0,0;0,0;50,0;Подготовка;
20251209;04:44:27;-0,5;0,0;0,0;0,0;50,0;Подготовка;
20251209;04:44:32;-0,5;0,0;0,0;0,0;50,0;Подготовка;
20251209;04:44:37;-0,5;0,0;0,0;0,0;50,0;Подготовка;
20251209;04:44:42;-0,5;0,0;0,0;0,0;50,0;Подготовка;
20251209;04:44:47;-0,5;0,0;0,0;0,0;50,0;Подготовка;
20251209;04:44:52;-0,5;0,0;0,0;0,0;50,0;Подготовка;
20251209;04:44:58;-0,5;0,0;0,0;0,0;50,0;Подготовка;
20251209;04:45:03;-0,5;0,0;0,0;0,0;50,0;Подготовка;
20251209;04:45:08;-0,5;0,0;0,0;0,0;50,0;Подготовка;
20251209;04:45:13;-0,5;0,0;0,0;0,0;50,0;Подготовка;
20251209;04:45:18;-0,5;0,0;0,0;0,0;50,0;Подготовка;
20251209;04:45:23;-0,5;0,0;0,0;0,0;50,0;Подготовка;
20251209;04:45:28;-0,5;0,0;0,0;0,0;50,0;Подготовка;
20251209;04:45:33;-0,5;0,0;0,0;0,0;50,0;Подготовка;
20251209;04:45:38;-0,5;0,0;0,0;0,0;50,0;Подготовка;
20251209;04:45:43;-0,5;0,0;0,0;0,0;50,0;Подготовка;
20251209;04:45:48;-0,5;0,0;0,0;0,0;50,0;Подготовка;
20251209;04:45:53;-0,5;0,0;0,0;0,0;50,0;Подготовка;
20251209;04:45:58;-0,5;0,0;0,0;0,0;50,0;Подготовка;
20251209;04:46:03;-0,5;0,0;0,0;0,0;50,0;Подготовка;
20251209;04:46:08;-0,5;0,0;0,0;0,0;50,0;Подготовка;
20251209;04:46:13;-0,5;0,0;0,0;0,0;50,0;Подготовка;
20251209;04:46:18;-0,5;0,0;0,0;0,0;50,0;Подготовка;
20251209;04:46:23;-0,5;0,0;0,0;0,0;50,0;Подготовка;
20251209;04:46:28;-0,5;0,0;0,0;0,0;50,0;Подготовка;
20251209;04:46:33;-0,5;0,0;0,0;0,0;50,0;Подготовка;
20251209;04:46:38;-0,5;0,0;0,0;0,0;50,0;Подготовка;
20251209;04:46:43;-0,5;0,0;0,0;0,0;50,0;Подготовка;
20251209;04:46:48;-0,5;0,0;0,0;0,0;50,0;Подготовка;
20251209;04:46:53;-0,5;0,0;0,0;0,0;50,0;Подготовка;
20251209;04:46:58;-0,5;0,0;0,0;0,0;50,0;Подготовка;
20251209;04:47:04;-0,5;0,0;0,0;0,0;50,0;Подготовка;
20251209;04:47:09;-0,5;0,0;0,0;0,0;50,0;Подготовка;
20251209;04:47:14;-0,5;0,0;0,0;0,0;50,0;Подготовка;
20251209;04:47:19;-0,5;0,0;0,0;0,0;50,0;Подготовка;
20251209;04:47:24;-0,5;0,0;0,0;0,0;50,0;Подготовка;
20251209;04:47:29;-0,5;0,0;0,0;0,0;50,0;Подготовка;
20251209;04:47:34;-0,5;0,0;0,0;0,0;50,0;Подготовка;
20251209;04:47:39;-0,5;0,0;0,0;0,0;50,0;Подготовка;
20251209;04:47:44;-0,5;0,0;0,0;0,0;50,0;Подготовка;
20251209;04:47:49;-0,5;0,0;0,0;0,0;50,0;Подготовка;
20251209;04:47:54;-0,5;0,0;0,0;0,0;50,0;Подготовка;
20251209;04:47:59;-0,5;0,0;0,0;0,0;50,0;Подготовка;
20251209;04:48:04;-0,5;0,0;0,0;0,0;50,0;Подготовка;
20251209;04:48:09;-0,5;0,0;0,0;0,0;50,0;Подготовка;
20251209;04:48:14;-0,5;0,0;0,0;0,0;50,0;Подготовка;
20251209;04:48:19;-0,5;0,0;0,0;0,0;50,0;Подготовка;
20251209;04:48:24;-0,5;0,0;0,0;0,0;50,0;Подготовка;
20251209;04:48:29;-0,5;0,0;0,0;0,0;50,0;Подготовка;
20251209;04:48:34;-0,5;0,0;0,0;0,0;50,0;Подготовка;
20251209;04:48:39;-0,5;0,0;0,0;0,0;50,0;Подготовка;
20251209;04:48:44;-0,5;0,0;0,0;0,0;50,0;Подготовка;
20251209;04:48:49;-0,5;0,0;0,0;0,0;50,0;Подготовка;
20251209;04:48:54;-0,5;0,0;0,0;0,0;50,0;Подготовка;
20251209;04:48:59;-0,5;0,0;0,0;0,0;50,0;Подготовка;
20251209;04:49:04;-0,5;0,0;0,0;0,0;50,0;Подготовка;
20251209;04:49:10;-0,5;0,0;0,0;0,0;50,0;Подготовка;
20251209;04:49:15;-0,5;0,0;0,0;0,0;50,0;Подготовка;
20251209;04:49:20;-0,5;0,0;0,0;0,0;50,0;Подготовка;
20251209;04:49:25;-0,5;0,0;0,0;0,0;50,0;Подготовка;
20251209;04:49:30;-0,5;0,0;0,0;0,0;50,0;Подготовка;
20251209;04:49:35;-0,5;0,0;0,0;0,0;50,0;Подготовка;
20251209;04:49:40;-0,5;0,0;0,0;0,0;50,0;Подготовка;
20251209;04:49:45;-0,5;0,0;0,0;0,0;50,0;Подготовка;
20251209;04:49:50;-0,5;0,0;0,0;0,0;50,0;Подготовка;
20251209;04:49:55;-0,5;0,0;0,0;0,0;50,0;Подготовка;
20251209;04:50:00;-0,5;0,0;0,0;0,0;50,0;Подготовка;
20251209;04:50:05;-0,5;0,0;0,0;0,0;50,0;Подготовка;
20251209;04:50:10;-0,5;0,0;0,0;0,0;50,0;Подготовка;
20251209;04:50:15;-0,5;0,0;0,0;0,0;50,0;Подготовка;
20251209;04:50:20;-0,5;0,0;0,0;0,0;50,0;Подготовка;
20251209;04:50:25;-0,5;0,0;0,0;0,0;50,0;Подготовка;
20251209;04:50:30;-0,5;0,0;0,0;0,0;50,0;Подготовка;
20251209;04:50:35;-0,5;0,0;0,0;0,0;50,0;Подготовка;
20251209;04:50:40;-0,5;0,0;0,0;0,0;50,0;Подготовка;
20251209;04:50:45;-0,5;0,0;0,0;0,0;50,0;Подготовка;
20251209;04:50:50;-0,5;0,0;0,0;0,0;50,0;Подготовка;
20251209;04:50:55;-0,5;0,0;0,0;0,0;50,0;Подготовка;
20251209;04:51:00;-0,5;0,0;0,0;0,0;50,0;Подготовка;
20251209;04:51:05;-0,5;0,0;0,0;0,0;50,0;Подготовка;
20251209;04:51:10;-0,5;0,0;0,0;0,0;50,0;Подготовка;
20251209;04:51:16;-0,5;0,0;0,0;0,0;50,0;Подготовка;
20251209;04:51:21;-0,5;0,0;0,0;0,0;50,0;Подготовка;
20251209;04:51:26;-0,5;0,0;0,0;0,0;50,0;Подготовка;
20251209;04:51:31;-0,5;0,0;0,0;0,0;50,0;Подготовка;
20251209;04:51:36;-0,5;0,0;0,0;0,0;50,0;Подготовка;
20251209;04:51:41;-0,5;0,0;0,0;0,0;50,0;Подготовка;
20251209;04:51:46;-0,5;0,0;0,0;0,0;50,0;Подготовка;
20251209;04:51:51;-0,5;0,0;0,0;0,0;50,0;Подготовка;
20251209;04:51:56;-0,5;0,0;0,0;0,0;50,0;Подготовка;
20251209;04:52:01;-0,5;0,0;0,0;0,0;50,0;Подготовка;
20251209;04:52:06;-0,5;0,0;0,0;0,0;50,0;Подготовка;
20251209;04:52:11;-0,5;0,0;0,0;0,0;50,0;Подготовка;
20251209;04:52:16;-0,5;0,0;0,0;0,0;50,0;Подготовка;
20251209;04:52:21;-0,5;0,0;0,0;0,0;50,0;Подготовка;
20251209;04:52:26;-0,5;0,0;0,0;0,0;50,0;Подготовка;
20251209;04:52:31;-0,5;0,0;0,0;0,0;50,0;Подготовка;
20251209;04:52:36;-0,5;0,0;0,0;0,0;50,0;Подготовка;
20251209;04:52:41;-0,5;0,0;0,0;0,0;50,0;Подготовка;
20251209;04:52:46;-0,5;0,0;0,0;0,0;50,0;Подготовка;
20251209;04:52:51;-0,5;0,0;0,0;0,0;50,0;Подготовка;
20251209;04:52:56;-0,5;0,0;0,0;0,0;50,0;Подготовка;
20251209;04:53:01;-0,5;0,0;0,0;0,0;50,0;Подготовка;
20251209;04:53:06;-0,5;0,0;0,0;0,0;50,0;Подготовка;
20251209;04:53:11;-0,5;0,0;0,0;0,0;50,0;Подготовка;
20251209;04:53:16;-0,5;0,0;0,0;0,0;50,0;Подготовка;
20251209;04:53:22;-0,5;0,0;0,0;0,0;50,0;Подготовка;
20251209;04:53:27;-0,5;0,0;0,0;0,0;50,0;Подготовка;
20251209;04:53:32;-0,5;0,0;0,0;0,0;50,0;Подготовка;
20251209;04:53:37;-0,5;0,0;0,0;0,0;50,0;Подготовка;
20251209;04:53:42;-0,5;0,0;0,0;0,0;50,0;Подготовка;
20251209;04:53:47;-0,5;0,0;0,0;0,0;50,0;Подготовка;
20251209;04:53:52;-0,5;0,0;0,0;0,0;50,0;Подготовка;
20251209;04:53:57;-0,5;0,0;0,0;0,0;50,0;Подготовка;
20251209;04:54:02;-0,5;0,0;0,0;0,0;50,0;Подготовка;
20251209;04:54:07;-0,5;0,0;0,0;0,0;50,0;Подготовка;
20251209;04:54:12;-0,5;0,0;0,0;0,0;50,0;Подготовка;
20251209;04:54:17;-0,5;0,0;0,0;0,0;50,0;Подготовка;
20251209;04:54:22;-0,5;0,0;0,0;0,0;50,0;Подготовка;
20251209;04:54:27;-0,5;0,0;0,0;0,0;50,0;Подготовка;
20251209;04:54:32;-0,5;0,0;0,0;0,0;50,0;Подготовка;
20251209;04:54:37;-0,5;0,0;0,0;0,0;50,0;Подготовка;
20251209;04:54:42;-0,5;0,0;0,0;0,0;50,0;Подготовка;
20251209;04:54:47;-0,5;0,0;0,0;0,0;50,0;Подготовка;
20251209;04:54:52;-0,5;0,0;0,0;0,0;50,0;Подготовка;
20251209;04:54:57;-0,5;0,0;0,0;0,0;50,0;Подготовка;
20251209;04:55:02;-0,5;0,0;0,0;0,0;50,0;Подготовка;
20251209;04:55:07;-0,5;0,0;0,0;0,0;50,0;Подготовка;
20251209;04:55:12;-0,5;0,0;0,0;0,0;50,0;Подготовка;
20251209;04:55:17;-0,5;0,0;0,0;0,0;50,0;Подготовка;
20251209;04:55:22;-0,5;0,0;0,0;0,0;50,0;Подготовка;
20251209;04:55:28;-0,5;0,0;0,0;0,0;50,0;Подготовка;
20251209;04:55:33;-0,5;0,0;0,0;0,0;50,0;Подготовка;
20251209;04:55:38;-0,5;0,0;0,0;0,0;50,0;Подготовка;
20251209;04:55:43;-0,5;0,0;0,0;0,0;50,0;Подготовка;
20251209;04:55:48;-0,5;0,0;0,0;0,0;50,0;Подготовка;
20251209;04:55:53;-0,5;0,0;0,0;0,0;50,0;Подготовка;
20251209;04:55:58;-0,5;0,0;0,0;0,0;50,0;Подготовка;
20251209;04:56:03;-0,5;0,0;0,0;0,0;50,0;Подготовка;
20251209;04:56:08;-0,5;0,0;0,0;0,0;50,0;Подготовка;
20251209;04:56:13;-0,5;0,0;0,0;0,0;50,0;Подготовка;
20251209;04:56:18;-0,5;0,0;0,0;0,0;50,0;Подготовка;
20251209;04:56:23;-0,5;0,0;0,0;0,0;50,0;Подготовка;
20251209;04:56:28;-0,5;0,0;0,0;0,0;50,0;Подготовка;
20251209;04:56:33;-0,5;0,0;0,0;0,0;50,0;Подготовка;
20251209;04:56:38;-0,5;0,0;0,0;0,0;50,0;Подготовка;
20251209;04:56:43;-0,5;0,0;0,0;0,0;50,0;Подготовка;
20251209;04:56:48;-0,5;0,0;0,0;0,0;50,0;Подготовка;
20251209;04:56:53;-0,5;0,0;0,0;0,0;50,0;Подготовка;
20251209;04:56:58;-0,5;0,0;0,0;0,0;50,0;Подготовка;
20251209;04:57:03;-0,5;0,0;0,0;0,0;50,0;Подготовка;
20251209;04:57:08;-0,5;0,0;0,0;0,0;50,0;Подготовка;
20251209;04:57:13;-0,5;0,0;0,0;0,0;50,0;Подготовка;
20251209;04:57:18;-0,5;0,0;0,0;0,0;50,0;Подготовка;
20251209;04:57:23;-0,5;0,0;0,0;0,0;50,0;Подготовка;
20251209;04:57:28;-0,5;0,0;0,0;0,0;50,0;Подготовка;
20251209;04:57:34;-0,5;0,0;0,0;0,0;50,0;Подготовка;
20251209;04:57:39;-0,5;0,0;0,0;0,0;50,0;Подготовка;
20251209;04:57:44;-0,5;0,0;0,0;0,0;50,0;Подготовка;
20251209;04:57:49;-0,5;0,0;0,0;0,0;50,0;Подготовка;
20251209;04:57:54;-0,5;0,0;0,0;0,0;50,0;Подготовка;
20251209;04:57:59;-0,5;0,0;0,0;0,0;50,0;Подготовка;
20251209;04:58:04;-0,5;0,0;0,0;0,0;50,0;Подготовка;
20251209;04:58:09;-0,5;0,0;0,0;0,0;50,0;Подготовка;
20251209;04:58:14;-0,5;0,0;0,0;0,0;50,0;Подготовка;
20251209;04:58:19;-0,5;0,0;0,0;0,0;50,0;Подготовка;
20251209;04:58:24;-0,5;0,0;0,0;0,0;50,0;Подготовка;
20251209;04:58:29;-0,5;0,0;0,0;0,0;50,0;Подготовка;
20251209;04:58:34;-0,5;0,0;0,0;0,0;50,0;Подготовка;
20251209;04:58:39;-0,5;0,0;0,0;0,0;50,0;Подготовка;
20251209;04:58:44;-0,5;0,0;0,0;0,0;50,0;Подготовка;
20251209;04:58:49;-0,5;0,0;0,0;0,0;50,0;Подготовка;
20251209;04:58:54;-0,5;0,0;0,0;0,0;50,0;Подготовка;
20251209;04:58:59;-0,5;0,0;0,0;0,0;50,0;Подготовка;
20251209;04:59:04;-0,5;0,0;0,0;0,0;50,0;Подготовка;
20251209;04:59:09;-0,5;0,0;0,0;0,0;50,0;Подготовка;
20251209;04:59:14;-0,5;0,0;0,0;0,0;50,0;Подготовка;
20251209;04:59:19;-0,5;0,0;0,0;0,0;50,0;Подготовка;
20251209;04:59:24;-0,5;0,0;0,0;0,0;50,0;Подготовка;
20251209;04:59:29;-0,5;0,0;0,0;0,0;50,0;Подготовка;
20251209;04:59:34;-0,5;0,0;0,0;0,0;50,0;Подготовка;
20251209;04:59:40;-0,5;0,0;0,0;0,0;50,0;Подготовка;
20251209;04:59:45;-0,5;0,0;0,0;0,0;50,0;Подготовка;
20251209;04:59:50;-0,5;0,0;0,0;0,0;50,0;Подготовка;
20251209;04:59:55;-0,5;0,0;0,0;0,0;50,0;Подготовка;
20251209;05:00:00;-0,5;0,0;0,0;0,0;50,0;Подготовка;
20251209;05:00:05;-0,5;0,0;0,0;0,0;50,0;Подготовка;
20251209;05:00:10;-0,5;0,0;0,0;0,0;50,0;Подготовка;
20251209;05:00:15;-0,5;0,0;0,0;0,0;50,0;Подготовка;
20251209;05:00:20;-0,5;0,0;0,0;0,0;50,0;Подготовка;
20251209;05:00:25;-0,5;0,0;0,0;0,0;50,0;Подготовка;
20251209;05:00:30;-0,5;0,0;0,0;0,0;50,0;Подготовка;
20251209;05:00:35;-0,5;0,0;0,0;0,0;50,0;Подготовка;
20251209;05:00:40;-0,5;0,0;0,0;0,0;50,0;Подготовка;
20251209;05:00:45;-0,5;0,0;0,0;0,0;50,0;Подготовка;
20251209;05:00:50;-0,5;0,0;0,0;0,0;50,0;Подготовка;
20251209;05:00:55;-0,5;0,0;0,0;0,0;50,0;Подготовка;
20251209;05:01:00;-0,5;0,0;0,0;0,0;50,0;Подготовка;
20251209;05:01:05;-0,5;0,0;0,0;0,0;50,0;Подготовка;
20251209;05:01:10;-0,5;0,0;0,0;0,0;50,0;Подготовка;
20251209;05:01:15;-0,5;0,0;0,0;0,0;50,0;Подготовка;
20251209;05:01:20;-0,5;0,0;0,0;0,0;50,0;Подготовка;
20251209;05:01:25;-0,5;0,0;0,0;0,0;50,0;Подготовка;
20251209;05:01:30;-0,5;0,0;0,0;0,0;50,0;Подготовка;
20251209;05:01:35;-0,5;0,0;0,0;0,0;50,0;Подготовка;
20251209;05:01:40;-0,5;0,0;0,0;0,0;50,0;Подготовка;
20251209;05:01:46;-0,5;0,0;0,0;0,0;50,0;Подготовка;
20251209;05:01:51;-0,5;0,0;0,0;0,0;50,0;Подготовка;
20251209;05:01:56;-0,5;0,0;0,0;0,0;50,0;Подготовка;
20251209;05:02:01;-0,5;0,0;0,0;0,0;50,0;Подготовка;
20251209;05:02:06;-0,5;0,0;0,0;0,0;50,0;Подготовка;
20251209;05:02:11;-0,5;0,0;0,0;0,0;50,0;Подготовка;
20251209;05:02:16;-0,5;0,0;0,0;0,0;50,0;Подготовка;
20251209;05:02:21;-0,5;0,0;0,0;0,0;50,0;Подготовка;
20251209;05:02:26;-0,5;0,0;0,0;0,0;50,0;Подготовка;
20251209;05:02:31;-0,5;0,0;0,0;0,0;50,0;Подготовка;
20251209;05:02:36;-0,5;0,0;0,0;0,0;50,0;Подготовка;
20251209;05:02:41;-0,5;0,0;0,0;0,0;50,0;Подготовка;
20251209;05:02:46;-0,5;0,0;0,0;0,0;50,0;Подготовка;
20251209;05:02:51;-0,5;0,0;0,0;0,0;50,0;Подготовка;
20251209;05:02:56;-0,5;0,0;0,0;0,0;50,0;Подготовка;
20251209;05:03:01;-0,5;0,0;0,0;0,0;50,0;Подготовка;
20251209;05:03:06;-0,5;0,0;0,0;0,0;50,0;Подготовка;
20251209;05:03:11;-0,5;0,0;0,0;0,0;50,0;Подготовка;
20251209;05:03:16;-0,5;0,0;0,0;0,0;50,0;Подготовка;
20251209;05:03:21;-0,5;0,0;0,0;0,0;50,0;Подготовка;
20251209;05:03:26;-0,5;0,0;0,0;0,0;50,0;Подготовка;
20251209;05:03:31;-0,5;0,0;0,0;0,0;50,0;Подготовка;
20251209;05:03:36;-0,5;0,0;0,0;0,0;50,0;Подготовка;
20251209;05:03:41;-0,5;0,0;0,0;0,0;50,0;Подготовка;
20251209;05:03:46;-0,5;0,0;0,0;0,0;50,0;Подготовка;
20251209;05:03:52;-0,5;0,0;0,0;0,0;50,0;Подготовка;
20251209;05:03:57;-0,5;0,0;0,0;0,0;50,0;Подготовка;
20251209;05:04:02;-0,5;0,0;0,0;0,0;50,0;Подготовка;
20251209;05:04:07;-0,5;0,0;0,0;0,0;50,0;Подготовка;
20251209;05:04:12;-0,5;0,0;0,0;0,0;50,0;Подготовка;
20251209;05:04:17;-0,5;0,0;0,0;0,0;50,0;Подготовка;
20251209;05:04:22;-0,5;0,0;0,0;0,0;50,0;Подготовка;
20251209;05:04:27;-0,5;0,0;0,0;0,0;50,0;Подготовка;
20251209;05:04:32;-0,5;0,0;0,0;0,0;50,0;Подготовка;
20251209;05:04:37;-0,5;0,0;0,0;0,0;50,0;Подготовка;
20251209;05:04:42;-0,5;0,0;0,0;0,0;50,0;Подготовка;
20251209;05:04:47;-0,5;0,0;0,0;0,0;50,0;Подготовка;
20251209;05:04:52;-0,5;0,0;0,0;0,0;50,0;Подготовка;
20251209;05:04:57;-0,5;0,0;0,0;0,0;50,0;Подготовка;
20251209;05:05:02;-0,5;0,0;0,0;0,0;50,0;Подготовка;
20251209;05:05:07;-0,5;0,0;0,0;0,0;50,0;Подготовка;
20251209;05:05:12;-0,5;0,0;0,0;0,0;50,0;Подготовка;
20251209;05:05:17;-0,5;0,0;0,0;0,0;50,0;Подготовка;
20251209;05:05:22;-0,5;0,0;0,0;0,0;50,0;Подготовка;
20251209;05:05:27;-0,5;0,0;0,0;0,0;50,0;Подготовка;
20251209;05:05:32;-0,5;0,0;0,0;0,0;50,0;Подготовка;
20251209;05:05:37;-0,5;0,0;0,0;0,0;50,0;Подготовка;
20251209;05:05:42;-0,5;0,0;0,0;0,0;50,0;Подготовка;
20251209;05:05:47;-0,5;0,0;0,0;0,0;50,0;Подготовка;
20251209;05:05:52;-0,5;0,0;0,0;0,0;50,0;Подготовка;
20251209;05:05:58;-0,5;0,0;0,0;0,0;50,0;Подготовка;
20251209;05:06:03;-0,5;0,0;0,0;0,0;50,0;Подготовка;
20251209;05:06:08;-0,5;0,0;0,0;0,0;50,0;Подготовка;
20251209;05:06:13;-0,5;0,0;0,0;0,0;50,0;Подготовка;
20251209;05:06:18;-0,5;0,0;0,0;0,0;50,0;Подготовка;
20251209;05:06:23;-0,5;0,0;0,0;0,0;50,0;Подготовка;
20251209;05:06:28;-0,5;0,0;0,0;0,0;50,0;Подготовка;
20251209;05:06:33;-0,5;0,0;0,0;0,0;50,0;Подготовка;
20251209;05:06:38;-0,5;0,0;0,0;0,0;50,0;Подготовка;
20251209;05:06:43;-0,5;0,0;0,0;0,0;50,0;Подготовка;
20251209;05:06:48;-0,5;0,0;0,0;0,0;50,0;Подготовка;
20251209;05:06:53;-0,5;0,0;0,0;0,0;50,0;Подготовка;
20251209;05:06:58;-0,5;0,0;0,0;0,0;50,0;Подготовка;
20251209;05:07:03;-0,5;0,0;0,0;0,0;50,0;Подготовка;
20251209;05:07:08;-0,5;0,0;0,0;0,0;50,0;Подготовка;
20251209;05:07:13;-0,5;0,0;0,0;0,0;50,0;Подготовка;
20251209;05:07:18;-0,5;0,0;0,0;0,0;50,0;Подготовка;
20251209;05:07:23;-0,5;0,0;0,0;0,0;50,0;Подготовка;
20251209;05:07:28;-0,5;0,0;0,0;0,0;50,0;Подготовка;
20251209;05:07:33;-0,5;0,0;0,0;0,0;50,0;Подготовка;
20251209;05:07:38;-0,5;0,0;0,0;0,0;50,0;Подготовка;
20251209;05:07:43;-0,5;0,0;0,0;0,0;50,0;Подготовка;
20251209;05:07:48;-0,5;0,0;0,0;0,0;50,0;Подготовка;
20251209;05:07:53;-0,5;0,0;0,0;0,0;50,0;Подготовка;
20251209;05:07:58;-0,5;0,0;0,0;0,0;50,0;Подготовка;
20251209;05:08:04;-0,5;0,0;0,0;0,0;50,0;Подготовка;
20251209;05:08:09;-0,5;0,0;0,0;0,0;50,0;Подготовка;
20251209;05:08:14;-0,5;0,0;0,0;0,0;50,0;Подготовка;
20251209;05:08:19;-0,5;0,0;0,0;0,0;50,0;Подготовка;
20251209;05:08:24;-0,5;0,0;0,0;0,0;50,0;Подготовка;
20251209;05:08:29;-0,5;0,0;0,0;0,0;50,0;Подготовка;
20251209;05:08:34;-0,5;0,0;0,0;0,0;50,0;Подготовка;
20251209;05:08:39;-0,5;0,0;0,0;0,0;50,0;Подготовка;
20251209;05:08:44;-0,5;0,0;0,0;0,0;50,0;Подготовка;
20251209;05:08:49;-0,5;0,0;0,0;0,0;50,0;Подготовка;
20251209;05:08:54;-0,5;0,0;0,0;0,0;50,0;Подготовка;
20251209;05:08:59;-0,5;0,0;0,0;0,0;50,0;Подготовка;
20251209;05:09:04;-0,5;0,0;0,0;0,0;50,0;Подготовка;
20251209;05:09:09;-0,5;0,0;0,0;0,0;50,0;Подготовка;
20251209;05:09:14;-0,5;0,0;0,0;0,0;50,0;Подготовка;
20251209;05:09:19;-0,5;0,0;0,0;0,0;50,0;Подготовка;
20251209;05:09:24;-0,5;0,0;0,0;0,0;50,0;Подготовка;
20251209;05:09:29;-0,5;0,0;0,0;0,0;50,0;Подготовка;
20251209;05:09:34;-0,5;0,0;0,0;0,0;50,0;Подготовка;
20251209;05:09:39;-0,5;0,0;0,0;0,0;50,0;Подготовка;
20251209;05:09:44;-0,5;0,0;0,0;0,0;50,0;Подготовка;
20251209;05:09:49;-0,5;0,0;0,0;0,0;50,0;Подготовка;
20251209;05:09:54;-0,5;0,0;0,0;0,0;50,0;Подготовка;
20251209;05:09:59;-0,5;0,0;0,0;0,0;50,0;Подготовка;
20251209;05:10:04;-0,5;0,0;0,0;0,0;50,0;Подготовка;
20251209;05:10:10;-0,5;0,0;0,0;0,0;50,0;Подготовка;
20251209;05:10:15;-0,5;0,0;0,0;0,0;50,0;Подготовка;
20251209;05:10:20;-0,5;0,0;0,0;0,0;50,0;Подготовка;
20251209;05:10:25;-0,5;0,0;0,0;0,0;50,0;Подготовка;
20251209;05:10:30;-0,5;0,0;0,0;0,0;50,0;Подготовка;
20251209;05:10:35;-0,5;0,0;0,0;0,0;50,0;Подготовка;
20251209;05:10:40;-0,5;0,0;0,0;0,0;50,0;Подготовка;
20251209;05:10:45;-0,5;0,0;0,0;0,0;50,0;Подготовка;
20251209;05:10:50;-0,5;0,0;0,0;0,0;50,0;Подготовка;
20251209;05:10:55;-0,5;0,0;0,0;0,0;50,0;Подготовка;
20251209;05:11:00;-0,5;0,0;0,0;0,0;50,0;Подготовка;
20251209;05:11:05;-0,5;0,0;0,0;0,0;50,0;Подготовка;
20251209;05:11:10;-0,5;0,0;0,0;0,0;50,0;Подготовка;
20251209;05:11:15;-0,5;0,0;0,0;0,0;50,0;Подготовка;
20251209;05:11:20;-0,5;0,0;0,0;0,0;50,0;Подготовка;
20251209;05:11:25;-0,5;0,0;0,0;0,0;50,0;Подготовка;
20251209;05:11:30;-0,5;0,0;0,0;0,0;50,0;Подготовка;
20251209;05:11:35;-0,5;0,0;0,0;0,0;50,0;Подготовка;
20251209;05:11:40;-0,5;0,0;0,0;0,0;50,0;Подготовка;
20251209;05:11:45;-0,5;0,0;0,0;0,0;50,0;Подготовка;
20251209;05:11:50;-0,5;0,0;0,0;0,0;50,0;Подготовка;
20251209;05:11:55;-0,5;0,0;0,0;0,0;50,0;Подготовка;
20251209;05:12:00;-0,5;0,0;0,0;0,0;50,0;Подготовка;
20251209;05:12:05;-0,5;0,0;0,0;0,0;50,0;Подготовка;
20251209;05:12:10;-0,5;0,0;0,0;0,0;50,0;Подготовка;
20251209;05:12:16;-0,5;0,0;0,0;0,0;50,0;Подготовка;
20251209;05:12:21;-0,5;0,0;0,0;0,0;50,0;Подготовка;
20251209;05:12:26;-0,5;0,0;0,0;0,0;50,0;Подготовка;
20251209;05:12:31;-0,5;0,0;0,0;0,0;50,0;Подготовка;
20251209;05:12:36;-0,5;0,0;0,0;0,0;50,0;Подготовка;
20251209;05:12:41;-0,5;0,0;0,0;0,0;50,0;Подготовка;
20251209;05:12:46;-0,5;0,0;0,0;0,0;50,0;Подготовка;
20251209;05:12:51;-0,5;0,0;0,0;0,0;50,0;Подготовка;
20251209;05:12:56;-0,5;0,0;0,0;0,0;50,0;Подготовка;
20251209;05:13:01;-0,5;0,0;0,0;0,0;50,0;Подготовка;
20251209;05:13:06;-0,5;0,0;0,0;0,0;50,0;Подготовка;
20251209;05:13:11;-0,5;0,0;0,0;0,0;50,0;Подготовка;
20251209;05:13:16;-0,5;0,0;0,0;0,0;50,0;Подготовка;
20251209;05:13:21;-0,5;0,0;0,0;0,0;50,0;Подготовка;
20251209;05:13:26;-0,5;0,0;0,0;0,0;50,0;Подготовка;
20251209;05:13:31;-0,5;0,0;0,0;0,0;50,0;Подготовка;
20251209;05:13:36;-0,5;0,0;0,0;0,0;50,0;Подготовка;
20251209;05:13:41;-0,5;0,0;0,0;0,0;50,0;Подготовка;
20251209;05:13:46;-0,5;0,0;0,0;0,0;50,0;Подготовка;
20251209;05:13:51;-0,5;0,0;0,0;0,0;50,0;Подготовка;
20251209;05:13:56;-0,5;0,0;0,0;0,0;50,0;Подготовка;
20251209;05:14:01;-0,5;0,0;0,0;0,0;50,0;Подготовка;
20251209;05:14:06;-0,5;0,0;0,0;0,0;50,0;Подготовка;
20251209;05:14:11;-0,5;0,0;0,0;0,0;50,0;Подготовка;
20251209;05:14:16;-0,5;0,0;0,0;0,0;50,0;Подготовка;
20251209;05:14:22;-0,5;0,0;0,0;0,0;50,0;Подготовка;
20251209;05:14:27;-0,5;0,0;0,0;0,0;50,0;Подготовка;
20251209;05:14:32;-0,5;0,0;0,0;0,0;50,0;Подготовка;
20251209;05:14:37;-0,5;0,0;0,0;0,0;50,0;Подготовка;
20251209;05:14:42;-0,5;0,0;0,0;0,0;50,0;Подготовка;
20251209;05:14:47;-0,5;0,0;0,0;0,0;50,0;Подготовка;
20251209;05:14:52;-0,5;0,0;0,0;0,0;50,0;Подготовка;
20251209;05:14:57;-0,5;0,0;0,0;0,0;50,0;Подготовка;
20251209;05:15:02;-0,5;0,0;0,0;0,0;50,0;Подготовка;
20251209;05:15:07;-0,5;0,0;0,0;0,0;50,0;Подготовка;
20251209;05:15:12;-0,5;0,0;0,0;0,0;50,0;Подготовка;
20251209;05:15:17;-0,5;0,0;0,0;0,0;50,0;Подготовка;
20251209;05:15:22;-0,5;0,0;0,0;0,0;50,0;Подготовка;
20251209;05:15:27;-0,5;0,0;0,0;0,0;50,0;Подготовка;
20251209;05:15:32;-0,5;0,0;0,0;0,0;50,0;Подготовка;
20251209;05:15:37;-0,5;0,0;0,0;0,0;50,0;Подготовка;
20251209;05:15:42;-0,5;0,0;0,0;0,0;50,0;Подготовка;
20251209;05:15:47;-0,5;0,0;0,0;0,0;50,0;Подготовка;
20251209;05:15:52;-0,5;0,0;0,0;0,0;50,0;Подготовка;
20251209;05:15:57;-0,5;0,0;0,0;0,0;50,0;Подготовка;
20251209;05:16:02;-0,5;0,0;0,0;0,0;50,0;Подготовка;
20251209;05:16:07;-0,5;0,0;0,0;0,0;50,0;Подготовка;
20251209;05:16:12;-0,5;0,0;0,0;0,0;50,0;Подготовка;
20251209;05:16:17;-0,5;0,0;0,0;0,0;50,0;Подготовка;
20251209;05:16:22;-0,5;0,0;0,0;0,0;50,0;Подготовка;
20251209;05:16:28;-0,5;0,0;0,0;0,0;50,0;Подготовка;
20251209;05:16:33;-0,5;0,0;0,0;0,0;50,0;Подготовка;
20251209;05:16:38;-0,5;0,0;0,0;0,0;50,0;Подготовка;
20251209;05:16:43;-0,5;0,0;0,0;0,0;50,0;Подготовка;
20251209;05:16:48;-0,5;0,0;0,0;0,0;50,0;Подготовка;
20251209;05:16:53;-0,5;0,0;0,0;0,0;50,0;Подготовка;
20251209;05:16:58;-0,5;0,0;0,0;0,0;50,0;Подготовка;
20251209;05:17:03;-0,5;0,0;0,0;0,0;50,0;Подготовка;
20251209;05:17:08;-0,5;0,0;0,0;0,0;50,0;Подготовка;
20251209;05:17:13;-0,5;0,0;0,0;0,0;50,0;Подготовка;
20251209;05:17:18;-0,5;0,0;0,0;0,0;50,0;Подготовка;
20251209;05:17:23;-0,5;0,0;0,0;0,0;50,0;Подготовка;
20251209;05:17:28;-0,5;0,0;0,0;0,0;50,0;Подготовка;
20251209;05:17:33;-0,5;0,0;0,0;0,0;50,0;Подготовка;
20251209;05:17:38;-0,5;0,0;0,0;0,0;50,0;Подготовка;
20251209;05:17:43;-0,5;0,0;0,0;0,0;50,0;Подготовка;
20251209;05:17:48;-0,5;0,0;0,0;0,0;50,0;Подготовка;
20251209;05:17:53;-0,5;0,0;0,0;0,0;50,0;Подготовка;
20251209;05:17:58;-0,5;0,0;0,0;0,0;50,0;Подготовка;
20251209;05:18:03;-0,5;0,0;0,0;0,0;50,0;Подготовка;
20251209;05:18:08;-0,5;0,0;0,0;0,0;50,0;Подготовка;
20251209;05:18:13;-0,5;0,0;0,0;0,0;50,0;Подготовка;
20251209;05:18:18;-0,5;0,0;0,0;0,0;50,0;Подготовка;
20251209;05:18:23;-0,5;0,0;0,0;0,0;50,0;Подготовка;
20251209;05:18:28;-0,5;0,0;0,0;0,0;50,0;Подготовка;
20251209;05:18:34;-0,5;0,0;0,0;0,0;50,0;Подготовка;
20251209;05:18:39;-0,5;0,0;0,0;0,0;50,0;Подготовка;
20251209;05:18:44;-0,5;0,0;0,0;0,0;50,0;Подготовка;
20251209;05:18:49;-0,5;0,0;0,0;0,0;50,0;Подготовка;
20251209;05:18:54;-0,5;0,0;0,0;0,0;50,0;Подготовка;
20251209;05:18:59;-0,5;0,0;0,0;0,0;50,0;Подготовка;
20251209;05:19:04;-0,5;0,0;0,0;0,0;50,0;Подготовка;
20251209;05:19:09;-0,5;0,0;0,0;0,0;50,0;Подготовка;
20251209;05:19:14;-0,5;0,0;0,0;0,0;50,0;Подготовка;
20251209;05:19:19;-0,5;0,0;0,0;0,0;50,0;Подготовка;
20251209;05:19:24;-0,5;0,0;0,0;0,0;50,0;Подготовка;
20251209;05:19:29;-0,5;0,0;0,0;0,0;50,0;Подготовка;
20251209;05:19:34;-0,5;0,0;0,0;0,0;50,0;Подготовка;
20251209;05:19:39;-0,5;0,0;0,0;0,0;50,0;Подготовка;
20251209;05:19:44;-0,5;0,0;0,0;0,0;50,0;Подготовка;
20251209;05:19:49;-0,5;0,0;0,0;0,0;50,0;Подготовка;
20251209;05:19:54;-0,5;0,0;0,0;0,0;50,0;Подготовка;
20251209;05:19:59;-0,5;0,0;0,0;0,0;50,0;Подготовка;
20251209;05:20:04;-0,5;0,0;0,0;0,0;50,0;Подготовка;
20251209;05:20:09;-0,5;0,0;0,0;0,0;50,0;Подготовка;
20251209;05:20:14;-0,5;0,0;0,0;0,0;50,0;Подготовка;
20251209;05:20:19;-0,5;0,0;0,0;0,0;50,0;Подготовка;
20251209;05:20:24;-0,5;0,0;0,0;0,0;50,0;Подготовка;
20251209;05:20:29;-0,5;0,0;0,0;0,0;50,0;Подготовка;
20251209;05:20:34;-0,5;0,0;0,0;0,0;50,0;Подготовка;
20251209;05:20:40;-0,5;0,0;0,0;0,0;50,0;Подготовка;
20251209;05:20:45;-0,5;0,0;0,0;0,0;50,0;Подготовка;
20251209;05:20:50;-0,5;0,0;0,0;0,0;50,0;Подготовка;
20251209;05:20:55;-0,5;0,0;0,0;0,0;50,0;Подготовка;
20251209;05:21:00;-0,5;0,0;0,0;0,0;50,0;Подготовка;
20251209;05:21:05;-0,5;0,0;0,0;0,0;50,0;Подготовка;
20251209;05:21:10;-0,5;0,0;0,0;0,0;50,0;Подготовка;
20251209;05:21:15;-0,5;0,0;0,0;0,0;50,0;Подготовка;
20251209;05:21:20;-0,5;0,0;0,0;0,0;50,0;Подготовка;
20251209;05:21:25;-0,5;0,0;0,0;0,0;50,0;Подготовка;
20251209;05:21:30;-0,5;0,0;0,0;0,0;50,0;Подготовка;
20251209;05:21:35;-0,5;0,0;0,0;0,0;50,0;Подготовка;
20251209;05:21:40;-0,5;0,0;0,0;0,0;50,0;Подготовка;
20251209;05:21:45;-0,5;0,0;0,0;0,0;50,0;Подготовка;
20251209;05:21:50;-0,5;0,0;0,0;0,0;50,0;Подготовка;
20251209;05:21:55;-0,5;0,0;0,0;0,0;50,0;Подготовка;
20251209;05:22:00;-0,5;0,0;0,0;0,0;50,0;Подготовка;
20251209;05:22:05;-0,5;0,0;0,0;0,0;50,0;Подготовка;
20251209;05:22:10;-0,5;0,0;0,0;0,0;50,0;Подготовка;
20251209;05:22:15;-0,5;0,0;0,0;0,0;50,0;Подготовка;
20251209;05:22:20;-0,5;0,0;0,0;0,0;50,0;Подготовка;
20251209;05:22:25;-0,5;0,0;0,0;0,0;50,0;Подготовка;
20251209;05:22:30;-0,5;0,0;0,0;0,0;50,0;Подготовка;
20251209;05:22:35;-0,5;0,0;0,0;0,0;50,0;Подготовка;
20251209;05:22:40;-0,5;0,0;0,0;0,0;50,0;Подготовка;
20251209;05:22:46;-0,5;0,0;0,0;0,0;50,0;Подготовка;
20251209;05:22:51;-0,5;0,0;0,0;0,0;50,0;Подготовка;
20251209;05:22:56;-0,5;0,0;0,0;0,0;50,0;Подготовка;
20251209;05:23:01;-0,5;0,0;0,0;0,0;50,0;Подготовка;
20251209;05:23:06;-0,5;0,0;0,0;0,0;50,0;Подготовка;
20251209;05:23:11;-0,5;0,0;0,0;0,0;50,0;Подготовка;
20251209;05:23:16;-0,5;0,0;0,0;0,0;50,0;Подготовка;
20251209;05:23:21;-0,5;0,0;0,0;0,0;50,0;Подготовка;
20251209;05:23:26;-0,5;0,0;0,0;0,0;50,0;Подготовка;
20251209;05:23:31;-0,5;0,0;0,0;0,0;50,0;Подготовка;
20251209;05:23:36;-0,5;0,0;0,0;0,0;50,0;Подготовка;
20251209;05:23:41;-0,5;0,0;0,0;0,0;50,0;Подготовка;
20251209;05:23:46;-0,5;0,0;0,0;0,0;50,0;Подготовка;
20251209;05:23:51;-0,5;0,0;0,0;0,0;50,0;Подготовка;
20251209;05:23:56;-0,5;0,0;0,0;0,0;50,0;Подготовка;
20251209;05:24:01;-0,5;0,0;0,0;0,0;50,0;Подготовка;
20251209;05:24:06;-0,5;0,0;0,0;0,0;50,0;Подготовка;
20251209;05:24:11;-0,5;0,0;0,0;0,0;50,0;Подготовка;
20251209;05:24:16;-0,5;0,0;0,0;0,0;50,0;Подготовка;
20251209;05:24:21;-0,5;0,0;0,0;0,0;50,0;Подготовка;
20251209;05:24:26;-0,5;0,0;0,0;0,0;50,0;Подготовка;
20251209;05:24:31;-0,5;0,0;0,0;0,0;50,0;Подготовка;
20251209;05:24:36;-0,5;0,0;0,0;0,0;50,0;Подготовка;
20251209;05:24:41;-0,5;0,0;0,0;0,0;50,0;Подготовка;
20251209;05:24:46;-0,5;0,0;0,0;0,0;50,0;Подготовка;
20251209;05:24:52;-0,5;0,0;0,0;0,0;50,0;Подготовка;
20251209;05:24:57;-0,5;0,0;0,0;0,0;50,0;Подготовка;
20251209;05:25:02;-0,5;0,0;0,0;0,0;50,0;Подготовка;
20251209;05:25:07;-0,5;0,0;0,0;0,0;50,0;Подготовка;
20251209;05:25:12;-0,5;0,0;0,0;0,0;50,0;Подготовка;
20251209;05:25:17;-0,5;0,0;0,0;0,0;50,0;Подготовка;
20251209;05:25:22;-0,5;0,0;0,0;0,0;50,0;Подготовка;
20251209;05:25:27;-0,5;0,0;0,0;0,0;50,0;Подготовка;
20251209;05:25:32;-0,5;0,0;0,0;0,0;50,0;Подготовка;
20251209;05:25:37;-0,5;0,0;0,0;0,0;50,0;Подготовка;
20251209;05:25:42;-0,5;0,0;0,0;0,0;50,0;Подготовка;
20251209;05:25:47;-0,5;0,0;0,0;0,0;50,0;Подготовка;
20251209;05:25:52;-0,5;0,0;0,0;0,0;50,0;Подготовка;
20251209;05:25:57;-0,5;0,0;0,0;0,0;50,0;Подготовка;
20251209;05:26:02;-0,5;0,0;0,0;0,0;50,0;Подготовка;
20251209;05:26:07;-0,5;0,0;0,0;0,0;50,0;Подготовка;
20251209;05:26:12;-0,5;0,0;0,0;0,0;50,0;Подготовка;
20251209;05:26:17;-0,5;0,0;0,0;0,0;50,0;Подготовка;
20251209;05:26:22;-0,5;0,0;0,0;0,0;50,0;Подготовка;
20251209;05:26:27;-0,5;0,0;0,0;0,0;50,0;Подготовка;
20251209;05:26:32;-0,5;0,0;0,0;0,0;50,0;Подготовка;
20251209;05:26:37;-0,5;0,0;0,0;0,0;50,0;Подготовка;
20251209;05:26:42;-0,5;0,0;0,0;0,0;50,0;Подготовка;
20251209;05:26:47;-0,5;0,0;0,0;0,0;50,0;Подготовка;
20251209;05:26:52;-0,5;0,0;0,0;0,0;50,0;Подготовка;
20251209;05:26:58;-0,5;0,0;0,0;0,0;50,0;Подготовка;
20251209;05:27:03;-0,5;0,0;0,0;0,0;50,0;Подготовка;
20251209;05:27:08;-0,5;0,0;0,0;0,0;50,0;Подготовка;
20251209;05:27:13;-0,5;0,0;0,0;0,0;50,0;Подготовка;
20251209;05:27:18;-0,5;0,0;0,0;0,0;50,0;Подготовка;
20251209;05:27:23;-0,5;0,0;0,0;0,0;50,0;Подготовка;
20251209;05:27:28;-0,5;0,0;0,0;0,0;50,0;Подготовка;
20251209;05:27:33;-0,5;0,0;0,0;0,0;50,0;Подготовка;
20251209;05:27:38;-0,5;0,0;0,0;0,0;50,0;Подготовка;
20251209;05:27:43;-0,5;0,0;0,0;0,0;50,0;Подготовка;
20251209;05:27:48;-0,5;0,0;0,0;0,0;50,0;Подготовка;
20251209;05:27:53;-0,5;0,0;0,0;0,0;50,0;Подготовка;
20251209;05:27:58;-0,5;0,0;0,0;0,0;50,0;Подготовка;
20251209;05:28:03;-0,5;0,0;0,0;0,0;50,0;Подготовка;
20251209;05:28:08;-0,5;0,0;0,0;0,0;50,0;Подготовка;
20251209;05:28:13;-0,5;0,0;0,0;0,0;50,0;Подготовка;
20251209;05:28:18;-0,5;0,0;0,0;0,0;50,0;Подготовка;
20251209;05:28:23;-0,5;0,0;0,0;0,0;50,0;Подготовка;
20251209;05:28:28;-0,5;0,0;0,0;0,0;50,0;Подготовка;
20251209;05:28:33;-0,5;0,0;0,0;0,0;50,0;Подготовка;
20251209;05:28:38;-0,5;0,0;0,0;0,0;50,0;Подготовка;
20251209;05:28:43;-0,5;0,0;0,0;0,0;50,0;Подготовка;
20251209;05:28:48;-0,5;0,0;0,0;0,0;50,0;Подготовка;
20251209;05:28:53;-0,5;0,0;0,0;0,0;50,0;Подготовка;
20251209;05:28:58;-0,5;0,0;0,0;0,0;50,0;Подготовка;
20251209;05:29:04;-0,5;0,0;0,0;0,0;50,0;Подготовка;
20251209;05:29:09;-0,5;0,0;0,0;0,0;50,0;Подготовка;
20251209;05:29:14;-0,5;0,0;0,0;0,0;50,0;Подготовка;
20251209;05:29:19;-0,5;0,0;0,0;0,0;50,0;Подготовка;
20251209;05:29:24;-0,5;0,0;0,0;0,0;50,0;Подготовка;
20251209;05:29:29;-0,5;0,0;0,0;0,0;50,0;Подготовка;
20251209;05:29:34;-0,5;0,0;0,0;0,0;50,0;Подготовка;
20251209;05:29:39;-0,5;0,0;0,0;0,0;50,0;Подготовка;
20251209;05:29:44;-0,5;0,0;0,0;0,0;50,0;Подготовка;
20251209;05:29:49;-0,5;0,0;0,0;0,0;50,0;Подготовка;
20251209;05:29:54;-0,5;0,0;0,0;0,0;50,0;Подготовка;
20251209;05:29:59;-0,5;0,0;0,0;0,0;50,0;Подготовка;
20251209;05:30:04;-0,5;0,0;0,0;0,0;50,0;Подготовка;
20251209;05:30:09;-0,5;0,0;0,0;0,0;50,0;Подготовка;
20251209;05:30:14;-0,5;0,0;0,0;0,0;50,0;Подготовка;
20251209;05:30:19;-0,5;0,0;0,0;0,0;50,0;Подготовка;
20251209;05:30:24;-0,5;0,0;0,0;0,0;50,0;Подготовка;
20251209;05:30:29;-0,5;0,0;0,0;0,0;50,0;Подготовка;
20251209;05:30:34;-0,5;0,0;0,0;0,0;50,0;Подготовка;
20251209;05:30:39;-0,5;0,0;0,0;0,0;50,0;Подготовка;
20251209;05:30:44;-0,5;0,0;0,0;0,0;50,0;Подготовка;
20251209;05:30:49;-0,5;0,0;0,0;0,0;50,0;Подготовка;
20251209;05:30:54;-0,5;0,0;0,0;0,0;50,0;Подготовка;
20251209;05:30:59;-0,5;0,0;0,0;0,0;50,0;Подготовка;
20251209;05:31:04;-0,5;0,0;0,0;0,0;50,0;Подготовка;
20251209;05:31:10;-0,5;0,0;0,0;0,0;50,0;Подготовка;
20251209;05:31:15;-0,5;0,0;0,0;0,0;50,0;Подготовка;
20251209;05:31:20;-0,5;0,0;0,0;0,0;50,0;Подготовка;
20251209;05:31:25;-0,5;0,0;0,0;0,0;50,0;Подготовка;
20251209;05:31:30;-0,5;0,0;0,0;0,0;50,0;Подготовка;
20251209;05:31:35;-0,5;0,0;0,0;0,0;50,0;Подготовка;
20251209;05:31:40;-0,5;0,0;0,0;0,0;50,0;Подготовка;
20251209;05:31:45;-0,5;0,0;0,0;0,0;50,0;Подготовка;
20251209;05:31:50;-0,5;0,0;0,0;0,0;50,0;Подготовка;
20251209;05:31:55;-0,5;0,0;0,0;0,0;50,0;Подготовка;
20251209;05:32:00;-0,5;0,0;0,0;0,0;50,0;Подготовка;
20251209;05:32:05;-0,5;0,0;0,0;0,0;50,0;Подготовка;
20251209;05:32:10;-0,5;0,0;0,0;0,0;50,0;Подготовка;
20251209;05:32:15;-0,5;0,0;0,0;0,0;50,0;Подготовка;
20251209;05:32:20;-0,5;0,0;0,0;0,0;50,0;Подготовка;
20251209;05:32:25;-0,5;0,0;0,0;0,0;50,0;Подготовка;
20251209;05:32:30;-0,5;0,0;0,0;0,0;50,0;Подготовка;
20251209;05:32:35;-0,5;0,0;0,0;0,0;50,0;Подготовка;
20251209;05:32:40;-0,5;0,0;0,0;0,0;50,0;Подготовка;
20251209;05:32:45;-0,5;0,0;0,0;0,0;50,0;Подготовка;
20251209;05:32:50;-0,5;0,0;0,0;0,0;50,0;Подготовка;
20251209;05:32:55;-0,5;0,0;0,0;0,0;50,0;Подготовка;
20251209;05:33:00;-0,5;0,0;0,0;0,0;50,0;Подготовка;
20251209;05:33:05;-0,5;0,0;0,0;0,0;50,0;Подготовка;
20251209;05:33:10;-0,5;0,0;0,0;0,0;50,0;Подготовка;
20251209;05:33:16;-0,5;0,0;0,0;0,0;50,0;Подготовка;
20251209;05:33:21;-0,5;0,0;0,0;0,0;50,0;Подготовка;
Предприятие;
Объект;
Вид оборудования;
Дисп. наименование;
Тип;
Зав. номер;
Сер. номер;
Год выпуска;
Год ввода в эксплуатацию;
Дата отбора пробы;
Марка пробы;
Температура пробы;
DATE ;TIME ;TS_TEMP ;PROB_TEMP ;PROB_OTN_VL ;PROBE_VlAGOSOD ;SP ;STATUS ; 
20251209;05:33:39;-0,39;0,0;0,0;0,0;50,0;Включение;
20251209;05:33:44;-0,49;0,0;0,0;0,0;50,0;Включение;
20251209;05:33:49;-0,49;0,0;0,0;0,0;50,0;Подготовка;
20251209;05:33:54;-0,49;0,0;0,0;0,0;50,0;Подготовка;
20251209;05:33:59;-0,49;0,0;0,0;0,0;50,0;Подготовка;
20251209;05:34:04;-0,49;0,0;0,0;0,0;50,0;Подготовка;
20251209;05:34:09;-0,5;0,0;0,0;0,0;50,0;Подготовка;
20251209;05:34:14;-0,5;0,0;0,0;0,0;50,0;Подготовка;
20251209;05:34:19;-0,5;0,0;0,0;0,0;50,0;Подготовка;
20251209;05:34:24;-0,5;0,0;0,0;0,0;50,0;Подготовка;
20251209;05:34:29;-0,5;0,0;0,0;0,0;50,0;Подготовка;
20251209;05:34:34;-0,5;0,0;0,0;0,0;50,0;Подготовка;
20251209;05:34:39;-0,5;0,0;0,0;0,0;50,0;Подготовка;
20251209;05:34:44;-0,5;0,0;0,0;0,0;50,0;Подготовка;
20251209;05:34:49;-0,5;0,0;0,0;0,0;50,0;Подготовка;
20251209;05:34:54;-0,5;0,0;0,0;0,0;50,0;Подготовка;
20251209;05:34:59;-0,5;0,0;0,0;0,0;50,0;Подготовка;
20251209;05:35:04;-0,5;0,0;0,0;0,0;50,0;Подготовка;
20251209;05:35:09;-0,5;0,0;0,0;0,0;50,0;Подготовка;
20251209;05:35:14;-0,5;0,0;0,0;0,0;50,0;Подготовка;
20251209;05:35:19;-0,5;0,0;0,0;0,0;50,0;Подготовка;
20251209;05:35:24;-0,5;0,0;0,0;0,0;50,0;Подготовка;
20251209;05:35:29;-0,5;0,0;0,0;0,0;50,0;Подготовка;
20251209;05:35:34;-0,5;0,0;0,0;0,0;50,0;Подготовка;
20251209;05:35:40;-0,5;0,0;0,0;0,0;50,0;Подготовка;
20251209;05:35:45;-0,5;0,0;0,0;0,0;50,0;Подготовка;
20251209;05:35:50;-0,5;0,0;0,0;0,0;50,0;Подготовка;
20251209;05:35:55;-0,5;0,0;0,0;0,0;50,0;Подготовка;
20251209;05:36:00;-0,5;0,0;0,0;0,0;50,0;Подготовка;
20251209;05:36:05;-0,5;0,0;0,0;0,0;50,0;Подготовка;
20251209;05:36:10;-0,5;0,0;0,0;0,0;50,0;Подготовка;
20251209;05:36:15;-0,5;0,0;0,0;0,0;50,0;Подготовка;
20251209;05:36:20;-0,5;0,0;0,0;0,0;50,0;Подготовка;
20251209;05:36:25;-0,5;0,0;0,0;0,0;50,0;Подготовка;
20251209;05:36:30;-0,5;0,0;0,0;0,0;50,0;Подготовка;
20251209;05:36:35;-0,5;0,0;0,0;0,0;50,0;Подготовка;
20251209;05:36:40;-0,5;0,0;0,0;0,0;50,0;Подготовка;
20251209;05:36:45;-0,5;0,0;0,0;0,0;50,0;Подготовка;
20251209;05:36:50;-0,5;0,0;0,0;0,0;50,0;Подготовка;
20251209;05:36:55;-0,5;0,0;0,0;0,0;50,0;Подготовка;
20251209;05:37:00;-0,5;0,0;0,0;0,0;50,0;Подготовка;
20251209;05:37:05;-0,5;0,0;0,0;0,0;50,0;Подготовка;
20251209;05:37:10;-0,5;0,0;0,0;0,0;50,0;Подготовка;
20251209;05:37:15;-0,5;0,0;0,0;0,0;50,0;Подготовка;
20251209;05:37:20;-0,5;0,0;0,0;0,0;50,0;Подготовка;
20251209;05:37:25;-0,5;0,0;0,0;0,0;50,0;Подготовка;
20251209;05:37:30;-0,5;0,0;0,0;0,0;50,0;Подготовка;
20251209;05:37:35;-0,5;0,0;0,0;0,0;50,0;Подготовка;
20251209;05:37:40;-0,5;0,0;0,0;0,0;50,0;Подготовка;
20251209;05:37:46;-0,5;0,0;0,0;0,0;50,0;Подготовка;
20251209;05:37:51;-0,5;0,0;0,0;0,0;50,0;Подготовка;
20251209;05:37:56;-0,5;0,0;0,0;0,0;50,0;Подготовка;
20251209;05:38:01;-0,5;0,0;0,0;0,0;50,0;Подготовка;
20251209;05:38:06;-0,5;0,0;0,0;0,0;50,0;Подготовка;
20251209;05:38:11;-0,5;0,0;0,0;0,0;50,0;Подготовка;
20251209;05:38:16;-0,5;0,0;0,0;0,0;50,0;Подготовка;
20251209;05:38:21;-0,5;0,0;0,0;0,0;50,0;Подготовка;
20251209;05:38:26;-0,5;0,0;0,0;0,0;50,0;Подготовка;
20251209;05:38:31;-0,5;0,0;0,0;0,0;50,0;Подготовка;
20251209;05:38:36;-0,5;0,0;0,0;0,0;50,0;Подготовка;
20251209;05:38:41;-0,5;0,0;0,0;0,0;50,0;Подготовка;
20251209;05:38:46;-0,5;0,0;0,0;0,0;50,0;Подготовка;
20251209;05:38:51;-0,5;0,0;0,0;0,0;50,0;Подготовка;
20251209;05:38:56;-0,5;0,0;0,0;0,0;50,0;Подготовка;
20251209;05:39:01;-0,5;0,0;0,0;0,0;50,0;Подготовка;
20251209;05:39:06;-0,5;0,0;0,0;0,0;50,0;Подготовка;
20251209;05:39:11;-0,5;0,0;0,0;0,0;50,0;Подготовка;
20251209;05:39:16;-0,5;0,0;0,0;0,0;50,0;Подготовка;
20251209;05:39:21;-0,5;0,0;0,0;0,0;50,0;Подготовка;
20251209;05:39:26;-0,5;0,0;0,0;0,0;50,0;Подготовка;
20251209;05:39:31;-0,5;0,0;0,0;0,0;50,0;Подготовка;
20251209;05:39:36;-0,5;0,0;0,0;0,0;50,0;Подготовка;
20251209;05:39:41;-0,5;0,0;0,0;0,0;50,0;Подготовка;
20251209;05:39:46;-0,5;0,0;0,0;0,0;50,0;Подготовка;
20251209;05:39:52;-0,5;0,0;0,0;0,0;50,0;Подготовка;
20251209;05:39:57;-0,5;0,0;0,0;0,0;50,0;Подготовка;
20251209;05:40:02;-0,5;0,0;0,0;0,0;50,0;Подготовка;
20251209;05:40:07;-0,5;0,0;0,0;0,0;50,0;Подготовка;
20251209;05:40:12;-0,5;0,0;0,0;0,0;50,0;Подготовка;
20251209;05:40:17;-0,5;0,0;0,0;0,0;50,0;Подготовка;
20251209;05:40:22;-0,5;0,0;0,0;0,0;50,0;Подготовка;
20251209;05:40:27;-0,5;0,0;0,0;0,0;50,0;Подготовка;
20251209;05:40:32;-0,5;0,0;0,0;0,0;50,0;Подготовка;
20251209;05:40:37;-0,5;0,0;0,0;0,0;50,0;Подготовка;
20251209;05:40:42;-0,5;0,0;0,0;0,0;50,0;Подготовка;
20251209;05:40:47;-0,5;0,0;0,0;0,0;50,0;Подготовка;
20251209;05:40:52;-0,5;0,0;0,0;0,0;50,0;Подготовка;
20251209;05:40:57;-0,5;0,0;0,0;0,0;50,0;Подготовка;
20251209;05:41:02;-0,5;0,0;0,0;0,0;50,0;Подготовка;
20251209;05:41:07;-0,5;0,0;0,0;0,0;50,0;Подготовка;
20251209;05:41:12;-0,5;0,0;0,0;0,0;50,0;Подготовка;
20251209;05:41:17;-0,5;0,0;0,0;0,0;50,0;Подготовка;
20251209;05:41:22;-0,5;0,0;0,0;0,0;50,0;Подготовка;
20251209;05:41:27;-0,5;0,0;0,0;0,0;50,0;Подготовка;
20251209;05:41:32;-0,5;0,0;0,0;0,0;50,0;Подготовка;
20251209;05:41:37;-0,5;0,0;0,0;0,0;50,0;Подготовка;
20251209;05:41:42;-0,5;0,0;0,0;0,0;50,0;Подготовка;
20251209;05:41:47;-0,5;0,0;0,0;0,0;50,0;Подготовка;
20251209;05:41:52;-0,5;0,0;0,0;0,0;50,0;Подготовка;
20251209;05:41:58;-0,5;0,0;0,0;0,0;50,0;Подготовка;
20251209;05:42:03;-0,5;0,0;0,0;0,0;50,0;Подготовка;
20251209;05:42:08;-0,5;0,0;0,0;0,0;50,0;Подготовка;
20251209;05:42:13;-0,5;0,0;0,0;0,0;50,0;Подготовка;
20251209;05:42:18;-0,5;0,0;0,0;0,0;50,0;Подготовка;
20251209;05:42:23;-0,5;0,0;0,0;0,0;50,0;Подготовка;
20251209;05:42:28;-0,5;0,0;0,0;0,0;50,0;Подготовка;
20251209;05:42:33;-0,5;0,0;0,0;0,0;50,0;Подготовка;
20251209;05:42:38;-0,5;0,0;0,0;0,0;50,0;Подготовка;
20251209;05:42:43;-0,5;0,0;0,0;0,0;50,0;Подготовка;
20251209;05:42:48;-0,5;0,0;0,0;0,0;50,0;Подготовка;
20251209;05:42:53;-0,5;0,0;0,0;0,0;50,0;Подготовка;
20251209;05:42:58;-0,5;0,0;0,0;0,0;50,0;Подготовка;
20251209;05:43:03;-0,5;0,0;0,0;0,0;50,0;Подготовка;
20251209;05:43:08;-0,5;0,0;0,0;0,0;50,0;Подготовка;
20251209;05:43:13;-0,5;0,0;0,0;0,0;50,0;Подготовка;
20251209;05:43:18;-0,5;0,0;0,0;0,0;50,0;Подготовка;
20251209;05:43:23;-0,5;0,0;0,0;0,0;50,0;Подготовка;
20251209;05:43:28;-0,5;0,0;0,0;0,0;50,0;Подготовка;
20251209;05:43:33;-0,5;0,0;0,0;0,0;50,0;Подготовка;
20251209;05:43:38;-0,5;0,0;0,0;0,0;50,0;Подготовка;
20251209;05:43:43;-0,5;0,0;0,0;0,0;50,0;Подготовка;
20251209;05:43:48;-0,5;0,0;0,0;0,0;50,0;Подготовка;
20251209;05:43:53;-0,5;0,0;0,0;0,0;50,0;Подготовка;
20251209;05:43:58;-0,5;0,0;0,0;0,0;50,0;Подготовка;
20251209;05:44:04;-0,5;0,0;0,0;0,0;50,0;Подготовка;
20251209;05:44:09;-0,5;0,0;0,0;0,0;50,0;Подготовка;
20251209;05:44:14;-0,5;0,0;0,0;0,0;50,0;Подготовка;
20251209;05:44:19;-0,5;0,0;0,0;0,0;50,0;Подготовка;
20251209;05:44:24;-0,5;0,0;0,0;0,0;50,0;Подготовка;
20251209;05:44:29;-0,5;0,0;0,0;0,0;50,0;Подготовка;
20251209;05:44:34;-0,5;0,0;0,0;0,0;50,0;Подготовка;
20251209;05:44:39;-0,5;0,0;0,0;0,0;50,0;Подготовка;
20251209;05:44:44;-0,5;0,0;0,0;0,0;50,0;Подготовка;
20251209;05:44:49;-0,5;0,0;0,0;0,0;50,0;Подготовка;
20251209;05:44:54;-0,5;0,0;0,0;0,0;50,0;Подготовка;
20251209;05:44:59;-0,5;0,0;0,0;0,0;50,0;Подготовка;
20251209;05:45:04;-0,5;0,0;0,0;0,0;50,0;Подготовка;
20251209;05:45:09;-0,5;0,0;0,0;0,0;50,0;Подготовка;
20251209;05:45:14;-0,5;0,0;0,0;0,0;50,0;Подготовка;
20251209;05:45:19;-0,5;0,0;0,0;0,0;50,0;Подготовка;
20251209;05:45:24;-0,5;0,0;0,0;0,0;50,0;Подготовка;
20251209;05:45:29;-0,5;0,0;0,0;0,0;50,0;Подготовка;
20251209;05:45:34;-0,5;0,0;0,0;0,0;50,0;Подготовка;
20251209;05:45:39;-0,5;0,0;0,0;0,0;50,0;Подготовка;
20251209;05:45:44;-0,5;0,0;0,0;0,0;50,0;Подготовка;
20251209;05:45:49;-0,5;0,0;0,0;0,0;50,0;Подготовка;
20251209;05:45:54;-0,5;0,0;0,0;0,0;50,0;Подготовка;
20251209;05:45:59;-0,5;0,0;0,0;0,0;50,0;Подготовка;
20251209;05:46:04;-0,5;0,0;0,0;0,0;50,0;Подготовка;
20251209;05:46:10;-0,5;0,0;0,0;0,0;50,0;Подготовка;
20251209;05:46:15;-0,5;0,0;0,0;0,0;50,0;Подготовка;
20251209;05:46:20;-0,5;0,0;0,0;0,0;50,0;Подготовка;
20251209;05:46:25;-0,5;0,0;0,0;0,0;50,0;Подготовка;
20251209;05:46:30;-0,5;0,0;0,0;0,0;50,0;Подготовка;
20251209;05:46:35;-0,5;0,0;0,0;0,0;50,0;Подготовка;
20251209;05:46:40;-0,5;0,0;0,0;0,0;50,0;Подготовка;
20251209;05:46:45;-0,5;0,0;0,0;0,0;50,0;Подготовка;
20251209;05:46:50;-0,5;0,0;0,0;0,0;50,0;Подготовка;
20251209;05:46:55;-0,5;0,0;0,0;0,0;50,0;Подготовка;
20251209;05:47:00;-0,5;0,0;0,0;0,0;50,0;Подготовка;
20251209;05:47:05;-0,5;0,0;0,0;0,0;50,0;Подготовка;
20251209;05:47:10;-0,5;0,0;0,0;0,0;50,0;Подготовка;
20251209;05:47:15;-0,5;0,0;0,0;0,0;50,0;Подготовка;
20251209;05:47:20;-0,5;0,0;0,0;0,0;50,0;Подготовка;
20251209;05:47:25;-0,5;0,0;0,0;0,0;50,0;Подготовка;
20251209;05:47:30;-0,5;0,0;0,0;0,0;50,0;Подготовка;
20251209;05:47:35;-0,5;0,0;0,0;0,0;50,0;Подготовка;
20251209;05:47:40;-0,5;0,0;0,0;0,0;50,0;Подготовка;
20251209;05:47:45;-0,5;0,0;0,0;0,0;50,0;Подготовка;
20251209;05:47:50;-0,5;0,0;0,0;0,0;50,0;Подготовка;
20251209;05:47:55;-0,5;0,0;0,0;0,0;50,0;Подготовка;
20251209;05:48:00;-0,5;0,0;0,0;0,0;50,0;Подготовка;
20251209;05:48:05;-0,5;0,0;0,0;0,0;50,0;Подготовка;
20251209;05:48:10;-0,5;0,0;0,0;0,0;50,0;Подготовка;
20251209;05:48:16;-0,5;0,0;0,0;0,0;50,0;Подготовка;
20251209;05:48:21;-0,5;0,0;0,0;0,0;50,0;Подготовка;
20251209;05:48:26;-0,5;0,0;0,0;0,0;50,0;Подготовка;
20251209;05:48:31;-0,5;0,0;0,0;0,0;50,0;Подготовка;
20251209;05:48:36;-0,5;0,0;0,0;0,0;50,0;Подготовка;
20251209;05:48:41;-0,5;0,0;0,0;0,0;50,0;Подготовка;
20251209;05:48:46;-0,5;0,0;0,0;0,0;50,0;Подготовка;
20251209;05:48:51;-0,5;0,0;0,0;0,0;50,0;Подготовка;
20251209;05:48:56;-0,5;0,0;0,0;0,0;50,0;Подготовка;
20251209;05:49:01;-0,5;0,0;0,0;0,0;50,0;Подготовка;
20251209;05:49:06;-0,5;0,0;0,0;0,0;50,0;Подготовка;
20251209;05:49:11;-0,5;0,0;0,0;0,0;50,0;Подготовка;
20251209;05:49:16;-0,5;0,0;0,0;0,0;50,0;Подготовка;
20251209;05:49:21;-0,5;0,0;0,0;0,0;50,0;Подготовка;
20251209;05:49:26;-0,5;0,0;0,0;0,0;50,0;Подготовка;
20251209;05:49:31;-0,5;0,0;0,0;0,0;50,0;Подготовка;
20251209;05:49:36;-0,5;0,0;0,0;0,0;50,0;Подготовка;
20251209;05:49:41;-0,5;0,0;0,0;0,0;50,0;Подготовка;
20251209;05:49:46;-0,5;0,0;0,0;0,0;50,0;Подготовка;
20251209;05:49:51;-0,5;0,0;0,0;0,0;50,0;Подготовка;
20251209;05:49:56;-0,5;0,0;0,0;0,0;50,0;Подготовка;
20251209;05:50:01;-0,5;0,0;0,0;0,0;50,0;Подготовка;
20251209;05:50:06;-0,5;0,0;0,0;0,0;50,0;Подготовка;
20251209;05:50:11;-0,5;0,0;0,0;0,0;50,0;Подготовка;
20251209;05:50:16;-0,5;0,0;0,0;0,0;50,0;Подготовка;
20251209;05:50:22;-0,5;0,0;0,0;0,0;50,0;Подготовка;
20251209;05:50:27;-0,5;0,0;0,0;0,0;50,0;Подготовка;
20251209;05:50:32;-0,5;0,0;0,0;0,0;50,0;Подготовка;
20251209;05:50:37;-0,5;0,0;0,0;0,0;50,0;Подготовка;
20251209;05:50:42;-0,5;0,0;0,0;0,0;50,0;Подготовка;
20251209;05:50:47;-0,5;0,0;0,0;0,0;50,0;Подготовка;
20251209;05:50:52;-0,5;0,0;0,0;0,0;50,0;Подготовка;
20251209;05:50:57;-0,5;0,0;0,0;0,0;50,0;Подготовка;
20251209;05:51:02;-0,5;0,0;0,0;0,0;50,0;Подготовка;
20251209;05:51:07;-0,5;0,0;0,0;0,0;50,0;Подготовка;
20251209;05:51:12;-0,5;0,0;0,0;0,0;50,0;Подготовка;
20251209;05:51:17;-0,5;0,0;0,0;0,0;50,0;Подготовка;
20251209;05:51:22;-0,5;0,0;0,0;0,0;50,0;Подготовка;
20251209;05:51:27;-0,5;0,0;0,0;0,0;50,0;Подготовка;
20251209;05:51:32;-0,5;0,0;0,0;0,0;50,0;Подготовка;
20251209;05:51:37;-0,5;0,0;0,0;0,0;50,0;Подготовка;
20251209;05:51:42;-0,5;0,0;0,0;0,0;50,0;Подготовка;
20251209;05:51:47;-0,5;0,0;0,0;0,0;50,0;Подготовка;
20251209;05:51:52;-0,5;0,0;0,0;0,0;50,0;Подготовка;
20251209;05:51:57;-0,5;0,0;0,0;0,0;50,0;Подготовка;
20251209;05:52:02;-0,5;0,0;0,0;0,0;50,0;Подготовка;
20251209;05:52:07;-0,5;0,0;0,0;0,0;50,0;Подготовка;
20251209;05:52:12;-0,5;0,0;0,0;0,0;50,0;Подготовка;
20251209;05:52:17;-0,5;0,0;0,0;0,0;50,0;Подготовка;
20251209;05:52:22;-0,5;0,0;0,0;0,0;50,0;Подготовка;
20251209;05:52:28;-0,5;0,0;0,0;0,0;50,0;Подготовка;
20251209;05:52:33;-0,5;0,0;0,0;0,0;50,0;Подготовка;
20251209;05:52:38;-0,5;0,0;0,0;0,0;50,0;Подготовка;
20251209;05:52:43;-0,5;0,0;0,0;0,0;50,0;Подготовка;
20251209;05:52:48;-0,5;0,0;0,0;0,0;50,0;Подготовка;
20251209;05:52:53;-0,5;0,0;0,0;0,0;50,0;Подготовка;
20251209;05:52:58;-0,5;0,0;0,0;0,0;50,0;Подготовка;
20251209;05:53:03;-0,5;0,0;0,0;0,0;50,0;Подготовка;
20251209;05:53:08;-0,5;0,0;0,0;0,0;50,0;Подготовка;
20251209;05:53:13;-0,5;0,0;0,0;0,0;50,0;Подготовка;
20251209;05:53:18;-0,5;0,0;0,0;0,0;50,0;Подготовка;
20251209;05:53:23;-0,5;0,0;0,0;0,0;50,0;Подготовка;
20251209;05:53:28;-0,5;0,0;0,0;0,0;50,0;Подготовка;
20251209;05:53:33;-0,5;0,0;0,0;0,0;50,0;Подготовка;
20251209;05:53:38;-0,5;0,0;0,0;0,0;50,0;Подготовка;
20251209;05:53:43;-0,5;0,0;0,0;0,0;50,0;Подготовка;
20251209;05:53:48;-0,5;0,0;0,0;0,0;50,0;Подготовка;
20251209;05:53:53;-0,5;0,0;0,0;0,0;50,0;Подготовка;
20251209;05:53:58;-0,5;0,0;0,0;0,0;50,0;Подготовка;
20251209;05:54:03;-0,5;0,0;0,0;0,0;50,0;Подготовка;
20251209;05:54:08;-0,5;0,0;0,0;0,0;50,0;Подготовка;
20251209;05:54:13;-0,5;0,0;0,0;0,0;50,0;Подготовка;
20251209;05:54:18;-0,5;0,0;0,0;0,0;50,0;Подготовка;
20251209;05:54:23;-0,5;0,0;0,0;0,0;50,0;Подготовка;
20251209;05:54:28;-0,5;0,0;0,0;0,0;50,0;Подготовка;
20251209;05:54:34;-0,5;0,0;0,0;0,0;50,0;Подготовка;
20251209;05:54:39;-0,5;0,0;0,0;0,0;50,0;Подготовка;
20251209;05:54:44;-0,5;0,0;0,0;0,0;50,0;Подготовка;
20251209;05:54:49;-0,5;0,0;0,0;0,0;50,0;Подготовка;
20251209;05:54:54;-0,5;0,0;0,0;0,0;50,0;Подготовка;
20251209;05:54:59;-0,5;0,0;0,0;0,0;50,0;Подготовка;
20251209;05:55:04;-0,5;0,0;0,0;0,0;50,0;Подготовка;
20251209;05:55:09;-0,5;0,0;0,0;0,0;50,0;Подготовка;
20251209;05:55:14;-0,5;0,0;0,0;0,0;50,0;Подготовка;
20251209;05:55:19;-0,5;0,0;0,0;0,0;50,0;Подготовка;
20251209;05:55:24;-0,5;0,0;0,0;0,0;50,0;Подготовка;
20251209;05:55:29;-0,5;0,0;0,0;0,0;50,0;Подготовка;
20251209;05:55:34;-0,5;0,0;0,0;0,0;50,0;Подготовка;
20251209;05:55:39;-0,5;0,0;0,0;0,0;50,0;Подготовка;
20251209;05:55:44;-0,5;0,0;0,0;0,0;50,0;Подготовка;
20251209;05:55:49;-0,5;0,0;0,0;0,0;50,0;Подготовка;
20251209;05:55:54;-0,5;0,0;0,0;0,0;50,0;Подготовка;
20251209;05:55:59;-0,5;0,0;0,0;0,0;50,0;Подготовка;
20251209;05:56:04;-0,5;0,0;0,0;0,0;50,0;Подготовка;
20251209;05:56:09;-0,5;0,0;0,0;0,0;50,0;Подготовка;
20251209;05:56:14;-0,5;0,0;0,0;0,0;50,0;Подготовка;
20251209;05:56:19;-0,5;0,0;0,0;0,0;50,0;Подготовка;
20251209;05:56:24;-0,5;0,0;0,0;0,0;50,0;Подготовка;
20251209;05:56:29;-0,5;0,0;0,0;0,0;50,0;Подготовка;
20251209;05:56:34;-0,5;0,0;0,0;0,0;50,0;Подготовка;
20251209;05:56:40;-0,5;0,0;0,0;0,0;50,0;Подготовка;
20251209;05:56:45;-0,5;0,0;0,0;0,0;50,0;Подготовка;
20251209;05:56:50;-0,5;0,0;0,0;0,0;50,0;Подготовка;
20251209;05:56:55;-0,5;0,0;0,0;0,0;50,0;Подготовка;
20251209;05:57:00;-0,5;0,0;0,0;0,0;50,0;Подготовка;
20251209;05:57:05;-0,5;0,0;0,0;0,0;50,0;Подготовка;
20251209;05:57:10;-0,5;0,0;0,0;0,0;50,0;Подготовка;
20251209;05:57:15;-0,5;0,0;0,0;0,0;50,0;Подготовка;
20251209;05:57:20;-0,5;0,0;0,0;0,0;50,0;Подготовка;
20251209;05:57:25;-0,5;0,0;0,0;0,0;50,0;Подготовка;
20251209;05:57:30;-0,5;0,0;0,0;0,0;50,0;Подготовка;
20251209;05:57:35;-0,5;0,0;0,0;0,0;50,0;Подготовка;
20251209;05:57:40;-0,5;0,0;0,0;0,0;50,0;Подготовка;
20251209;05:57:45;-0,5;0,0;0,0;0,0;50,0;Подготовка;
20251209;05:57:50;-0,5;0,0;0,0;0,0;50,0;Подготовка;
20251209;05:57:55;-0,5;0,0;0,0;0,0;50,0;Подготовка;
20251209;05:58:00;-0,5;0,0;0,0;0,0;50,0;Подготовка;
20251209;05:58:05;-0,5;0,0;0,0;0,0;50,0;Подготовка;
20251209;05:58:10;-0,5;0,0;0,0;0,0;50,0;Подготовка;
20251209;05:58:15;-0,5;0,0;0,0;0,0;50,0;Подготовка;
20251209;05:58:20;-0,5;0,0;0,0;0,0;50,0;Подготовка;
20251209;05:58:25;-0,5;0,0;0,0;0,0;50,0;Подготовка;
20251209;05:58:30;-0,5;0,0;0,0;0,0;50,0;Подготовка;
20251209;05:58:35;-0,5;0,0;0,0;0,0;50,0;Подготовка;
20251209;05:58:40;-0,5;0,0;0,0;0,0;50,0;Подготовка;
20251209;05:58:46;-0,5;0,0;0,0;0,0;50,0;Подготовка;
20251209;05:58:51;-0,5;0,0;0,0;0,0;50,0;Подготовка;
20251209;05:58:56;-0,5;0,0;0,0;0,0;50,0;Подготовка;
20251209;05:59:01;-0,5;0,0;0,0;0,0;50,0;Подготовка;
20251209;05:59:06;-0,5;0,0;0,0;0,0;50,0;Подготовка;
20251209;05:59:11;-0,5;0,0;0,0;0,0;50,0;Подготовка;
20251209;05:59:16;-0,5;0,0;0,0;0,0;50,0;Подготовка;
20251209;05:59:21;-0,5;0,0;0,0;0,0;50,0;Подготовка;
20251209;05:59:26;-0,5;0,0;0,0;0,0;50,0;Подготовка;
20251209;05:59:31;-0,5;0,0;0,0;0,0;50,0;Подготовка;
20251209;05:59:36;-0,5;0,0;0,0;0,0;50,0;Подготовка;
20251209;05:59:41;-0,5;0,0;0,0;0,0;50,0;Подготовка;
20251209;05:59:46;-0,5;0,0;0,0;0,0;50,0;Подготовка;
20251209;05:59:51;-0,5;0,0;0,0;0,0;50,0;Подготовка;
20251209;05:59:56;-0,5;0,0;0,0;0,0;50,0;Подготовка;
20251209;06:00:01;-0,5;0,0;0,0;0,0;50,0;Подготовка;
20251209;06:00:06;-0,5;0,0;0,0;0,0;50,0;Подготовка;
20251209;06:00:11;-0,5;0,0;0,0;0,0;50,0;Подготовка;
20251209;06:00:16;-0,5;0,0;0,0;0,0;50,0;Подготовка;
20251209;06:00:21;-0,5;0,0;0,0;0,0;50,0;Подготовка;
20251209;06:00:26;-0,5;0,0;0,0;0,0;50,0;Подготовка;
20251209;06:00:31;-0,5;0,0;0,0;0,0;50,0;Подготовка;
20251209;06:00:36;-0,5;0,0;0,0;0,0;50,0;Подготовка;
20251209;06:00:41;-0,5;0,0;0,0;0,0;50,0;Подготовка;
20251209;06:00:46;-0,5;0,0;0,0;0,0;50,0;Подготовка;
20251209;06:00:52;-0,5;0,0;0,0;0,0;50,0;Подготовка;
20251209;06:00:57;-0,5;0,0;0,0;0,0;50,0;Подготовка;
20251209;06:01:02;-0,5;0,0;0,0;0,0;50,0;Подготовка;
20251209;06:01:07;-0,5;0,0;0,0;0,0;50,0;Подготовка;
20251209;06:01:12;-0,5;0,0;0,0;0,0;50,0;Подготовка;
20251209;06:01:17;-0,5;0,0;0,0;0,0;50,0;Подготовка;
20251209;06:01:22;-0,5;0,0;0,0;0,0;50,0;Подготовка;
20251209;06:01:27;-0,5;0,0;0,0;0,0;50,0;Подготовка;
20251209;06:01:32;-0,5;0,0;0,0;0,0;50,0;Подготовка;
20251209;06:01:37;-0,5;0,0;0,0;0,0;50,0;Подготовка;
20251209;06:01:42;-0,5;0,0;0,0;0,0;50,0;Подготовка;
20251209;06:01:47;-0,5;0,0;0,0;0,0;50,0;Подготовка;
20251209;06:01:52;-0,5;0,0;0,0;0,0;50,0;Подготовка;
20251209;06:01:57;-0,5;0,0;0,0;0,0;50,0;Подготовка;
20251209;06:02:02;-0,5;0,0;0,0;0,0;50,0;Подготовка;
20251209;06:02:07;-0,5;0,0;0,0;0,0;50,0;Подготовка;
20251209;06:02:12;-0,5;0,0;0,0;0,0;50,0;Подготовка;
20251209;06:02:17;-0,5;0,0;0,0;0,0;50,0;Подготовка;
20251209;06:02:22;-0,5;0,0;0,0;0,0;50,0;Подготовка;
20251209;06:02:27;-0,5;0,0;0,0;0,0;50,0;Подготовка;
20251209;06:02:32;-0,5;0,0;0,0;0,0;50,0;Подготовка;
20251209;06:02:37;-0,5;0,0;0,0;0,0;50,0;Подготовка;
20251209;06:02:42;-0,5;0,0;0,0;0,0;50,0;Подготовка;
20251209;06:02:47;-0,5;0,0;0,0;0,0;50,0;Подготовка;
20251209;06:02:52;-0,5;0,0;0,0;0,0;50,0;Подготовка;
20251209;06:02:58;-0,5;0,0;0,0;0,0;50,0;Подготовка;
20251209;06:03:03;-0,5;0,0;0,0;0,0;50,0;Подготовка;
20251209;06:03:08;-0,5;0,0;0,0;0,0;50,0;Подготовка;
20251209;06:03:13;-0,5;0,0;0,0;0,0;50,0;Подготовка;
20251209;06:03:18;-0,5;0,0;0,0;0,0;50,0;Подготовка;
20251209;06:03:23;-0,5;0,0;0,0;0,0;50,0;Подготовка;
20251209;06:03:28;-0,5;0,0;0,0;0,0;50,0;Подготовка;
20251209;06:03:33;-0,5;0,0;0,0;0,0;50,0;Подготовка;
20251209;06:03:38;-0,5;0,0;0,0;0,0;50,0;Подготовка;
20251209;06:03:43;-0,5;0,0;0,0;0,0;50,0;Подготовка;
20251209;06:03:48;-0,5;0,0;0,0;0,0;50,0;Подготовка;
20251209;06:03:53;-0,5;0,0;0,0;0,0;50,0;Подготовка;
20251209;06:03:58;-0,5;0,0;0,0;0,0;50,0;Подготовка;
20251209;06:04:03;-0,5;0,0;0,0;0,0;50,0;Подготовка;
20251209;06:04:08;-0,5;0,0;0,0;0,0;50,0;Подготовка;
20251209;06:04:13;-0,5;0,0;0,0;0,0;50,0;Подготовка;
20251209;06:04:18;-0,5;0,0;0,0;0,0;50,0;Подготовка;
20251209;06:04:23;-0,5;0,0;0,0;0,0;50,0;Подготовка;
20251209;06:04:28;-0,5;0,0;0,0;0,0;50,0;Подготовка;
20251209;06:04:33;-0,5;0,0;0,0;0,0;50,0;Подготовка;
20251209;06:04:38;-0,5;0,0;0,0;0,0;50,0;Подготовка;
20251209;06:04:43;-0,5;0,0;0,0;0,0;50,0;Подготовка;
20251209;06:04:48;-0,5;0,0;0,0;0,0;50,0;Подготовка;
20251209;06:04:53;-0,5;0,0;0,0;0,0;50,0;Подготовка;
20251209;06:04:58;-0,5;0,0;0,0;0,0;50,0;Подготовка;
20251209;06:05:04;-0,5;0,0;0,0;0,0;50,0;Подготовка;
20251209;06:05:09;-0,5;0,0;0,0;0,0;50,0;Подготовка;
20251209;06:05:14;-0,5;0,0;0,0;0,0;50,0;Подготовка;
20251209;06:05:19;-0,5;0,0;0,0;0,0;50,0;Подготовка;
20251209;06:05:24;-0,5;0,0;0,0;0,0;50,0;Подготовка;
20251209;06:05:29;-0,5;0,0;0,0;0,0;50,0;Подготовка;
20251209;06:05:34;-0,5;0,0;0,0;0,0;50,0;Подготовка;
20251209;06:05:39;-0,5;0,0;0,0;0,0;50,0;Подготовка;
20251209;06:05:44;-0,5;0,0;0,0;0,0;50,0;Подготовка;
20251209;06:05:49;-0,5;0,0;0,0;0,0;50,0;Подготовка;
20251209;06:05:54;-0,5;0,0;0,0;0,0;50,0;Подготовка;
20251209;06:05:59;-0,5;0,0;0,0;0,0;50,0;Подготовка;
20251209;06:06:04;-0,5;0,0;0,0;0,0;50,0;Подготовка;
20251209;06:06:09;-0,5;0,0;0,0;0,0;50,0;Подготовка;
20251209;06:06:14;-0,5;0,0;0,0;0,0;50,0;Подготовка;
20251209;06:06:19;-0,5;0,0;0,0;0,0;50,0;Подготовка;
20251209;06:06:24;-0,5;0,0;0,0;0,0;50,0;Подготовка;
20251209;06:06:29;-0,5;0,0;0,0;0,0;50,0;Подготовка;
20251209;06:06:34;-0,5;0,0;0,0;0,0;50,0;Подготовка;
20251209;06:06:39;-0,5;0,0;0,0;0,0;50,0;Подготовка;
20251209;06:06:44;-0,5;0,0;0,0;0,0;50,0;Подготовка;
20251209;06:06:49;-0,5;0,0;0,0;0,0;50,0;Подготовка;
20251209;06:06:54;-0,5;0,0;0,0;0,0;50,0;Подготовка;
20251209;06:06:59;-0,5;0,0;0,0;0,0;50,0;Подготовка;
20251209;06:07:04;-0,5;0,0;0,0;0,0;50,0;Подготовка;
20251209;06:07:10;-0,5;0,0;0,0;0,0;50,0;Подготовка;
20251209;06:07:15;-0,5;0,0;0,0;0,0;50,0;Подготовка;
20251209;06:07:20;-0,5;0,0;0,0;0,0;50,0;Подготовка;
20251209;06:07:25;-0,5;0,0;0,0;0,0;50,0;Подготовка;
20251209;06:07:30;-0,5;0,0;0,0;0,0;50,0;Подготовка;
20251209;06:07:35;-0,5;0,0;0,0;0,0;50,0;Подготовка;
20251209;06:07:40;-0,5;0,0;0,0;0,0;50,0;Подготовка;
20251209;06:07:45;-0,5;0,0;0,0;0,0;50,0;Подготовка;
20251209;06:07:50;-0,5;0,0;0,0;0,0;50,0;Подготовка;
20251209;06:07:55;-0,5;0,0;0,0;0,0;50,0;Подготовка;
20251209;06:08:00;-0,5;0,0;0,0;0,0;50,0;Подготовка;
20251209;06:08:05;-0,5;0,0;0,0;0,0;50,0;Подготовка;
20251209;06:08:10;-0,5;0,0;0,0;0,0;50,0;Подготовка;
20251209;06:08:15;-0,5;0,0;0,0;0,0;50,0;Подготовка;
20251209;06:08:20;-0,5;0,0;0,0;0,0;50,0;Подготовка;
20251209;06:08:25;-0,5;0,0;0,0;0,0;50,0;Подготовка;
20251209;06:08:30;-0,5;0,0;0,0;0,0;50,0;Подготовка;
20251209;06:08:35;-0,5;0,0;0,0;0,0;50,0;Подготовка;
20251209;06:08:40;-0,5;0,0;0,0;0,0;50,0;Подготовка;
20251209;06:08:45;-0,5;0,0;0,0;0,0;50,0;Подготовка;
20251209;06:08:50;-0,5;0,0;0,0;0,0;50,0;Подготовка;
20251209;06:08:55;-0,5;0,0;0,0;0,0;50,0;Подготовка;
20251209;06:09:00;-0,5;0,0;0,0;0,0;50,0;Подготовка;
20251209;06:09:05;-0,5;0,0;0,0;0,0;50,0;Подготовка;
20251209;06:09:10;-0,5;0,0;0,0;0,0;50,0;Подготовка;
20251209;06:09:16;-0,5;0,0;0,0;0,0;50,0;Подготовка;
20251209;06:09:21;-0,5;0,0;0,0;0,0;50,0;Подготовка;
20251209;06:09:26;-0,5;0,0;0,0;0,0;50,0;Подготовка;
20251209;06:09:31;-0,5;0,0;0,0;0,0;50,0;Подготовка;
20251209;06:09:36;-0,5;0,0;0,0;0,0;50,0;Подготовка;
20251209;06:09:41;-0,5;0,0;0,0;0,0;50,0;Подготовка;
20251209;06:09:46;-0,5;0,0;0,0;0,0;50,0;Подготовка;
20251209;06:09:51;-0,5;0,0;0,0;0,0;50,0;Подготовка;
20251209;06:09:56;-0,5;0,0;0,0;0,0;50,0;Подготовка;
20251209;06:10:01;-0,5;0,0;0,0;0,0;50,0;Подготовка;
20251209;06:10:06;-0,5;0,0;0,0;0,0;50,0;Подготовка;
20251209;06:10:11;-0,5;0,0;0,0;0,0;50,0;Подготовка;
20251209;06:10:16;-0,5;0,0;0,0;0,0;50,0;Подготовка;
20251209;06:10:21;-0,5;0,0;0,0;0,0;50,0;Подготовка;
20251209;06:10:26;-0,5;0,0;0,0;0,0;50,0;Подготовка;
20251209;06:10:31;-0,5;0,0;0,0;0,0;50,0;Подготовка;
20251209;06:10:36;-0,5;0,0;0,0;0,0;50,0;Подготовка;
20251209;06:10:41;-0,5;0,0;0,0;0,0;50,0;Подготовка;
20251209;06:10:46;-0,5;0,0;0,0;0,0;50,0;Подготовка;
20251209;06:10:51;-0,5;0,0;0,0;0,0;50,0;Подготовка;
20251209;06:10:56;-0,5;0,0;0,0;0,0;50,0;Подготовка;
20251209;06:11:01;-0,5;0,0;0,0;0,0;50,0;Подготовка;
20251209;06:11:06;-0,5;0,0;0,0;0,0;50,0;Подготовка;
20251209;06:11:11;-0,5;0,0;0,0;0,0;50,0;Подготовка;
20251209;06:11:16;-0,5;0,0;0,0;0,0;50,0;Подготовка;
20251209;06:11:22;-0,5;0,0;0,0;0,0;50,0;Подготовка;
20251209;06:11:27;-0,5;0,0;0,0;0,0;50,0;Подготовка;
20251209;06:11:32;-0,5;0,0;0,0;0,0;50,0;Подготовка;
20251209;06:11:37;-0,5;0,0;0,0;0,0;50,0;Подготовка;
20251209;06:11:42;-0,5;0,0;0,0;0,0;50,0;Подготовка;
20251209;06:11:47;-0,5;0,0;0,0;0,0;50,0;Подготовка;
20251209;06:11:52;-0,5;0,0;0,0;0,0;50,0;Подготовка;
20251209;06:11:57;-0,5;0,0;0,0;0,0;50,0;Подготовка;
20251209;06:12:02;-0,5;0,0;0,0;0,0;50,0;Подготовка;
20251209;06:12:07;-0,5;0,0;0,0;0,0;50,0;Подготовка;
20251209;06:12:12;-0,5;0,0;0,0;0,0;50,0;Подготовка;
20251209;06:12:17;-0,5;0,0;0,0;0,0;50,0;Подготовка;
20251209;06:12:22;-0,5;0,0;0,0;0,0;50,0;Подготовка;
20251209;06:12:27;-0,5;0,0;0,0;0,0;50,0;Подготовка;
20251209;06:12:32;-0,5;0,0;0,0;0,0;50,0;Подготовка;
20251209;06:12:37;-0,5;0,0;0,0;0,0;50,0;Подготовка;
20251209;06:12:42;-0,5;0,0;0,0;0,0;50,0;Подготовка;
20251209;06:12:47;-0,5;0,0;0,0;0,0;50,0;Подготовка;
20251209;06:12:52;-0,5;0,0;0,0;0,0;50,0;Подготовка;
20251209;06:12:57;-0,5;0,0;0,0;0,0;50,0;Подготовка;
20251209;06:13:02;-0,5;0,0;0,0;0,0;50,0;Подготовка;
20251209;06:13:07;-0,5;0,0;0,0;0,0;50,0;Подготовка;
20251209;06:13:12;-0,5;0,0;0,0;0,0;50,0;Подготовка;
20251209;06:13:17;-0,5;0,0;0,0;0,0;50,0;Подготовка;
20251209;06:13:22;-0,5;0,0;0,0;0,0;50,0;Подготовка;
20251209;06:13:28;-0,5;0,0;0,0;0,0;50,0;Подготовка;
20251209;06:13:33;-0,5;0,0;0,0;0,0;50,0;Подготовка;
20251209;06:13:38;-0,5;0,0;0,0;0,0;50,0;Подготовка;
20251209;06:13:43;-0,5;0,0;0,0;0,0;50,0;Подготовка;
20251209;06:13:48;-0,5;0,0;0,0;0,0;50,0;Подготовка;
20251209;06:13:53;-0,5;0,0;0,0;0,0;50,0;Подготовка;
20251209;06:13:58;-0,5;0,0;0,0;0,0;50,0;Подготовка;
20251209;06:14:03;-0,5;0,0;0,0;0,0;50,0;Подготовка;
20251209;06:14:08;-0,5;0,0;0,0;0,0;50,0;Подготовка;
20251209;06:14:13;-0,5;0,0;0,0;0,0;50,0;Подготовка;
20251209;06:14:18;-0,5;0,0;0,0;0,0;50,0;Подготовка;
20251209;06:14:23;-0,5;0,0;0,0;0,0;50,0;Подготовка;
20251209;06:14:28;-0,5;0,0;0,0;0,0;50,0;Подготовка;
20251209;06:14:33;-0,5;0,0;0,0;0,0;50,0;Подготовка;
20251209;06:14:38;-0,5;0,0;0,0;0,0;50,0;Подготовка;
20251209;06:14:43;-0,5;0,0;0,0;0,0;50,0;Подготовка;
20251209;06:14:48;-0,5;0,0;0,0;0,0;50,0;Подготовка;
20251209;06:14:53;-0,5;0,0;0,0;0,0;50,0;Подготовка;
20251209;06:14:58;-0,5;0,0;0,0;0,0;50,0;Подготовка;
20251209;06:15:03;-0,5;0,0;0,0;0,0;50,0;Подготовка;
20251209;06:15:08;-0,5;0,0;0,0;0,0;50,0;Подготовка;
20251209;06:15:13;-0,5;0,0;0,0;0,0;50,0;Подготовка;
20251209;06:15:18;-0,5;0,0;0,0;0,0;50,0;Подготовка;
20251209;06:15:23;-0,5;0,0;0,0;0,0;50,0;Подготовка;
20251209;06:15:28;-0,5;0,0;0,0;0,0;50,0;Подготовка;
20251209;06:15:34;-0,5;0,0;0,0;0,0;50,0;Подготовка;
20251209;06:15:39;-0,5;0,0;0,0;0,0;50,0;Подготовка;
20251209;06:15:44;-0,5;0,0;0,0;0,0;50,0;Подготовка;
20251209;06:15:49;-0,5;0,0;0,0;0,0;50,0;Подготовка;
20251209;06:15:54;-0,5;0,0;0,0;0,0;50,0;Подготовка;
20251209;06:15:59;-0,5;0,0;0,0;0,0;50,0;Подготовка;
20251209;06:16:04;-0,5;0,0;0,0;0,0;50,0;Подготовка;
20251209;06:16:09;-0,5;0,0;0,0;0,0;50,0;Подготовка;
20251209;06:16:14;-0,5;0,0;0,0;0,0;50,0;Подготовка;
20251209;06:16:19;-0,5;0,0;0,0;0,0;50,0;Подготовка;
20251209;06:16:24;-0,5;0,0;0,0;0,0;50,0;Подготовка;
20251209;06:16:29;-0,5;0,0;0,0;0,0;50,0;Подготовка;
20251209;06:16:34;-0,5;0,0;0,0;0,0;50,0;Подготовка;
20251209;06:16:39;-0,5;0,0;0,0;0,0;50,0;Подготовка;
20251209;06:16:44;-0,5;0,0;0,0;0,0;50,0;Подготовка;
20251209;06:16:49;-0,5;0,0;0,0;0,0;50,0;Подготовка;
20251209;06:16:54;-0,5;0,0;0,0;0,0;50,0;Подготовка;
20251209;06:16:59;-0,5;0,0;0,0;0,0;50,0;Подготовка;
20251209;06:17:04;-0,5;0,0;0,0;0,0;50,0;Подготовка;
20251209;06:17:09;-0,5;0,0;0,0;0,0;50,0;Подготовка;
20251209;06:17:14;-0,5;0,0;0,0;0,0;50,0;Подготовка;
20251209;06:17:19;-0,5;0,0;0,0;0,0;50,0;Подготовка;
20251209;06:17:24;-0,5;0,0;0,0;0,0;50,0;Подготовка;
20251209;06:17:29;-0,5;0,0;0,0;0,0;50,0;Подготовка;
20251209;06:17:34;-0,5;0,0;0,0;0,0;50,0;Подготовка;
20251209;06:17:40;-0,5;0,0;0,0;0,0;50,0;Подготовка;
20251209;06:17:45;-0,5;0,0;0,0;0,0;50,0;Подготовка;
20251209;06:17:50;-0,5;0,0;0,0;0,0;50,0;Подготовка;
20251209;06:17:55;-0,5;0,0;0,0;0,0;50,0;Подготовка;
20251209;06:18:00;-0,5;0,0;0,0;0,0;50,0;Подготовка;
20251209;06:18:05;-0,5;0,0;0,0;0,0;50,0;Подготовка;
20251209;06:18:10;-0,5;0,0;0,0;0,0;50,0;Подготовка;
20251209;06:18:15;-0,5;0,0;0,0;0,0;50,0;Подготовка;
20251209;06:18:20;-0,5;0,0;0,0;0,0;50,0;Подготовка;
20251209;06:18:25;-0,5;0,0;0,0;0,0;50,0;Подготовка;
20251209;06:18:30;-0,5;0,0;0,0;0,0;50,0;Подготовка;
20251209;06:18:35;-0,5;0,0;0,0;0,0;50,0;Подготовка;
20251209;06:18:40;-0,5;0,0;0,0;0,0;50,0;Подготовка;
20251209;06:18:45;-0,5;0,0;0,0;0,0;50,0;Подготовка;
20251209;06:18:50;-0,5;0,0;0,0;0,0;50,0;Подготовка;
20251209;06:18:55;-0,5;0,0;0,0;0,0;50,0;Подготовка;
20251209;06:19:00;-0,5;0,0;0,0;0,0;50,0;Подготовка;
20251209;06:19:05;-0,5;0,0;0,0;0,0;50,0;Подготовка;
20251209;06:19:10;-0,5;0,0;0,0;0,0;50,0;Подготовка;
20251209;06:19:15;-0,5;0,0;0,0;0,0;50,0;Подготовка;
20251209;06:19:20;-0,5;0,0;0,0;0,0;50,0;Подготовка;
20251209;06:19:25;-0,5;0,0;0,0;0,0;50,0;Подготовка;
20251209;06:19:30;-0,5;0,0;0,0;0,0;50,0;Подготовка;
20251209;06:19:35;-0,5;0,0;0,0;0,0;50,0;Подготовка;
20251209;06:19:40;-0,5;0,0;0,0;0,0;50,0;Подготовка;
20251209;06:19:46;-0,5;0,0;0,0;0,0;50,0;Подготовка;
20251209;06:19:51;-0,5;0,0;0,0;0,0;50,0;Подготовка;
20251209;06:19:56;-0,5;0,0;0,0;0,0;50,0;Подготовка;
20251209;06:20:01;-0,5;0,0;0,0;0,0;50,0;Подготовка;
20251209;06:20:06;-0,5;0,0;0,0;0,0;50,0;Подготовка;
20251209;06:20:11;-0,5;0,0;0,0;0,0;50,0;Подготовка;
20251209;06:20:16;-0,5;0,0;0,0;0,0;50,0;Подготовка;
20251209;06:20:21;-0,5;0,0;0,0;0,0;50,0;Подготовка;
20251209;06:20:26;-0,5;0,0;0,0;0,0;50,0;Подготовка;
20251209;06:20:31;-0,5;0,0;0,0;0,0;50,0;Подготовка;
20251209;06:20:36;-0,5;0,0;0,0;0,0;50,0;Подготовка;
20251209;06:20:41;-0,5;0,0;0,0;0,0;50,0;Подготовка;
20251209;06:20:46;-0,5;0,0;0,0;0,0;50,0;Подготовка;
20251209;06:20:51;-0,5;0,0;0,0;0,0;50,0;Подготовка;
20251209;06:20:56;-0,5;0,0;0,0;0,0;50,0;Подготовка;
20251209;06:21:01;-0,5;0,0;0,0;0,0;50,0;Подготовка;
20251209;06:21:06;-0,5;0,0;0,0;0,0;50,0;Подготовка;
20251209;06:21:11;-0,5;0,0;0,0;0,0;50,0;Подготовка;
20251209;06:21:16;-0,5;0,0;0,0;0,0;50,0;Подготовка;
20251209;06:21:21;-0,5;0,0;0,0;0,0;50,0;Подготовка;
20251209;06:21:26;-0,5;0,0;0,0;0,0;50,0;Подготовка;
20251209;06:21:31;-0,5;0,0;0,0;0,0;50,0;Подготовка;
20251209;06:21:36;-0,5;0,0;0,0;0,0;50,0;Подготовка;
20251209;06:21:41;-0,5;0,0;0,0;0,0;50,0;Подготовка;
20251209;06:21:46;-0,5;0,0;0,0;0,0;50,0;Подготовка;
20251209;06:21:52;-0,5;0,0;0,0;0,0;50,0;Подготовка;
20251209;06:21:57;-0,5;0,0;0,0;0,0;50,0;Подготовка;
20251209;06:22:02;-0,5;0,0;0,0;0,0;50,0;Подготовка;
20251209;06:22:07;-0,5;0,0;0,0;0,0;50,0;Подготовка;
20251209;06:22:12;-0,5;0,0;0,0;0,0;50,0;Подготовка;
20251209;06:22:17;-0,5;0,0;0,0;0,0;50,0;Подготовка;
20251209;06:22:22;-0,5;0,0;0,0;0,0;50,0;Подготовка;
20251209;06:22:27;-0,5;0,0;0,0;0,0;50,0;Подготовка;
20251209;06:22:32;-0,5;0,0;0,0;0,0;50,0;Подготовка;
20251209;06:22:37;-0,5;0,0;0,0;0,0;50,0;Подготовка;
20251209;06:22:42;-0,5;0,0;0,0;0,0;50,0;Подготовка;
20251209;06:22:47;-0,5;0,0;0,0;0,0;50,0;Подготовка;
20251209;06:22:52;-0,5;0,0;0,0;0,0;50,0;Подготовка;
20251209;06:22:57;-0,5;0,0;0,0;0,0;50,0;Подготовка;
20251209;06:23:02;-0,5;0,0;0,0;0,0;50,0;Подготовка;
20251209;06:23:07;-0,5;0,0;0,0;0,0;50,0;Подготовка;
20251209;06:23:12;-0,5;0,0;0,0;0,0;50,0;Подготовка;
20251209;06:23:17;-0,5;0,0;0,0;0,0;50,0;Подготовка;
20251209;06:23:22;-0,5;0,0;0,0;0,0;50,0;Подготовка;
20251209;06:23:27;-0,5;0,0;0,0;0,0;50,0;Подготовка;
20251209;06:23:32;-0,5;0,0;0,0;0,0;50,0;Подготовка;
20251209;06:23:37;-0,5;0,0;0,0;0,0;50,0;Подготовка;
20251209;06:23:42;-0,5;0,0;0,0;0,0;50,0;Подготовка;
20251209;06:23:47;-0,5;0,0;0,0;0,0;50,0;Подготовка;
20251209;06:23:52;-0,5;0,0;0,0;0,0;50,0;Подготовка;
20251209;06:23:58;-0,5;0,0;0,0;0,0;50,0;Подготовка;
20251209;06:24:03;-0,5;0,0;0,0;0,0;50,0;Подготовка;
20251209;06:24:08;-0,5;0,0;0,0;0,0;50,0;Подготовка;
20251209;06:24:13;-0,5;0,0;0,0;0,0;50,0;Подготовка;
20251209;06:24:18;-0,5;0,0;0,0;0,0;50,0;Подготовка;
20251209;06:24:23;-0,5;0,0;0,0;0,0;50,0;Подготовка;
20251209;06:24:28;-0,5;0,0;0,0;0,0;50,0;Подготовка;
20251209;06:24:33;-0,5;0,0;0,0;0,0;50,0;Подготовка;
20251209;06:24:38;-0,5;0,0;0,0;0,0;50,0;Подготовка;
20251209;06:24:43;-0,5;0,0;0,0;0,0;50,0;Подготовка;
20251209;06:24:48;-0,5;0,0;0,0;0,0;50,0;Подготовка;
20251209;06:24:53;-0,5;0,0;0,0;0,0;50,0;Подготовка;
20251209;06:24:58;-0,5;0,0;0,0;0,0;50,0;Подготовка;
20251209;06:25:03;-0,5;0,0;0,0;0,0;50,0;Подготовка;
20251209;06:25:08;-0,5;0,0;0,0;0,0;50,0;Подготовка;
20251209;06:25:13;-0,5;0,0;0,0;0,0;50,0;Подготовка;
20251209;06:25:18;-0,5;0,0;0,0;0,0;50,0;Подготовка;
20251209;06:25:23;-0,5;0,0;0,0;0,0;50,0;Подготовка;
20251209;06:25:28;-0,5;0,0;0,0;0,0;50,0;Подготовка;
20251209;06:25:33;-0,5;0,0;0,0;0,0;50,0;Подготовка;
20251209;06:25:38;-0,5;0,0;0,0;0,0;50,0;Подготовка;
20251209;06:25:43;-0,5;0,0;0,0;0,0;50,0;Подготовка;
20251209;06:25:48;-0,5;0,0;0,0;0,0;50,0;Подготовка;
20251209;06:25:53;-0,5;0,0;0,0;0,0;50,0;Подготовка;
20251209;06:25:58;-0,5;0,0;0,0;0,0;50,0;Подготовка;
20251209;06:26:04;-0,5;0,0;0,0;0,0;50,0;Подготовка;
20251209;06:26:09;-0,5;0,0;0,0;0,0;50,0;Подготовка;
20251209;06:26:14;-0,5;0,0;0,0;0,0;50,0;Подготовка;
20251209;06:26:19;-0,5;0,0;0,0;0,0;50,0;Подготовка;
20251209;06:26:24;-0,5;0,0;0,0;0,0;50,0;Подготовка;
20251209;06:26:29;-0,5;0,0;0,0;0,0;50,0;Подготовка;
20251209;06:26:34;-0,5;0,0;0,0;0,0;50,0;Подготовка;
20251209;06:26:39;-0,5;0,0;0,0;0,0;50,0;Подготовка;
20251209;06:26:44;-0,5;0,0;0,0;0,0;50,0;Подготовка;
20251209;06:26:49;-0,5;0,0;0,0;0,0;50,0;Подготовка;
20251209;06:26:54;-0,5;0,0;0,0;0,0;50,0;Подготовка;
20251209;06:26:59;-0,5;0,0;0,0;0,0;50,0;Подготовка;
20251209;06:27:04;-0,5;0,0;0,0;0,0;50,0;Подготовка;
20251209;06:27:09;-0,5;0,0;0,0;0,0;50,0;Подготовка;
20251209;06:27:14;-0,5;0,0;0,0;0,0;50,0;Подготовка;
20251209;06:27:19;-0,5;0,0;0,0;0,0;50,0;Подготовка;
20251209;06:27:24;-0,5;0,0;0,0;0,0;50,0;Подготовка;
20251209;06:27:29;-0,5;0,0;0,0;0,0;50,0;Подготовка;
20251209;06:27:34;-0,5;0,0;0,0;0,0;50,0;Подготовка;
20251209;06:27:39;-0,5;0,0;0,0;0,0;50,0;Подготовка;
20251209;06:27:44;-0,5;0,0;0,0;0,0;50,0;Подготовка;
20251209;06:27:49;-0,5;0,0;0,0;0,0;50,0;Подготовка;
20251209;06:27:54;-0,5;0,0;0,0;0,0;50,0;Подготовка;
20251209;06:27:59;-0,5;0,0;0,0;0,0;50,0;Подготовка;
20251209;06:28:04;-0,5;0,0;0,0;0,0;50,0;Подготовка;
20251209;06:28:10;-0,5;0,0;0,0;0,0;50,0;Подготовка;
20251209;06:28:15;-0,5;0,0;0,0;0,0;50,0;Подготовка;
20251209;06:28:20;-0,5;0,0;0,0;0,0;50,0;Подготовка;
20251209;06:28:25;-0,5;0,0;0,0;0,0;50,0;Подготовка;
20251209;06:28:30;-0,5;0,0;0,0;0,0;50,0;Подготовка;
20251209;06:28:35;-0,5;0,0;0,0;0,0;50,0;Подготовка;
20251209;06:28:40;-0,5;0,0;0,0;0,0;50,0;Подготовка;
20251209;06:28:45;-0,5;0,0;0,0;0,0;50,0;Подготовка;
20251209;06:28:50;-0,5;0,0;0,0;0,0;50,0;Подготовка;
20251209;06:28:55;-0,5;0,0;0,0;0,0;50,0;Подготовка;
20251209;06:29:00;-0,5;0,0;0,0;0,0;50,0;Подготовка;
20251209;06:29:05;-0,5;0,0;0,0;0,0;50,0;Подготовка;
20251209;06:29:10;-0,5;0,0;0,0;0,0;50,0;Подготовка;
20251209;06:29:15;-0,5;0,0;0,0;0,0;50,0;Подготовка;
20251209;06:29:20;-0,5;0,0;0,0;0,0;50,0;Подготовка;
20251209;06:29:25;-0,5;0,0;0,0;0,0;50,0;Подготовка;
20251209;06:29:30;-0,5;0,0;0,0;0,0;50,0;Подготовка;
20251209;06:29:35;-0,5;0,0;0,0;0,0;50,0;Подготовка;
20251209;06:29:40;-0,5;0,0;0,0;0,0;50,0;Подготовка;
20251209;06:29:45;-0,5;0,0;0,0;0,0;50,0;Подготовка;
20251209;06:29:50;-0,5;0,0;0,0;0,0;50,0;Подготовка;
20251209;06:29:55;-0,5;0,0;0,0;0,0;50,0;Подготовка;
20251209;06:30:00;-0,5;0,0;0,0;0,0;50,0;Подготовка;
20251209;06:30:05;-0,5;0,0;0,0;0,0;50,0;Подготовка;
20251209;06:30:10;-0,5;0,0;0,0;0,0;50,0;Подготовка;
20251209;06:30:16;-0,5;0,0;0,0;0,0;50,0;Подготовка;
20251209;06:30:21;-0,5;0,0;0,0;0,0;50,0;Подготовка;
20251209;06:30:26;-0,5;0,0;0,0;0,0;50,0;Подготовка;
20251209;06:30:31;-0,5;0,0;0,0;0,0;50,0;Подготовка;
20251209;06:30:36;-0,5;0,0;0,0;0,0;50,0;Подготовка;
20251209;06:30:41;-0,5;0,0;0,0;0,0;50,0;Подготовка;
20251209;06:30:46;-0,5;0,0;0,0;0,0;50,0;Подготовка;
20251209;06:30:51;-0,5;0,0;0,0;0,0;50,0;Подготовка;
20251209;06:30:56;-0,5;0,0;0,0;0,0;50,0;Подготовка;
20251209;06:31:01;-0,5;0,0;0,0;0,0;50,0;Подготовка;
20251209;06:31:06;-0,5;0,0;0,0;0,0;50,0;Подготовка;
20251209;06:31:11;-0,5;0,0;0,0;0,0;50,0;Подготовка;
20251209;06:31:16;-0,5;0,0;0,0;0,0;50,0;Подготовка;
20251209;06:31:21;-0,5;0,0;0,0;0,0;50,0;Подготовка;
20251209;06:31:26;-0,5;0,0;0,0;0,0;50,0;Подготовка;
20251209;06:31:31;-0,5;0,0;0,0;0,0;50,0;Подготовка;
20251209;06:31:36;-0,5;0,0;0,0;0,0;50,0;Подготовка;
20251209;06:31:41;-0,5;0,0;0,0;0,0;50,0;Подготовка;
20251209;06:31:46;-0,5;0,0;0,0;0,0;50,0;Подготовка;
20251209;06:31:51;-0,5;0,0;0,0;0,0;50,0;Подготовка;
20251209;06:31:56;-0,5;0,0;0,0;0,0;50,0;Подготовка;
20251209;06:32:01;-0,5;0,0;0,0;0,0;50,0;Подготовка;
20251209;06:32:06;-0,5;0,0;0,0;0,0;50,0;Подготовка;
20251209;06:32:11;-0,5;0,0;0,0;0,0;50,0;Подготовка;
20251209;06:32:16;-0,5;0,0;0,0;0,0;50,0;Подготовка;
20251209;06:32:22;-0,5;0,0;0,0;0,0;50,0;Подготовка;
20251209;06:32:27;-0,5;0,0;0,0;0,0;50,0;Подготовка;
20251209;06:32:32;-0,5;0,0;0,0;0,0;50,0;Подготовка;
20251209;06:32:37;-0,5;0,0;0,0;0,0;50,0;Подготовка;
20251209;06:32:42;-0,5;0,0;0,0;0,0;50,0;Подготовка;
20251209;06:32:47;-0,5;0,0;0,0;0,0;50,0;Подготовка;
20251209;06:32:52;-0,5;0,0;0,0;0,0;50,0;Подготовка;
20251209;06:32:57;-0,5;0,0;0,0;0,0;50,0;Подготовка;
20251209;06:33:02;-0,5;0,0;0,0;0,0;50,0;Подготовка;
20251209;06:33:07;-0,5;0,0;0,0;0,0;50,0;Подготовка;
20251209;06:33:12;-0,5;0,0;0,0;0,0;50,0;Подготовка;
20251209;06:33:17;-0,5;0,0;0,0;0,0;50,0;Подготовка;
20251209;06:33:22;-0,5;0,0;0,0;0,0;50,0;Подготовка;
20251209;06:33:27;-0,5;0,0;0,0;0,0;50,0;Подготовка;
Предприятие;
Объект;
Вид оборудования;
Дисп. наименование;
Тип;
Зав. номер;
Сер. номер;
Год выпуска;
Год ввода в эксплуатацию;
Дата отбора пробы;
Марка пробы;
Температура пробы;
DATE ;TIME ;TS_TEMP ;PROB_TEMP ;PROB_OTN_VL ;PROBE_VlAGOSOD ;SP ;STATUS ; 
20251209;06:33:44;-0,39;0,0;0,0;0,0;50,0;Включение;
20251209;06:33:49;-0,49;0,0;0,0;0,0;50,0;Включение;
20251209;06:33:54;-0,49;0,0;0,0;0,0;50,0;Подготовка;
20251209;06:33:59;-0,49;0,0;0,0;0,0;50,0;Подготовка;
20251209;06:34:04;-0,49;0,0;0,0;0,0;50,0;Подготовка;
20251209;06:34:09;-0,49;0,0;0,0;0,0;50,0;Подготовка;
20251209;06:34:14;-0,5;0,0;0,0;0,0;50,0;Подготовка;
20251209;06:34:19;-0,5;0,0;0,0;0,0;50,0;Подготовка;
20251209;06:34:24;-0,5;0,0;0,0;0,0;50,0;Подготовка;
20251209;06:34:29;-0,5;0,0;0,0;0,0;50,0;Подготовка;
20251209;06:34:34;-0,5;0,0;0,0;0,0;50,0;Подготовка;
20251209;06:34:39;-0,5;0,0;0,0;0,0;50,0;Подготовка;
20251209;06:34:45;-0,5;0,0;0,0;0,0;50,0;Подготовка;
20251209;06:34:50;-0,5;0,0;0,0;0,0;50,0;Подготовка;
20251209;06:34:55;-0,5;0,0;0,0;0,0;50,0;Подготовка;
20251209;06:35:00;-0,5;0,0;0,0;0,0;50,0;Подготовка;
20251209;06:35:05;-0,5;0,0;0,0;0,0;50,0;Подготовка;
20251209;06:35:10;-0,5;0,0;0,0;0,0;50,0;Подготовка;
20251209;06:35:15;-0,5;0,0;0,0;0,0;50,0;Подготовка;
20251209;06:35:20;-0,5;0,0;0,0;0,0;50,0;Подготовка;
20251209;06:35:25;-0,5;0,0;0,0;0,0;50,0;Подготовка;
20251209;06:35:30;-0,5;0,0;0,0;0,0;50,0;Подготовка;
20251209;06:35:35;-0,5;0,0;0,0;0,0;50,0;Подготовка;
20251209;06:35:40;-0,5;0,0;0,0;0,0;50,0;Подготовка;
20251209;06:35:45;-0,5;0,0;0,0;0,0;50,0;Подготовка;
20251209;06:35:50;-0,5;0,0;0,0;0,0;50,0;Подготовка;
20251209;06:35:55;-0,5;0,0;0,0;0,0;50,0;Подготовка;
20251209;06:36:00;-0,5;0,0;0,0;0,0;50,0;Подготовка;
20251209;06:36:05;-0,5;0,0;0,0;0,0;50,0;Подготовка;
20251209;06:36:10;-0,5;0,0;0,0;0,0;50,0;Подготовка;
20251209;06:36:15;-0,5;0,0;0,0;0,0;50,0;Подготовка;
20251209;06:36:20;-0,5;0,0;0,0;0,0;50,0;Подготовка;
20251209;06:36:25;-0,5;0,0;0,0;0,0;50,0;Подготовка;
20251209;06:36:30;-0,5;0,0;0,0;0,0;50,0;Подготовка;
20251209;06:36:35;-0,5;0,0;0,0;0,0;50,0;Подготовка;
20251209;06:36:40;-0,5;0,0;0,0;0,0;50,0;Подготовка;
20251209;06:36:45;-0,5;0,0;0,0;0,0;50,0;Подготовка;
20251209;06:36:51;-0,5;0,0;0,0;0,0;50,0;Подготовка;
20251209;06:36:56;-0,5;0,0;0,0;0,0;50,0;Подготовка;
20251209;06:37:01;-0,5;0,0;0,0;0,0;50,0;Подготовка;
20251209;06:37:06;-0,5;0,0;0,0;0,0;50,0;Подготовка;
20251209;06:37:11;-0,5;0,0;0,0;0,0;50,0;Подготовка;
20251209;06:37:16;-0,5;0,0;0,0;0,0;50,0;Подготовка;
20251209;06:37:21;-0,5;0,0;0,0;0,0;50,0;Подготовка;
20251209;06:37:26;-0,5;0,0;0,0;0,0;50,0;Подготовка;
20251209;06:37:31;-0,5;0,0;0,0;0,0;50,0;Подготовка;
20251209;06:37:36;-0,5;0,0;0,0;0,0;50,0;Подготовка;
20251209;06:37:41;-0,5;0,0;0,0;0,0;50,0;Подготовка;
20251209;06:37:46;-0,5;0,0;0,0;0,0;50,0;Подготовка;
20251209;06:37:51;-0,5;0,0;0,0;0,0;50,0;Подготовка;
20251209;06:37:56;-0,5;0,0;0,0;0,0;50,0;Подготовка;
20251209;06:38:01;-0,5;0,0;0,0;0,0;50,0;Подготовка;
20251209;06:38:06;-0,5;0,0;0,0;0,0;50,0;Подготовка;
20251209;06:38:11;-0,5;0,0;0,0;0,0;50,0;Подготовка;
20251209;06:38:16;-0,5;0,0;0,0;0,0;50,0;Подготовка;
20251209;06:38:21;-0,5;0,0;0,0;0,0;50,0;Подготовка;
20251209;06:38:26;-0,5;0,0;0,0;0,0;50,0;Подготовка;
20251209;06:38:31;-0,5;0,0;0,0;0,0;50,0;Подготовка;
20251209;06:38:36;-0,5;0,0;0,0;0,0;50,0;Подготовка;
20251209;06:38:41;-0,5;0,0;0,0;0,0;50,0;Подготовка;
20251209;06:38:46;-0,5;0,0;0,0;0,0;50,0;Подготовка;
20251209;06:38:51;-0,5;0,0;0,0;0,0;50,0;Подготовка;
20251209;06:38:57;-0,5;0,0;0,0;0,0;50,0;Подготовка;
20251209;06:39:02;-0,5;0,0;0,0;0,0;50,0;Подготовка;
20251209;06:39:07;-0,5;0,0;0,0;0,0;50,0;Подготовка;
20251209;06:39:12;-0,5;0,0;0,0;0,0;50,0;Подготовка;
20251209;06:39:17;-0,5;0,0;0,0;0,0;50,0;Подготовка;
20251209;06:39:22;-0,5;0,0;0,0;0,0;50,0;Подготовка;
20251209;06:39:27;-0,5;0,0;0,0;0,0;50,0;Подготовка;
20251209;06:39:32;-0,5;0,0;0,0;0,0;50,0;Подготовка;
20251209;06:39:37;-0,5;0,0;0,0;0,0;50,0;Подготовка;
20251209;06:39:42;-0,5;0,0;0,0;0,0;50,0;Подготовка;
20251209;06:39:47;-0,5;0,0;0,0;0,0;50,0;Подготовка;
20251209;06:39:52;-0,5;0,0;0,0;0,0;50,0;Подготовка;
20251209;06:39:57;-0,5;0,0;0,0;0,0;50,0;Подготовка;
20251209;06:40:02;-0,5;0,0;0,0;0,0;50,0;Подготовка;
20251209;06:40:07;-0,5;0,0;0,0;0,0;50,0;Подготовка;
20251209;06:40:12;-0,5;0,0;0,0;0,0;50,0;Подготовка;
20251209;06:40:17;-0,5;0,0;0,0;0,0;50,0;Подготовка;
20251209;06:40:22;-0,5;0,0;0,0;0,0;50,0;Подготовка;
20251209;06:40:27;-0,5;0,0;0,0;0,0;50,0;Подготовка;
20251209;06:40:32;-0,5;0,0;0,0;0,0;50,0;Подготовка;
20251209;06:40:37;-0,5;0,0;0,0;0,0;50,0;Подготовка;
20251209;06:40:42;-0,5;0,0;0,0;0,0;50,0;Подготовка;
20251209;06:40:47;-0,5;0,0;0,0;0,0;50,0;Подготовка;
20251209;06:40:52;-0,5;0,0;0,0;0,0;50,0;Подготовка;
20251209;06:40:57;-0,5;0,0;0,0;0,0;50,0;Подготовка;
20251209;06:41:03;-0,5;0,0;0,0;0,0;50,0;Подготовка;
20251209;06:41:08;-0,5;0,0;0,0;0,0;50,0;Подготовка;
20251209;06:41:13;-0,5;0,0;0,0;0,0;50,0;Подготовка;
20251209;06:41:18;-0,5;0,0;0,0;0,0;50,0;Подготовка;
20251209;06:41:23;-0,5;0,0;0,0;0,0;50,0;Подготовка;
20251209;06:41:28;-0,5;0,0;0,0;0,0;50,0;Подготовка;
20251209;06:41:33;-0,5;0,0;0,0;0,0;50,0;Подготовка;
20251209;06:41:38;-0,5;0,0;0,0;0,0;50,0;Подготовка;
20251209;06:41:43;-0,5;0,0;0,0;0,0;50,0;Подготовка;
20251209;06:41:48;-0,5;0,0;0,0;0,0;50,0;Подготовка;
20251209;06:41:53;-0,5;0,0;0,0;0,0;50,0;Подготовка;
20251209;06:41:58;-0,5;0,0;0,0;0,0;50,0;Подготовка;
20251209;06:42:03;-0,5;0,0;0,0;0,0;50,0;Подготовка;
20251209;06:42:08;-0,5;0,0;0,0;0,0;50,0;Подготовка;
20251209;06:42:13;-0,5;0,0;0,0;0,0;50,0;Подготовка;
20251209;06:42:18;-0,5;0,0;0,0;0,0;50,0;Подготовка;
20251209;06:42:23;-0,5;0,0;0,0;0,0;50,0;Подготовка;
20251209;06:42:28;-0,5;0,0;0,0;0,0;50,0;Подготовка;
20251209;06:42:33;-0,5;0,0;0,0;0,0;50,0;Подготовка;
20251209;06:42:38;-0,5;0,0;0,0;0,0;50,0;Подготовка;
20251209;06:42:43;-0,5;0,0;0,0;0,0;50,0;Подготовка;
20251209;06:42:48;-0,5;0,0;0,0;0,0;50,0;Подготовка;
20251209;06:42:53;-0,5;0,0;0,0;0,0;50,0;Подготовка;
20251209;06:42:58;-0,5;0,0;0,0;0,0;50,0;Подготовка;
20251209;06:43:03;-0,5;0,0;0,0;0,0;50,0;Подготовка;
20251209;06:43:09;-0,5;0,0;0,0;0,0;50,0;Подготовка;
20251209;06:43:14;-0,5;0,0;0,0;0,0;50,0;Подготовка;
20251209;06:43:19;-0,5;0,0;0,0;0,0;50,0;Подготовка;
20251209;06:43:24;-0,5;0,0;0,0;0,0;50,0;Подготовка;
20251209;06:43:29;-0,5;0,0;0,0;0,0;50,0;Подготовка;
20251209;06:43:34;-0,5;0,0;0,0;0,0;50,0;Подготовка;
20251209;06:43:39;-0,5;0,0;0,0;0,0;50,0;Подготовка;
20251209;06:43:44;-0,5;0,0;0,0;0,0;50,0;Подготовка;
20251209;06:43:49;-0,5;0,0;0,0;0,0;50,0;Подготовка;
20251209;06:43:54;-0,5;0,0;0,0;0,0;50,0;Подготовка;
20251209;06:43:59;-0,5;0,0;0,0;0,0;50,0;Подготовка;
20251209;06:44:04;-0,5;0,0;0,0;0,0;50,0;Подготовка;
20251209;06:44:09;-0,5;0,0;0,0;0,0;50,0;Подготовка;
20251209;06:44:14;-0,5;0,0;0,0;0,0;50,0;Подготовка;
20251209;06:44:19;-0,5;0,0;0,0;0,0;50,0;Подготовка;
20251209;06:44:24;-0,5;0,0;0,0;0,0;50,0;Подготовка;
20251209;06:44:29;-0,5;0,0;0,0;0,0;50,0;Подготовка;
20251209;06:44:34;-0,5;0,0;0,0;0,0;50,0;Подготовка;
20251209;06:44:39;-0,5;0,0;0,0;0,0;50,0;Подготовка;
20251209;06:44:44;-0,5;0,0;0,0;0,0;50,0;Подготовка;
20251209;06:44:49;-0,5;0,0;0,0;0,0;50,0;Подготовка;
20251209;06:44:54;-0,5;0,0;0,0;0,0;50,0;Подготовка;
20251209;06:44:59;-0,5;0,0;0,0;0,0;50,0;Подготовка;
20251209;06:45:04;-0,5;0,0;0,0;0,0;50,0;Подготовка;
20251209;06:45:09;-0,5;0,0;0,0;0,0;50,0;Подготовка;
20251209;06:45:15;-0,5;0,0;0,0;0,0;50,0;Подготовка;
20251209;06:45:20;-0,5;0,0;0,0;0,0;50,0;Подготовка;
20251209;06:45:25;-0,5;0,0;0,0;0,0;50,0;Подготовка;
20251209;06:45:30;-0,5;0,0;0,0;0,0;50,0;Подготовка;
20251209;06:45:35;-0,5;0,0;0,0;0,0;50,0;Подготовка;
20251209;06:45:40;-0,5;0,0;0,0;0,0;50,0;Подготовка;
20251209;06:45:45;-0,5;0,0;0,0;0,0;50,0;Подготовка;
20251209;06:45:50;-0,5;0,0;0,0;0,0;50,0;Подготовка;
20251209;06:45:55;-0,5;0,0;0,0;0,0;50,0;Подготовка;
20251209;06:46:00;-0,5;0,0;0,0;0,0;50,0;Подготовка;
20251209;06:46:05;-0,5;0,0;0,0;0,0;50,0;Подготовка;
20251209;06:46:10;-0,5;0,0;0,0;0,0;50,0;Подготовка;
20251209;06:46:15;-0,5;0,0;0,0;0,0;50,0;Подготовка;
20251209;06:46:20;-0,5;0,0;0,0;0,0;50,0;Подготовка;
20251209;06:46:25;-0,5;0,0;0,0;0,0;50,0;Подготовка;
20251209;06:46:30;-0,5;0,0;0,0;0,0;50,0;Подготовка;
20251209;06:46:35;-0,5;0,0;0,0;0,0;50,0;Подготовка;
20251209;06:46:40;-0,5;0,0;0,0;0,0;50,0;Подготовка;
20251209;06:46:45;-0,5;0,0;0,0;0,0;50,0;Подготовка;
20251209;06:46:50;-0,5;0,0;0,0;0,0;50,0;Подготовка;
20251209;06:46:55;-0,5;0,0;0,0;0,0;50,0;Подготовка;
20251209;06:47:00;-0,5;0,0;0,0;0,0;50,0;Подготовка;
20251209;06:47:05;-0,5;0,0;0,0;0,0;50,0;Подготовка;
20251209;06:47:10;-0,5;0,0;0,0;0,0;50,0;Подготовка;
20251209;06:47:15;-0,5;0,0;0,0;0,0;50,0;Подготовка;
20251209;06:47:21;-0,5;0,0;0,0;0,0;50,0;Подготовка;
20251209;06:47:26;-0,5;0,0;0,0;0,0;50,0;Подготовка;
20251209;06:47:31;-0,5;0,0;0,0;0,0;50,0;Подготовка;
20251209;06:47:36;-0,5;0,0;0,0;0,0;50,0;Подготовка;
20251209;06:47:41;-0,5;0,0;0,0;0,0;50,0;Подготовка;
20251209;06:47:46;-0,5;0,0;0,0;0,0;50,0;Подготовка;
20251209;06:47:51;-0,5;0,0;0,0;0,0;50,0;Подготовка;
20251209;06:47:56;-0,5;0,0;0,0;0,0;50,0;Подготовка;
20251209;06:48:01;-0,5;0,0;0,0;0,0;50,0;Подготовка;
20251209;06:48:06;-0,5;0,0;0,0;0,0;50,0;Подготовка;
20251209;06:48:11;-0,5;0,0;0,0;0,0;50,0;Подготовка;
20251209;06:48:16;-0,5;0,0;0,0;0,0;50,0;Подготовка;
20251209;06:48:21;-0,5;0,0;0,0;0,0;50,0;Подготовка;
20251209;06:48:26;-0,5;0,0;0,0;0,0;50,0;Подготовка;
20251209;06:48:31;-0,5;0,0;0,0;0,0;50,0;Подготовка;
20251209;06:48:36;-0,5;0,0;0,0;0,0;50,0;Подготовка;
20251209;06:48:41;-0,5;0,0;0,0;0,0;50,0;Подготовка;
20251209;06:48:46;-0,5;0,0;0,0;0,0;50,0;Подготовка;
20251209;06:48:51;-0,5;0,0;0,0;0,0;50,0;Подготовка;
20251209;06:48:56;-0,5;0,0;0,0;0,0;50,0;Подготовка;
20251209;06:49:01;-0,5;0,0;0,0;0,0;50,0;Подготовка;
20251209;06:49:06;-0,5;0,0;0,0;0,0;50,0;Подготовка;
20251209;06:49:11;-0,5;0,0;0,0;0,0;50,0;Подготовка;
20251209;06:49:16;-0,5;0,0;0,0;0,0;50,0;Подготовка;
20251209;06:49:21;-0,5;0,0;0,0;0,0;50,0;Подготовка;
20251209;06:49:27;-0,5;0,0;0,0;0,0;50,0;Подготовка;
20251209;06:49:32;-0,5;0,0;0,0;0,0;50,0;Подготовка;
20251209;06:49:37;-0,5;0,0;0,0;0,0;50,0;Подготовка;
20251209;06:49:42;-0,5;0,0;0,0;0,0;50,0;Подготовка;
20251209;06:49:47;-0,5;0,0;0,0;0,0;50,0;Подготовка;
20251209;06:49:52;-0,5;0,0;0,0;0,0;50,0;Подготовка;
20251209;06:49:57;-0,5;0,0;0,0;0,0;50,0;Подготовка;
20251209;06:50:02;-0,5;0,0;0,0;0,0;50,0;Подготовка;
20251209;06:50:07;-0,5;0,0;0,0;0,0;50,0;Подготовка;
20251209;06:50:12;-0,5;0,0;0,0;0,0;50,0;Подготовка;
20251209;06:50:17;-0,5;0,0;0,0;0,0;50,0;Подготовка;
20251209;06:50:22;-0,5;0,0;0,0;0,0;50,0;Подготовка;
20251209;06:50:27;-0,5;0,0;0,0;0,0;50,0;Подготовка;
20251209;06:50:32;-0,5;0,0;0,0;0,0;50,0;Подготовка;
20251209;06:50:37;-0,5;0,0;0,0;0,0;50,0;Подготовка;
20251209;06:50:42;-0,5;0,0;0,0;0,0;50,0;Подготовка;
20251209;06:50:47;-0,5;0,0;0,0;0,0;50,0;Подготовка;
20251209;06:50:52;-0,5;0,0;0,0;0,0;50,0;Подготовка;
20251209;06:50:57;-0,5;0,0;0,0;0,0;50,0;Подготовка;
20251209;06:51:02;-0,5;0,0;0,0;0,0;50,0;Подготовка;
20251209;06:51:07;-0,5;0,0;0,0;0,0;50,0;Подготовка;
20251209;06:51:12;-0,5;0,0;0,0;0,0;50,0;Подготовка;
20251209;06:51:17;-0,5;0,0;0,0;0,0;50,0;Подготовка;
20251209;06:51:22;-0,5;0,0;0,0;0,0;50,0;Подготовка;
20251209;06:51:27;-0,5;0,0;0,0;0,0;50,0;Подготовка;
20251209;06:51:33;-0,5;0,0;0,0;0,0;50,0;Подготовка;
20251209;06:51:38;-0,5;0,0;0,0;0,0;50,0;Подготовка;
20251209;06:51:43;-0,5;0,0;0,0;0,0;50,0;Подготовка;
20251209;06:51:48;-0,5;0,0;0,0;0,0;50,0;Подготовка;
20251209;06:51:53;-0,5;0,0;0,0;0,0;50,0;Подготовка;
20251209;06:51:58;-0,5;0,0;0,0;0,0;50,0;Подготовка;
20251209;06:52:03;-0,5;0,0;0,0;0,0;50,0;Подготовка;
20251209;06:52:08;-0,5;0,0;0,0;0,0;50,0;Подготовка;
20251209;06:52:13;-0,5;0,0;0,0;0,0;50,0;Подготовка;
20251209;06:52:18;-0,5;0,0;0,0;0,0;50,0;Подготовка;
20251209;06:52:23;-0,5;0,0;0,0;0,0;50,0;Подготовка;
20251209;06:52:28;-0,5;0,0;0,0;0,0;50,0;Подготовка;
20251209;06:52:33;-0,5;0,0;0,0;0,0;50,0;Подготовка;
20251209;06:52:38;-0,5;0,0;0,0;0,0;50,0;Подготовка;
20251209;06:52:43;-0,5;0,0;0,0;0,0;50,0;Подготовка;
20251209;06:52:48;-0,5;0,0;0,0;0,0;50,0;Подготовка;
20251209;06:52:53;-0,5;0,0;0,0;0,0;50,0;Подготовка;
20251209;06:52:58;-0,5;0,0;0,0;0,0;50,0;Подготовка;
20251209;06:53:03;-0,5;0,0;0,0;0,0;50,0;Подготовка;
20251209;06:53:08;-0,5;0,0;0,0;0,0;50,0;Подготовка;
20251209;06:53:13;-0,5;0,0;0,0;0,0;50,0;Подготовка;
20251209;06:53:18;-0,5;0,0;0,0;0,0;50,0;Подготовка;
20251209;06:53:23;-0,5;0,0;0,0;0,0;50,0;Подготовка;
20251209;06:53:28;-0,5;0,0;0,0;0,0;50,0;Подготовка;
20251209;06:53:33;-0,5;0,0;0,0;0,0;50,0;Подготовка;
20251209;06:53:39;-0,5;0,0;0,0;0,0;50,0;Подготовка;
20251209;06:53:44;-0,5;0,0;0,0;0,0;50,0;Подготовка;
20251209;06:53:49;-0,5;0,0;0,0;0,0;50,0;Подготовка;
20251209;06:53:54;-0,5;0,0;0,0;0,0;50,0;Подготовка;
20251209;06:53:59;-0,5;0,0;0,0;0,0;50,0;Подготовка;
20251209;06:54:04;-0,5;0,0;0,0;0,0;50,0;Подготовка;
20251209;06:54:09;-0,5;0,0;0,0;0,0;50,0;Подготовка;
20251209;06:54:14;-0,5;0,0;0,0;0,0;50,0;Подготовка;
20251209;06:54:19;-0,5;0,0;0,0;0,0;50,0;Подготовка;
20251209;06:54:24;-0,5;0,0;0,0;0,0;50,0;Подготовка;
20251209;06:54:29;-0,5;0,0;0,0;0,0;50,0;Подготовка;
20251209;06:54:34;-0,5;0,0;0,0;0,0;50,0;Подготовка;
20251209;06:54:39;-0,5;0,0;0,0;0,0;50,0;Подготовка;
20251209;06:54:44;-0,5;0,0;0,0;0,0;50,0;Подготовка;
20251209;06:54:49;-0,5;0,0;0,0;0,0;50,0;Подготовка;
20251209;06:54:54;-0,5;0,0;0,0;0,0;50,0;Подготовка;
20251209;06:54:59;-0,5;0,0;0,0;0,0;50,0;Подготовка;
20251209;06:55:04;-0,5;0,0;0,0;0,0;50,0;Подготовка;
20251209;06:55:09;-0,5;0,0;0,0;0,0;50,0;Подготовка;
20251209;06:55:14;-0,5;0,0;0,0;0,0;50,0;Подготовка;
20251209;06:55:19;-0,5;0,0;0,0;0,0;50,0;Подготовка;
20251209;06:55:24;-0,5;0,0;0,0;0,0;50,0;Подготовка;
20251209;06:55:29;-0,5;0,0;0,0;0,0;50,0;Подготовка;
20251209;06:55:34;-0,5;0,0;0,0;0,0;50,0;Подготовка;
20251209;06:55:39;-0,5;0,0;0,0;0,0;50,0;Подготовка;
20251209;06:55:45;-0,5;0,0;0,0;0,0;50,0;Подготовка;
20251209;06:55:50;-0,5;0,0;0,0;0,0;50,0;Подготовка;
20251209;06:55:55;-0,5;0,0;0,0;0,0;50,0;Подготовка;
20251209;06:56:00;-0,5;0,0;0,0;0,0;50,0;Подготовка;
20251209;06:56:05;-0,5;0,0;0,0;0,0;50,0;Подготовка;
20251209;06:56:10;-0,5;0,0;0,0;0,0;50,0;Подготовка;
20251209;06:56:15;-0,5;0,0;0,0;0,0;50,0;Подготовка;
20251209;06:56:20;-0,5;0,0;0,0;0,0;50,0;Подготовка;
20251209;06:56:25;-0,5;0,0;0,0;0,0;50,0;Подготовка;
20251209;06:56:30;-0,5;0,0;0,0;0,0;50,0;Подготовка;
20251209;06:56:35;-0,5;0,0;0,0;0,0;50,0;Подготовка;
20251209;06:56:40;-0,5;0,0;0,0;0,0;50,0;Подготовка;
20251209;06:56:45;-0,5;0,0;0,0;0,0;50,0;Подготовка;
20251209;06:56:50;-0,5;0,0;0,0;0,0;50,0;Подготовка;
20251209;06:56:55;-0,5;0,0;0,0;0,0;50,0;Подготовка;
20251209;06:57:00;-0,5;0,0;0,0;0,0;50,0;Подготовка;
20251209;06:57:05;-0,5;0,0;0,0;0,0;50,0;Подготовка;
20251209;06:57:10;-0,5;0,0;0,0;0,0;50,0;Подготовка;
20251209;06:57:15;-0,5;0,0;0,0;0,0;50,0;Подготовка;
20251209;06:57:20;-0,5;0,0;0,0;0,0;50,0;Подготовка;
20251209;06:57:25;-0,5;0,0;0,0;0,0;50,0;Подготовка;
20251209;06:57:30;-0,5;0,0;0,0;0,0;50,0;Подготовка;
20251209;06:57:35;-0,5;0,0;0,0;0,0;50,0;Подготовка;
20251209;06:57:40;-0,5;0,0;0,0;0,0;50,0;Подготовка;
20251209;06:57:45;-0,5;0,0;0,0;0,0;50,0;Подготовка;
20251209;06:57:51;-0,5;0,0;0,0;0,0;50,0;Подготовка;
20251209;06:57:56;-0,5;0,0;0,0;0,0;50,0;Подготовка;
20251209;06:58:01;-0,5;0,0;0,0;0,0;50,0;Подготовка;
20251209;06:58:06;-0,5;0,0;0,0;0,0;50,0;Подготовка;
20251209;06:58:11;-0,5;0,0;0,0;0,0;50,0;Подготовка;
20251209;06:58:16;-0,5;0,0;0,0;0,0;50,0;Подготовка;
20251209;06:58:21;-0,5;0,0;0,0;0,0;50,0;Подготовка;
20251209;06:58:26;-0,5;0,0;0,0;0,0;50,0;Подготовка;
20251209;06:58:31;-0,5;0,0;0,0;0,0;50,0;Подготовка;
20251209;06:58:36;-0,5;0,0;0,0;0,0;50,0;Подготовка;
20251209;06:58:41;-0,5;0,0;0,0;0,0;50,0;Подготовка;
20251209;06:58:46;-0,5;0,0;0,0;0,0;50,0;Подготовка;
20251209;06:58:51;-0,5;0,0;0,0;0,0;50,0;Подготовка;
20251209;06:58:56;-0,5;0,0;0,0;0,0;50,0;Подготовка;
20251209;06:59:01;-0,5;0,0;0,0;0,0;50,0;Подготовка;
20251209;06:59:06;-0,5;0,0;0,0;0,0;50,0;Подготовка;
20251209;06:59:11;-0,5;0,0;0,0;0,0;50,0;Подготовка;
20251209;06:59:16;-0,5;0,0;0,0;0,0;50,0;Подготовка;
20251209;06:59:21;-0,5;0,0;0,0;0,0;50,0;Подготовка;
20251209;06:59:26;-0,5;0,0;0,0;0,0;50,0;Подготовка;
20251209;06:59:31;-0,5;0,0;0,0;0,0;50,0;Подготовка;
20251209;06:59:36;-0,5;0,0;0,0;0,0;50,0;Подготовка;
20251209;06:59:41;-0,5;0,0;0,0;0,0;50,0;Подготовка;
20251209;06:59:46;-0,5;0,0;0,0;0,0;50,0;Подготовка;
20251209;06:59:51;-0,5;0,0;0,0;0,0;50,0;Подготовка;
20251209;06:59:57;-0,5;0,0;0,0;0,0;50,0;Подготовка;
20251209;07:00:02;-0,5;0,0;0,0;0,0;50,0;Подготовка;
20251209;07:00:07;-0,5;0,0;0,0;0,0;50,0;Подготовка;
20251209;07:00:12;-0,5;0,0;0,0;0,0;50,0;Подготовка;
20251209;07:00:17;-0,5;0,0;0,0;0,0;50,0;Подготовка;
20251209;07:00:22;-0,5;0,0;0,0;0,0;50,0;Подготовка;
20251209;07:00:27;-0,5;0,0;0,0;0,0;50,0;Подготовка;
20251209;07:00:32;-0,5;0,0;0,0;0,0;50,0;Подготовка;
20251209;07:00:37;-0,5;0,0;0,0;0,0;50,0;Подготовка;
20251209;07:00:42;-0,5;0,0;0,0;0,0;50,0;Подготовка;
20251209;07:00:47;-0,5;0,0;0,0;0,0;50,0;Подготовка;
20251209;07:00:52;-0,5;0,0;0,0;0,0;50,0;Подготовка;
20251209;07:00:57;-0,5;0,0;0,0;0,0;50,0;Подготовка;
20251209;07:01:02;-0,5;0,0;0,0;0,0;50,0;Подготовка;
20251209;07:01:07;-0,5;0,0;0,0;0,0;50,0;Подготовка;
20251209;07:01:12;-0,5;0,0;0,0;0,0;50,0;Подготовка;
20251209;07:01:17;-0,5;0,0;0,0;0,0;50,0;Подготовка;
20251209;07:01:22;-0,5;0,0;0,0;0,0;50,0;Подготовка;
20251209;07:01:27;-0,5;0,0;0,0;0,0;50,0;Подготовка;
20251209;07:01:32;-0,5;0,0;0,0;0,0;50,0;Подготовка;
20251209;07:01:37;-0,5;0,0;0,0;0,0;50,0;Подготовка;
20251209;07:01:42;-0,5;0,0;0,0;0,0;50,0;Подготовка;
20251209;07:01:47;-0,5;0,0;0,0;0,0;50,0;Подготовка;
20251209;07:01:52;-0,5;0,0;0,0;0,0;50,0;Подготовка;
20251209;07:01:57;-0,5;0,0;0,0;0,0;50,0;Подготовка;
20251209;07:02:03;-0,5;0,0;0,0;0,0;50,0;Подготовка;
20251209;07:02:08;-0,5;0,0;0,0;0,0;50,0;Подготовка;
20251209;07:02:13;-0,5;0,0;0,0;0,0;50,0;Подготовка;
20251209;07:02:18;-0,5;0,0;0,0;0,0;50,0;Подготовка;
20251209;07:02:23;-0,5;0,0;0,0;0,0;50,0;Подготовка;
20251209;07:02:28;-0,5;0,0;0,0;0,0;50,0;Подготовка;
20251209;07:02:33;-0,5;0,0;0,0;0,0;50,0;Подготовка;
20251209;07:02:38;-0,5;0,0;0,0;0,0;50,0;Подготовка;
20251209;07:02:43;-0,5;0,0;0,0;0,0;50,0;Подготовка;
20251209;07:02:48;-0,5;0,0;0,0;0,0;50,0;Подготовка;
20251209;07:02:53;-0,5;0,0;0,0;0,0;50,0;Подготовка;
20251209;07:02:58;-0,5;0,0;0,0;0,0;50,0;Подготовка;
20251209;07:03:03;-0,5;0,0;0,0;0,0;50,0;Подготовка;
20251209;07:03:08;-0,5;0,0;0,0;0,0;50,0;Подготовка;
20251209;07:03:13;-0,5;0,0;0,0;0,0;50,0;Подготовка;
20251209;07:03:18;-0,5;0,0;0,0;0,0;50,0;Подготовка;
20251209;07:03:23;-0,5;0,0;0,0;0,0;50,0;Подготовка;
20251209;07:03:28;-0,5;0,0;0,0;0,0;50,0;Подготовка;
20251209;07:03:33;-0,5;0,0;0,0;0,0;50,0;Подготовка;
20251209;07:03:38;-0,5;0,0;0,0;0,0;50,0;Подготовка;
20251209;07:03:43;-0,5;0,0;0,0;0,0;50,0;Подготовка;
20251209;07:03:48;-0,5;0,0;0,0;0,0;50,0;Подготовка;
20251209;07:03:53;-0,5;0,0;0,0;0,0;50,0;Подготовка;
20251209;07:03:58;-0,5;0,0;0,0;0,0;50,0;Подготовка;
20251209;07:04:03;-0,5;0,0;0,0;0,0;50,0;Подготовка;
20251209;07:04:09;-0,5;0,0;0,0;0,0;50,0;Подготовка;
20251209;07:04:14;-0,5;0,0;0,0;0,0;50,0;Подготовка;
20251209;07:04:19;-0,5;0,0;0,0;0,0;50,0;Подготовка;
20251209;07:04:24;-0,5;0,0;0,0;0,0;50,0;Подготовка;
20251209;07:04:29;-0,5;0,0;0,0;0,0;50,0;Подготовка;
20251209;07:04:34;-0,5;0,0;0,0;0,0;50,0;Подготовка;
20251209;07:04:39;-0,5;0,0;0,0;0,0;50,0;Подготовка;
20251209;07:04:44;-0,5;0,0;0,0;0,0;50,0;Подготовка;
20251209;07:04:49;-0,5;0,0;0,0;0,0;50,0;Подготовка;
20251209;07:04:54;-0,5;0,0;0,0;0,0;50,0;Подготовка;
20251209;07:04:59;-0,5;0,0;0,0;0,0;50,0;Подготовка;
20251209;07:05:04;-0,5;0,0;0,0;0,0;50,0;Подготовка;
20251209;07:05:09;-0,5;0,0;0,0;0,0;50,0;Подготовка;
20251209;07:05:14;-0,5;0,0;0,0;0,0;50,0;Подготовка;
20251209;07:05:19;-0,5;0,0;0,0;0,0;50,0;Подготовка;
20251209;07:05:24;-0,5;0,0;0,0;0,0;50,0;Подготовка;
20251209;07:05:29;-0,5;0,0;0,0;0,0;50,0;Подготовка;
20251209;07:05:34;-0,5;0,0;0,0;0,0;50,0;Подготовка;
20251209;07:05:39;-0,5;0,0;0,0;0,0;50,0;Подготовка;
20251209;07:05:44;-0,5;0,0;0,0;0,0;50,0;Подготовка;
20251209;07:05:49;-0,5;0,0;0,0;0,0;50,0;Подготовка;
20251209;07:05:54;-0,5;0,0;0,0;0,0;50,0;Подготовка;
20251209;07:05:59;-0,5;0,0;0,0;0,0;50,0;Подготовка;
20251209;07:06:04;-0,5;0,0;0,0;0,0;50,0;Подготовка;
20251209;07:06:09;-0,5;0,0;0,0;0,0;50,0;Подготовка;
20251209;07:06:15;-0,5;0,0;0,0;0,0;50,0;Подготовка;
20251209;07:06:20;-0,5;0,0;0,0;0,0;50,0;Подготовка;
20251209;07:06:25;-0,5;0,0;0,0;0,0;50,0;Подготовка;
20251209;07:06:30;-0,5;0,0;0,0;0,0;50,0;Подготовка;
20251209;07:06:35;-0,5;0,0;0,0;0,0;50,0;Подготовка;
20251209;07:06:40;-0,5;0,0;0,0;0,0;50,0;Подготовка;
20251209;07:06:45;-0,5;0,0;0,0;0,0;50,0;Подготовка;
20251209;07:06:50;-0,5;0,0;0,0;0,0;50,0;Подготовка;
20251209;07:06:55;-0,5;0,0;0,0;0,0;50,0;Подготовка;
20251209;07:07:00;-0,5;0,0;0,0;0,0;50,0;Подготовка;
20251209;07:07:05;-0,5;0,0;0,0;0,0;50,0;Подготовка;
20251209;07:07:10;-0,5;0,0;0,0;0,0;50,0;Подготовка;
20251209;07:07:15;-0,5;0,0;0,0;0,0;50,0;Подготовка;
20251209;07:07:20;-0,5;0,0;0,0;0,0;50,0;Подготовка;
20251209;07:07:25;-0,5;0,0;0,0;0,0;50,0;Подготовка;
20251209;07:07:30;-0,5;0,0;0,0;0,0;50,0;Подготовка;
20251209;07:07:35;-0,5;0,0;0,0;0,0;50,0;Подготовка;
20251209;07:07:40;-0,5;0,0;0,0;0,0;50,0;Подготовка;
20251209;07:07:45;-0,5;0,0;0,0;0,0;50,0;Подготовка;
20251209;07:07:50;-0,5;0,0;0,0;0,0;50,0;Подготовка;
20251209;07:07:55;-0,5;0,0;0,0;0,0;50,0;Подготовка;
20251209;07:08:00;-0,5;0,0;0,0;0,0;50,0;Подготовка;
20251209;07:08:05;-0,5;0,0;0,0;0,0;50,0;Подготовка;
20251209;07:08:10;-0,5;0,0;0,0;0,0;50,0;Подготовка;
20251209;07:08:15;-0,5;0,0;0,0;0,0;50,0;Подготовка;
20251209;07:08:21;-0,5;0,0;0,0;0,0;50,0;Подготовка;
20251209;07:08:26;-0,5;0,0;0,0;0,0;50,0;Подготовка;
20251209;07:08:31;-0,5;0,0;0,0;0,0;50,0;Подготовка;
20251209;07:08:36;-0,5;0,0;0,0;0,0;50,0;Подготовка;
20251209;07:08:41;-0,5;0,0;0,0;0,0;50,0;Подготовка;
20251209;07:08:46;-0,5;0,0;0,0;0,0;50,0;Подготовка;
20251209;07:08:51;-0,5;0,0;0,0;0,0;50,0;Подготовка;
20251209;07:08:56;-0,5;0,0;0,0;0,0;50,0;Подготовка;
20251209;07:09:01;-0,5;0,0;0,0;0,0;50,0;Подготовка;
20251209;07:09:06;-0,5;0,0;0,0;0,0;50,0;Подготовка;
20251209;07:09:11;-0,5;0,0;0,0;0,0;50,0;Подготовка;
20251209;07:09:16;-0,5;0,0;0,0;0,0;50,0;Подготовка;
20251209;07:09:21;-0,5;0,0;0,0;0,0;50,0;Подготовка;
20251209;07:09:26;-0,5;0,0;0,0;0,0;50,0;Подготовка;
20251209;07:09:31;-0,5;0,0;0,0;0,0;50,0;Подготовка;
20251209;07:09:36;-0,5;0,0;0,0;0,0;50,0;Подготовка;
20251209;07:09:41;-0,5;0,0;0,0;0,0;50,0;Подготовка;
20251209;07:09:46;-0,5;0,0;0,0;0,0;50,0;Подготовка;
20251209;07:09:51;-0,5;0,0;0,0;0,0;50,0;Подготовка;
20251209;07:09:56;-0,5;0,0;0,0;0,0;50,0;Подготовка;
20251209;07:10:01;-0,5;0,0;0,0;0,0;50,0;Подготовка;
20251209;07:10:06;-0,5;0,0;0,0;0,0;50,0;Подготовка;
20251209;07:10:11;-0,5;0,0;0,0;0,0;50,0;Подготовка;
20251209;07:10:16;-0,5;0,0;0,0;0,0;50,0;Подготовка;
20251209;07:10:21;-0,5;0,0;0,0;0,0;50,0;Подготовка;
20251209;07:10:27;-0,5;0,0;0,0;0,0;50,0;Подготовка;
20251209;07:10:32;-0,5;0,0;0,0;0,0;50,0;Подготовка;
20251209;07:10:37;-0,5;0,0;0,0;0,0;50,0;Подготовка;
20251209;07:10:42;-0,5;0,0;0,0;0,0;50,0;Подготовка;
20251209;07:10:47;-0,5;0,0;0,0;0,0;50,0;Подготовка;
20251209;07:10:52;-0,5;0,0;0,0;0,0;50,0;Подготовка;
20251209;07:10:57;-0,5;0,0;0,0;0,0;50,0;Подготовка;
20251209;07:11:02;-0,5;0,0;0,0;0,0;50,0;Подготовка;
20251209;07:11:07;-0,5;0,0;0,0;0,0;50,0;Подготовка;
20251209;07:11:12;-0,5;0,0;0,0;0,0;50,0;Подготовка;
20251209;07:11:17;-0,5;0,0;0,0;0,0;50,0;Подготовка;
20251209;07:11:22;-0,5;0,0;0,0;0,0;50,0;Подготовка;
20251209;07:11:27;-0,5;0,0;0,0;0,0;50,0;Подготовка;
20251209;07:11:32;-0,5;0,0;0,0;0,0;50,0;Подготовка;
20251209;07:11:37;-0,5;0,0;0,0;0,0;50,0;Подготовка;
20251209;07:11:42;-0,5;0,0;0,0;0,0;50,0;Подготовка;
20251209;07:11:47;-0,5;0,0;0,0;0,0;50,0;Подготовка;
20251209;07:11:52;-0,5;0,0;0,0;0,0;50,0;Подготовка;
20251209;07:11:57;-0,5;0,0;0,0;0,0;50,0;Подготовка;
20251209;07:12:02;-0,5;0,0;0,0;0,0;50,0;Подготовка;
20251209;07:12:07;-0,5;0,0;0,0;0,0;50,0;Подготовка;
20251209;07:12:12;-0,5;0,0;0,0;0,0;50,0;Подготовка;
20251209;07:12:17;-0,5;0,0;0,0;0,0;50,0;Подготовка;
20251209;07:12:22;-0,5;0,0;0,0;0,0;50,0;Подготовка;
20251209;07:12:27;-0,5;0,0;0,0;0,0;50,0;Подготовка;
20251209;07:12:33;-0,5;0,0;0,0;0,0;50,0;Подготовка;
20251209;07:12:38;-0,5;0,0;0,0;0,0;50,0;Подготовка;
20251209;07:12:43;-0,5;0,0;0,0;0,0;50,0;Подготовка;
20251209;07:12:48;-0,5;0,0;0,0;0,0;50,0;Подготовка;
20251209;07:12:53;-0,5;0,0;0,0;0,0;50,0;Подготовка;
20251209;07:12:58;-0,5;0,0;0,0;0,0;50,0;Подготовка;
20251209;07:13:03;-0,5;0,0;0,0;0,0;50,0;Подготовка;
20251209;07:13:08;-0,5;0,0;0,0;0,0;50,0;Подготовка;
20251209;07:13:13;-0,5;0,0;0,0;0,0;50,0;Подготовка;
20251209;07:13:18;-0,5;0,0;0,0;0,0;50,0;Подготовка;
20251209;07:13:23;-0,5;0,0;0,0;0,0;50,0;Подготовка;
20251209;07:13:28;-0,5;0,0;0,0;0,0;50,0;Подготовка;
20251209;07:13:33;-0,5;0,0;0,0;0,0;50,0;Подготовка;
20251209;07:13:38;-0,5;0,0;0,0;0,0;50,0;Подготовка;
20251209;07:13:43;-0,5;0,0;0,0;0,0;50,0;Подготовка;
20251209;07:13:48;-0,5;0,0;0,0;0,0;50,0;Подготовка;
20251209;07:13:53;-0,5;0,0;0,0;0,0;50,0;Подготовка;
20251209;07:13:58;-0,5;0,0;0,0;0,0;50,0;Подготовка;
20251209;07:14:03;-0,5;0,0;0,0;0,0;50,0;Подготовка;
20251209;07:14:08;-0,5;0,0;0,0;0,0;50,0;Подготовка;
20251209;07:14:13;-0,5;0,0;0,0;0,0;50,0;Подготовка;
20251209;07:14:18;-0,5;0,0;0,0;0,0;50,0;Подготовка;
20251209;07:14:23;-0,5;0,0;0,0;0,0;50,0;Подготовка;
20251209;07:14:28;-0,5;0,0;0,0;0,0;50,0;Подготовка;
20251209;07:14:33;-0,5;0,0;0,0;0,0;50,0;Подготовка;
20251209;07:14:39;-0,5;0,0;0,0;0,0;50,0;Подготовка;
20251209;07:14:44;-0,5;0,0;0,0;0,0;50,0;Подготовка;
20251209;07:14:49;-0,5;0,0;0,0;0,0;50,0;Подготовка;
20251209;07:14:54;-0,5;0,0;0,0;0,0;50,0;Подготовка;
20251209;07:14:59;-0,5;0,0;0,0;0,0;50,0;Подготовка;
20251209;07:15:04;-0,5;0,0;0,0;0,0;50,0;Подготовка;
20251209;07:15:09;-0,5;0,0;0,0;0,0;50,0;Подготовка;
20251209;07:15:14;-0,5;0,0;0,0;0,0;50,0;Подготовка;
20251209;07:15:19;-0,5;0,0;0,0;0,0;50,0;Подготовка;
20251209;07:15:24;-0,5;0,0;0,0;0,0;50,0;Подготовка;
20251209;07:15:29;-0,5;0,0;0,0;0,0;50,0;Подготовка;
20251209;07:15:34;-0,5;0,0;0,0;0,0;50,0;Подготовка;
20251209;07:15:39;-0,5;0,0;0,0;0,0;50,0;Подготовка;
20251209;07:15:44;-0,5;0,0;0,0;0,0;50,0;Подготовка;
20251209;07:15:49;-0,5;0,0;0,0;0,0;50,0;Подготовка;
20251209;07:15:54;-0,5;0,0;0,0;0,0;50,0;Подготовка;
20251209;07:15:59;-0,5;0,0;0,0;0,0;50,0;Подготовка;
20251209;07:16:04;-0,5;0,0;0,0;0,0;50,0;Подготовка;
20251209;07:16:09;-0,5;0,0;0,0;0,0;50,0;Подготовка;
20251209;07:16:14;-0,5;0,0;0,0;0,0;50,0;Подготовка;
20251209;07:16:19;-0,5;0,0;0,0;0,0;50,0;Подготовка;
20251209;07:16:24;-0,5;0,0;0,0;0,0;50,0;Подготовка;
20251209;07:16:29;-0,5;0,0;0,0;0,0;50,0;Подготовка;
20251209;07:16:34;-0,5;0,0;0,0;0,0;50,0;Подготовка;
20251209;07:16:39;-0,5;0,0;0,0;0,0;50,0;Подготовка;
20251209;07:16:45;-0,5;0,0;0,0;0,0;50,0;Подготовка;
20251209;07:16:50;-0,5;0,0;0,0;0,0;50,0;Подготовка;
20251209;07:16:55;-0,5;0,0;0,0;0,0;50,0;Подготовка;
20251209;07:17:00;-0,5;0,0;0,0;0,0;50,0;Подготовка;
20251209;07:17:05;-0,5;0,0;0,0;0,0;50,0;Подготовка;
20251209;07:17:10;-0,5;0,0;0,0;0,0;50,0;Подготовка;
20251209;07:17:15;-0,5;0,0;0,0;0,0;50,0;Подготовка;
20251209;07:17:20;-0,5;0,0;0,0;0,0;50,0;Подготовка;
20251209;07:17:25;-0,5;0,0;0,0;0,0;50,0;Подготовка;
20251209;07:17:30;-0,5;0,0;0,0;0,0;50,0;Подготовка;
20251209;07:17:35;-0,5;0,0;0,0;0,0;50,0;Подготовка;
20251209;07:17:40;-0,5;0,0;0,0;0,0;50,0;Подготовка;
20251209;07:17:45;-0,5;0,0;0,0;0,0;50,0;Подготовка;
20251209;07:17:50;-0,5;0,0;0,0;0,0;50,0;Подготовка;
20251209;07:17:55;-0,5;0,0;0,0;0,0;50,0;Подготовка;
20251209;07:18:00;-0,5;0,0;0,0;0,0;50,0;Подготовка;
20251209;07:18:05;-0,5;0,0;0,0;0,0;50,0;Подготовка;
20251209;07:18:10;-0,5;0,0;0,0;0,0;50,0;Подготовка;
20251209;07:18:15;-0,5;0,0;0,0;0,0;50,0;Подготовка;
20251209;07:18:20;-0,5;0,0;0,0;0,0;50,0;Подготовка;
20251209;07:18:25;-0,5;0,0;0,0;0,0;50,0;Подготовка;
20251209;07:18:30;-0,5;0,0;0,0;0,0;50,0;Подготовка;
20251209;07:18:35;-0,5;0,0;0,0;0,0;50,0;Подготовка;
20251209;07:18:40;-0,5;0,0;0,0;0,0;50,0;Подготовка;
20251209;07:18:45;-0,5;0,0;0,0;0,0;50,0;Подготовка;
20251209;07:18:51;-0,5;0,0;0,0;0,0;50,0;Подготовка;
20251209;07:18:56;-0,5;0,0;0,0;0,0;50,0;Подготовка;
20251209;07:19:01;-0,5;0,0;0,0;0,0;50,0;Подготовка;
20251209;07:19:06;-0,5;0,0;0,0;0,0;50,0;Подготовка;
20251209;07:19:11;-0,5;0,0;0,0;0,0;50,0;Подготовка;
20251209;07:19:16;-0,5;0,0;0,0;0,0;50,0;Подготовка;
20251209;07:19:21;-0,5;0,0;0,0;0,0;50,0;Подготовка;
20251209;07:19:26;-0,5;0,0;0,0;0,0;50,0;Подготовка;
20251209;07:19:31;-0,5;0,0;0,0;0,0;50,0;Подготовка;
20251209;07:19:36;-0,5;0,0;0,0;0,0;50,0;Подготовка;
20251209;07:19:41;-0,5;0,0;0,0;0,0;50,0;Подготовка;
20251209;07:19:46;-0,5;0,0;0,0;0,0;50,0;Подготовка;
20251209;07:19:51;-0,5;0,0;0,0;0,0;50,0;Подготовка;
20251209;07:19:56;-0,5;0,0;0,0;0,0;50,0;Подготовка;
20251209;07:20:01;-0,5;0,0;0,0;0,0;50,0;Подготовка;
20251209;07:20:06;-0,5;0,0;0,0;0,0;50,0;Подготовка;
20251209;07:20:11;-0,5;0,0;0,0;0,0;50,0;Подготовка;
20251209;07:20:16;-0,5;0,0;0,0;0,0;50,0;Подготовка;
20251209;07:20:21;-0,5;0,0;0,0;0,0;50,0;Подготовка;
20251209;07:20:26;-0,5;0,0;0,0;0,0;50,0;Подготовка;
20251209;07:20:31;-0,5;0,0;0,0;0,0;50,0;Подготовка;
20251209;07:20:36;-0,5;0,0;0,0;0,0;50,0;Подготовка;
20251209;07:20:41;-0,5;0,0;0,0;0,0;50,0;Подготовка;
20251209;07:20:46;-0,5;0,0;0,0;0,0;50,0;Подготовка;
20251209;07:20:51;-0,5;0,0;0,0;0,0;50,0;Подготовка;
20251209;07:20:57;-0,5;0,0;0,0;0,0;50,0;Подготовка;
20251209;07:21:02;-0,5;0,0;0,0;0,0;50,0;Подготовка;
20251209;07:21:07;-0,5;0,0;0,0;0,0;50,0;Подготовка;
20251209;07:21:12;-0,5;0,0;0,0;0,0;50,0;Подготовка;
20251209;07:21:17;-0,5;0,0;0,0;0,0;50,0;Подготовка;
20251209;07:21:22;-0,5;0,0;0,0;0,0;50,0;Подготовка;
20251209;07:21:27;-0,5;0,0;0,0;0,0;50,0;Подготовка;
20251209;07:21:32;-0,5;0,0;0,0;0,0;50,0;Подготовка;
20251209;07:21:37;-0,5;0,0;0,0;0,0;50,0;Подготовка;
20251209;07:21:42;-0,5;0,0;0,0;0,0;50,0;Подготовка;
20251209;07:21:47;-0,5;0,0;0,0;0,0;50,0;Подготовка;
20251209;07:21:52;-0,5;0,0;0,0;0,0;50,0;Подготовка;
20251209;07:21:57;-0,5;0,0;0,0;0,0;50,0;Подготовка;
20251209;07:22:02;-0,5;0,0;0,0;0,0;50,0;Подготовка;
20251209;07:22:07;-0,5;0,0;0,0;0,0;50,0;Подготовка;
20251209;07:22:12;-0,5;0,0;0,0;0,0;50,0;Подготовка;
20251209;07:22:17;-0,5;0,0;0,0;0,0;50,0;Подготовка;
20251209;07:22:22;-0,5;0,0;0,0;0,0;50,0;Подготовка;
20251209;07:22:27;-0,5;0,0;0,0;0,0;50,0;Подготовка;
20251209;07:22:32;-0,5;0,0;0,0;0,0;50,0;Подготовка;
20251209;07:22:37;-0,5;0,0;0,0;0,0;50,0;Подготовка;
20251209;07:22:42;-0,5;0,0;0,0;0,0;50,0;Подготовка;
20251209;07:22:47;-0,5;0,0;0,0;0,0;50,0;Подготовка;
20251209;07:22:52;-0,5;0,0;0,0;0,0;50,0;Подготовка;
20251209;07:22:57;-0,5;0,0;0,0;0,0;50,0;Подготовка;
20251209;07:23:03;-0,5;0,0;0,0;0,0;50,0;Подготовка;
20251209;07:23:08;-0,5;0,0;0,0;0,0;50,0;Подготовка;
20251209;07:23:13;-0,5;0,0;0,0;0,0;50,0;Подготовка;
20251209;07:23:18;-0,5;0,0;0,0;0,0;50,0;Подготовка;
20251209;07:23:23;-0,5;0,0;0,0;0,0;50,0;Подготовка;
20251209;07:23:28;-0,5;0,0;0,0;0,0;50,0;Подготовка;
20251209;07:23:33;-0,5;0,0;0,0;0,0;50,0;Подготовка;
20251209;07:23:38;-0,5;0,0;0,0;0,0;50,0;Подготовка;
20251209;07:23:43;-0,5;0,0;0,0;0,0;50,0;Подготовка;
20251209;07:23:48;-0,5;0,0;0,0;0,0;50,0;Подготовка;
20251209;07:23:53;-0,5;0,0;0,0;0,0;50,0;Подготовка;
20251209;07:23:58;-0,5;0,0;0,0;0,0;50,0;Подготовка;
20251209;07:24:03;-0,5;0,0;0,0;0,0;50,0;Подготовка;
20251209;07:24:08;-0,5;0,0;0,0;0,0;50,0;Подготовка;
20251209;07:24:13;-0,5;0,0;0,0;0,0;50,0;Подготовка;
20251209;07:24:18;-0,5;0,0;0,0;0,0;50,0;Подготовка;
20251209;07:24:23;-0,5;0,0;0,0;0,0;50,0;Подготовка;
20251209;07:24:28;-0,5;0,0;0,0;0,0;50,0;Подготовка;
20251209;07:24:33;-0,5;0,0;0,0;0,0;50,0;Подготовка;
20251209;07:24:38;-0,5;0,0;0,0;0,0;50,0;Подготовка;
20251209;07:24:43;-0,5;0,0;0,0;0,0;50,0;Подготовка;
20251209;07:24:48;-0,5;0,0;0,0;0,0;50,0;Подготовка;
20251209;07:24:53;-0,5;0,0;0,0;0,0;50,0;Подготовка;
20251209;07:24:58;-0,5;0,0;0,0;0,0;50,0;Подготовка;
20251209;07:25:03;-0,5;0,0;0,0;0,0;50,0;Подготовка;
20251209;07:25:09;-0,5;0,0;0,0;0,0;50,0;Подготовка;
20251209;07:25:14;-0,5;0,0;0,0;0,0;50,0;Подготовка;
20251209;07:25:19;-0,5;0,0;0,0;0,0;50,0;Подготовка;
20251209;07:25:24;-0,5;0,0;0,0;0,0;50,0;Подготовка;
20251209;07:25:29;-0,5;0,0;0,0;0,0;50,0;Подготовка;
20251209;07:25:34;-0,5;0,0;0,0;0,0;50,0;Подготовка;
20251209;07:25:39;-0,5;0,0;0,0;0,0;50,0;Подготовка;
20251209;07:25:44;-0,5;0,0;0,0;0,0;50,0;Подготовка;
20251209;07:25:49;-0,5;0,0;0,0;0,0;50,0;Подготовка;
20251209;07:25:54;-0,5;0,0;0,0;0,0;50,0;Подготовка;
20251209;07:25:59;-0,5;0,0;0,0;0,0;50,0;Подготовка;
20251209;07:26:04;-0,5;0,0;0,0;0,0;50,0;Подготовка;
20251209;07:26:09;-0,5;0,0;0,0;0,0;50,0;Подготовка;
20251209;07:26:14;-0,5;0,0;0,0;0,0;50,0;Подготовка;
20251209;07:26:19;-0,5;0,0;0,0;0,0;50,0;Подготовка;
20251209;07:26:24;-0,5;0,0;0,0;0,0;50,0;Подготовка;
20251209;07:26:29;-0,5;0,0;0,0;0,0;50,0;Подготовка;
20251209;07:26:34;-0,5;0,0;0,0;0,0;50,0;Подготовка;
20251209;07:26:39;-0,5;0,0;0,0;0,0;50,0;Подготовка;
20251209;07:26:44;-0,5;0,0;0,0;0,0;50,0;Подготовка;
20251209;07:26:49;-0,5;0,0;0,0;0,0;50,0;Подготовка;
20251209;07:26:54;-0,5;0,0;0,0;0,0;50,0;Подготовка;
20251209;07:26:59;-0,5;0,0;0,0;0,0;50,0;Подготовка;
20251209;07:27:04;-0,5;0,0;0,0;0,0;50,0;Подготовка;
20251209;07:27:09;-0,5;0,0;0,0;0,0;50,0;Подготовка;
20251209;07:27:15;-0,5;0,0;0,0;0,0;50,0;Подготовка;
20251209;07:27:20;-0,5;0,0;0,0;0,0;50,0;Подготовка;
20251209;07:27:25;-0,5;0,0;0,0;0,0;50,0;Подготовка;
20251209;07:27:30;-0,5;0,0;0,0;0,0;50,0;Подготовка;
20251209;07:27:35;-0,5;0,0;0,0;0,0;50,0;Подготовка;
20251209;07:27:40;-0,5;0,0;0,0;0,0;50,0;Подготовка;
20251209;07:27:45;-0,5;0,0;0,0;0,0;50,0;Подготовка;
20251209;07:27:50;-0,5;0,0;0,0;0,0;50,0;Подготовка;
20251209;07:27:55;-0,5;0,0;0,0;0,0;50,0;Подготовка;
20251209;07:28:00;-0,5;0,0;0,0;0,0;50,0;Подготовка;
20251209;07:28:05;-0,5;0,0;0,0;0,0;50,0;Подготовка;
20251209;07:28:10;-0,5;0,0;0,0;0,0;50,0;Подготовка;
20251209;07:28:15;-0,5;0,0;0,0;0,0;50,0;Подготовка;
20251209;07:28:20;-0,5;0,0;0,0;0,0;50,0;Подготовка;
20251209;07:28:25;-0,5;0,0;0,0;0,0;50,0;Подготовка;
20251209;07:28:30;-0,5;0,0;0,0;0,0;50,0;Подготовка;
20251209;07:28:35;-0,5;0,0;0,0;0,0;50,0;Подготовка;
20251209;07:28:40;-0,5;0,0;0,0;0,0;50,0;Подготовка;
20251209;07:28:45;-0,5;0,0;0,0;0,0;50,0;Подготовка;
20251209;07:28:50;-0,5;0,0;0,0;0,0;50,0;Подготовка;
20251209;07:28:55;-0,5;0,0;0,0;0,0;50,0;Подготовка;
20251209;07:29:00;-0,5;0,0;0,0;0,0;50,0;Подготовка;
20251209;07:29:05;-0,5;0,0;0,0;0,0;50,0;Подготовка;
20251209;07:29:10;-0,5;0,0;0,0;0,0;50,0;Подготовка;
20251209;07:29:15;-0,5;0,0;0,0;0,0;50,0;Подготовка;
20251209;07:29:21;-0,5;0,0;0,0;0,0;50,0;Подготовка;
20251209;07:29:26;-0,5;0,0;0,0;0,0;50,0;Подготовка;
20251209;07:29:31;-0,5;0,0;0,0;0,0;50,0;Подготовка;
20251209;07:29:36;-0,5;0,0;0,0;0,0;50,0;Подготовка;
20251209;07:29:41;-0,5;0,0;0,0;0,0;50,0;Подготовка;
20251209;07:29:46;-0,5;0,0;0,0;0,0;50,0;Подготовка;
20251209;07:29:51;-0,5;0,0;0,0;0,0;50,0;Подготовка;
20251209;07:29:56;-0,5;0,0;0,0;0,0;50,0;Подготовка;
20251209;07:30:01;-0,5;0,0;0,0;0,0;50,0;Подготовка;
20251209;07:30:06;-0,5;0,0;0,0;0,0;50,0;Подготовка;
20251209;07:30:11;-0,5;0,0;0,0;0,0;50,0;Подготовка;
20251209;07:30:16;-0,5;0,0;0,0;0,0;50,0;Подготовка;
20251209;07:30:21;-0,5;0,0;0,0;0,0;50,0;Подготовка;
20251209;07:30:26;-0,5;0,0;0,0;0,0;50,0;Подготовка;
20251209;07:30:31;-0,5;0,0;0,0;0,0;50,0;Подготовка;
20251209;07:30:36;-0,5;0,0;0,0;0,0;50,0;Подготовка;
20251209;07:30:41;-0,5;0,0;0,0;0,0;50,0;Подготовка;
20251209;07:30:46;-0,5;0,0;0,0;0,0;50,0;Подготовка;
20251209;07:30:51;-0,5;0,0;0,0;0,0;50,0;Подготовка;
20251209;07:30:56;-0,5;0,0;0,0;0,0;50,0;Подготовка;
20251209;07:31:01;-0,5;0,0;0,0;0,0;50,0;Подготовка;
20251209;07:31:06;-0,5;0,0;0,0;0,0;50,0;Подготовка;
20251209;07:31:11;-0,5;0,0;0,0;0,0;50,0;Подготовка;
20251209;07:31:16;-0,5;0,0;0,0;0,0;50,0;Подготовка;
20251209;07:31:21;-0,5;0,0;0,0;0,0;50,0;Подготовка;
20251209;07:31:27;-0,5;0,0;0,0;0,0;50,0;Подготовка;
20251209;07:31:32;-0,5;0,0;0,0;0,0;50,0;Подготовка;
20251209;07:31:37;-0,5;0,0;0,0;0,0;50,0;Подготовка;
20251209;07:31:42;-0,5;0,0;0,0;0,0;50,0;Подготовка;
20251209;07:31:47;-0,5;0,0;0,0;0,0;50,0;Подготовка;
20251209;07:31:52;-0,5;0,0;0,0;0,0;50,0;Подготовка;
20251209;07:31:57;-0,5;0,0;0,0;0,0;50,0;Подготовка;
20251209;07:32:02;-0,5;0,0;0,0;0,0;50,0;Подготовка;
20251209;07:32:07;-0,5;0,0;0,0;0,0;50,0;Подготовка;
20251209;07:32:12;-0,5;0,0;0,0;0,0;50,0;Подготовка;
20251209;07:32:17;-0,5;0,0;0,0;0,0;50,0;Подготовка;
20251209;07:32:22;-0,5;0,0;0,0;0,0;50,0;Подготовка;
20251209;07:32:27;-0,5;0,0;0,0;0,0;50,0;Подготовка;
20251209;07:32:32;-0,5;0,0;0,0;0,0;50,0;Подготовка;
20251209;07:32:37;-0,5;0,0;0,0;0,0;50,0;Подготовка;
20251209;07:32:42;-0,5;0,0;0,0;0,0;50,0;Подготовка;
20251209;07:32:47;-0,5;0,0;0,0;0,0;50,0;Подготовка;
20251209;07:32:52;-0,5;0,0;0,0;0,0;50,0;Подготовка;
20251209;07:32:57;-0,5;0,0;0,0;0,0;50,0;Подготовка;
20251209;07:33:02;-0,5;0,0;0,0;0,0;50,0;Подготовка;
20251209;07:33:07;-0,5;0,0;0,0;0,0;50,0;Подготовка;
20251209;07:33:12;-0,5;0,0;0,0;0,0;50,0;Подготовка;
20251209;07:33:17;-0,5;0,0;0,0;0,0;50,0;Подготовка;
20251209;07:33:22;-0,5;0,0;0,0;0,0;50,0;Подготовка;
20251209;07:33:27;-0,5;0,0;0,0;0,0;50,0;Подготовка;
20251209;07:33:33;-0,5;0,0;0,0;0,0;50,0;Подготовка;
Предприятие;
Объект;
Вид оборудования;
Дисп. наименование;
Тип;
Зав. номер;
Сер. номер;
Год выпуска;
Год ввода в эксплуатацию;
Дата отбора пробы;
Марка пробы;
Температура пробы;
DATE ;TIME ;TS_TEMP ;PROB_TEMP ;PROB_OTN_VL ;PROBE_VlAGOSOD ;SP ;STATUS ; 
20251209;07:33:51;-0,39;0,0;0,0;0,0;50,0;Включение;
20251209;07:33:56;-0,49;0,0;0,0;0,0;50,0;Включение;
20251209;07:34:01;-0,49;0,0;0,0;0,0;50,0;Подготовка;
20251209;07:34:06;-0,49;0,0;0,0;0,0;50,0;Подготовка;
20251209;07:34:11;-0,49;0,0;0,0;0,0;50,0;Подготовка;
20251209;07:34:16;-0,49;0,0;0,0;0,0;50,0;Подготовка;
20251209;07:34:21;-0,5;0,0;0,0;0,0;50,0;Подготовка;
20251209;07:34:26;-0,5;0,0;0,0;0,0;50,0;Подготовка;
20251209;07:34:31;-0,5;0,0;0,0;0,0;50,0;Подготовка;
20251209;07:34:36;-0,5;0,0;0,0;0,0;50,0;Подготовка;
20251209;07:34:41;-0,5;0,0;0,0;0,0;50,0;Подготовка;
20251209;07:34:46;-0,5;0,0;0,0;0,0;50,0;Подготовка;
20251209;07:34:51;-0,5;0,0;0,0;0,0;50,0;Подготовка;
20251209;07:34:56;-0,5;0,0;0,0;0,0;50,0;Подготовка;
20251209;07:35:01;-0,5;0,0;0,0;0,0;50,0;Подготовка;
20251209;07:35:06;-0,5;0,0;0,0;0,0;50,0;Подготовка;
20251209;07:35:11;-0,5;0,0;0,0;0,0;50,0;Подготовка;
20251209;07:35:16;-0,5;0,0;0,0;0,0;50,0;Подготовка;
20251209;07:35:21;-0,5;0,0;0,0;0,0;50,0;Подготовка;
20251209;07:35:26;-0,5;0,0;0,0;0,0;50,0;Подготовка;
20251209;07:35:31;-0,5;0,0;0,0;0,0;50,0;Подготовка;
20251209;07:35:36;-0,5;0,0;0,0;0,0;50,0;Подготовка;
20251209;07:35:41;-0,5;0,0;0,0;0,0;50,0;Подготовка;
20251209;07:35:46;-0,5;0,0;0,0;0,0;50,0;Подготовка;
20251209;07:35:52;-0,5;0,0;0,0;0,0;50,0;Подготовка;
20251209;07:35:57;-0,5;0,0;0,0;0,0;50,0;Подготовка;
20251209;07:36:02;-0,5;0,0;0,0;0,0;50,0;Подготовка;
20251209;07:36:07;-0,5;0,0;0,0;0,0;50,0;Подготовка;
20251209;07:36:12;-0,5;0,0;0,0;0,0;50,0;Подготовка;
20251209;07:36:17;-0,5;0,0;0,0;0,0;50,0;Подготовка;
20251209;07:36:22;-0,5;0,0;0,0;0,0;50,0;Подготовка;
20251209;07:36:27;-0,5;0,0;0,0;0,0;50,0;Подготовка;
20251209;07:36:32;-0,5;0,0;0,0;0,0;50,0;Подготовка;
20251209;07:36:37;-0,5;0,0;0,0;0,0;50,0;Подготовка;
20251209;07:36:42;-0,5;0,0;0,0;0,0;50,0;Подготовка;
20251209;07:36:47;-0,5;0,0;0,0;0,0;50,0;Подготовка;
20251209;07:36:52;-0,5;0,0;0,0;0,0;50,0;Подготовка;
20251209;07:36:57;-0,5;0,0;0,0;0,0;50,0;Подготовка;
20251209;07:37:02;-0,5;0,0;0,0;0,0;50,0;Подготовка;
20251209;07:37:07;-0,5;0,0;0,0;0,0;50,0;Подготовка;
20251209;07:37:12;-0,5;0,0;0,0;0,0;50,0;Подготовка;
20251209;07:37:17;-0,5;0,0;0,0;0,0;50,0;Подготовка;
20251209;07:37:22;-0,5;0,0;0,0;0,0;50,0;Подготовка;
20251209;07:37:27;-0,5;0,0;0,0;0,0;50,0;Подготовка;
20251209;07:37:32;-0,5;0,0;0,0;0,0;50,0;Подготовка;
20251209;07:37:37;-0,5;0,0;0,0;0,0;50,0;Подготовка;
20251209;07:37:42;-0,5;0,0;0,0;0,0;50,0;Подготовка;
20251209;07:37:47;-0,5;0,0;0,0;0,0;50,0;Подготовка;
20251209;07:37:52;-0,5;0,0;0,0;0,0;50,0;Подготовка;
20251209;07:37:58;-0,5;0,0;0,0;0,0;50,0;Подготовка;
20251209;07:38:03;-0,5;0,0;0,0;0,0;50,0;Подготовка;
20251209;07:38:08;-0,5;0,0;0,0;0,0;50,0;Подготовка;
20251209;07:38:13;-0,5;0,0;0,0;0,0;50,0;Подготовка;
20251209;07:38:18;-0,5;0,0;0,0;0,0;50,0;Подготовка;
20251209;07:38:23;-0,5;0,0;0,0;0,0;50,0;Подготовка;
20251209;07:38:28;-0,5;0,0;0,0;0,0;50,0;Подготовка;
20251209;07:38:33;-0,5;0,0;0,0;0,0;50,0;Подготовка;
20251209;07:38:38;-0,5;0,0;0,0;0,0;50,0;Подготовка;
20251209;07:38:43;-0,5;0,0;0,0;0,0;50,0;Подготовка;
20251209;07:38:48;-0,5;0,0;0,0;0,0;50,0;Подготовка;
20251209;07:38:53;-0,5;0,0;0,0;0,0;50,0;Подготовка;
20251209;07:38:58;-0,5;0,0;0,0;0,0;50,0;Подготовка;
20251209;07:39:03;-0,5;0,0;0,0;0,0;50,0;Подготовка;
20251209;07:39:08;-0,5;0,0;0,0;0,0;50,0;Подготовка;
20251209;07:39:13;-0,5;0,0;0,0;0,0;50,0;Подготовка;
20251209;07:39:18;-0,5;0,0;0,0;0,0;50,0;Подготовка;
20251209;07:39:23;-0,5;0,0;0,0;0,0;50,0;Подготовка;
20251209;07:39:28;-0,5;0,0;0,0;0,0;50,0;Подготовка;
20251209;07:39:33;-0,5;0,0;0,0;0,0;50,0;Подготовка;
20251209;07:39:38;-0,5;0,0;0,0;0,0;50,0;Подготовка;
20251209;07:39:43;-0,5;0,0;0,0;0,0;50,0;Подготовка;
20251209;07:39:48;-0,5;0,0;0,0;0,0;50,0;Подготовка;
20251209;07:39:53;-0,5;0,0;0,0;0,0;50,0;Подготовка;
20251209;07:39:58;-0,5;0,0;0,0;0,0;50,0;Подготовка;
20251209;07:40:04;-0,5;0,0;0,0;0,0;50,0;Подготовка;
20251209;07:40:09;-0,5;0,0;0,0;0,0;50,0;Подготовка;
20251209;07:40:14;-0,5;0,0;0,0;0,0;50,0;Подготовка;
20251209;07:40:19;-0,5;0,0;0,0;0,0;50,0;Подготовка;
20251209;07:40:24;-0,5;0,0;0,0;0,0;50,0;Подготовка;
20251209;07:40:29;-0,5;0,0;0,0;0,0;50,0;Подготовка;
20251209;07:40:34;-0,5;0,0;0,0;0,0;50,0;Подготовка;
20251209;07:40:39;-0,5;0,0;0,0;0,0;50,0;Подготовка;
20251209;07:40:44;-0,5;0,0;0,0;0,0;50,0;Подготовка;
20251209;07:40:49;-0,5;0,0;0,0;0,0;50,0;Подготовка;
20251209;07:40:54;-0,5;0,0;0,0;0,0;50,0;Подготовка;
20251209;07:40:59;-0,5;0,0;0,0;0,0;50,0;Подготовка;
20251209;07:41:04;-0,5;0,0;0,0;0,0;50,0;Подготовка;
20251209;07:41:09;-0,5;0,0;0,0;0,0;50,0;Подготовка;
20251209;07:41:14;-0,5;0,0;0,0;0,0;50,0;Подготовка;
20251209;07:41:19;-0,5;0,0;0,0;0,0;50,0;Подготовка;
20251209;07:41:24;-0,5;0,0;0,0;0,0;50,0;Подготовка;
20251209;07:41:29;-0,5;0,0;0,0;0,0;50,0;Подготовка;
20251209;07:41:34;-0,5;0,0;0,0;0,0;50,0;Подготовка;
20251209;07:41:39;-0,5;0,0;0,0;0,0;50,0;Подготовка;
20251209;07:41:44;-0,5;0,0;0,0;0,0;50,0;Подготовка;
20251209;07:41:49;-0,5;0,0;0,0;0,0;50,0;Подготовка;
20251209;07:41:54;-0,5;0,0;0,0;0,0;50,0;Подготовка;
20251209;07:41:59;-0,5;0,0;0,0;0,0;50,0;Подготовка;
20251209;07:42:04;-0,5;0,0;0,0;0,0;50,0;Подготовка;
20251209;07:42:10;-0,5;0,0;0,0;0,0;50,0;Подготовка;
20251209;07:42:15;-0,5;0,0;0,0;0,0;50,0;Подготовка;
20251209;07:42:20;-0,5;0,0;0,0;0,0;50,0;Подготовка;
20251209;07:42:25;-0,5;0,0;0,0;0,0;50,0;Подготовка;
20251209;07:42:30;-0,5;0,0;0,0;0,0;50,0;Подготовка;
20251209;07:42:35;-0,5;0,0;0,0;0,0;50,0;Подготовка;
20251209;07:42:40;-0,5;0,0;0,0;0,0;50,0;Подготовка;
20251209;07:42:45;-0,5;0,0;0,0;0,0;50,0;Подготовка;
20251209;07:42:50;-0,5;0,0;0,0;0,0;50,0;Подготовка;
20251209;07:42:55;-0,5;0,0;0,0;0,0;50,0;Подготовка;
20251209;07:43:00;-0,5;0,0;0,0;0,0;50,0;Подготовка;
20251209;07:43:05;-0,5;0,0;0,0;0,0;50,0;Подготовка;
20251209;07:43:10;-0,5;0,0;0,0;0,0;50,0;Подготовка;
20251209;07:43:15;-0,5;0,0;0,0;0,0;50,0;Подготовка;
20251209;07:43:20;-0,5;0,0;0,0;0,0;50,0;Подготовка;
20251209;07:43:25;-0,5;0,0;0,0;0,0;50,0;Подготовка;
20251209;07:43:30;-0,5;0,0;0,0;0,0;50,0;Подготовка;
20251209;07:43:35;-0,5;0,0;0,0;0,0;50,0;Подготовка;
20251209;07:43:40;-0,5;0,0;0,0;0,0;50,0;Подготовка;
20251209;07:43:45;-0,5;0,0;0,0;0,0;50,0;Подготовка;
20251209;07:43:50;-0,5;0,0;0,0;0,0;50,0;Подготовка;
20251209;07:43:55;-0,5;0,0;0,0;0,0;50,0;Подготовка;
20251209;07:44:00;-0,5;0,0;0,0;0,0;50,0;Подготовка;
20251209;07:44:05;-0,5;0,0;0,0;0,0;50,0;Подготовка;
20251209;07:44:10;-0,5;0,0;0,0;0,0;50,0;Подготовка;
20251209;07:44:16;-0,5;0,0;0,0;0,0;50,0;Подготовка;
20251209;07:44:21;-0,5;0,0;0,0;0,0;50,0;Подготовка;
20251209;07:44:26;-0,5;0,0;0,0;0,0;50,0;Подготовка;
20251209;07:44:31;-0,5;0,0;0,0;0,0;50,0;Подготовка;
20251209;07:44:36;-0,5;0,0;0,0;0,0;50,0;Подготовка;
20251209;07:44:41;-0,5;0,0;0,0;0,0;50,0;Подготовка;
20251209;07:44:46;-0,5;0,0;0,0;0,0;50,0;Подготовка;
20251209;07:44:51;-0,5;0,0;0,0;0,0;50,0;Подготовка;
20251209;07:44:56;-0,5;0,0;0,0;0,0;50,0;Подготовка;
20251209;07:45:01;-0,5;0,0;0,0;0,0;50,0;Подготовка;
20251209;07:45:06;-0,5;0,0;0,0;0,0;50,0;Подготовка;
20251209;07:45:11;-0,5;0,0;0,0;0,0;50,0;Подготовка;
20251209;07:45:16;-0,5;0,0;0,0;0,0;50,0;Подготовка;
20251209;07:45:21;-0,5;0,0;0,0;0,0;50,0;Подготовка;
20251209;07:45:26;-0,5;0,0;0,0;0,0;50,0;Подготовка;
20251209;07:45:31;-0,5;0,0;0,0;0,0;50,0;Подготовка;
20251209;07:45:36;-0,5;0,0;0,0;0,0;50,0;Подготовка;
20251209;07:45:41;-0,5;0,0;0,0;0,0;50,0;Подготовка;
20251209;07:45:46;-0,5;0,0;0,0;0,0;50,0;Подготовка;
20251209;07:45:51;-0,5;0,0;0,0;0,0;50,0;Подготовка;
20251209;07:45:56;-0,5;0,0;0,0;0,0;50,0;Подготовка;
20251209;07:46:01;-0,5;0,0;0,0;0,0;50,0;Подготовка;
20251209;07:46:06;-0,5;0,0;0,0;0,0;50,0;Подготовка;
20251209;07:46:11;-0,5;0,0;0,0;0,0;50,0;Подготовка;
20251209;07:46:16;-0,5;0,0;0,0;0,0;50,0;Подготовка;
20251209;07:46:22;-0,5;0,0;0,0;0,0;50,0;Подготовка;
20251209;07:46:27;-0,5;0,0;0,0;0,0;50,0;Подготовка;
20251209;07:46:32;-0,5;0,0;0,0;0,0;50,0;Подготовка;
20251209;07:46:37;-0,5;0,0;0,0;0,0;50,0;Подготовка;
20251209;07:46:42;-0,5;0,0;0,0;0,0;50,0;Подготовка;
20251209;07:46:47;-0,5;0,0;0,0;0,0;50,0;Подготовка;
20251209;07:46:52;-0,5;0,0;0,0;0,0;50,0;Подготовка;
20251209;07:46:57;-0,5;0,0;0,0;0,0;50,0;Подготовка;
20251209;07:47:02;-0,5;0,0;0,0;0,0;50,0;Подготовка;
20251209;07:47:07;-0,5;0,0;0,0;0,0;50,0;Подготовка;
20251209;07:47:12;-0,5;0,0;0,0;0,0;50,0;Подготовка;
20251209;07:47:17;-0,5;0,0;0,0;0,0;50,0;Подготовка;
20251209;07:47:22;-0,5;0,0;0,0;0,0;50,0;Подготовка;
20251209;07:47:27;-0,5;0,0;0,0;0,0;50,0;Подготовка;
20251209;07:47:32;-0,5;0,0;0,0;0,0;50,0;Подготовка;
20251209;07:47:37;-0,5;0,0;0,0;0,0;50,0;Подготовка;
20251209;07:47:42;-0,5;0,0;0,0;0,0;50,0;Подготовка;
20251209;07:47:47;-0,5;0,0;0,0;0,0;50,0;Подготовка;
20251209;07:47:52;-0,5;0,0;0,0;0,0;50,0;Подготовка;
20251209;07:47:57;-0,5;0,0;0,0;0,0;50,0;Подготовка;
20251209;07:48:02;-0,5;0,0;0,0;0,0;50,0;Подготовка;
20251209;07:48:07;-0,5;0,0;0,0;0,0;50,0;Подготовка;
20251209;07:48:12;-0,5;0,0;0,0;0,0;50,0;Подготовка;
20251209;07:48:17;-0,5;0,0;0,0;0,0;50,0;Подготовка;
20251209;07:48:22;-0,5;0,0;0,0;0,0;50,0;Подготовка;
20251209;07:48:28;-0,5;0,0;0,0;0,0;50,0;Подготовка;
20251209;07:48:33;-0,5;0,0;0,0;0,0;50,0;Подготовка;
20251209;07:48:38;-0,5;0,0;0,0;0,0;50,0;Подготовка;
20251209;07:48:43;-0,5;0,0;0,0;0,0;50,0;Подготовка;
20251209;07:48:48;-0,5;0,0;0,0;0,0;50,0;Подготовка;
20251209;07:48:53;-0,5;0,0;0,0;0,0;50,0;Подготовка;
20251209;07:48:58;-0,5;0,0;0,0;0,0;50,0;Подготовка;
20251209;07:49:03;-0,5;0,0;0,0;0,0;50,0;Подготовка;
20251209;07:49:08;-0,5;0,0;0,0;0,0;50,0;Подготовка;
20251209;07:49:13;-0,5;0,0;0,0;0,0;50,0;Подготовка;
20251209;07:49:18;-0,5;0,0;0,0;0,0;50,0;Подготовка;
20251209;07:49:23;-0,5;0,0;0,0;0,0;50,0;Подготовка;
20251209;07:49:28;-0,5;0,0;0,0;0,0;50,0;Подготовка;
20251209;07:49:33;-0,5;0,0;0,0;0,0;50,0;Подготовка;
20251209;07:49:38;-0,5;0,0;0,0;0,0;50,0;Подготовка;
20251209;07:49:43;-0,5;0,0;0,0;0,0;50,0;Подготовка;
20251209;07:49:48;-0,5;0,0;0,0;0,0;50,0;Подготовка;
20251209;07:49:53;-0,5;0,0;0,0;0,0;50,0;Подготовка;
20251209;07:49:58;-0,5;0,0;0,0;0,0;50,0;Подготовка;
20251209;07:50:03;-0,5;0,0;0,0;0,0;50,0;Подготовка;
20251209;07:50:08;-0,5;0,0;0,0;0,0;50,0;Подготовка;
20251209;07:50:13;-0,5;0,0;0,0;0,0;50,0;Подготовка;
20251209;07:50:18;-0,5;0,0;0,0;0,0;50,0;Подготовка;
20251209;07:50:23;-0,5;0,0;0,0;0,0;50,0;Подготовка;
20251209;07:50:28;-0,5;0,0;0,0;0,0;50,0;Подготовка;
20251209;07:50:34;-0,5;0,0;0,0;0,0;50,0;Подготовка;
20251209;07:50:39;-0,5;0,0;0,0;0,0;50,0;Подготовка;
20251209;07:50:44;-0,5;0,0;0,0;0,0;50,0;Подготовка;
20251209;07:50:49;-0,5;0,0;0,0;0,0;50,0;Подготовка;
20251209;07:50:54;-0,5;0,0;0,0;0,0;50,0;Подготовка;
20251209;07:50:59;-0,5;0,0;0,0;0,0;50,0;Подготовка;
20251209;07:51:04;-0,5;0,0;0,0;0,0;50,0;Подготовка;
20251209;07:51:09;-0,5;0,0;0,0;0,0;50,0;Подготовка;
20251209;07:51:14;-0,5;0,0;0,0;0,0;50,0;Подготовка;
20251209;07:51:19;-0,5;0,0;0,0;0,0;50,0;Подготовка;
20251209;07:51:24;-0,5;0,0;0,0;0,0;50,0;Подготовка;
20251209;07:51:29;-0,5;0,0;0,0;0,0;50,0;Подготовка;
20251209;07:51:34;-0,5;0,0;0,0;0,0;50,0;Подготовка;
20251209;07:51:39;-0,5;0,0;0,0;0,0;50,0;Подготовка;
20251209;07:51:44;-0,5;0,0;0,0;0,0;50,0;Подготовка;
20251209;07:51:49;-0,5;0,0;0,0;0,0;50,0;Подготовка;
20251209;07:51:54;-0,5;0,0;0,0;0,0;50,0;Подготовка;
20251209;07:51:59;-0,5;0,0;0,0;0,0;50,0;Подготовка;
20251209;07:52:04;-0,5;0,0;0,0;0,0;50,0;Подготовка;
20251209;07:52:09;-0,5;0,0;0,0;0,0;50,0;Подготовка;
20251209;07:52:14;-0,5;0,0;0,0;0,0;50,0;Подготовка;
20251209;07:52:19;-0,5;0,0;0,0;0,0;50,0;Подготовка;
20251209;07:52:24;-0,5;0,0;0,0;0,0;50,0;Подготовка;
20251209;07:52:29;-0,5;0,0;0,0;0,0;50,0;Подготовка;
20251209;07:52:34;-0,5;0,0;0,0;0,0;50,0;Подготовка;
20251209;07:52:40;-0,5;0,0;0,0;0,0;50,0;Подготовка;
20251209;07:52:45;-0,5;0,0;0,0;0,0;50,0;Подготовка;
20251209;07:52:50;-0,5;0,0;0,0;0,0;50,0;Подготовка;
20251209;07:52:55;-0,5;0,0;0,0;0,0;50,0;Подготовка;
20251209;07:53:00;-0,5;0,0;0,0;0,0;50,0;Подготовка;
20251209;07:53:05;-0,5;0,0;0,0;0,0;50,0;Подготовка;
20251209;07:53:10;-0,5;0,0;0,0;0,0;50,0;Подготовка;
20251209;07:53:15;-0,5;0,0;0,0;0,0;50,0;Подготовка;
20251209;07:53:20;-0,5;0,0;0,0;0,0;50,0;Подготовка;
20251209;07:53:25;-0,5;0,0;0,0;0,0;50,0;Подготовка;
20251209;07:53:30;-0,5;0,0;0,0;0,0;50,0;Подготовка;
20251209;07:53:35;-0,5;0,0;0,0;0,0;50,0;Подготовка;
20251209;07:53:40;-0,5;0,0;0,0;0,0;50,0;Подготовка;
20251209;07:53:45;-0,5;0,0;0,0;0,0;50,0;Подготовка;
20251209;07:53:50;-0,5;0,0;0,0;0,0;50,0;Подготовка;
20251209;07:53:55;-0,5;0,0;0,0;0,0;50,0;Подготовка;
20251209;07:54:00;-0,5;0,0;0,0;0,0;50,0;Подготовка;
20251209;07:54:05;-0,5;0,0;0,0;0,0;50,0;Подготовка;
20251209;07:54:10;-0,5;0,0;0,0;0,0;50,0;Подготовка;
20251209;07:54:15;-0,5;0,0;0,0;0,0;50,0;Подготовка;
20251209;07:54:20;-0,5;0,0;0,0;0,0;50,0;Подготовка;
20251209;07:54:25;-0,5;0,0;0,0;0,0;50,0;Подготовка;
20251209;07:54:30;-0,5;0,0;0,0;0,0;50,0;Подготовка;
20251209;07:54:35;-0,5;0,0;0,0;0,0;50,0;Подготовка;
20251209;07:54:40;-0,5;0,0;0,0;0,0;50,0;Подготовка;
20251209;07:54:46;-0,5;0,0;0,0;0,0;50,0;Подготовка;
20251209;07:54:51;-0,5;0,0;0,0;0,0;50,0;Подготовка;
20251209;07:54:56;-0,5;0,0;0,0;0,0;50,0;Подготовка;
20251209;07:55:01;-0,5;0,0;0,0;0,0;50,0;Подготовка;
20251209;07:55:06;-0,5;0,0;0,0;0,0;50,0;Подготовка;
20251209;07:55:11;-0,5;0,0;0,0;0,0;50,0;Подготовка;
20251209;07:55:16;-0,5;0,0;0,0;0,0;50,0;Подготовка;
20251209;07:55:21;-0,5;0,0;0,0;0,0;50,0;Подготовка;
20251209;07:55:26;-0,5;0,0;0,0;0,0;50,0;Подготовка;
20251209;07:55:31;-0,5;0,0;0,0;0,0;50,0;Подготовка;
20251209;07:55:36;-0,5;0,0;0,0;0,0;50,0;Подготовка;
20251209;07:55:41;-0,5;0,0;0,0;0,0;50,0;Подготовка;
20251209;07:55:46;-0,5;0,0;0,0;0,0;50,0;Подготовка;
20251209;07:55:51;-0,5;0,0;0,0;0,0;50,0;Подготовка;
20251209;07:55:56;-0,5;0,0;0,0;0,0;50,0;Подготовка;
20251209;07:56:01;-0,5;0,0;0,0;0,0;50,0;Подготовка;
20251209;07:56:06;-0,5;0,0;0,0;0,0;50,0;Подготовка;
20251209;07:56:11;-0,5;0,0;0,0;0,0;50,0;Подготовка;
20251209;07:56:16;-0,5;0,0;0,0;0,0;50,0;Подготовка;
20251209;07:56:21;-0,5;0,0;0,0;0,0;50,0;Подготовка;
20251209;07:56:26;-0,5;0,0;0,0;0,0;50,0;Подготовка;
20251209;07:56:31;-0,5;0,0;0,0;0,0;50,0;Подготовка;
20251209;07:56:36;-0,5;0,0;0,0;0,0;50,0;Подготовка;
20251209;07:56:41;-0,5;0,0;0,0;0,0;50,0;Подготовка;
20251209;07:56:46;-0,5;0,0;0,0;0,0;50,0;Подготовка;
20251209;07:56:52;-0,5;0,0;0,0;0,0;50,0;Подготовка;
20251209;07:56:57;-0,5;0,0;0,0;0,0;50,0;Подготовка;
20251209;07:57:02;-0,5;0,0;0,0;0,0;50,0;Подготовка;
20251209;07:57:07;-0,5;0,0;0,0;0,0;50,0;Подготовка;
20251209;07:57:12;-0,5;0,0;0,0;0,0;50,0;Подготовка;
20251209;07:57:17;-0,5;0,0;0,0;0,0;50,0;Подготовка;
20251209;07:57:22;-0,5;0,0;0,0;0,0;50,0;Подготовка;
20251209;07:57:27;-0,5;0,0;0,0;0,0;50,0;Подготовка;
20251209;07:57:32;-0,5;0,0;0,0;0,0;50,0;Подготовка;
20251209;07:57:37;-0,5;0,0;0,0;0,0;50,0;Подготовка;
20251209;07:57:42;-0,5;0,0;0,0;0,0;50,0;Подготовка;
20251209;07:57:47;-0,5;0,0;0,0;0,0;50,0;Подготовка;
20251209;07:57:52;-0,5;0,0;0,0;0,0;50,0;Подготовка;
20251209;07:57:57;-0,5;0,0;0,0;0,0;50,0;Подготовка;
20251209;07:58:02;-0,5;0,0;0,0;0,0;50,0;Подготовка;
20251209;07:58:07;-0,5;0,0;0,0;0,0;50,0;Подготовка;
20251209;07:58:12;-0,5;0,0;0,0;0,0;50,0;Подготовка;
20251209;07:58:17;-0,5;0,0;0,0;0,0;50,0;Подготовка;
20251209;07:58:22;-0,5;0,0;0,0;0,0;50,0;Подготовка;
20251209;07:58:27;-0,5;0,0;0,0;0,0;50,0;Подготовка;
20251209;07:58:32;-0,5;0,0;0,0;0,0;50,0;Подготовка;
20251209;07:58:37;-0,5;0,0;0,0;0,0;50,0;Подготовка;
20251209;07:58:42;-0,5;0,0;0,0;0,0;50,0;Подготовка;
20251209;07:58:47;-0,5;0,0;0,0;0,0;50,0;Подготовка;
20251209;07:58:52;-0,5;0,0;0,0;0,0;50,0;Подготовка;
20251209;07:58:58;-0,5;0,0;0,0;0,0;50,0;Подготовка;
20251209;07:59:03;-0,5;0,0;0,0;0,0;50,0;Подготовка;
20251209;07:59:08;-0,5;0,0;0,0;0,0;50,0;Подготовка;
20251209;07:59:13;-0,5;0,0;0,0;0,0;50,0;Подготовка;
20251209;07:59:18;-0,5;0,0;0,0;0,0;50,0;Подготовка;
20251209;07:59:23;-0,5;0,0;0,0;0,0;50,0;Подготовка;
20251209;07:59:28;-0,5;0,0;0,0;0,0;50,0;Подготовка;
20251209;07:59:33;-0,5;0,0;0,0;0,0;50,0;Подготовка;
20251209;07:59:38;-0,5;0,0;0,0;0,0;50,0;Подготовка;
20251209;07:59:43;-0,5;0,0;0,0;0,0;50,0;Подготовка;
20251209;07:59:48;-0,5;0,0;0,0;0,0;50,0;Подготовка;
20251209;07:59:53;-0,5;0,0;0,0;0,0;50,0;Подготовка;
20251209;07:59:58;-0,5;0,0;0,0;0,0;50,0;Подготовка;
20251209;08:00:03;-0,5;0,0;0,0;0,0;50,0;Подготовка;
20251209;08:00:08;-0,5;0,0;0,0;0,0;50,0;Подготовка;
20251209;08:00:13;-0,5;0,0;0,0;0,0;50,0;Подготовка;
20251209;08:00:18;-0,5;0,0;0,0;0,0;50,0;Подготовка;
20251209;08:00:23;-0,5;0,0;0,0;0,0;50,0;Подготовка;
20251209;08:00:28;-0,5;0,0;0,0;0,0;50,0;Подготовка;
20251209;08:00:33;-0,5;0,0;0,0;0,0;50,0;Подготовка;
20251209;08:00:38;-0,5;0,0;0,0;0,0;50,0;Подготовка;
20251209;08:00:43;-0,5;0,0;0,0;0,0;50,0;Подготовка;
20251209;08:00:48;-0,5;0,0;0,0;0,0;50,0;Подготовка;
20251209;08:00:53;-0,5;0,0;0,0;0,0;50,0;Подготовка;
20251209;08:00:58;-0,5;0,0;0,0;0,0;50,0;Подготовка;
20251209;08:01:04;-0,5;0,0;0,0;0,0;50,0;Подготовка;
20251209;08:01:09;-0,5;0,0;0,0;0,0;50,0;Подготовка;
20251209;08:01:14;-0,5;0,0;0,0;0,0;50,0;Подготовка;
20251209;08:01:19;-0,5;0,0;0,0;0,0;50,0;Подготовка;
20251209;08:01:24;-0,5;0,0;0,0;0,0;50,0;Подготовка;
20251209;08:01:29;-0,5;0,0;0,0;0,0;50,0;Подготовка;
20251209;08:01:34;-0,5;0,0;0,0;0,0;50,0;Подготовка;
20251209;08:01:39;-0,5;0,0;0,0;0,0;50,0;Подготовка;
20251209;08:01:44;-0,5;0,0;0,0;0,0;50,0;Подготовка;
20251209;08:01:49;-0,5;0,0;0,0;0,0;50,0;Подготовка;
20251209;08:01:54;-0,5;0,0;0,0;0,0;50,0;Подготовка;
20251209;08:01:59;-0,5;0,0;0,0;0,0;50,0;Подготовка;
20251209;08:02:04;-0,5;0,0;0,0;0,0;50,0;Подготовка;
20251209;08:02:09;-0,5;0,0;0,0;0,0;50,0;Подготовка;
20251209;08:02:14;-0,5;0,0;0,0;0,0;50,0;Подготовка;
20251209;08:02:19;-0,5;0,0;0,0;0,0;50,0;Подготовка;
20251209;08:02:24;-0,5;0,0;0,0;0,0;50,0;Подготовка;
20251209;08:02:29;-0,5;0,0;0,0;0,0;50,0;Подготовка;
20251209;08:02:34;-0,5;0,0;0,0;0,0;50,0;Подготовка;
20251209;08:02:39;-0,5;0,0;0,0;0,0;50,0;Подготовка;
20251209;08:02:44;-0,5;0,0;0,0;0,0;50,0;Подготовка;
20251209;08:02:49;-0,5;0,0;0,0;0,0;50,0;Подготовка;
20251209;08:02:54;-0,5;0,0;0,0;0,0;50,0;Подготовка;
20251209;08:02:59;-0,5;0,0;0,0;0,0;50,0;Подготовка;
20251209;08:03:04;-0,5;0,0;0,0;0,0;50,0;Подготовка;
20251209;08:03:10;-0,5;0,0;0,0;0,0;50,0;Подготовка;
20251209;08:03:15;-0,5;0,0;0,0;0,0;50,0;Подготовка;
20251209;08:03:20;-0,5;0,0;0,0;0,0;50,0;Подготовка;
20251209;08:03:25;-0,5;0,0;0,0;0,0;50,0;Подготовка;
20251209;08:03:30;-0,5;0,0;0,0;0,0;50,0;Подготовка;
20251209;08:03:35;-0,5;0,0;0,0;0,0;50,0;Подготовка;
20251209;08:03:40;-0,5;0,0;0,0;0,0;50,0;Подготовка;
20251209;08:03:45;-0,5;0,0;0,0;0,0;50,0;Подготовка;
20251209;08:03:50;-0,5;0,0;0,0;0,0;50,0;Подготовка;
20251209;08:03:55;-0,5;0,0;0,0;0,0;50,0;Подготовка;
20251209;08:04:00;-0,5;0,0;0,0;0,0;50,0;Подготовка;
20251209;08:04:05;-0,5;0,0;0,0;0,0;50,0;Подготовка;
20251209;08:04:10;-0,5;0,0;0,0;0,0;50,0;Подготовка;
20251209;08:04:15;-0,5;0,0;0,0;0,0;50,0;Подготовка;
20251209;08:04:20;-0,5;0,0;0,0;0,0;50,0;Подготовка;
20251209;08:04:25;-0,5;0,0;0,0;0,0;50,0;Подготовка;
20251209;08:04:30;-0,5;0,0;0,0;0,0;50,0;Подготовка;
20251209;08:04:35;-0,5;0,0;0,0;0,0;50,0;Подготовка;
20251209;08:04:40;-0,5;0,0;0,0;0,0;50,0;Подготовка;
20251209;08:04:45;-0,5;0,0;0,0;0,0;50,0;Подготовка;
20251209;08:04:50;-0,5;0,0;0,0;0,0;50,0;Подготовка;
20251209;08:04:55;-0,5;0,0;0,0;0,0;50,0;Подготовка;
20251209;08:05:00;-0,5;0,0;0,0;0,0;50,0;Подготовка;
20251209;08:05:05;-0,5;0,0;0,0;0,0;50,0;Подготовка;
20251209;08:05:10;-0,5;0,0;0,0;0,0;50,0;Подготовка;
20251209;08:05:16;-0,5;0,0;0,0;0,0;50,0;Подготовка;
20251209;08:05:21;-0,5;0,0;0,0;0,0;50,0;Подготовка;
20251209;08:05:26;-0,5;0,0;0,0;0,0;50,0;Подготовка;
20251209;08:05:31;-0,5;0,0;0,0;0,0;50,0;Подготовка;
20251209;08:05:36;-0,5;0,0;0,0;0,0;50,0;Подготовка;
20251209;08:05:41;-0,5;0,0;0,0;0,0;50,0;Подготовка;
20251209;08:05:46;-0,5;0,0;0,0;0,0;50,0;Подготовка;
20251209;08:05:51;-0,5;0,0;0,0;0,0;50,0;Подготовка;
20251209;08:05:56;-0,5;0,0;0,0;0,0;50,0;Подготовка;
20251209;08:06:01;-0,5;0,0;0,0;0,0;50,0;Подготовка;
20251209;08:06:06;-0,5;0,0;0,0;0,0;50,0;Подготовка;
20251209;08:06:11;-0,5;0,0;0,0;0,0;50,0;Подготовка;
20251209;08:06:16;-0,5;0,0;0,0;0,0;50,0;Подготовка;
20251209;08:06:21;-0,5;0,0;0,0;0,0;50,0;Подготовка;
20251209;08:06:26;-0,5;0,0;0,0;0,0;50,0;Подготовка;
20251209;08:06:31;-0,5;0,0;0,0;0,0;50,0;Подготовка;
20251209;08:06:36;-0,5;0,0;0,0;0,0;50,0;Подготовка;
20251209;08:06:41;-0,5;0,0;0,0;0,0;50,0;Подготовка;
20251209;08:06:46;-0,5;0,0;0,0;0,0;50,0;Подготовка;
20251209;08:06:51;-0,5;0,0;0,0;0,0;50,0;Подготовка;
20251209;08:06:56;-0,5;0,0;0,0;0,0;50,0;Подготовка;
20251209;08:07:01;-0,5;0,0;0,0;0,0;50,0;Подготовка;
20251209;08:07:06;-0,5;0,0;0,0;0,0;50,0;Подготовка;
20251209;08:07:11;-0,5;0,0;0,0;0,0;50,0;Подготовка;
20251209;08:07:16;-0,5;0,0;0,0;0,0;50,0;Подготовка;
20251209;08:07:22;-0,5;0,0;0,0;0,0;50,0;Подготовка;
20251209;08:07:27;-0,5;0,0;0,0;0,0;50,0;Подготовка;
20251209;08:07:32;-0,5;0,0;0,0;0,0;50,0;Подготовка;
20251209;08:07:37;-0,5;0,0;0,0;0,0;50,0;Подготовка;
20251209;08:07:42;-0,5;0,0;0,0;0,0;50,0;Подготовка;
20251209;08:07:47;-0,5;0,0;0,0;0,0;50,0;Подготовка;
20251209;08:07:52;-0,5;0,0;0,0;0,0;50,0;Подготовка;
20251209;08:07:57;-0,5;0,0;0,0;0,0;50,0;Подготовка;
20251209;08:08:02;-0,5;0,0;0,0;0,0;50,0;Подготовка;
20251209;08:08:07;-0,5;0,0;0,0;0,0;50,0;Подготовка;
20251209;08:08:12;-0,5;0,0;0,0;0,0;50,0;Подготовка;
20251209;08:08:17;-0,5;0,0;0,0;0,0;50,0;Подготовка;
20251209;08:08:22;-0,5;0,0;0,0;0,0;50,0;Подготовка;
20251209;08:08:27;-0,5;0,0;0,0;0,0;50,0;Подготовка;
20251209;08:08:32;-0,5;0,0;0,0;0,0;50,0;Подготовка;
20251209;08:08:37;-0,5;0,0;0,0;0,0;50,0;Подготовка;
20251209;08:08:42;-0,5;0,0;0,0;0,0;50,0;Подготовка;
20251209;08:08:47;-0,5;0,0;0,0;0,0;50,0;Подготовка;
20251209;08:08:52;-0,5;0,0;0,0;0,0;50,0;Подготовка;
20251209;08:08:57;-0,5;0,0;0,0;0,0;50,0;Подготовка;
20251209;08:09:02;-0,5;0,0;0,0;0,0;50,0;Подготовка;
20251209;08:09:07;-0,5;0,0;0,0;0,0;50,0;Подготовка;
20251209;08:09:12;-0,5;0,0;0,0;0,0;50,0;Подготовка;
20251209;08:09:17;-0,5;0,0;0,0;0,0;50,0;Подготовка;
20251209;08:09:22;-0,5;0,0;0,0;0,0;50,0;Подготовка;
20251209;08:09:28;-0,5;0,0;0,0;0,0;50,0;Подготовка;
20251209;08:09:33;-0,5;0,0;0,0;0,0;50,0;Подготовка;
20251209;08:09:38;-0,5;0,0;0,0;0,0;50,0;Подготовка;
20251209;08:09:43;-0,5;0,0;0,0;0,0;50,0;Подготовка;
20251209;08:09:48;-0,5;0,0;0,0;0,0;50,0;Подготовка;
20251209;08:09:53;-0,5;0,0;0,0;0,0;50,0;Подготовка;
20251209;08:09:58;-0,5;0,0;0,0;0,0;50,0;Подготовка;
20251209;08:10:03;-0,5;0,0;0,0;0,0;50,0;Подготовка;
20251209;08:10:08;-0,5;0,0;0,0;0,0;50,0;Подготовка;
20251209;08:10:13;-0,5;0,0;0,0;0,0;50,0;Подготовка;
20251209;08:10:18;-0,5;0,0;0,0;0,0;50,0;Подготовка;
20251209;08:10:23;-0,5;0,0;0,0;0,0;50,0;Подготовка;
20251209;08:10:28;-0,5;0,0;0,0;0,0;50,0;Подготовка;
20251209;08:10:33;-0,5;0,0;0,0;0,0;50,0;Подготовка;
20251209;08:10:38;-0,5;0,0;0,0;0,0;50,0;Подготовка;
20251209;08:10:43;-0,5;0,0;0,0;0,0;50,0;Подготовка;
20251209;08:10:48;-0,5;0,0;0,0;0,0;50,0;Подготовка;
20251209;08:10:53;-0,5;0,0;0,0;0,0;50,0;Подготовка;
20251209;08:10:58;-0,5;0,0;0,0;0,0;50,0;Подготовка;
20251209;08:11:03;-0,5;0,0;0,0;0,0;50,0;Подготовка;
20251209;08:11:08;-0,5;0,0;0,0;0,0;50,0;Подготовка;
20251209;08:11:13;-0,5;0,0;0,0;0,0;50,0;Подготовка;
20251209;08:11:18;-0,5;0,0;0,0;0,0;50,0;Подготовка;
20251209;08:11:23;-0,5;0,0;0,0;0,0;50,0;Подготовка;
20251209;08:11:28;-0,5;0,0;0,0;0,0;50,0;Подготовка;
20251209;08:11:34;-0,5;0,0;0,0;0,0;50,0;Подготовка;
20251209;08:11:39;-0,5;0,0;0,0;0,0;50,0;Подготовка;
20251209;08:11:44;-0,5;0,0;0,0;0,0;50,0;Подготовка;
20251209;08:11:49;-0,5;0,0;0,0;0,0;50,0;Подготовка;
20251209;08:11:54;-0,5;0,0;0,0;0,0;50,0;Подготовка;
20251209;08:11:59;-0,5;0,0;0,0;0,0;50,0;Подготовка;
20251209;08:12:04;-0,5;0,0;0,0;0,0;50,0;Подготовка;
20251209;08:12:09;-0,5;0,0;0,0;0,0;50,0;Подготовка;
20251209;08:12:14;-0,5;0,0;0,0;0,0;50,0;Подготовка;
20251209;08:12:19;-0,5;0,0;0,0;0,0;50,0;Подготовка;
20251209;08:12:24;-0,5;0,0;0,0;0,0;50,0;Подготовка;
20251209;08:12:29;-0,5;0,0;0,0;0,0;50,0;Подготовка;
20251209;08:12:34;-0,5;0,0;0,0;0,0;50,0;Подготовка;
20251209;08:12:39;-0,5;0,0;0,0;0,0;50,0;Подготовка;
20251209;08:12:44;-0,5;0,0;0,0;0,0;50,0;Подготовка;
20251209;08:12:49;-0,5;0,0;0,0;0,0;50,0;Подготовка;
20251209;08:12:54;-0,5;0,0;0,0;0,0;50,0;Подготовка;
20251209;08:12:59;-0,5;0,0;0,0;0,0;50,0;Подготовка;
20251209;08:13:04;-0,5;0,0;0,0;0,0;50,0;Подготовка;
20251209;08:13:09;-0,5;0,0;0,0;0,0;50,0;Подготовка;
20251209;08:13:14;-0,5;0,0;0,0;0,0;50,0;Подготовка;
20251209;08:13:19;-0,5;0,0;0,0;0,0;50,0;Подготовка;
20251209;08:13:24;-0,5;0,0;0,0;0,0;50,0;Подготовка;
20251209;08:13:29;-0,5;0,0;0,0;0,0;50,0;Подготовка;
20251209;08:13:34;-0,5;0,0;0,0;0,0;50,0;Подготовка;
20251209;08:13:40;-0,5;0,0;0,0;0,0;50,0;Подготовка;
20251209;08:13:45;-0,5;0,0;0,0;0,0;50,0;Подготовка;
20251209;08:13:50;-0,5;0,0;0,0;0,0;50,0;Подготовка;
20251209;08:13:55;-0,5;0,0;0,0;0,0;50,0;Подготовка;
20251209;08:14:00;-0,5;0,0;0,0;0,0;50,0;Подготовка;
20251209;08:14:05;-0,5;0,0;0,0;0,0;50,0;Подготовка;
20251209;08:14:10;-0,5;0,0;0,0;0,0;50,0;Подготовка;
20251209;08:14:15;-0,5;0,0;0,0;0,0;50,0;Подготовка;
20251209;08:14:20;-0,5;0,0;0,0;0,0;50,0;Подготовка;
20251209;08:14:25;-0,5;0,0;0,0;0,0;50,0;Подготовка;
20251209;08:14:30;-0,5;0,0;0,0;0,0;50,0;Подготовка;
20251209;08:14:35;-0,5;0,0;0,0;0,0;50,0;Подготовка;
20251209;08:14:40;-0,5;0,0;0,0;0,0;50,0;Подготовка;
20251209;08:14:45;-0,5;0,0;0,0;0,0;50,0;Подготовка;
20251209;08:14:50;-0,5;0,0;0,0;0,0;50,0;Подготовка;
20251209;08:14:55;-0,5;0,0;0,0;0,0;50,0;Подготовка;
20251209;08:15:00;-0,5;0,0;0,0;0,0;50,0;Подготовка;
20251209;08:15:05;-0,5;0,0;0,0;0,0;50,0;Подготовка;
20251209;08:15:10;-0,5;0,0;0,0;0,0;50,0;Подготовка;
20251209;08:15:15;-0,5;0,0;0,0;0,0;50,0;Подготовка;
20251209;08:15:20;-0,5;0,0;0,0;0,0;50,0;Подготовка;
20251209;08:15:25;-0,5;0,0;0,0;0,0;50,0;Подготовка;
20251209;08:15:30;-0,5;0,0;0,0;0,0;50,0;Подготовка;
20251209;08:15:35;-0,5;0,0;0,0;0,0;50,0;Подготовка;
20251209;08:15:40;-0,5;0,0;0,0;0,0;50,0;Подготовка;
20251209;08:15:46;-0,5;0,0;0,0;0,0;50,0;Подготовка;
20251209;08:15:51;-0,5;0,0;0,0;0,0;50,0;Подготовка;
20251209;08:15:56;-0,5;0,0;0,0;0,0;50,0;Подготовка;
20251209;08:16:01;-0,5;0,0;0,0;0,0;50,0;Подготовка;
20251209;08:16:06;-0,5;0,0;0,0;0,0;50,0;Подготовка;
20251209;08:16:11;-0,5;0,0;0,0;0,0;50,0;Подготовка;
20251209;08:16:16;-0,5;0,0;0,0;0,0;50,0;Подготовка;
20251209;08:16:21;-0,5;0,0;0,0;0,0;50,0;Подготовка;
20251209;08:16:26;-0,5;0,0;0,0;0,0;50,0;Подготовка;
20251209;08:16:31;-0,5;0,0;0,0;0,0;50,0;Подготовка;
20251209;08:16:36;-0,5;0,0;0,0;0,0;50,0;Подготовка;
20251209;08:16:41;-0,5;0,0;0,0;0,0;50,0;Подготовка;
20251209;08:16:46;-0,5;0,0;0,0;0,0;50,0;Подготовка;
20251209;08:16:51;-0,5;0,0;0,0;0,0;50,0;Подготовка;
20251209;08:16:56;-0,5;0,0;0,0;0,0;50,0;Подготовка;
20251209;08:17:01;-0,5;0,0;0,0;0,0;50,0;Подготовка;
20251209;08:17:06;-0,5;0,0;0,0;0,0;50,0;Подготовка;
20251209;08:17:11;-0,5;0,0;0,0;0,0;50,0;Подготовка;
20251209;08:17:16;-0,5;0,0;0,0;0,0;50,0;Подготовка;
20251209;08:17:21;-0,5;0,0;0,0;0,0;50,0;Подготовка;
20251209;08:17:26;-0,5;0,0;0,0;0,0;50,0;Подготовка;
20251209;08:17:31;-0,5;0,0;0,0;0,0;50,0;Подготовка;
20251209;08:17:36;-0,5;0,0;0,0;0,0;50,0;Подготовка;
20251209;08:17:41;-0,5;0,0;0,0;0,0;50,0;Подготовка;
20251209;08:17:46;-0,5;0,0;0,0;0,0;50,0;Подготовка;
20251209;08:17:52;-0,5;0,0;0,0;0,0;50,0;Подготовка;
20251209;08:17:57;-0,5;0,0;0,0;0,0;50,0;Подготовка;
20251209;08:18:02;-0,5;0,0;0,0;0,0;50,0;Подготовка;
20251209;08:18:07;-0,5;0,0;0,0;0,0;50,0;Подготовка;
20251209;08:18:12;-0,5;0,0;0,0;0,0;50,0;Подготовка;
20251209;08:18:17;-0,5;0,0;0,0;0,0;50,0;Подготовка;
20251209;08:18:22;-0,5;0,0;0,0;0,0;50,0;Подготовка;
20251209;08:18:27;-0,5;0,0;0,0;0,0;50,0;Подготовка;
20251209;08:18:32;-0,5;0,0;0,0;0,0;50,0;Подготовка;
20251209;08:18:37;-0,5;0,0;0,0;0,0;50,0;Подготовка;
20251209;08:18:42;-0,5;0,0;0,0;0,0;50,0;Подготовка;
20251209;08:18:47;-0,5;0,0;0,0;0,0;50,0;Подготовка;
20251209;08:18:52;-0,5;0,0;0,0;0,0;50,0;Подготовка;
20251209;08:18:57;-0,5;0,0;0,0;0,0;50,0;Подготовка;
20251209;08:19:02;-0,5;0,0;0,0;0,0;50,0;Подготовка;
20251209;08:19:07;-0,5;0,0;0,0;0,0;50,0;Подготовка;
20251209;08:19:12;-0,5;0,0;0,0;0,0;50,0;Подготовка;
20251209;08:19:17;-0,5;0,0;0,0;0,0;50,0;Подготовка;
20251209;08:19:22;-0,5;0,0;0,0;0,0;50,0;Подготовка;
20251209;08:19:27;-0,5;0,0;0,0;0,0;50,0;Подготовка;
20251209;08:19:32;-0,5;0,0;0,0;0,0;50,0;Подготовка;
20251209;08:19:37;-0,5;0,0;0,0;0,0;50,0;Подготовка;
20251209;08:19:42;-0,5;0,0;0,0;0,0;50,0;Подготовка;
20251209;08:19:47;-0,5;0,0;0,0;0,0;50,0;Подготовка;
20251209;08:19:52;-0,5;0,0;0,0;0,0;50,0;Подготовка;
20251209;08:19:58;-0,5;0,0;0,0;0,0;50,0;Подготовка;
20251209;08:20:03;-0,5;0,0;0,0;0,0;50,0;Подготовка;
20251209;08:20:08;-0,5;0,0;0,0;0,0;50,0;Подготовка;
20251209;08:20:13;-0,5;0,0;0,0;0,0;50,0;Подготовка;
20251209;08:20:18;-0,5;0,0;0,0;0,0;50,0;Подготовка;
20251209;08:20:23;-0,5;0,0;0,0;0,0;50,0;Подготовка;
20251209;08:20:28;-0,5;0,0;0,0;0,0;50,0;Подготовка;
20251209;08:20:33;-0,5;0,0;0,0;0,0;50,0;Подготовка;
20251209;08:20:38;-0,5;0,0;0,0;0,0;50,0;Подготовка;
20251209;08:20:43;-0,5;0,0;0,0;0,0;50,0;Подготовка;
20251209;08:20:48;-0,5;0,0;0,0;0,0;50,0;Подготовка;
20251209;08:20:53;-0,5;0,0;0,0;0,0;50,0;Подготовка;
20251209;08:20:58;-0,5;0,0;0,0;0,0;50,0;Подготовка;
20251209;08:21:03;-0,5;0,0;0,0;0,0;50,0;Подготовка;
20251209;08:21:08;-0,5;0,0;0,0;0,0;50,0;Подготовка;
20251209;08:21:13;-0,5;0,0;0,0;0,0;50,0;Подготовка;
20251209;08:21:18;-0,5;0,0;0,0;0,0;50,0;Подготовка;
20251209;08:21:23;-0,5;0,0;0,0;0,0;50,0;Подготовка;
20251209;08:21:28;-0,5;0,0;0,0;0,0;50,0;Подготовка;
20251209;08:21:33;-0,5;0,0;0,0;0,0;50,0;Подготовка;
20251209;08:21:38;-0,5;0,0;0,0;0,0;50,0;Подготовка;
20251209;08:21:43;-0,5;0,0;0,0;0,0;50,0;Подготовка;
20251209;08:21:48;-0,5;0,0;0,0;0,0;50,0;Подготовка;
20251209;08:21:53;-0,5;0,0;0,0;0,0;50,0;Подготовка;
20251209;08:21:58;-0,5;0,0;0,0;0,0;50,0;Подготовка;
20251209;08:22:04;-0,5;0,0;0,0;0,0;50,0;Подготовка;
20251209;08:22:09;-0,5;0,0;0,0;0,0;50,0;Подготовка;
20251209;08:22:14;-0,5;0,0;0,0;0,0;50,0;Подготовка;
20251209;08:22:19;-0,5;0,0;0,0;0,0;50,0;Подготовка;
20251209;08:22:24;-0,5;0,0;0,0;0,0;50,0;Подготовка;
20251209;08:22:29;-0,5;0,0;0,0;0,0;50,0;Подготовка;
20251209;08:22:34;-0,5;0,0;0,0;0,0;50,0;Подготовка;
20251209;08:22:39;-0,5;0,0;0,0;0,0;50,0;Подготовка;
20251209;08:22:44;-0,5;0,0;0,0;0,0;50,0;Подготовка;
20251209;08:22:49;-0,5;0,0;0,0;0,0;50,0;Подготовка;
20251209;08:22:54;-0,5;0,0;0,0;0,0;50,0;Подготовка;
20251209;08:22:59;-0,5;0,0;0,0;0,0;50,0;Подготовка;
20251209;08:23:04;-0,5;0,0;0,0;0,0;50,0;Подготовка;
20251209;08:23:09;-0,5;0,0;0,0;0,0;50,0;Подготовка;
20251209;08:23:14;-0,5;0,0;0,0;0,0;50,0;Подготовка;
20251209;08:23:19;-0,5;0,0;0,0;0,0;50,0;Подготовка;
20251209;08:23:24;-0,5;0,0;0,0;0,0;50,0;Подготовка;
20251209;08:23:29;-0,5;0,0;0,0;0,0;50,0;Подготовка;
20251209;08:23:34;-0,5;0,0;0,0;0,0;50,0;Подготовка;
20251209;08:23:39;-0,5;0,0;0,0;0,0;50,0;Подготовка;
20251209;08:23:44;-0,5;0,0;0,0;0,0;50,0;Подготовка;
20251209;08:23:49;-0,5;0,0;0,0;0,0;50,0;Подготовка;
20251209;08:23:54;-0,5;0,0;0,0;0,0;50,0;Подготовка;
20251209;08:23:59;-0,5;0,0;0,0;0,0;50,0;Подготовка;
20251209;08:24:04;-0,5;0,0;0,0;0,0;50,0;Подготовка;
20251209;08:24:10;-0,5;0,0;0,0;0,0;50,0;Подготовка;
20251209;08:24:15;-0,5;0,0;0,0;0,0;50,0;Подготовка;
20251209;08:24:20;-0,5;0,0;0,0;0,0;50,0;Подготовка;
20251209;08:24:25;-0,5;0,0;0,0;0,0;50,0;Подготовка;
20251209;08:24:30;-0,5;0,0;0,0;0,0;50,0;Подготовка;
20251209;08:24:35;-0,5;0,0;0,0;0,0;50,0;Подготовка;
20251209;08:24:40;-0,5;0,0;0,0;0,0;50,0;Подготовка;
20251209;08:24:45;-0,5;0,0;0,0;0,0;50,0;Подготовка;
20251209;08:24:50;-0,5;0,0;0,0;0,0;50,0;Подготовка;
20251209;08:24:55;-0,5;0,0;0,0;0,0;50,0;Подготовка;
20251209;08:25:00;-0,5;0,0;0,0;0,0;50,0;Подготовка;
20251209;08:25:05;-0,5;0,0;0,0;0,0;50,0;Подготовка;
20251209;08:25:10;-0,5;0,0;0,0;0,0;50,0;Подготовка;
20251209;08:25:15;-0,5;0,0;0,0;0,0;50,0;Подготовка;
20251209;08:25:20;-0,5;0,0;0,0;0,0;50,0;Подготовка;
20251209;08:25:25;-0,5;0,0;0,0;0,0;50,0;Подготовка;
20251209;08:25:30;-0,5;0,0;0,0;0,0;50,0;Подготовка;
20251209;08:25:35;-0,5;0,0;0,0;0,0;50,0;Подготовка;
20251209;08:25:40;-0,5;0,0;0,0;0,0;50,0;Подготовка;
20251209;08:25:45;-0,5;0,0;0,0;0,0;50,0;Подготовка;
20251209;08:25:50;-0,5;0,0;0,0;0,0;50,0;Подготовка;
20251209;08:25:55;-0,5;0,0;0,0;0,0;50,0;Подготовка;
20251209;08:26:00;-0,5;0,0;0,0;0,0;50,0;Подготовка;
20251209;08:26:05;-0,5;0,0;0,0;0,0;50,0;Подготовка;
20251209;08:26:10;-0,5;0,0;0,0;0,0;50,0;Подготовка;
20251209;08:26:16;-0,5;0,0;0,0;0,0;50,0;Подготовка;
20251209;08:26:21;-0,5;0,0;0,0;0,0;50,0;Подготовка;
20251209;08:26:26;-0,5;0,0;0,0;0,0;50,0;Подготовка;
20251209;08:26:31;-0,5;0,0;0,0;0,0;50,0;Подготовка;
20251209;08:26:36;-0,5;0,0;0,0;0,0;50,0;Подготовка;
20251209;08:26:41;-0,5;0,0;0,0;0,0;50,0;Подготовка;
20251209;08:26:46;-0,5;0,0;0,0;0,0;50,0;Подготовка;
20251209;08:26:51;-0,5;0,0;0,0;0,0;50,0;Подготовка;
20251209;08:26:56;-0,5;0,0;0,0;0,0;50,0;Подготовка;
20251209;08:27:01;-0,5;0,0;0,0;0,0;50,0;Подготовка;
20251209;08:27:06;-0,5;0,0;0,0;0,0;50,0;Подготовка;
20251209;08:27:11;-0,5;0,0;0,0;0,0;50,0;Подготовка;
20251209;08:27:16;-0,5;0,0;0,0;0,0;50,0;Подготовка;
20251209;08:27:21;-0,5;0,0;0,0;0,0;50,0;Подготовка;
20251209;08:27:26;-0,5;0,0;0,0;0,0;50,0;Подготовка;
20251209;08:27:31;-0,5;0,0;0,0;0,0;50,0;Подготовка;
20251209;08:27:36;-0,5;0,0;0,0;0,0;50,0;Подготовка;
20251209;08:27:41;-0,5;0,0;0,0;0,0;50,0;Подготовка;
20251209;08:27:46;-0,5;0,0;0,0;0,0;50,0;Подготовка;
20251209;08:27:51;-0,5;0,0;0,0;0,0;50,0;Подготовка;
20251209;08:27:56;-0,5;0,0;0,0;0,0;50,0;Подготовка;
20251209;08:28:01;-0,5;0,0;0,0;0,0;50,0;Подготовка;
20251209;08:28:06;-0,5;0,0;0,0;0,0;50,0;Подготовка;
20251209;08:28:11;-0,5;0,0;0,0;0,0;50,0;Подготовка;
20251209;08:28:16;-0,5;0,0;0,0;0,0;50,0;Подготовка;
20251209;08:28:22;-0,5;0,0;0,0;0,0;50,0;Подготовка;
20251209;08:28:27;-0,5;0,0;0,0;0,0;50,0;Подготовка;
20251209;08:28:32;-0,5;0,0;0,0;0,0;50,0;Подготовка;
20251209;08:28:37;-0,5;0,0;0,0;0,0;50,0;Подготовка;
20251209;08:28:42;-0,5;0,0;0,0;0,0;50,0;Подготовка;
20251209;08:28:47;-0,5;0,0;0,0;0,0;50,0;Подготовка;
20251209;08:28:52;-0,5;0,0;0,0;0,0;50,0;Подготовка;
20251209;08:28:57;-0,5;0,0;0,0;0,0;50,0;Подготовка;
20251209;08:29:02;-0,5;0,0;0,0;0,0;50,0;Подготовка;
20251209;08:29:07;-0,5;0,0;0,0;0,0;50,0;Подготовка;
20251209;08:29:12;-0,5;0,0;0,0;0,0;50,0;Подготовка;
20251209;08:29:17;-0,5;0,0;0,0;0,0;50,0;Подготовка;
20251209;08:29:22;-0,5;0,0;0,0;0,0;50,0;Подготовка;
20251209;08:29:27;-0,5;0,0;0,0;0,0;50,0;Подготовка;
20251209;08:29:32;-0,5;0,0;0,0;0,0;50,0;Подготовка;
20251209;08:29:37;-0,5;0,0;0,0;0,0;50,0;Подготовка;
20251209;08:29:42;-0,5;0,0;0,0;0,0;50,0;Подготовка;
20251209;08:29:47;-0,5;0,0;0,0;0,0;50,0;Подготовка;
20251209;08:29:52;-0,5;0,0;0,0;0,0;50,0;Подготовка;
20251209;08:29:57;-0,5;0,0;0,0;0,0;50,0;Подготовка;
20251209;08:30:02;-0,5;0,0;0,0;0,0;50,0;Подготовка;
20251209;08:30:07;-0,5;0,0;0,0;0,0;50,0;Подготовка;
20251209;08:30:12;-0,5;0,0;0,0;0,0;50,0;Подготовка;
20251209;08:30:17;-0,5;0,0;0,0;0,0;50,0;Подготовка;
20251209;08:30:22;-0,5;0,0;0,0;0,0;50,0;Подготовка;
20251209;08:30:28;-0,5;0,0;0,0;0,0;50,0;Подготовка;
20251209;08:30:33;-0,5;0,0;0,0;0,0;50,0;Подготовка;
20251209;08:30:38;-0,5;0,0;0,0;0,0;50,0;Подготовка;
20251209;08:30:43;-0,5;0,0;0,0;0,0;50,0;Подготовка;
20251209;08:30:48;-0,5;0,0;0,0;0,0;50,0;Подготовка;
20251209;08:30:53;-0,5;0,0;0,0;0,0;50,0;Подготовка;
20251209;08:30:58;-0,5;0,0;0,0;0,0;50,0;Подготовка;
20251209;08:31:03;-0,5;0,0;0,0;0,0;50,0;Подготовка;
20251209;08:31:08;-0,5;0,0;0,0;0,0;50,0;Подготовка;
20251209;08:31:13;-0,5;0,0;0,0;0,0;50,0;Подготовка;
20251209;08:31:18;-0,5;0,0;0,0;0,0;50,0;Подготовка;
20251209;08:31:23;-0,5;0,0;0,0;0,0;50,0;Подготовка;
20251209;08:31:28;-0,5;0,0;0,0;0,0;50,0;Подготовка;
20251209;08:31:33;-0,5;0,0;0,0;0,0;50,0;Подготовка;
20251209;08:31:38;-0,5;0,0;0,0;0,0;50,0;Подготовка;
20251209;08:31:43;-0,5;0,0;0,0;0,0;50,0;Подготовка;
20251209;08:31:48;-0,5;0,0;0,0;0,0;50,0;Подготовка;
20251209;08:31:53;-0,5;0,0;0,0;0,0;50,0;Подготовка;
20251209;08:31:58;-0,5;0,0;0,0;0,0;50,0;Подготовка;
20251209;08:32:03;-0,5;0,0;0,0;0,0;50,0;Подготовка;
20251209;08:32:08;-0,5;0,0;0,0;0,0;50,0;Подготовка;
20251209;08:32:13;-0,5;0,0;0,0;0,0;50,0;Подготовка;
20251209;08:32:18;-0,5;0,0;0,0;0,0;50,0;Подготовка;
20251209;08:32:23;-0,5;0,0;0,0;0,0;50,0;Подготовка;
20251209;08:32:28;-0,5;0,0;0,0;0,0;50,0;Подготовка;
20251209;08:32:34;-0,5;0,0;0,0;0,0;50,0;Подготовка;
20251209;08:32:39;-0,5;0,0;0,0;0,0;50,0;Подготовка;
20251209;08:32:44;-0,5;0,0;0,0;0,0;50,0;Подготовка;
20251209;08:32:49;-0,5;0,0;0,0;0,0;50,0;Подготовка;
20251209;08:32:54;-0,5;0,0;0,0;0,0;50,0;Подготовка;
20251209;08:32:59;-0,5;0,0;0,0;0,0;50,0;Подготовка;
20251209;08:33:04;-0,5;0,0;0,0;0,0;50,0;Подготовка;
20251209;08:33:09;-0,5;0,0;0,0;0,0;50,0;Подготовка;
20251209;08:33:14;-0,5;0,0;0,0;0,0;50,0;Подготовка;
20251209;08:33:19;-0,5;0,0;0,0;0,0;50,0;Подготовка;
20251209;08:33:24;-0,5;0,0;0,0;0,0;50,0;Подготовка;
20251209;08:33:29;-0,5;0,0;0,0;0,0;50,0;Подготовка;
20251209;08:33:34;-0,5;0,0;0,0;0,0;50,0;Подготовка;
20251209;08:33:39;-0,5;0,0;0,0;0,0;50,0;Подготовка;
Предприятие;
Объект;
Вид оборудования;
Дисп. наименование;
Тип;
Зав. номер;
Сер. номер;
Год выпуска;
Год ввода в эксплуатацию;
Дата отбора пробы;
Марка пробы;
Температура пробы;
DATE ;TIME ;TS_TEMP ;PROB_TEMP ;PROB_OTN_VL ;PROBE_VlAGOSOD ;SP ;STATUS ; 
20251209;08:33:56;-0,39;0,0;0,0;0,0;50,0;Включение;
20251209;08:34:01;-0,49;0,0;0,0;0,0;50,0;Включение;
20251209;08:34:06;-0,49;0,0;0,0;0,0;50,0;Подготовка;
20251209;08:34:11;-0,49;0,0;0,0;0,0;50,0;Подготовка;
20251209;08:34:16;-0,49;0,0;0,0;0,0;50,0;Подготовка;
20251209;08:34:21;-0,49;0,0;0,0;0,0;50,0;Подготовка;
20251209;08:34:26;-0,5;0,0;0,0;0,0;50,0;Подготовка;
20251209;08:34:31;-0,5;0,0;0,0;0,0;50,0;Подготовка;
20251209;08:34:36;-0,5;0,0;0,0;0,0;50,0;Подготовка;
20251209;08:34:41;-0,5;0,0;0,0;0,0;50,0;Подготовка;
20251209;08:34:46;-0,5;0,0;0,0;0,0;50,0;Подготовка;
20251209;08:34:52;-0,5;0,0;0,0;0,0;50,0;Подготовка;
20251209;08:34:57;-0,5;0,0;0,0;0,0;50,0;Подготовка;
20251209;08:35:02;-0,5;0,0;0,0;0,0;50,0;Подготовка;
20251209;08:35:07;-0,5;0,0;0,0;0,0;50,0;Подготовка;
20251209;08:35:12;-0,5;0,0;0,0;0,0;50,0;Подготовка;
20251209;08:35:17;-0,5;0,0;0,0;0,0;50,0;Подготовка;
20251209;08:35:22;-0,5;0,0;0,0;0,0;50,0;Подготовка;
20251209;08:35:27;-0,5;0,0;0,0;0,0;50,0;Подготовка;
20251209;08:35:32;-0,5;0,0;0,0;0,0;50,0;Подготовка;
20251209;08:35:37;-0,5;0,0;0,0;0,0;50,0;Подготовка;
20251209;08:35:42;-0,5;0,0;0,0;0,0;50,0;Подготовка;
20251209;08:35:47;-0,5;0,0;0,0;0,0;50,0;Подготовка;
20251209;08:35:52;-0,5;0,0;0,0;0,0;50,0;Подготовка;
20251209;08:35:57;-0,5;0,0;0,0;0,0;50,0;Подготовка;
20251209;08:36:02;-0,5;0,0;0,0;0,0;50,0;Подготовка;
20251209;08:36:07;-0,5;0,0;0,0;0,0;50,0;Подготовка;
20251209;08:36:12;-0,5;0,0;0,0;0,0;50,0;Подготовка;
20251209;08:36:17;-0,5;0,0;0,0;0,0;50,0;Подготовка;
20251209;08:36:22;-0,5;0,0;0,0;0,0;50,0;Подготовка;
20251209;08:36:27;-0,5;0,0;0,0;0,0;50,0;Подготовка;
20251209;08:36:32;-0,5;0,0;0,0;0,0;50,0;Подготовка;
20251209;08:36:37;-0,5;0,0;0,0;0,0;50,0;Подготовка;
20251209;08:36:42;-0,5;0,0;0,0;0,0;50,0;Подготовка;
20251209;08:36:47;-0,5;0,0;0,0;0,0;50,0;Подготовка;
20251209;08:36:52;-0,5;0,0;0,0;0,0;50,0;Подготовка;
20251209;08:36:58;-0,5;0,0;0,0;0,0;50,0;Подготовка;
20251209;08:37:03;-0,5;0,0;0,0;0,0;50,0;Подготовка;
20251209;08:37:08;-0,5;0,0;0,0;0,0;50,0;Подготовка;
20251209;08:37:13;-0,5;0,0;0,0;0,0;50,0;Подготовка;
20251209;08:37:18;-0,5;0,0;0,0;0,0;50,0;Подготовка;
20251209;08:37:23;-0,5;0,0;0,0;0,0;50,0;Подготовка;
20251209;08:37:28;-0,5;0,0;0,0;0,0;50,0;Подготовка;
20251209;08:37:33;-0,5;0,0;0,0;0,0;50,0;Подготовка;
20251209;08:37:38;-0,5;0,0;0,0;0,0;50,0;Подготовка;
20251209;08:37:43;-0,5;0,0;0,0;0,0;50,0;Подготовка;
20251209;08:37:48;-0,5;0,0;0,0;0,0;50,0;Подготовка;
20251209;08:37:53;-0,5;0,0;0,0;0,0;50,0;Подготовка;
20251209;08:37:58;-0,5;0,0;0,0;0,0;50,0;Подготовка;
20251209;08:38:03;-0,5;0,0;0,0;0,0;50,0;Подготовка;
20251209;08:38:08;-0,5;0,0;0,0;0,0;50,0;Подготовка;
20251209;08:38:13;-0,5;0,0;0,0;0,0;50,0;Подготовка;
20251209;08:38:18;-0,5;0,0;0,0;0,0;50,0;Подготовка;
20251209;08:38:23;-0,5;0,0;0,0;0,0;50,0;Подготовка;
20251209;08:38:28;-0,5;0,0;0,0;0,0;50,0;Подготовка;
20251209;08:38:33;-0,5;0,0;0,0;0,0;50,0;Подготовка;
20251209;08:38:38;-0,5;0,0;0,0;0,0;50,0;Подготовка;
20251209;08:38:43;-0,5;0,0;0,0;0,0;50,0;Подготовка;
20251209;08:38:48;-0,5;0,0;0,0;0,0;50,0;Подготовка;
20251209;08:38:53;-0,5;0,0;0,0;0,0;50,0;Подготовка;
20251209;08:38:58;-0,5;0,0;0,0;0,0;50,0;Подготовка;
20251209;08:39:04;-0,5;0,0;0,0;0,0;50,0;Подготовка;
20251209;08:39:09;-0,5;0,0;0,0;0,0;50,0;Подготовка;
20251209;08:39:14;-0,5;0,0;0,0;0,0;50,0;Подготовка;
20251209;08:39:19;-0,5;0,0;0,0;0,0;50,0;Подготовка;
20251209;08:39:24;-0,5;0,0;0,0;0,0;50,0;Подготовка;
20251209;08:39:29;-0,5;0,0;0,0;0,0;50,0;Подготовка;
20251209;08:39:34;-0,5;0,0;0,0;0,0;50,0;Подготовка;
20251209;08:39:39;-0,5;0,0;0,0;0,0;50,0;Подготовка;
20251209;08:39:44;-0,5;0,0;0,0;0,0;50,0;Подготовка;
20251209;08:39:49;-0,5;0,0;0,0;0,0;50,0;Подготовка;
20251209;08:39:54;-0,5;0,0;0,0;0,0;50,0;Подготовка;
20251209;08:39:59;-0,5;0,0;0,0;0,0;50,0;Подготовка;
20251209;08:40:04;-0,5;0,0;0,0;0,0;50,0;Подготовка;
20251209;08:40:09;-0,5;0,0;0,0;0,0;50,0;Подготовка;
20251209;08:40:14;-0,5;0,0;0,0;0,0;50,0;Подготовка;
20251209;08:40:19;-0,5;0,0;0,0;0,0;50,0;Подготовка;
20251209;08:40:24;-0,5;0,0;0,0;0,0;50,0;Подготовка;
20251209;08:40:29;-0,5;0,0;0,0;0,0;50,0;Подготовка;
20251209;08:40:34;-0,5;0,0;0,0;0,0;50,0;Подготовка;
20251209;08:40:39;-0,5;0,0;0,0;0,0;50,0;Подготовка;
20251209;08:40:44;-0,5;0,0;0,0;0,0;50,0;Подготовка;
20251209;08:40:49;-0,5;0,0;0,0;0,0;50,0;Подготовка;
20251209;08:40:54;-0,5;0,0;0,0;0,0;50,0;Подготовка;
20251209;08:40:59;-0,5;0,0;0,0;0,0;50,0;Подготовка;
20251209;08:41:04;-0,5;0,0;0,0;0,0;50,0;Подготовка;
20251209;08:41:10;-0,5;0,0;0,0;0,0;50,0;Подготовка;
20251209;08:41:15;-0,5;0,0;0,0;0,0;50,0;Подготовка;
20251209;08:41:20;-0,5;0,0;0,0;0,0;50,0;Подготовка;
20251209;08:41:25;-0,5;0,0;0,0;0,0;50,0;Подготовка;
20251209;08:41:30;-0,5;0,0;0,0;0,0;50,0;Подготовка;
20251209;08:41:35;-0,5;0,0;0,0;0,0;50,0;Подготовка;
20251209;08:41:40;-0,5;0,0;0,0;0,0;50,0;Подготовка;
20251209;08:41:45;-0,5;0,0;0,0;0,0;50,0;Подготовка;
20251209;08:41:50;-0,5;0,0;0,0;0,0;50,0;Подготовка;
20251209;08:41:55;-0,5;0,0;0,0;0,0;50,0;Подготовка;
20251209;08:42:00;-0,5;0,0;0,0;0,0;50,0;Подготовка;
20251209;08:42:05;-0,5;0,0;0,0;0,0;50,0;Подготовка;
20251209;08:42:10;-0,5;0,0;0,0;0,0;50,0;Подготовка;
20251209;08:42:15;-0,5;0,0;0,0;0,0;50,0;Подготовка;
20251209;08:42:20;-0,5;0,0;0,0;0,0;50,0;Подготовка;
20251209;08:42:25;-0,5;0,0;0,0;0,0;50,0;Подготовка;
20251209;08:42:30;-0,5;0,0;0,0;0,0;50,0;Подготовка;
20251209;08:42:35;-0,5;0,0;0,0;0,0;50,0;Подготовка;
20251209;08:42:40;-0,5;0,0;0,0;0,0;50,0;Подготовка;
20251209;08:42:45;-0,5;0,0;0,0;0,0;50,0;Подготовка;
20251209;08:42:50;-0,5;0,0;0,0;0,0;50,0;Подготовка;
20251209;08:42:55;-0,5;0,0;0,0;0,0;50,0;Подготовка;
20251209;08:43:00;-0,5;0,0;0,0;0,0;50,0;Подготовка;
20251209;08:43:05;-0,5;0,0;0,0;0,0;50,0;Подготовка;
20251209;08:43:10;-0,5;0,0;0,0;0,0;50,0;Подготовка;
20251209;08:43:16;-0,5;0,0;0,0;0,0;50,0;Подготовка;
20251209;08:43:21;-0,5;0,0;0,0;0,0;50,0;Подготовка;
20251209;08:43:26;-0,5;0,0;0,0;0,0;50,0;Подготовка;
20251209;08:43:31;-0,5;0,0;0,0;0,0;50,0;Подготовка;
20251209;08:43:36;-0,5;0,0;0,0;0,0;50,0;Подготовка;
20251209;08:43:41;-0,5;0,0;0,0;0,0;50,0;Подготовка;
20251209;08:43:46;-0,5;0,0;0,0;0,0;50,0;Подготовка;
20251209;08:43:51;-0,5;0,0;0,0;0,0;50,0;Подготовка;
20251209;08:43:56;-0,5;0,0;0,0;0,0;50,0;Подготовка;
20251209;08:44:01;-0,5;0,0;0,0;0,0;50,0;Подготовка;
20251209;08:44:06;-0,5;0,0;0,0;0,0;50,0;Подготовка;
20251209;08:44:11;-0,5;0,0;0,0;0,0;50,0;Подготовка;
20251209;08:44:16;-0,5;0,0;0,0;0,0;50,0;Подготовка;
20251209;08:44:21;-0,5;0,0;0,0;0,0;50,0;Подготовка;
20251209;08:44:26;-0,5;0,0;0,0;0,0;50,0;Подготовка;
20251209;08:44:31;-0,5;0,0;0,0;0,0;50,0;Подготовка;
20251209;08:44:36;-0,5;0,0;0,0;0,0;50,0;Подготовка;
20251209;08:44:41;-0,5;0,0;0,0;0,0;50,0;Подготовка;
20251209;08:44:46;-0,5;0,0;0,0;0,0;50,0;Подготовка;
20251209;08:44:51;-0,5;0,0;0,0;0,0;50,0;Подготовка;
20251209;08:44:56;-0,5;0,0;0,0;0,0;50,0;Подготовка;
20251209;08:45:01;-0,5;0,0;0,0;0,0;50,0;Подготовка;
20251209;08:45:06;-0,5;0,0;0,0;0,0;50,0;Подготовка;
20251209;08:45:11;-0,5;0,0;0,0;0,0;50,0;Подготовка;
20251209;08:45:16;-0,5;0,0;0,0;0,0;50,0;Подготовка;
20251209;08:45:22;-0,5;0,0;0,0;0,0;50,0;Подготовка;
20251209;08:45:27;-0,5;0,0;0,0;0,0;50,0;Подготовка;
20251209;08:45:32;-0,5;0,0;0,0;0,0;50,0;Подготовка;
20251209;08:45:37;-0,5;0,0;0,0;0,0;50,0;Подготовка;
20251209;08:45:42;-0,5;0,0;0,0;0,0;50,0;Подготовка;
20251209;08:45:47;-0,5;0,0;0,0;0,0;50,0;Подготовка;
20251209;08:45:52;-0,5;0,0;0,0;0,0;50,0;Подготовка;
20251209;08:45:57;-0,5;0,0;0,0;0,0;50,0;Подготовка;
20251209;08:46:02;-0,5;0,0;0,0;0,0;50,0;Подготовка;
20251209;08:46:07;-0,5;0,0;0,0;0,0;50,0;Подготовка;
20251209;08:46:12;-0,5;0,0;0,0;0,0;50,0;Подготовка;
20251209;08:46:17;-0,5;0,0;0,0;0,0;50,0;Подготовка;
20251209;08:46:22;-0,5;0,0;0,0;0,0;50,0;Подготовка;
20251209;08:46:27;-0,5;0,0;0,0;0,0;50,0;Подготовка;
20251209;08:46:32;-0,5;0,0;0,0;0,0;50,0;Подготовка;
20251209;08:46:37;-0,5;0,0;0,0;0,0;50,0;Подготовка;
20251209;08:46:42;-0,5;0,0;0,0;0,0;50,0;Подготовка;
20251209;08:46:47;-0,5;0,0;0,0;0,0;50,0;Подготовка;
20251209;08:46:52;-0,5;0,0;0,0;0,0;50,0;Подготовка;
20251209;08:46:57;-0,5;0,0;0,0;0,0;50,0;Подготовка;
20251209;08:47:02;-0,5;0,0;0,0;0,0;50,0;Подготовка;
20251209;08:47:07;-0,5;0,0;0,0;0,0;50,0;Подготовка;
20251209;08:47:12;-0,5;0,0;0,0;0,0;50,0;Подготовка;
20251209;08:47:17;-0,5;0,0;0,0;0,0;50,0;Подготовка;
20251209;08:47:22;-0,5;0,0;0,0;0,0;50,0;Подготовка;
20251209;08:47:28;-0,5;0,0;0,0;0,0;50,0;Подготовка;
20251209;08:47:33;-0,5;0,0;0,0;0,0;50,0;Подготовка;
20251209;08:47:38;-0,5;0,0;0,0;0,0;50,0;Подготовка;
20251209;08:47:43;-0,5;0,0;0,0;0,0;50,0;Подготовка;
20251209;08:47:48;-0,5;0,0;0,0;0,0;50,0;Подготовка;
20251209;08:47:53;-0,5;0,0;0,0;0,0;50,0;Подготовка;
20251209;08:47:58;-0,5;0,0;0,0;0,0;50,0;Подготовка;
20251209;08:48:03;-0,5;0,0;0,0;0,0;50,0;Подготовка;
20251209;08:48:08;-0,5;0,0;0,0;0,0;50,0;Подготовка;
20251209;08:48:13;-0,5;0,0;0,0;0,0;50,0;Подготовка;
20251209;08:48:18;-0,5;0,0;0,0;0,0;50,0;Подготовка;
20251209;08:48:23;-0,5;0,0;0,0;0,0;50,0;Подготовка;
20251209;08:48:28;-0,5;0,0;0,0;0,0;50,0;Подготовка;
20251209;08:48:33;-0,5;0,0;0,0;0,0;50,0;Подготовка;
20251209;08:48:38;-0,5;0,0;0,0;0,0;50,0;Подготовка;
20251209;08:48:43;-0,5;0,0;0,0;0,0;50,0;Подготовка;
20251209;08:48:48;-0,5;0,0;0,0;0,0;50,0;Подготовка;
20251209;08:48:53;-0,5;0,0;0,0;0,0;50,0;Подготовка;
20251209;08:48:58;-0,5;0,0;0,0;0,0;50,0;Подготовка;
20251209;08:49:03;-0,5;0,0;0,0;0,0;50,0;Подготовка;
20251209;08:49:08;-0,5;0,0;0,0;0,0;50,0;Подготовка;
20251209;08:49:13;-0,5;0,0;0,0;0,0;50,0;Подготовка;
20251209;08:49:18;-0,5;0,0;0,0;0,0;50,0;Подготовка;
20251209;08:49:23;-0,5;0,0;0,0;0,0;50,0;Подготовка;
20251209;08:49:28;-0,5;0,0;0,0;0,0;50,0;Подготовка;
20251209;08:49:34;-0,5;0,0;0,0;0,0;50,0;Подготовка;
20251209;08:49:39;-0,5;0,0;0,0;0,0;50,0;Подготовка;
20251209;08:49:44;-0,5;0,0;0,0;0,0;50,0;Подготовка;
20251209;08:49:49;-0,5;0,0;0,0;0,0;50,0;Подготовка;
20251209;08:49:54;-0,5;0,0;0,0;0,0;50,0;Подготовка;
20251209;08:49:59;-0,5;0,0;0,0;0,0;50,0;Подготовка;
20251209;08:50:04;-0,5;0,0;0,0;0,0;50,0;Подготовка;
20251209;08:50:09;-0,5;0,0;0,0;0,0;50,0;Подготовка;
20251209;08:50:14;-0,5;0,0;0,0;0,0;50,0;Подготовка;
20251209;08:50:19;-0,5;0,0;0,0;0,0;50,0;Подготовка;
20251209;08:50:24;-0,5;0,0;0,0;0,0;50,0;Подготовка;
20251209;08:50:29;-0,5;0,0;0,0;0,0;50,0;Подготовка;
20251209;08:50:34;-0,5;0,0;0,0;0,0;50,0;Подготовка;
20251209;08:50:39;-0,5;0,0;0,0;0,0;50,0;Подготовка;
20251209;08:50:44;-0,5;0,0;0,0;0,0;50,0;Подготовка;
20251209;08:50:49;-0,5;0,0;0,0;0,0;50,0;Подготовка;
20251209;08:50:54;-0,5;0,0;0,0;0,0;50,0;Подготовка;
20251209;08:50:59;-0,5;0,0;0,0;0,0;50,0;Подготовка;
20251209;08:51:04;-0,5;0,0;0,0;0,0;50,0;Подготовка;
20251209;08:51:09;-0,5;0,0;0,0;0,0;50,0;Подготовка;
20251209;08:51:14;-0,5;0,0;0,0;0,0;50,0;Подготовка;
20251209;08:51:19;-0,5;0,0;0,0;0,0;50,0;Подготовка;
20251209;08:51:24;-0,5;0,0;0,0;0,0;50,0;Подготовка;
20251209;08:51:29;-0,5;0,0;0,0;0,0;50,0;Подготовка;
20251209;08:51:34;-0,5;0,0;0,0;0,0;50,0;Подготовка;
20251209;08:51:40;-0,5;0,0;0,0;0,0;50,0;Подготовка;
20251209;08:51:45;-0,5;0,0;0,0;0,0;50,0;Подготовка;
20251209;08:51:50;-0,5;0,0;0,0;0,0;50,0;Подготовка;
20251209;08:51:55;-0,5;0,0;0,0;0,0;50,0;Подготовка;
20251209;08:52:00;-0,5;0,0;0,0;0,0;50,0;Подготовка;
20251209;08:52:05;-0,5;0,0;0,0;0,0;50,0;Подготовка;
20251209;08:52:10;-0,5;0,0;0,0;0,0;50,0;Подготовка;
20251209;08:52:15;-0,5;0,0;0,0;0,0;50,0;Подготовка;
20251209;08:52:20;-0,5;0,0;0,0;0,0;50,0;Подготовка;
20251209;08:52:25;-0,5;0,0;0,0;0,0;50,0;Подготовка;
20251209;08:52:30;-0,5;0,0;0,0;0,0;50,0;Подготовка;
20251209;08:52:35;-0,5;0,0;0,0;0,0;50,0;Подготовка;
20251209;08:52:40;-0,5;0,0;0,0;0,0;50,0;Подготовка;
20251209;08:52:45;-0,5;0,0;0,0;0,0;50,0;Подготовка;
20251209;08:52:50;-0,5;0,0;0,0;0,0;50,0;Подготовка;
20251209;08:52:55;-0,5;0,0;0,0;0,0;50,0;Подготовка;
20251209;08:53:00;-0,5;0,0;0,0;0,0;50,0;Подготовка;
20251209;08:53:05;-0,5;0,0;0,0;0,0;50,0;Подготовка;
20251209;08:53:10;-0,5;0,0;0,0;0,0;50,0;Подготовка;
20251209;08:53:15;-0,5;0,0;0,0;0,0;50,0;Подготовка;
20251209;08:53:20;-0,5;0,0;0,0;0,0;50,0;Подготовка;
20251209;08:53:25;-0,5;0,0;0,0;0,0;50,0;Подготовка;
20251209;08:53:30;-0,5;0,0;0,0;0,0;50,0;Подготовка;
20251209;08:53:35;-0,5;0,0;0,0;0,0;50,0;Подготовка;
20251209;08:53:40;-0,5;0,0;0,0;0,0;50,0;Подготовка;
20251209;08:53:46;-0,5;0,0;0,0;0,0;50,0;Подготовка;
20251209;08:53:51;-0,5;0,0;0,0;0,0;50,0;Подготовка;
20251209;08:53:56;-0,5;0,0;0,0;0,0;50,0;Подготовка;
20251209;08:54:01;-0,5;0,0;0,0;0,0;50,0;Подготовка;
20251209;08:54:06;-0,5;0,0;0,0;0,0;50,0;Подготовка;
20251209;08:54:11;-0,5;0,0;0,0;0,0;50,0;Подготовка;
20251209;08:54:16;-0,5;0,0;0,0;0,0;50,0;Подготовка;
20251209;08:54:21;-0,5;0,0;0,0;0,0;50,0;Подготовка;
20251209;08:54:26;-0,5;0,0;0,0;0,0;50,0;Подготовка;
20251209;08:54:31;-0,5;0,0;0,0;0,0;50,0;Подготовка;
20251209;08:54:36;-0,5;0,0;0,0;0,0;50,0;Подготовка;
20251209;08:54:41;-0,5;0,0;0,0;0,0;50,0;Подготовка;
20251209;08:54:46;-0,5;0,0;0,0;0,0;50,0;Подготовка;
20251209;08:54:51;-0,5;0,0;0,0;0,0;50,0;Подготовка;
20251209;08:54:56;-0,5;0,0;0,0;0,0;50,0;Подготовка;
20251209;08:55:01;-0,5;0,0;0,0;0,0;50,0;Подготовка;
20251209;08:55:06;-0,5;0,0;0,0;0,0;50,0;Подготовка;
20251209;08:55:11;-0,5;0,0;0,0;0,0;50,0;Подготовка;
20251209;08:55:16;-0,5;0,0;0,0;0,0;50,0;Подготовка;
20251209;08:55:21;-0,5;0,0;0,0;0,0;50,0;Подготовка;
20251209;08:55:26;-0,5;0,0;0,0;0,0;50,0;Подготовка;
20251209;08:55:31;-0,5;0,0;0,0;0,0;50,0;Подготовка;
20251209;08:55:36;-0,5;0,0;0,0;0,0;50,0;Подготовка;
20251209;08:55:41;-0,5;0,0;0,0;0,0;50,0;Подготовка;
20251209;08:55:46;-0,5;0,0;0,0;0,0;50,0;Подготовка;
20251209;08:55:52;-0,5;0,0;0,0;0,0;50,0;Подготовка;
20251209;08:55:57;-0,5;0,0;0,0;0,0;50,0;Подготовка;
20251209;08:56:02;-0,5;0,0;0,0;0,0;50,0;Подготовка;
20251209;08:56:07;-0,5;0,0;0,0;0,0;50,0;Подготовка;
20251209;08:56:12;-0,5;0,0;0,0;0,0;50,0;Подготовка;
20251209;08:56:17;-0,5;0,0;0,0;0,0;50,0;Подготовка;
20251209;08:56:22;-0,5;0,0;0,0;0,0;50,0;Подготовка;
20251209;08:56:27;-0,5;0,0;0,0;0,0;50,0;Подготовка;
20251209;08:56:32;-0,5;0,0;0,0;0,0;50,0;Подготовка;
20251209;08:56:37;-0,5;0,0;0,0;0,0;50,0;Подготовка;
20251209;08:56:42;-0,5;0,0;0,0;0,0;50,0;Подготовка;
20251209;08:56:47;-0,5;0,0;0,0;0,0;50,0;Подготовка;
20251209;08:56:52;-0,5;0,0;0,0;0,0;50,0;Подготовка;
20251209;08:56:57;-0,5;0,0;0,0;0,0;50,0;Подготовка;
20251209;08:57:02;-0,5;0,0;0,0;0,0;50,0;Подготовка;
20251209;08:57:07;-0,5;0,0;0,0;0,0;50,0;Подготовка;
20251209;08:57:12;-0,5;0,0;0,0;0,0;50,0;Подготовка;
20251209;08:57:17;-0,5;0,0;0,0;0,0;50,0;Подготовка;
20251209;08:57:22;-0,5;0,0;0,0;0,0;50,0;Подготовка;
20251209;08:57:27;-0,5;0,0;0,0;0,0;50,0;Подготовка;
20251209;08:57:32;-0,5;0,0;0,0;0,0;50,0;Подготовка;
20251209;08:57:37;-0,5;0,0;0,0;0,0;50,0;Подготовка;
20251209;08:57:42;-0,5;0,0;0,0;0,0;50,0;Подготовка;
20251209;08:57:47;-0,5;0,0;0,0;0,0;50,0;Подготовка;
20251209;08:57:52;-0,5;0,0;0,0;0,0;50,0;Подготовка;
20251209;08:57:58;-0,5;0,0;0,0;0,0;50,0;Подготовка;
20251209;08:58:03;-0,5;0,0;0,0;0,0;50,0;Подготовка;
20251209;08:58:08;-0,5;0,0;0,0;0,0;50,0;Подготовка;
20251209;08:58:13;-0,5;0,0;0,0;0,0;50,0;Подготовка;
20251209;08:58:18;-0,5;0,0;0,0;0,0;50,0;Подготовка;
20251209;08:58:23;-0,5;0,0;0,0;0,0;50,0;Подготовка;
20251209;08:58:28;-0,5;0,0;0,0;0,0;50,0;Подготовка;
20251209;08:58:33;-0,5;0,0;0,0;0,0;50,0;Подготовка;
20251209;08:58:38;-0,5;0,0;0,0;0,0;50,0;Подготовка;
20251209;08:58:43;-0,5;0,0;0,0;0,0;50,0;Подготовка;
20251209;08:58:48;-0,5;0,0;0,0;0,0;50,0;Подготовка;
20251209;08:58:53;-0,5;0,0;0,0;0,0;50,0;Подготовка;
20251209;08:58:58;-0,5;0,0;0,0;0,0;50,0;Подготовка;
20251209;08:59:03;-0,5;0,0;0,0;0,0;50,0;Подготовка;
20251209;08:59:08;-0,5;0,0;0,0;0,0;50,0;Подготовка;
20251209;08:59:13;-0,5;0,0;0,0;0,0;50,0;Подготовка;
20251209;08:59:18;-0,5;0,0;0,0;0,0;50,0;Подготовка;
20251209;08:59:23;-0,5;0,0;0,0;0,0;50,0;Подготовка;
20251209;08:59:28;-0,5;0,0;0,0;0,0;50,0;Подготовка;
20251209;08:59:33;-0,5;0,0;0,0;0,0;50,0;Подготовка;
20251209;08:59:38;-0,5;0,0;0,0;0,0;50,0;Подготовка;
20251209;08:59:43;-0,5;0,0;0,0;0,0;50,0;Подготовка;
20251209;08:59:48;-0,5;0,0;0,0;0,0;50,0;Подготовка;
20251209;08:59:53;-0,5;0,0;0,0;0,0;50,0;Подготовка;
20251209;08:59:58;-0,5;0,0;0,0;0,0;50,0;Подготовка;
20251209;09:00:04;-0,5;0,0;0,0;0,0;50,0;Подготовка;
20251209;09:00:09;-0,5;0,0;0,0;0,0;50,0;Подготовка;
20251209;09:00:14;-0,5;0,0;0,0;0,0;50,0;Подготовка;
20251209;09:00:19;-0,5;0,0;0,0;0,0;50,0;Подготовка;
20251209;09:00:24;-0,5;0,0;0,0;0,0;50,0;Подготовка;
20251209;09:00:29;-0,5;0,0;0,0;0,0;50,0;Подготовка;
20251209;09:00:34;-0,5;0,0;0,0;0,0;50,0;Подготовка;
20251209;09:00:39;-0,5;0,0;0,0;0,0;50,0;Подготовка;
20251209;09:00:44;-0,5;0,0;0,0;0,0;50,0;Подготовка;
20251209;09:00:49;-0,5;0,0;0,0;0,0;50,0;Подготовка;
20251209;09:00:54;-0,5;0,0;0,0;0,0;50,0;Подготовка;
20251209;09:00:59;-0,5;0,0;0,0;0,0;50,0;Подготовка;
20251209;09:01:04;-0,5;0,0;0,0;0,0;50,0;Подготовка;
20251209;09:01:09;-0,5;0,0;0,0;0,0;50,0;Подготовка;
20251209;09:01:14;-0,5;0,0;0,0;0,0;50,0;Подготовка;
20251209;09:01:19;-0,5;0,0;0,0;0,0;50,0;Подготовка;
20251209;09:01:24;-0,5;0,0;0,0;0,0;50,0;Подготовка;
20251209;09:01:29;-0,5;0,0;0,0;0,0;50,0;Подготовка;
20251209;09:01:34;-0,5;0,0;0,0;0,0;50,0;Подготовка;
20251209;09:01:39;-0,5;0,0;0,0;0,0;50,0;Подготовка;
20251209;09:01:44;-0,5;0,0;0,0;0,0;50,0;Подготовка;
20251209;09:01:49;-0,5;0,0;0,0;0,0;50,0;Подготовка;
20251209;09:01:54;-0,5;0,0;0,0;0,0;50,0;Подготовка;
20251209;09:01:59;-0,5;0,0;0,0;0,0;50,0;Подготовка;
20251209;09:02:04;-0,5;0,0;0,0;0,0;50,0;Подготовка;
20251209;09:02:10;-0,5;0,0;0,0;0,0;50,0;Подготовка;
20251209;09:02:15;-0,5;0,0;0,0;0,0;50,0;Подготовка;
20251209;09:02:20;-0,5;0,0;0,0;0,0;50,0;Подготовка;
20251209;09:02:25;-0,5;0,0;0,0;0,0;50,0;Подготовка;
20251209;09:02:30;-0,5;0,0;0,0;0,0;50,0;Подготовка;
20251209;09:02:35;-0,5;0,0;0,0;0,0;50,0;Подготовка;
20251209;09:02:40;-0,5;0,0;0,0;0,0;50,0;Подготовка;
20251209;09:02:45;-0,5;0,0;0,0;0,0;50,0;Подготовка;
20251209;09:02:50;-0,5;0,0;0,0;0,0;50,0;Подготовка;
20251209;09:02:55;-0,5;0,0;0,0;0,0;50,0;Подготовка;
20251209;09:03:00;-0,5;0,0;0,0;0,0;50,0;Подготовка;
20251209;09:03:05;-0,5;0,0;0,0;0,0;50,0;Подготовка;
20251209;09:03:10;-0,5;0,0;0,0;0,0;50,0;Подготовка;
20251209;09:03:15;-0,5;0,0;0,0;0,0;50,0;Подготовка;
20251209;09:03:20;-0,5;0,0;0,0;0,0;50,0;Подготовка;
20251209;09:03:25;-0,5;0,0;0,0;0,0;50,0;Подготовка;
20251209;09:03:30;-0,5;0,0;0,0;0,0;50,0;Подготовка;
20251209;09:03:35;-0,5;0,0;0,0;0,0;50,0;Подготовка;
20251209;09:03:40;-0,5;0,0;0,0;0,0;50,0;Подготовка;
20251209;09:03:45;-0,5;0,0;0,0;0,0;50,0;Подготовка;
20251209;09:03:50;-0,5;0,0;0,0;0,0;50,0;Подготовка;
20251209;09:03:55;-0,5;0,0;0,0;0,0;50,0;Подготовка;
20251209;09:04:00;-0,5;0,0;0,0;0,0;50,0;Подготовка;
20251209;09:04:05;-0,5;0,0;0,0;0,0;50,0;Подготовка;
20251209;09:04:10;-0,5;0,0;0,0;0,0;50,0;Подготовка;
20251209;09:04:16;-0,5;0,0;0,0;0,0;50,0;Подготовка;
20251209;09:04:21;-0,5;0,0;0,0;0,0;50,0;Подготовка;
20251209;09:04:26;-0,5;0,0;0,0;0,0;50,0;Подготовка;
20251209;09:04:31;-0,5;0,0;0,0;0,0;50,0;Подготовка;
20251209;09:04:36;-0,5;0,0;0,0;0,0;50,0;Подготовка;
20251209;09:04:41;-0,5;0,0;0,0;0,0;50,0;Подготовка;
20251209;09:04:46;-0,5;0,0;0,0;0,0;50,0;Подготовка;
20251209;09:04:51;-0,5;0,0;0,0;0,0;50,0;Подготовка;
20251209;09:04:56;-0,5;0,0;0,0;0,0;50,0;Подготовка;
20251209;09:05:01;-0,5;0,0;0,0;0,0;50,0;Подготовка;
20251209;09:05:06;-0,5;0,0;0,0;0,0;50,0;Подготовка;
20251209;09:05:11;-0,5;0,0;0,0;0,0;50,0;Подготовка;
20251209;09:05:16;-0,5;0,0;0,0;0,0;50,0;Подготовка;
20251209;09:05:21;-0,5;0,0;0,0;0,0;50,0;Подготовка;
20251209;09:05:26;-0,5;0,0;0,0;0,0;50,0;Подготовка;
20251209;09:05:31;-0,5;0,0;0,0;0,0;50,0;Подготовка;
20251209;09:05:36;-0,5;0,0;0,0;0,0;50,0;Подготовка;
20251209;09:05:41;-0,5;0,0;0,0;0,0;50,0;Подготовка;
20251209;09:05:46;-0,5;0,0;0,0;0,0;50,0;Подготовка;
20251209;09:05:51;-0,5;0,0;0,0;0,0;50,0;Подготовка;
20251209;09:05:56;-0,5;0,0;0,0;0,0;50,0;Подготовка;
20251209;09:06:01;-0,5;0,0;0,0;0,0;50,0;Подготовка;
20251209;09:06:06;-0,5;0,0;0,0;0,0;50,0;Подготовка;
20251209;09:06:11;-0,5;0,0;0,0;0,0;50,0;Подготовка;
20251209;09:06:16;-0,5;0,0;0,0;0,0;50,0;Подготовка;
20251209;09:06:22;-0,5;0,0;0,0;0,0;50,0;Подготовка;
20251209;09:06:27;-0,5;0,0;0,0;0,0;50,0;Подготовка;
20251209;09:06:32;-0,5;0,0;0,0;0,0;50,0;Подготовка;
20251209;09:06:37;-0,5;0,0;0,0;0,0;50,0;Подготовка;
20251209;09:06:42;-0,5;0,0;0,0;0,0;50,0;Подготовка;
20251209;09:06:47;-0,5;0,0;0,0;0,0;50,0;Подготовка;
20251209;09:06:52;-0,5;0,0;0,0;0,0;50,0;Подготовка;
20251209;09:06:57;-0,5;0,0;0,0;0,0;50,0;Подготовка;
20251209;09:07:02;-0,5;0,0;0,0;0,0;50,0;Подготовка;
20251209;09:07:07;-0,5;0,0;0,0;0,0;50,0;Подготовка;
20251209;09:07:12;-0,5;0,0;0,0;0,0;50,0;Подготовка;
20251209;09:07:17;-0,5;0,0;0,0;0,0;50,0;Подготовка;
20251209;09:07:22;-0,5;0,0;0,0;0,0;50,0;Подготовка;
20251209;09:07:27;-0,5;0,0;0,0;0,0;50,0;Подготовка;
20251209;09:07:32;-0,5;0,0;0,0;0,0;50,0;Подготовка;
20251209;09:07:37;-0,5;0,0;0,0;0,0;50,0;Подготовка;
20251209;09:07:42;-0,5;0,0;0,0;0,0;50,0;Подготовка;
20251209;09:07:47;-0,5;0,0;0,0;0,0;50,0;Подготовка;
20251209;09:07:52;-0,5;0,0;0,0;0,0;50,0;Подготовка;
20251209;09:07:57;-0,5;0,0;0,0;0,0;50,0;Подготовка;
20251209;09:08:02;-0,5;0,0;0,0;0,0;50,0;Подготовка;
20251209;09:08:07;-0,5;0,0;0,0;0,0;50,0;Подготовка;
20251209;09:08:12;-0,5;0,0;0,0;0,0;50,0;Подготовка;
20251209;09:08:17;-0,5;0,0;0,0;0,0;50,0;Подготовка;
20251209;09:08:22;-0,5;0,0;0,0;0,0;50,0;Подготовка;
20251209;09:08:28;-0,5;0,0;0,0;0,0;50,0;Подготовка;
20251209;09:08:33;-0,5;0,0;0,0;0,0;50,0;Подготовка;
20251209;09:08:38;-0,5;0,0;0,0;0,0;50,0;Подготовка;
20251209;09:08:43;-0,5;0,0;0,0;0,0;50,0;Подготовка;
20251209;09:08:48;-0,5;0,0;0,0;0,0;50,0;Подготовка;
20251209;09:08:53;-0,5;0,0;0,0;0,0;50,0;Подготовка;
20251209;09:08:58;-0,5;0,0;0,0;0,0;50,0;Подготовка;
20251209;09:09:03;-0,5;0,0;0,0;0,0;50,0;Подготовка;
20251209;09:09:08;-0,5;0,0;0,0;0,0;50,0;Подготовка;
20251209;09:09:13;-0,5;0,0;0,0;0,0;50,0;Подготовка;
20251209;09:09:18;-0,5;0,0;0,0;0,0;50,0;Подготовка;
20251209;09:09:23;-0,5;0,0;0,0;0,0;50,0;Подготовка;
20251209;09:09:28;-0,5;0,0;0,0;0,0;50,0;Подготовка;
20251209;09:09:33;-0,5;0,0;0,0;0,0;50,0;Подготовка;
20251209;09:09:38;-0,5;0,0;0,0;0,0;50,0;Подготовка;
20251209;09:09:43;-0,5;0,0;0,0;0,0;50,0;Подготовка;
20251209;09:09:48;-0,5;0,0;0,0;0,0;50,0;Подготовка;
20251209;09:09:53;-0,5;0,0;0,0;0,0;50,0;Подготовка;
20251209;09:09:58;-0,5;0,0;0,0;0,0;50,0;Подготовка;
20251209;09:10:03;-0,5;0,0;0,0;0,0;50,0;Подготовка;
20251209;09:10:08;-0,5;0,0;0,0;0,0;50,0;Подготовка;
20251209;09:10:13;-0,5;0,0;0,0;0,0;50,0;Подготовка;
20251209;09:10:18;-0,5;0,0;0,0;0,0;50,0;Подготовка;
20251209;09:10:23;-0,5;0,0;0,0;0,0;50,0;Подготовка;
20251209;09:10:29;-0,5;0,0;0,0;0,0;50,0;Подготовка;
20251209;09:10:34;-0,5;0,0;0,0;0,0;50,0;Подготовка;
20251209;09:10:39;-0,5;0,0;0,0;0,0;50,0;Подготовка;
20251209;09:10:44;-0,5;0,0;0,0;0,0;50,0;Подготовка;
20251209;09:10:49;-0,5;0,0;0,0;0,0;50,0;Подготовка;
20251209;09:10:54;-0,5;0,0;0,0;0,0;50,0;Подготовка;
20251209;09:10:59;-0,5;0,0;0,0;0,0;50,0;Подготовка;
20251209;09:11:04;-0,5;0,0;0,0;0,0;50,0;Подготовка;
20251209;09:11:09;-0,5;0,0;0,0;0,0;50,0;Подготовка;
20251209;09:11:14;-0,5;0,0;0,0;0,0;50,0;Подготовка;
20251209;09:11:19;-0,5;0,0;0,0;0,0;50,0;Подготовка;
20251209;09:11:24;-0,5;0,0;0,0;0,0;50,0;Подготовка;
20251209;09:11:29;-0,5;0,0;0,0;0,0;50,0;Подготовка;
20251209;09:11:34;-0,5;0,0;0,0;0,0;50,0;Подготовка;
20251209;09:11:39;-0,5;0,0;0,0;0,0;50,0;Подготовка;
20251209;09:11:44;-0,5;0,0;0,0;0,0;50,0;Подготовка;
20251209;09:11:49;-0,5;0,0;0,0;0,0;50,0;Подготовка;
20251209;09:11:54;-0,5;0,0;0,0;0,0;50,0;Подготовка;
20251209;09:11:59;-0,5;0,0;0,0;0,0;50,0;Подготовка;
20251209;09:12:04;-0,5;0,0;0,0;0,0;50,0;Подготовка;
20251209;09:12:09;-0,5;0,0;0,0;0,0;50,0;Подготовка;
20251209;09:12:14;-0,5;0,0;0,0;0,0;50,0;Подготовка;
20251209;09:12:19;-0,5;0,0;0,0;0,0;50,0;Подготовка;
20251209;09:12:24;-0,5;0,0;0,0;0,0;50,0;Подготовка;
20251209;09:12:30;-0,5;0,0;0,0;0,0;50,0;Подготовка;
20251209;09:12:35;-0,5;0,0;0,0;0,0;50,0;Подготовка;
20251209;09:12:40;-0,5;0,0;0,0;0,0;50,0;Подготовка;
20251209;09:12:45;-0,5;0,0;0,0;0,0;50,0;Подготовка;
20251209;09:12:50;-0,5;0,0;0,0;0,0;50,0;Подготовка;
20251209;09:12:55;-0,5;0,0;0,0;0,0;50,0;Подготовка;
20251209;09:13:00;-0,5;0,0;0,0;0,0;50,0;Подготовка;
20251209;09:13:05;-0,5;0,0;0,0;0,0;50,0;Подготовка;
20251209;09:13:10;-0,5;0,0;0,0;0,0;50,0;Подготовка;
20251209;09:13:15;-0,5;0,0;0,0;0,0;50,0;Подготовка;
20251209;09:13:20;-0,5;0,0;0,0;0,0;50,0;Подготовка;
20251209;09:13:25;-0,5;0,0;0,0;0,0;50,0;Подготовка;
20251209;09:13:30;-0,5;0,0;0,0;0,0;50,0;Подготовка;
20251209;09:13:35;-0,5;0,0;0,0;0,0;50,0;Подготовка;
20251209;09:13:40;-0,5;0,0;0,0;0,0;50,0;Подготовка;
20251209;09:13:45;-0,5;0,0;0,0;0,0;50,0;Подготовка;
20251209;09:13:50;-0,5;0,0;0,0;0,0;50,0;Подготовка;
20251209;09:13:55;-0,5;0,0;0,0;0,0;50,0;Подготовка;
20251209;09:14:00;-0,5;0,0;0,0;0,0;50,0;Подготовка;
20251209;09:14:05;-0,5;0,0;0,0;0,0;50,0;Подготовка;
20251209;09:14:10;-0,5;0,0;0,0;0,0;50,0;Подготовка;
20251209;09:14:15;-0,5;0,0;0,0;0,0;50,0;Подготовка;
20251209;09:14:20;-0,5;0,0;0,0;0,0;50,0;Подготовка;
20251209;09:14:25;-0,5;0,0;0,0;0,0;50,0;Подготовка;
20251209;09:14:31;-0,5;0,0;0,0;0,0;50,0;Подготовка;
20251209;09:14:36;-0,5;0,0;0,0;0,0;50,0;Подготовка;
20251209;09:14:41;-0,5;0,0;0,0;0,0;50,0;Подготовка;
20251209;09:14:46;-0,5;0,0;0,0;0,0;50,0;Подготовка;
20251209;09:14:51;-0,5;0,0;0,0;0,0;50,0;Подготовка;
20251209;09:14:56;-0,5;0,0;0,0;0,0;50,0;Подготовка;
20251209;09:15:01;-0,5;0,0;0,0;0,0;50,0;Подготовка;
20251209;09:15:06;-0,5;0,0;0,0;0,0;50,0;Подготовка;
20251209;09:15:11;-0,5;0,0;0,0;0,0;50,0;Подготовка;
20251209;09:15:16;-0,5;0,0;0,0;0,0;50,0;Подготовка;
20251209;09:15:21;-0,5;0,0;0,0;0,0;50,0;Подготовка;
20251209;09:15:26;-0,5;0,0;0,0;0,0;50,0;Подготовка;
20251209;09:15:31;-0,5;0,0;0,0;0,0;50,0;Подготовка;
20251209;09:15:36;-0,5;0,0;0,0;0,0;50,0;Подготовка;
20251209;09:15:41;-0,5;0,0;0,0;0,0;50,0;Подготовка;
20251209;09:15:46;-0,5;0,0;0,0;0,0;50,0;Подготовка;
20251209;09:15:51;-0,5;0,0;0,0;0,0;50,0;Подготовка;
20251209;09:15:56;-0,5;0,0;0,0;0,0;50,0;Подготовка;
20251209;09:16:01;-0,5;0,0;0,0;0,0;50,0;Подготовка;
20251209;09:16:06;-0,5;0,0;0,0;0,0;50,0;Подготовка;
20251209;09:16:11;-0,5;0,0;0,0;0,0;50,0;Подготовка;
20251209;09:16:16;-0,5;0,0;0,0;0,0;50,0;Подготовка;
20251209;09:16:21;-0,5;0,0;0,0;0,0;50,0;Подготовка;
20251209;09:16:26;-0,5;0,0;0,0;0,0;50,0;Подготовка;
20251209;09:16:31;-0,5;0,0;0,0;0,0;50,0;Подготовка;
20251209;09:16:37;-0,5;0,0;0,0;0,0;50,0;Подготовка;
20251209;09:16:42;-0,5;0,0;0,0;0,0;50,0;Подготовка;
20251209;09:16:47;-0,5;0,0;0,0;0,0;50,0;Подготовка;
20251209;09:16:52;-0,5;0,0;0,0;0,0;50,0;Подготовка;
20251209;09:16:57;-0,5;0,0;0,0;0,0;50,0;Подготовка;
20251209;09:17:02;-0,5;0,0;0,0;0,0;50,0;Подготовка;
20251209;09:17:07;-0,5;0,0;0,0;0,0;50,0;Подготовка;
20251209;09:17:12;-0,5;0,0;0,0;0,0;50,0;Подготовка;
20251209;09:17:17;-0,5;0,0;0,0;0,0;50,0;Подготовка;
20251209;09:17:22;-0,5;0,0;0,0;0,0;50,0;Подготовка;
20251209;09:17:27;-0,5;0,0;0,0;0,0;50,0;Подготовка;
20251209;09:17:32;-0,5;0,0;0,0;0,0;50,0;Подготовка;
20251209;09:17:37;-0,5;0,0;0,0;0,0;50,0;Подготовка;
20251209;09:17:42;-0,5;0,0;0,0;0,0;50,0;Подготовка;
20251209;09:17:47;-0,5;0,0;0,0;0,0;50,0;Подготовка;
20251209;09:17:52;-0,5;0,0;0,0;0,0;50,0;Подготовка;
20251209;09:17:57;-0,5;0,0;0,0;0,0;50,0;Подготовка;
20251209;09:18:02;-0,5;0,0;0,0;0,0;50,0;Подготовка;
20251209;09:18:07;-0,5;0,0;0,0;0,0;50,0;Подготовка;
20251209;09:18:12;-0,5;0,0;0,0;0,0;50,0;Подготовка;
20251209;09:18:17;-0,5;0,0;0,0;0,0;50,0;Подготовка;
20251209;09:18:22;-0,5;0,0;0,0;0,0;50,0;Подготовка;
20251209;09:18:27;-0,5;0,0;0,0;0,0;50,0;Подготовка;
20251209;09:18:32;-0,5;0,0;0,0;0,0;50,0;Подготовка;
20251209;09:18:37;-0,5;0,0;0,0;0,0;50,0;Подготовка;
20251209;09:18:43;-0,5;0,0;0,0;0,0;50,0;Подготовка;
20251209;09:18:48;-0,5;0,0;0,0;0,0;50,0;Подготовка;
20251209;09:18:53;-0,5;0,0;0,0;0,0;50,0;Подготовка;
20251209;09:18:58;-0,5;0,0;0,0;0,0;50,0;Подготовка;
20251209;09:19:03;-0,5;0,0;0,0;0,0;50,0;Подготовка;
20251209;09:19:08;-0,5;0,0;0,0;0,0;50,0;Подготовка;
20251209;09:19:13;-0,5;0,0;0,0;0,0;50,0;Подготовка;
20251209;09:19:18;-0,5;0,0;0,0;0,0;50,0;Подготовка;
20251209;09:19:23;-0,5;0,0;0,0;0,0;50,0;Подготовка;
20251209;09:19:28;-0,5;0,0;0,0;0,0;50,0;Подготовка;
20251209;09:19:33;-0,5;0,0;0,0;0,0;50,0;Подготовка;
20251209;09:19:38;-0,5;0,0;0,0;0,0;50,0;Подготовка;
20251209;09:19:43;-0,5;0,0;0,0;0,0;50,0;Подготовка;
20251209;09:19:48;-0,5;0,0;0,0;0,0;50,0;Подготовка;
20251209;09:19:53;-0,5;0,0;0,0;0,0;50,0;Подготовка;
20251209;09:19:58;-0,5;0,0;0,0;0,0;50,0;Подготовка;
20251209;09:20:03;-0,5;0,0;0,0;0,0;50,0;Подготовка;
20251209;09:20:08;-0,5;0,0;0,0;0,0;50,0;Подготовка;
20251209;09:20:13;-0,5;0,0;0,0;0,0;50,0;Подготовка;
20251209;09:20:18;-0,5;0,0;0,0;0,0;50,0;Подготовка;
20251209;09:20:23;-0,5;0,0;0,0;0,0;50,0;Подготовка;
20251209;09:20:28;-0,5;0,0;0,0;0,0;50,0;Подготовка;
20251209;09:20:33;-0,5;0,0;0,0;0,0;50,0;Подготовка;
20251209;09:20:39;-0,5;0,0;0,0;0,0;50,0;Подготовка;
20251209;09:20:44;-0,5;0,0;0,0;0,0;50,0;Подготовка;
20251209;09:20:49;-0,5;0,0;0,0;0,0;50,0;Подготовка;
20251209;09:20:54;-0,5;0,0;0,0;0,0;50,0;Подготовка;
20251209;09:20:59;-0,5;0,0;0,0;0,0;50,0;Подготовка;
20251209;09:21:04;-0,5;0,0;0,0;0,0;50,0;Подготовка;
20251209;09:21:09;-0,5;0,0;0,0;0,0;50,0;Подготовка;
20251209;09:21:14;-0,5;0,0;0,0;0,0;50,0;Подготовка;
20251209;09:21:19;-0,5;0,0;0,0;0,0;50,0;Подготовка;
20251209;09:21:24;-0,5;0,0;0,0;0,0;50,0;Подготовка;
20251209;09:21:29;-0,5;0,0;0,0;0,0;50,0;Подготовка;
20251209;09:21:34;-0,5;0,0;0,0;0,0;50,0;Подготовка;
20251209;09:21:39;-0,5;0,0;0,0;0,0;50,0;Подготовка;
20251209;09:21:44;-0,5;0,0;0,0;0,0;50,0;Подготовка;
20251209;09:21:49;-0,5;0,0;0,0;0,0;50,0;Подготовка;
20251209;09:21:54;-0,5;0,0;0,0;0,0;50,0;Подготовка;
20251209;09:21:59;-0,5;0,0;0,0;0,0;50,0;Подготовка;
20251209;09:22:04;-0,5;0,0;0,0;0,0;50,0;Подготовка;
20251209;09:22:09;-0,5;0,0;0,0;0,0;50,0;Подготовка;
20251209;09:22:14;-0,5;0,0;0,0;0,0;50,0;Подготовка;
20251209;09:22:19;-0,5;0,0;0,0;0,0;50,0;Подготовка;
20251209;09:22:24;-0,5;0,0;0,0;0,0;50,0;Подготовка;
20251209;09:22:29;-0,5;0,0;0,0;0,0;50,0;Подготовка;
20251209;09:22:34;-0,5;0,0;0,0;0,0;50,0;Подготовка;
20251209;09:22:39;-0,5;0,0;0,0;0,0;50,0;Подготовка;
20251209;09:22:45;-0,5;0,0;0,0;0,0;50,0;Подготовка;
20251209;09:22:50;-0,5;0,0;0,0;0,0;50,0;Подготовка;
20251209;09:22:55;-0,5;0,0;0,0;0,0;50,0;Подготовка;
20251209;09:23:00;-0,5;0,0;0,0;0,0;50,0;Подготовка;
20251209;09:23:05;-0,5;0,0;0,0;0,0;50,0;Подготовка;
20251209;09:23:10;-0,5;0,0;0,0;0,0;50,0;Подготовка;
20251209;09:23:15;-0,5;0,0;0,0;0,0;50,0;Подготовка;
20251209;09:23:20;-0,5;0,0;0,0;0,0;50,0;Подготовка;
20251209;09:23:25;-0,5;0,0;0,0;0,0;50,0;Подготовка;
20251209;09:23:30;-0,5;0,0;0,0;0,0;50,0;Подготовка;
20251209;09:23:35;-0,5;0,0;0,0;0,0;50,0;Подготовка;
20251209;09:23:40;-0,5;0,0;0,0;0,0;50,0;Подготовка;
20251209;09:23:45;-0,5;0,0;0,0;0,0;50,0;Подготовка;
20251209;09:23:50;-0,5;0,0;0,0;0,0;50,0;Подготовка;
20251209;09:23:55;-0,5;0,0;0,0;0,0;50,0;Подготовка;
20251209;09:24:00;-0,5;0,0;0,0;0,0;50,0;Подготовка;
20251209;09:24:05;-0,5;0,0;0,0;0,0;50,0;Подготовка;
20251209;09:24:10;-0,5;0,0;0,0;0,0;50,0;Подготовка;
20251209;09:24:15;-0,5;0,0;0,0;0,0;50,0;Подготовка;
20251209;09:24:20;-0,5;0,0;0,0;0,0;50,0;Подготовка;
20251209;09:24:25;-0,5;0,0;0,0;0,0;50,0;Подготовка;
20251209;09:24:30;-0,5;0,0;0,0;0,0;50,0;Подготовка;
20251209;09:24:35;-0,5;0,0;0,0;0,0;50,0;Подготовка;
20251209;09:24:40;-0,5;0,0;0,0;0,0;50,0;Подготовка;
20251209;09:24:46;-0,5;0,0;0,0;0,0;50,0;Подготовка;
20251209;09:24:51;-0,5;0,0;0,0;0,0;50,0;Подготовка;
20251209;09:24:56;-0,5;0,0;0,0;0,0;50,0;Подготовка;
20251209;09:25:01;-0,5;0,0;0,0;0,0;50,0;Подготовка;
20251209;09:25:06;-0,5;0,0;0,0;0,0;50,0;Подготовка;
20251209;09:25:11;-0,5;0,0;0,0;0,0;50,0;Подготовка;
20251209;09:25:16;-0,5;0,0;0,0;0,0;50,0;Подготовка;
20251209;09:25:21;-0,5;0,0;0,0;0,0;50,0;Подготовка;
20251209;09:25:26;-0,5;0,0;0,0;0,0;50,0;Подготовка;
20251209;09:25:31;-0,5;0,0;0,0;0,0;50,0;Подготовка;
20251209;09:25:36;-0,5;0,0;0,0;0,0;50,0;Подготовка;
20251209;09:25:41;-0,5;0,0;0,0;0,0;50,0;Подготовка;
20251209;09:25:46;-0,5;0,0;0,0;0,0;50,0;Подготовка;
20251209;09:25:51;-0,5;0,0;0,0;0,0;50,0;Подготовка;
20251209;09:25:56;-0,5;0,0;0,0;0,0;50,0;Подготовка;
20251209;09:26:01;-0,5;0,0;0,0;0,0;50,0;Подготовка;
20251209;09:26:06;-0,5;0,0;0,0;0,0;50,0;Подготовка;
20251209;09:26:11;-0,5;0,0;0,0;0,0;50,0;Подготовка;
20251209;09:26:16;-0,5;0,0;0,0;0,0;50,0;Подготовка;
20251209;09:26:21;-0,5;0,0;0,0;0,0;50,0;Подготовка;
20251209;09:26:26;-0,5;0,0;0,0;0,0;50,0;Подготовка;
20251209;09:26:31;-0,5;0,0;0,0;0,0;50,0;Подготовка;
20251209;09:26:36;-0,5;0,0;0,0;0,0;50,0;Подготовка;
20251209;09:26:41;-0,5;0,0;0,0;0,0;50,0;Подготовка;
20251209;09:26:46;-0,5;0,0;0,0;0,0;50,0;Подготовка;
20251209;09:26:52;-0,5;0,0;0,0;0,0;50,0;Подготовка;
20251209;09:26:57;-0,5;0,0;0,0;0,0;50,0;Подготовка;
20251209;09:27:02;-0,5;0,0;0,0;0,0;50,0;Подготовка;
20251209;09:27:07;-0,5;0,0;0,0;0,0;50,0;Подготовка;
20251209;09:27:12;-0,5;0,0;0,0;0,0;50,0;Подготовка;
20251209;09:27:17;-0,5;0,0;0,0;0,0;50,0;Подготовка;
20251209;09:27:22;-0,5;0,0;0,0;0,0;50,0;Подготовка;
20251209;09:27:27;-0,5;0,0;0,0;0,0;50,0;Подготовка;
20251209;09:27:32;-0,5;0,0;0,0;0,0;50,0;Подготовка;
20251209;09:27:37;-0,5;0,0;0,0;0,0;50,0;Подготовка;
20251209;09:27:42;-0,5;0,0;0,0;0,0;50,0;Подготовка;
20251209;09:27:47;-0,5;0,0;0,0;0,0;50,0;Подготовка;
20251209;09:27:52;-0,5;0,0;0,0;0,0;50,0;Подготовка;
20251209;09:27:57;-0,5;0,0;0,0;0,0;50,0;Подготовка;
20251209;09:28:02;-0,5;0,0;0,0;0,0;50,0;Подготовка;
20251209;09:28:07;-0,5;0,0;0,0;0,0;50,0;Подготовка;
20251209;09:28:12;-0,5;0,0;0,0;0,0;50,0;Подготовка;
20251209;09:28:17;-0,5;0,0;0,0;0,0;50,0;Подготовка;
20251209;09:28:22;-0,5;0,0;0,0;0,0;50,0;Подготовка;
20251209;09:28:27;-0,5;0,0;0,0;0,0;50,0;Подготовка;
20251209;09:28:32;-0,5;0,0;0,0;0,0;50,0;Подготовка;
20251209;09:28:37;-0,5;0,0;0,0;0,0;50,0;Подготовка;
20251209;09:28:42;-0,5;0,0;0,0;0,0;50,0;Подготовка;
20251209;09:28:47;-0,5;0,0;0,0;0,0;50,0;Подготовка;
20251209;09:28:52;-0,5;0,0;0,0;0,0;50,0;Подготовка;
20251209;09:28:58;-0,5;0,0;0,0;0,0;50,0;Подготовка;
20251209;09:29:03;-0,5;0,0;0,0;0,0;50,0;Подготовка;
20251209;09:29:08;-0,5;0,0;0,0;0,0;50,0;Подготовка;
20251209;09:29:13;-0,5;0,0;0,0;0,0;50,0;Подготовка;
20251209;09:29:18;-0,5;0,0;0,0;0,0;50,0;Подготовка;
20251209;09:29:23;-0,5;0,0;0,0;0,0;50,0;Подготовка;
20251209;09:29:28;-0,5;0,0;0,0;0,0;50,0;Подготовка;
20251209;09:29:33;-0,5;0,0;0,0;0,0;50,0;Подготовка;
20251209;09:29:38;-0,5;0,0;0,0;0,0;50,0;Подготовка;
20251209;09:29:43;-0,5;0,0;0,0;0,0;50,0;Подготовка;
20251209;09:29:48;-0,5;0,0;0,0;0,0;50,0;Подготовка;
20251209;09:29:53;-0,5;0,0;0,0;0,0;50,0;Подготовка;
20251209;09:29:58;-0,5;0,0;0,0;0,0;50,0;Подготовка;
20251209;09:30:03;-0,5;0,0;0,0;0,0;50,0;Подготовка;
20251209;09:30:08;-0,5;0,0;0,0;0,0;50,0;Подготовка;
20251209;09:30:13;-0,5;0,0;0,0;0,0;50,0;Подготовка;
20251209;09:30:18;-0,5;0,0;0,0;0,0;50,0;Подготовка;
20251209;09:30:23;-0,5;0,0;0,0;0,0;50,0;Подготовка;
20251209;09:30:28;-0,5;0,0;0,0;0,0;50,0;Подготовка;
20251209;09:30:33;-0,5;0,0;0,0;0,0;50,0;Подготовка;
20251209;09:30:38;-0,5;0,0;0,0;0,0;50,0;Подготовка;
20251209;09:30:43;-0,5;0,0;0,0;0,0;50,0;Подготовка;
20251209;09:30:48;-0,5;0,0;0,0;0,0;50,0;Подготовка;
20251209;09:30:53;-0,5;0,0;0,0;0,0;50,0;Подготовка;
20251209;09:30:58;-0,5;0,0;0,0;0,0;50,0;Подготовка;
20251209;09:31:04;-0,5;0,0;0,0;0,0;50,0;Подготовка;
20251209;09:31:09;-0,5;0,0;0,0;0,0;50,0;Подготовка;
20251209;09:31:14;-0,5;0,0;0,0;0,0;50,0;Подготовка;
20251209;09:31:19;-0,5;0,0;0,0;0,0;50,0;Подготовка;
20251209;09:31:24;-0,5;0,0;0,0;0,0;50,0;Подготовка;
20251209;09:31:29;-0,5;0,0;0,0;0,0;50,0;Подготовка;
20251209;09:31:34;-0,5;0,0;0,0;0,0;50,0;Подготовка;
20251209;09:31:39;-0,5;0,0;0,0;0,0;50,0;Подготовка;
20251209;09:31:44;-0,5;0,0;0,0;0,0;50,0;Подготовка;
20251209;09:31:49;-0,5;0,0;0,0;0,0;50,0;Подготовка;
20251209;09:31:54;-0,5;0,0;0,0;0,0;50,0;Подготовка;
20251209;09:31:59;-0,5;0,0;0,0;0,0;50,0;Подготовка;
20251209;09:32:04;-0,5;0,0;0,0;0,0;50,0;Подготовка;
20251209;09:32:09;-0,5;0,0;0,0;0,0;50,0;Подготовка;
20251209;09:32:14;-0,5;0,0;0,0;0,0;50,0;Подготовка;
20251209;09:32:19;-0,5;0,0;0,0;0,0;50,0;Подготовка;
20251209;09:32:24;-0,5;0,0;0,0;0,0;50,0;Подготовка;
20251209;09:32:29;-0,5;0,0;0,0;0,0;50,0;Подготовка;
20251209;09:32:34;-0,5;0,0;0,0;0,0;50,0;Подготовка;
20251209;09:32:39;-0,5;0,0;0,0;0,0;50,0;Подготовка;
20251209;09:32:44;-0,5;0,0;0,0;0,0;50,0;Подготовка;
20251209;09:32:49;-0,5;0,0;0,0;0,0;50,0;Подготовка;
20251209;09:32:54;-0,5;0,0;0,0;0,0;50,0;Подготовка;
20251209;09:32:59;-0,5;0,0;0,0;0,0;50,0;Подготовка;
20251209;09:33:04;-0,5;0,0;0,0;0,0;50,0;Подготовка;
20251209;09:33:10;-0,5;0,0;0,0;0,0;50,0;Подготовка;
20251209;09:33:15;-0,5;0,0;0,0;0,0;50,0;Подготовка;
20251209;09:33:20;-0,5;0,0;0,0;0,0;50,0;Подготовка;
20251209;09:33:25;-0,5;0,0;0,0;0,0;50,0;Подготовка;
20251209;09:33:30;-0,5;0,0;0,0;0,0;50,0;Подготовка;
20251209;09:33:35;-0,5;0,0;0,0;0,0;50,0;Подготовка;
20251209;09:33:40;-0,5;0,0;0,0;0,0;50,0;Подготовка;
20251209;09:33:45;-0,5;0,0;0,0;0,0;50,0;Подготовка;
Предприятие;
Объект;
Вид оборудования;
Дисп. наименование;
Тип;
Зав. номер;
Сер. номер;
Год выпуска;
Год ввода в эксплуатацию;
Дата отбора пробы;
Марка пробы;
Температура пробы;
DATE ;TIME ;TS_TEMP ;PROB_TEMP ;PROB_OTN_VL ;PROBE_VlAGOSOD ;SP ;STATUS ; 
20251209;09:34:03;-0,39;0,0;0,0;0,0;50,0;Включение;
20251209;09:34:08;-0,49;0,0;0,0;0,0;50,0;Включение;
20251209;09:34:13;-0,49;0,0;0,0;0,0;50,0;Подготовка;
20251209;09:34:18;-0,49;0,0;0,0;0,0;50,0;Подготовка;
20251209;09:34:23;-0,49;0,0;0,0;0,0;50,0;Подготовка;
20251209;09:34:28;-0,49;0,0;0,0;0,0;50,0;Подготовка;
20251209;09:34:33;-0,5;0,0;0,0;0,0;50,0;Подготовка;
20251209;09:34:38;-0,5;0,0;0,0;0,0;50,0;Подготовка;
20251209;09:34:43;-0,5;0,0;0,0;0,0;50,0;Подготовка;
20251209;09:34:48;-0,5;0,0;0,0;0,0;50,0;Подготовка;
20251209;09:34:53;-0,5;0,0;0,0;0,0;50,0;Подготовка;
20251209;09:34:58;-0,5;0,0;0,0;0,0;50,0;Подготовка;
20251209;09:35:03;-0,5;0,0;0,0;0,0;50,0;Подготовка;
20251209;09:35:08;-0,5;0,0;0,0;0,0;50,0;Подготовка;
20251209;09:35:13;-0,5;0,0;0,0;0,0;50,0;Подготовка;
20251209;09:35:18;-0,5;0,0;0,0;0,0;50,0;Подготовка;
20251209;09:35:23;-0,5;0,0;0,0;0,0;50,0;Подготовка;
20251209;09:35:28;-0,5;0,0;0,0;0,0;50,0;Подготовка;
20251209;09:35:33;-0,5;0,0;0,0;0,0;50,0;Подготовка;
20251209;09:35:38;-0,5;0,0;0,0;0,0;50,0;Подготовка;
20251209;09:35:43;-0,5;0,0;0,0;0,0;50,0;Подготовка;
20251209;09:35:48;-0,5;0,0;0,0;0,0;50,0;Подготовка;
20251209;09:35:53;-0,5;0,0;0,0;0,0;50,0;Подготовка;
20251209;09:35:58;-0,5;0,0;0,0;0,0;50,0;Подготовка;
20251209;09:36:04;-0,5;0,0;0,0;0,0;50,0;Подготовка;
20251209;09:36:09;-0,5;0,0;0,0;0,0;50,0;Подготовка;
20251209;09:36:14;-0,5;0,0;0,0;0,0;50,0;Подготовка;
20251209;09:36:19;-0,5;0,0;0,0;0,0;50,0;Подготовка;
20251209;09:36:24;-0,5;0,0;0,0;0,0;50,0;Подготовка;
20251209;09:36:29;-0,5;0,0;0,0;0,0;50,0;Подготовка;
20251209;09:36:34;-0,5;0,0;0,0;0,0;50,0;Подготовка;
20251209;09:36:39;-0,5;0,0;0,0;0,0;50,0;Подготовка;
20251209;09:36:44;-0,5;0,0;0,0;0,0;50,0;Подготовка;
20251209;09:36:49;-0,5;0,0;0,0;0,0;50,0;Подготовка;
20251209;09:36:54;-0,5;0,0;0,0;0,0;50,0;Подготовка;
20251209;09:36:59;-0,5;0,0;0,0;0,0;50,0;Подготовка;
20251209;09:37:04;-0,5;0,0;0,0;0,0;50,0;Подготовка;
20251209;09:37:09;-0,5;0,0;0,0;0,0;50,0;Подготовка;
20251209;09:37:14;-0,5;0,0;0,0;0,0;50,0;Подготовка;
20251209;09:37:19;-0,5;0,0;0,0;0,0;50,0;Подготовка;
20251209;09:37:24;-0,5;0,0;0,0;0,0;50,0;Подготовка;
20251209;09:37:29;-0,5;0,0;0,0;0,0;50,0;Подготовка;
20251209;09:37:34;-0,5;0,0;0,0;0,0;50,0;Подготовка;
20251209;09:37:39;-0,5;0,0;0,0;0,0;50,0;Подготовка;
20251209;09:37:44;-0,5;0,0;0,0;0,0;50,0;Подготовка;
20251209;09:37:49;-0,5;0,0;0,0;0,0;50,0;Подготовка;
20251209;09:37:54;-0,5;0,0;0,0;0,0;50,0;Подготовка;
20251209;09:37:59;-0,5;0,0;0,0;0,0;50,0;Подготовка;
20251209;09:38:04;-0,5;0,0;0,0;0,0;50,0;Подготовка;
20251209;09:38:10;-0,5;0,0;0,0;0,0;50,0;Подготовка;
20251209;09:38:15;-0,5;0,0;0,0;0,0;50,0;Подготовка;
20251209;09:38:20;-0,5;0,0;0,0;0,0;50,0;Подготовка;
20251209;09:38:25;-0,5;0,0;0,0;0,0;50,0;Подготовка;
20251209;09:38:30;-0,5;0,0;0,0;0,0;50,0;Подготовка;
20251209;09:38:35;-0,5;0,0;0,0;0,0;50,0;Подготовка;
20251209;09:38:40;-0,5;0,0;0,0;0,0;50,0;Подготовка;
20251209;09:38:45;-0,5;0,0;0,0;0,0;50,0;Подготовка;
20251209;09:38:50;-0,5;0,0;0,0;0,0;50,0;Подготовка;
20251209;09:38:55;-0,5;0,0;0,0;0,0;50,0;Подготовка;
20251209;09:39:00;-0,5;0,0;0,0;0,0;50,0;Подготовка;
20251209;09:39:05;-0,5;0,0;0,0;0,0;50,0;Подготовка;
20251209;09:39:10;-0,5;0,0;0,0;0,0;50,0;Подготовка;
20251209;09:39:15;-0,5;0,0;0,0;0,0;50,0;Подготовка;
20251209;09:39:20;-0,5;0,0;0,0;0,0;50,0;Подготовка;
20251209;09:39:25;-0,5;0,0;0,0;0,0;50,0;Подготовка;
20251209;09:39:30;-0,5;0,0;0,0;0,0;50,0;Подготовка;
20251209;09:39:35;-0,5;0,0;0,0;0,0;50,0;Подготовка;
20251209;09:39:40;-0,5;0,0;0,0;0,0;50,0;Подготовка;
20251209;09:39:45;-0,5;0,0;0,0;0,0;50,0;Подготовка;
20251209;09:39:50;-0,5;0,0;0,0;0,0;50,0;Подготовка;
20251209;09:39:55;-0,5;0,0;0,0;0,0;50,0;Подготовка;
20251209;09:40:00;-0,5;0,0;0,0;0,0;50,0;Подготовка;
20251209;09:40:05;-0,5;0,0;0,0;0,0;50,0;Подготовка;
20251209;09:40:10;-0,5;0,0;0,0;0,0;50,0;Подготовка;
20251209;09:40:16;-0,5;0,0;0,0;0,0;50,0;Подготовка;
20251209;09:40:21;-0,5;0,0;0,0;0,0;50,0;Подготовка;
20251209;09:40:26;-0,5;0,0;0,0;0,0;50,0;Подготовка;
20251209;09:40:31;-0,5;0,0;0,0;0,0;50,0;Подготовка;
20251209;09:40:36;-0,5;0,0;0,0;0,0;50,0;Подготовка;
20251209;09:40:41;-0,5;0,0;0,0;0,0;50,0;Подготовка;
20251209;09:40:46;-0,5;0,0;0,0;0,0;50,0;Подготовка;
20251209;09:40:51;-0,5;0,0;0,0;0,0;50,0;Подготовка;
20251209;09:40:56;-0,5;0,0;0,0;0,0;50,0;Подготовка;
20251209;09:41:01;-0,5;0,0;0,0;0,0;50,0;Подготовка;
20251209;09:41:06;-0,5;0,0;0,0;0,0;50,0;Подготовка;
20251209;09:41:11;-0,5;0,0;0,0;0,0;50,0;Подготовка;
20251209;09:41:16;-0,5;0,0;0,0;0,0;50,0;Подготовка;
20251209;09:41:21;-0,5;0,0;0,0;0,0;50,0;Подготовка;
20251209;09:41:26;-0,5;0,0;0,0;0,0;50,0;Подготовка;
20251209;09:41:31;-0,5;0,0;0,0;0,0;50,0;Подготовка;
20251209;09:41:36;-0,5;0,0;0,0;0,0;50,0;Подготовка;
20251209;09:41:41;-0,5;0,0;0,0;0,0;50,0;Подготовка;
20251209;09:41:46;-0,5;0,0;0,0;0,0;50,0;Подготовка;
20251209;09:41:51;-0,5;0,0;0,0;0,0;50,0;Подготовка;
20251209;09:41:56;-0,5;0,0;0,0;0,0;50,0;Подготовка;
20251209;09:42:01;-0,5;0,0;0,0;0,0;50,0;Подготовка;
20251209;09:42:06;-0,5;0,0;0,0;0,0;50,0;Подготовка;
20251209;09:42:11;-0,5;0,0;0,0;0,0;50,0;Подготовка;
20251209;09:42:16;-0,5;0,0;0,0;0,0;50,0;Подготовка;
20251209;09:42:22;-0,5;0,0;0,0;0,0;50,0;Подготовка;
20251209;09:42:27;-0,5;0,0;0,0;0,0;50,0;Подготовка;
20251209;09:42:32;-0,5;0,0;0,0;0,0;50,0;Подготовка;
20251209;09:42:37;-0,5;0,0;0,0;0,0;50,0;Подготовка;
20251209;09:42:42;-0,5;0,0;0,0;0,0;50,0;Подготовка;
20251209;09:42:47;-0,5;0,0;0,0;0,0;50,0;Подготовка;
20251209;09:42:52;-0,5;0,0;0,0;0,0;50,0;Подготовка;
20251209;09:42:57;-0,5;0,0;0,0;0,0;50,0;Подготовка;
20251209;09:43:02;-0,5;0,0;0,0;0,0;50,0;Подготовка;
20251209;09:43:07;-0,5;0,0;0,0;0,0;50,0;Подготовка;
20251209;09:43:12;-0,5;0,0;0,0;0,0;50,0;Подготовка;
20251209;09:43:17;-0,5;0,0;0,0;0,0;50,0;Подготовка;
20251209;09:43:22;-0,5;0,0;0,0;0,0;50,0;Подготовка;
20251209;09:43:27;-0,5;0,0;0,0;0,0;50,0;Подготовка;
20251209;09:43:32;-0,5;0,0;0,0;0,0;50,0;Подготовка;
20251209;09:43:37;-0,5;0,0;0,0;0,0;50,0;Подготовка;
20251209;09:43:42;-0,5;0,0;0,0;0,0;50,0;Подготовка;
20251209;09:43:47;-0,5;0,0;0,0;0,0;50,0;Подготовка;
20251209;09:43:52;-0,5;0,0;0,0;0,0;50,0;Подготовка;
20251209;09:43:57;-0,5;0,0;0,0;0,0;50,0;Подготовка;
20251209;09:44:02;-0,5;0,0;0,0;0,0;50,0;Подготовка;
20251209;09:44:07;-0,5;0,0;0,0;0,0;50,0;Подготовка;
20251209;09:44:12;-0,5;0,0;0,0;0,0;50,0;Подготовка;
20251209;09:44:17;-0,5;0,0;0,0;0,0;50,0;Подготовка;
20251209;09:44:22;-0,5;0,0;0,0;0,0;50,0;Подготовка;
20251209;09:44:28;-0,5;0,0;0,0;0,0;50,0;Подготовка;
20251209;09:44:33;-0,5;0,0;0,0;0,0;50,0;Подготовка;
20251209;09:44:38;-0,5;0,0;0,0;0,0;50,0;Подготовка;
20251209;09:44:43;-0,5;0,0;0,0;0,0;50,0;Подготовка;
20251209;09:44:48;-0,5;0,0;0,0;0,0;50,0;Подготовка;
20251209;09:44:53;-0,5;0,0;0,0;0,0;50,0;Подготовка;
20251209;09:44:58;-0,5;0,0;0,0;0,0;50,0;Подготовка;
20251209;09:45:03;-0,5;0,0;0,0;0,0;50,0;Подготовка;
20251209;09:45:08;-0,5;0,0;0,0;0,0;50,0;Подготовка;
20251209;09:45:13;-0,5;0,0;0,0;0,0;50,0;Подготовка;
20251209;09:45:18;-0,5;0,0;0,0;0,0;50,0;Подготовка;
20251209;09:45:23;-0,5;0,0;0,0;0,0;50,0;Подготовка;
20251209;09:45:28;-0,5;0,0;0,0;0,0;50,0;Подготовка;
20251209;09:45:33;-0,5;0,0;0,0;0,0;50,0;Подготовка;
20251209;09:45:38;-0,5;0,0;0,0;0,0;50,0;Подготовка;
20251209;09:45:43;-0,5;0,0;0,0;0,0;50,0;Подготовка;
20251209;09:45:48;-0,5;0,0;0,0;0,0;50,0;Подготовка;
20251209;09:45:53;-0,5;0,0;0,0;0,0;50,0;Подготовка;
20251209;09:45:58;-0,5;0,0;0,0;0,0;50,0;Подготовка;
20251209;09:46:03;-0,5;0,0;0,0;0,0;50,0;Подготовка;
20251209;09:46:08;-0,5;0,0;0,0;0,0;50,0;Подготовка;
20251209;09:46:13;-0,5;0,0;0,0;0,0;50,0;Подготовка;
20251209;09:46:18;-0,5;0,0;0,0;0,0;50,0;Подготовка;
20251209;09:46:23;-0,5;0,0;0,0;0,0;50,0;Подготовка;
20251209;09:46:28;-0,5;0,0;0,0;0,0;50,0;Подготовка;
20251209;09:46:34;-0,5;0,0;0,0;0,0;50,0;Подготовка;
20251209;09:46:39;-0,5;0,0;0,0;0,0;50,0;Подготовка;
20251209;09:46:44;-0,5;0,0;0,0;0,0;50,0;Подготовка;
20251209;09:46:49;-0,5;0,0;0,0;0,0;50,0;Подготовка;
20251209;09:46:54;-0,5;0,0;0,0;0,0;50,0;Подготовка;
20251209;09:46:59;-0,5;0,0;0,0;0,0;50,0;Подготовка;
20251209;09:47:04;-0,5;0,0;0,0;0,0;50,0;Подготовка;
20251209;09:47:09;-0,5;0,0;0,0;0,0;50,0;Подготовка;
20251209;09:47:14;-0,5;0,0;0,0;0,0;50,0;Подготовка;
20251209;09:47:19;-0,5;0,0;0,0;0,0;50,0;Подготовка;
20251209;09:47:24;-0,5;0,0;0,0;0,0;50,0;Подготовка;
20251209;09:47:29;-0,5;0,0;0,0;0,0;50,0;Подготовка;
20251209;09:47:34;-0,5;0,0;0,0;0,0;50,0;Подготовка;
20251209;09:47:39;-0,5;0,0;0,0;0,0;50,0;Подготовка;
20251209;09:47:44;-0,5;0,0;0,0;0,0;50,0;Подготовка;
20251209;09:47:49;-0,5;0,0;0,0;0,0;50,0;Подготовка;
20251209;09:47:54;-0,5;0,0;0,0;0,0;50,0;Подготовка;
20251209;09:47:59;-0,5;0,0;0,0;0,0;50,0;Подготовка;
20251209;09:48:04;-0,5;0,0;0,0;0,0;50,0;Подготовка;
20251209;09:48:09;-0,5;0,0;0,0;0,0;50,0;Подготовка;
20251209;09:48:14;-0,5;0,0;0,0;0,0;50,0;Подготовка;
20251209;09:48:19;-0,5;0,0;0,0;0,0;50,0;Подготовка;
20251209;09:48:24;-0,5;0,0;0,0;0,0;50,0;Подготовка;
20251209;09:48:29;-0,5;0,0;0,0;0,0;50,0;Подготовка;
20251209;09:48:34;-0,5;0,0;0,0;0,0;50,0;Подготовка;
20251209;09:48:40;-0,5;0,0;0,0;0,0;50,0;Подготовка;
20251209;09:48:45;-0,5;0,0;0,0;0,0;50,0;Подготовка;
20251209;09:48:50;-0,5;0,0;0,0;0,0;50,0;Подготовка;
20251209;09:48:55;-0,5;0,0;0,0;0,0;50,0;Подготовка;
20251209;09:49:00;-0,5;0,0;0,0;0,0;50,0;Подготовка;
20251209;09:49:05;-0,5;0,0;0,0;0,0;50,0;Подготовка;
20251209;09:49:10;-0,5;0,0;0,0;0,0;50,0;Подготовка;
20251209;09:49:15;-0,5;0,0;0,0;0,0;50,0;Подготовка;
20251209;09:49:20;-0,5;0,0;0,0;0,0;50,0;Подготовка;
20251209;09:49:25;-0,5;0,0;0,0;0,0;50,0;Подготовка;
20251209;09:49:30;-0,5;0,0;0,0;0,0;50,0;Подготовка;
20251209;09:49:35;-0,5;0,0;0,0;0,0;50,0;Подготовка;
20251209;09:49:40;-0,5;0,0;0,0;0,0;50,0;Подготовка;
20251209;09:49:45;-0,5;0,0;0,0;0,0;50,0;Подготовка;
20251209;09:49:50;-0,5;0,0;0,0;0,0;50,0;Подготовка;
20251209;09:49:55;-0,5;0,0;0,0;0,0;50,0;Подготовка;
20251209;09:50:00;-0,5;0,0;0,0;0,0;50,0;Подготовка;
20251209;09:50:05;-0,5;0,0;0,0;0,0;50,0;Подготовка;
20251209;09:50:10;-0,5;0,0;0,0;0,0;50,0;Подготовка;
20251209;09:50:15;-0,5;0,0;0,0;0,0;50,0;Подготовка;
20251209;09:50:20;-0,5;0,0;0,0;0,0;50,0;Подготовка;
20251209;09:50:25;-0,5;0,0;0,0;0,0;50,0;Подготовка;
20251209;09:50:30;-0,5;0,0;0,0;0,0;50,0;Подготовка;
20251209;09:50:35;-0,5;0,0;0,0;0,0;50,0;Подготовка;
20251209;09:50:40;-0,5;0,0;0,0;0,0;50,0;Подготовка;
20251209;09:50:46;-0,5;0,0;0,0;0,0;50,0;Подготовка;
20251209;09:50:51;-0,5;0,0;0,0;0,0;50,0;Подготовка;
20251209;09:50:56;-0,5;0,0;0,0;0,0;50,0;Подготовка;
20251209;09:51:01;-0,5;0,0;0,0;0,0;50,0;Подготовка;
20251209;09:51:06;-0,5;0,0;0,0;0,0;50,0;Подготовка;
20251209;09:51:11;-0,5;0,0;0,0;0,0;50,0;Подготовка;
20251209;09:51:16;-0,5;0,0;0,0;0,0;50,0;Подготовка;
20251209;09:51:21;-0,5;0,0;0,0;0,0;50,0;Подготовка;
20251209;09:51:26;-0,5;0,0;0,0;0,0;50,0;Подготовка;
20251209;09:51:31;-0,5;0,0;0,0;0,0;50,0;Подготовка;
20251209;09:51:36;-0,5;0,0;0,0;0,0;50,0;Подготовка;
20251209;09:51:41;-0,5;0,0;0,0;0,0;50,0;Подготовка;
20251209;09:51:46;-0,5;0,0;0,0;0,0;50,0;Подготовка;
20251209;09:51:51;-0,5;0,0;0,0;0,0;50,0;Подготовка;
20251209;09:51:56;-0,5;0,0;0,0;0,0;50,0;Подготовка;
20251209;09:52:01;-0,5;0,0;0,0;0,0;50,0;Подготовка;
20251209;09:52:06;-0,5;0,0;0,0;0,0;50,0;Подготовка;
20251209;09:52:11;-0,5;0,0;0,0;0,0;50,0;Подготовка;
20251209;09:52:16;-0,5;0,0;0,0;0,0;50,0;Подготовка;
20251209;09:52:21;-0,5;0,0;0,0;0,0;50,0;Подготовка;
20251209;09:52:26;-0,5;0,0;0,0;0,0;50,0;Подготовка;
20251209;09:52:31;-0,5;0,0;0,0;0,0;50,0;Подготовка;
20251209;09:52:36;-0,5;0,0;0,0;0,0;50,0;Подготовка;
20251209;09:52:41;-0,5;0,0;0,0;0,0;50,0;Подготовка;
20251209;09:52:46;-0,5;0,0;0,0;0,0;50,0;Подготовка;
20251209;09:52:52;-0,5;0,0;0,0;0,0;50,0;Подготовка;
20251209;09:52:57;-0,5;0,0;0,0;0,0;50,0;Подготовка;
20251209;09:53:02;-0,5;0,0;0,0;0,0;50,0;Подготовка;
20251209;09:53:07;-0,5;0,0;0,0;0,0;50,0;Подготовка;
20251209;09:53:12;-0,5;0,0;0,0;0,0;50,0;Подготовка;
20251209;09:53:17;-0,5;0,0;0,0;0,0;50,0;Подготовка;
20251209;09:53:22;-0,5;0,0;0,0;0,0;50,0;Подготовка;
20251209;09:53:27;-0,5;0,0;0,0;0,0;50,0;Подготовка;
20251209;09:53:32;-0,5;0,0;0,0;0,0;50,0;Подготовка;
20251209;09:53:37;-0,5;0,0;0,0;0,0;50,0;Подготовка;
20251209;09:53:42;-0,5;0,0;0,0;0,0;50,0;Подготовка;
20251209;09:53:47;-0,5;0,0;0,0;0,0;50,0;Подготовка;
20251209;09:53:52;-0,5;0,0;0,0;0,0;50,0;Подготовка;
20251209;09:53:57;-0,5;0,0;0,0;0,0;50,0;Подготовка;
20251209;09:54:02;-0,5;0,0;0,0;0,0;50,0;Подготовка;
20251209;09:54:07;-0,5;0,0;0,0;0,0;50,0;Подготовка;
20251209;09:54:12;-0,5;0,0;0,0;0,0;50,0;Подготовка;
20251209;09:54:17;-0,5;0,0;0,0;0,0;50,0;Подготовка;
20251209;09:54:22;-0,5;0,0;0,0;0,0;50,0;Подготовка;
20251209;09:54:27;-0,5;0,0;0,0;0,0;50,0;Подготовка;
20251209;09:54:32;-0,5;0,0;0,0;0,0;50,0;Подготовка;
20251209;09:54:37;-0,5;0,0;0,0;0,0;50,0;Подготовка;
20251209;09:54:42;-0,5;0,0;0,0;0,0;50,0;Подготовка;
20251209;09:54:47;-0,5;0,0;0,0;0,0;50,0;Подготовка;
20251209;09:54:52;-0,5;0,0;0,0;0,0;50,0;Подготовка;
20251209;09:54:58;-0,5;0,0;0,0;0,0;50,0;Подготовка;
20251209;09:55:03;-0,5;0,0;0,0;0,0;50,0;Подготовка;
20251209;09:55:08;-0,5;0,0;0,0;0,0;50,0;Подготовка;
20251209;09:55:13;-0,5;0,0;0,0;0,0;50,0;Подготовка;
20251209;09:55:18;-0,5;0,0;0,0;0,0;50,0;Подготовка;
20251209;09:55:23;-0,5;0,0;0,0;0,0;50,0;Подготовка;
20251209;09:55:28;-0,5;0,0;0,0;0,0;50,0;Подготовка;
20251209;09:55:33;-0,5;0,0;0,0;0,0;50,0;Подготовка;
20251209;09:55:38;-0,5;0,0;0,0;0,0;50,0;Подготовка;
20251209;09:55:43;-0,5;0,0;0,0;0,0;50,0;Подготовка;
20251209;09:55:48;-0,5;0,0;0,0;0,0;50,0;Подготовка;
20251209;09:55:53;-0,5;0,0;0,0;0,0;50,0;Подготовка;
20251209;09:55:58;-0,5;0,0;0,0;0,0;50,0;Подготовка;
20251209;09:56:03;-0,5;0,0;0,0;0,0;50,0;Подготовка;
20251209;09:56:08;-0,5;0,0;0,0;0,0;50,0;Подготовка;
20251209;09:56:13;-0,5;0,0;0,0;0,0;50,0;Подготовка;
20251209;09:56:18;-0,5;0,0;0,0;0,0;50,0;Подготовка;
20251209;09:56:23;-0,5;0,0;0,0;0,0;50,0;Подготовка;
20251209;09:56:28;-0,5;0,0;0,0;0,0;50,0;Подготовка;
20251209;09:56:33;-0,5;0,0;0,0;0,0;50,0;Подготовка;
20251209;09:56:38;-0,5;0,0;0,0;0,0;50,0;Подготовка;
20251209;09:56:43;-0,5;0,0;0,0;0,0;50,0;Подготовка;
20251209;09:56:48;-0,5;0,0;0,0;0,0;50,0;Подготовка;
20251209;09:56:53;-0,5;0,0;0,0;0,0;50,0;Подготовка;
20251209;09:56:58;-0,5;0,0;0,0;0,0;50,0;Подготовка;
20251209;09:57:04;-0,5;0,0;0,0;0,0;50,0;Подготовка;
20251209;09:57:09;-0,5;0,0;0,0;0,0;50,0;Подготовка;
20251209;09:57:14;-0,5;0,0;0,0;0,0;50,0;Подготовка;
20251209;09:57:19;-0,5;0,0;0,0;0,0;50,0;Подготовка;
20251209;09:57:24;-0,5;0,0;0,0;0,0;50,0;Подготовка;
20251209;09:57:29;-0,5;0,0;0,0;0,0;50,0;Подготовка;
20251209;09:57:34;-0,5;0,0;0,0;0,0;50,0;Подготовка;
20251209;09:57:39;-0,5;0,0;0,0;0,0;50,0;Подготовка;
20251209;09:57:44;-0,5;0,0;0,0;0,0;50,0;Подготовка;
20251209;09:57:49;-0,5;0,0;0,0;0,0;50,0;Подготовка;
20251209;09:57:54;-0,5;0,0;0,0;0,0;50,0;Подготовка;
20251209;09:57:59;-0,5;0,0;0,0;0,0;50,0;Подготовка;
20251209;09:58:04;-0,5;0,0;0,0;0,0;50,0;Подготовка;
20251209;09:58:09;-0,5;0,0;0,0;0,0;50,0;Подготовка;
20251209;09:58:14;-0,5;0,0;0,0;0,0;50,0;Подготовка;
20251209;09:58:19;-0,5;0,0;0,0;0,0;50,0;Подготовка;
20251209;09:58:24;-0,5;0,0;0,0;0,0;50,0;Подготовка;
20251209;09:58:29;-0,5;0,0;0,0;0,0;50,0;Подготовка;
20251209;09:58:34;-0,5;0,0;0,0;0,0;50,0;Подготовка;
20251209;09:58:39;-0,5;0,0;0,0;0,0;50,0;Подготовка;
20251209;09:58:44;-0,5;0,0;0,0;0,0;50,0;Подготовка;
20251209;09:58:49;-0,5;0,0;0,0;0,0;50,0;Подготовка;
20251209;09:58:54;-0,5;0,0;0,0;0,0;50,0;Подготовка;
20251209;09:58:59;-0,5;0,0;0,0;0,0;50,0;Подготовка;
20251209;09:59:04;-0,5;0,0;0,0;0,0;50,0;Подготовка;
20251209;09:59:10;-0,5;0,0;0,0;0,0;50,0;Подготовка;
20251209;09:59:15;-0,5;0,0;0,0;0,0;50,0;Подготовка;
20251209;09:59:20;-0,5;0,0;0,0;0,0;50,0;Подготовка;
20251209;09:59:25;-0,5;0,0;0,0;0,0;50,0;Подготовка;
20251209;09:59:30;-0,5;0,0;0,0;0,0;50,0;Подготовка;
20251209;09:59:35;-0,5;0,0;0,0;0,0;50,0;Подготовка;
20251209;09:59:40;-0,5;0,0;0,0;0,0;50,0;Подготовка;
20251209;09:59:45;-0,5;0,0;0,0;0,0;50,0;Подготовка;
20251209;09:59:50;-0,5;0,0;0,0;0,0;50,0;Подготовка;
20251209;09:59:55;-0,5;0,0;0,0;0,0;50,0;Подготовка;
20251209;10:00:00;-0,5;0,0;0,0;0,0;50,0;Подготовка;
20251209;10:00:05;-0,5;0,0;0,0;0,0;50,0;Подготовка;
20251209;10:00:10;-0,5;0,0;0,0;0,0;50,0;Подготовка;
20251209;10:00:15;-0,5;0,0;0,0;0,0;50,0;Подготовка;
20251209;10:00:20;-0,5;0,0;0,0;0,0;50,0;Подготовка;
20251209;10:00:25;-0,5;0,0;0,0;0,0;50,0;Подготовка;
20251209;10:00:30;-0,5;0,0;0,0;0,0;50,0;Подготовка;
20251209;10:00:35;-0,5;0,0;0,0;0,0;50,0;Подготовка;
20251209;10:00:40;-0,5;0,0;0,0;0,0;50,0;Подготовка;
20251209;10:00:45;-0,5;0,0;0,0;0,0;50,0;Подготовка;
20251209;10:00:50;-0,5;0,0;0,0;0,0;50,0;Подготовка;
20251209;10:00:55;-0,5;0,0;0,0;0,0;50,0;Подготовка;
20251209;10:01:00;-0,5;0,0;0,0;0,0;50,0;Подготовка;
20251209;10:01:05;-0,5;0,0;0,0;0,0;50,0;Подготовка;
20251209;10:01:10;-0,5;0,0;0,0;0,0;50,0;Подготовка;
20251209;10:01:16;-0,5;0,0;0,0;0,0;50,0;Подготовка;
20251209;10:01:21;-0,5;0,0;0,0;0,0;50,0;Подготовка;
20251209;10:01:26;-0,5;0,0;0,0;0,0;50,0;Подготовка;
20251209;10:01:31;-0,5;0,0;0,0;0,0;50,0;Подготовка;
20251209;10:01:36;-0,5;0,0;0,0;0,0;50,0;Подготовка;
20251209;10:01:41;-0,5;0,0;0,0;0,0;50,0;Подготовка;
20251209;10:01:46;-0,5;0,0;0,0;0,0;50,0;Подготовка;
20251209;10:01:51;-0,5;0,0;0,0;0,0;50,0;Подготовка;
20251209;10:01:56;-0,5;0,0;0,0;0,0;50,0;Подготовка;
20251209;10:02:01;-0,5;0,0;0,0;0,0;50,0;Подготовка;
20251209;10:02:06;-0,5;0,0;0,0;0,0;50,0;Подготовка;
20251209;10:02:11;-0,5;0,0;0,0;0,0;50,0;Подготовка;
20251209;10:02:16;-0,5;0,0;0,0;0,0;50,0;Подготовка;
20251209;10:02:21;-0,5;0,0;0,0;0,0;50,0;Подготовка;
20251209;10:02:26;-0,5;0,0;0,0;0,0;50,0;Подготовка;
20251209;10:02:31;-0,5;0,0;0,0;0,0;50,0;Подготовка;
20251209;10:02:36;-0,5;0,0;0,0;0,0;50,0;Подготовка;
20251209;10:02:41;-0,5;0,0;0,0;0,0;50,0;Подготовка;
20251209;10:02:46;-0,5;0,0;0,0;0,0;50,0;Подготовка;
20251209;10:02:51;-0,5;0,0;0,0;0,0;50,0;Подготовка;
20251209;10:02:56;-0,5;0,0;0,0;0,0;50,0;Подготовка;
20251209;10:03:01;-0,5;0,0;0,0;0,0;50,0;Подготовка;
20251209;10:03:06;-0,5;0,0;0,0;0,0;50,0;Подготовка;
20251209;10:03:11;-0,5;0,0;0,0;0,0;50,0;Подготовка;
20251209;10:03:16;-0,5;0,0;0,0;0,0;50,0;Подготовка;
20251209;10:03:22;-0,5;0,0;0,0;0,0;50,0;Подготовка;
20251209;10:03:27;-0,5;0,0;0,0;0,0;50,0;Подготовка;
20251209;10:03:32;-0,5;0,0;0,0;0,0;50,0;Подготовка;
20251209;10:03:37;-0,5;0,0;0,0;0,0;50,0;Подготовка;
20251209;10:03:42;-0,5;0,0;0,0;0,0;50,0;Подготовка;
20251209;10:03:47;-0,5;0,0;0,0;0,0;50,0;Подготовка;
20251209;10:03:52;-0,5;0,0;0,0;0,0;50,0;Подготовка;
20251209;10:03:57;-0,5;0,0;0,0;0,0;50,0;Подготовка;
20251209;10:04:02;-0,5;0,0;0,0;0,0;50,0;Подготовка;
20251209;10:04:07;-0,5;0,0;0,0;0,0;50,0;Подготовка;
20251209;10:04:12;-0,5;0,0;0,0;0,0;50,0;Подготовка;
20251209;10:04:17;-0,5;0,0;0,0;0,0;50,0;Подготовка;
20251209;10:04:22;-0,5;0,0;0,0;0,0;50,0;Подготовка;
20251209;10:04:27;-0,5;0,0;0,0;0,0;50,0;Подготовка;
20251209;10:04:32;-0,5;0,0;0,0;0,0;50,0;Подготовка;
20251209;10:04:37;-0,5;0,0;0,0;0,0;50,0;Подготовка;
20251209;10:04:42;-0,5;0,0;0,0;0,0;50,0;Подготовка;
20251209;10:04:47;-0,5;0,0;0,0;0,0;50,0;Подготовка;
20251209;10:04:52;-0,5;0,0;0,0;0,0;50,0;Подготовка;
20251209;10:04:57;-0,5;0,0;0,0;0,0;50,0;Подготовка;
20251209;10:05:02;-0,5;0,0;0,0;0,0;50,0;Подготовка;
20251209;10:05:07;-0,5;0,0;0,0;0,0;50,0;Подготовка;
20251209;10:05:12;-0,5;0,0;0,0;0,0;50,0;Подготовка;
20251209;10:05:17;-0,5;0,0;0,0;0,0;50,0;Подготовка;
20251209;10:05:22;-0,5;0,0;0,0;0,0;50,0;Подготовка;
20251209;10:05:28;-0,5;0,0;0,0;0,0;50,0;Подготовка;
20251209;10:05:33;-0,5;0,0;0,0;0,0;50,0;Подготовка;
20251209;10:05:38;-0,5;0,0;0,0;0,0;50,0;Подготовка;
20251209;10:05:43;-0,5;0,0;0,0;0,0;50,0;Подготовка;
20251209;10:05:48;-0,5;0,0;0,0;0,0;50,0;Подготовка;
20251209;10:05:53;-0,5;0,0;0,0;0,0;50,0;Подготовка;
20251209;10:05:58;-0,5;0,0;0,0;0,0;50,0;Подготовка;
20251209;10:06:03;-0,5;0,0;0,0;0,0;50,0;Подготовка;
20251209;10:06:08;-0,5;0,0;0,0;0,0;50,0;Подготовка;
20251209;10:06:13;-0,5;0,0;0,0;0,0;50,0;Подготовка;
20251209;10:06:18;-0,5;0,0;0,0;0,0;50,0;Подготовка;
20251209;10:06:23;-0,5;0,0;0,0;0,0;50,0;Подготовка;
20251209;10:06:28;-0,5;0,0;0,0;0,0;50,0;Подготовка;
20251209;10:06:33;-0,5;0,0;0,0;0,0;50,0;Подготовка;
20251209;10:06:38;-0,5;0,0;0,0;0,0;50,0;Подготовка;
20251209;10:06:43;-0,5;0,0;0,0;0,0;50,0;Подготовка;
20251209;10:06:48;-0,5;0,0;0,0;0,0;50,0;Подготовка;
20251209;10:06:53;-0,5;0,0;0,0;0,0;50,0;Подготовка;
20251209;10:06:58;-0,5;0,0;0,0;0,0;50,0;Подготовка;
20251209;10:07:03;-0,5;0,0;0,0;0,0;50,0;Подготовка;
20251209;10:07:08;-0,5;0,0;0,0;0,0;50,0;Подготовка;
20251209;10:07:13;-0,5;0,0;0,0;0,0;50,0;Подготовка;
20251209;10:07:18;-0,5;0,0;0,0;0,0;50,0;Подготовка;
20251209;10:07:23;-0,5;0,0;0,0;0,0;50,0;Подготовка;
20251209;10:07:28;-0,5;0,0;0,0;0,0;50,0;Подготовка;
20251209;10:07:34;-0,5;0,0;0,0;0,0;50,0;Подготовка;
20251209;10:07:39;-0,5;0,0;0,0;0,0;50,0;Подготовка;
20251209;10:07:44;-0,5;0,0;0,0;0,0;50,0;Подготовка;
20251209;10:07:49;-0,5;0,0;0,0;0,0;50,0;Подготовка;
20251209;10:07:54;-0,5;0,0;0,0;0,0;50,0;Подготовка;
20251209;10:07:59;-0,5;0,0;0,0;0,0;50,0;Подготовка;
20251209;10:08:04;-0,5;0,0;0,0;0,0;50,0;Подготовка;
20251209;10:08:09;-0,5;0,0;0,0;0,0;50,0;Подготовка;
20251209;10:08:14;-0,5;0,0;0,0;0,0;50,0;Подготовка;
20251209;10:08:19;-0,5;0,0;0,0;0,0;50,0;Подготовка;
20251209;10:08:24;-0,5;0,0;0,0;0,0;50,0;Подготовка;
20251209;10:08:29;-0,5;0,0;0,0;0,0;50,0;Подготовка;
20251209;10:08:34;-0,5;0,0;0,0;0,0;50,0;Подготовка;
20251209;10:08:39;-0,5;0,0;0,0;0,0;50,0;Подготовка;
20251209;10:08:44;-0,5;0,0;0,0;0,0;50,0;Подготовка;
20251209;10:08:49;-0,5;0,0;0,0;0,0;50,0;Подготовка;
20251209;10:08:54;-0,5;0,0;0,0;0,0;50,0;Подготовка;
20251209;10:08:59;-0,5;0,0;0,0;0,0;50,0;Подготовка;
20251209;10:09:04;-0,5;0,0;0,0;0,0;50,0;Подготовка;
20251209;10:09:09;-0,5;0,0;0,0;0,0;50,0;Подготовка;
20251209;10:09:14;-0,5;0,0;0,0;0,0;50,0;Подготовка;
20251209;10:09:19;-0,5;0,0;0,0;0,0;50,0;Подготовка;
20251209;10:09:24;-0,5;0,0;0,0;0,0;50,0;Подготовка;
20251209;10:09:29;-0,5;0,0;0,0;0,0;50,0;Подготовка;
20251209;10:09:34;-0,5;0,0;0,0;0,0;50,0;Подготовка;
20251209;10:09:40;-0,5;0,0;0,0;0,0;50,0;Подготовка;
20251209;10:09:45;-0,5;0,0;0,0;0,0;50,0;Подготовка;
20251209;10:09:50;-0,5;0,0;0,0;0,0;50,0;Подготовка;
20251209;10:09:55;-0,5;0,0;0,0;0,0;50,0;Подготовка;
20251209;10:10:00;-0,5;0,0;0,0;0,0;50,0;Подготовка;
20251209;10:10:05;-0,5;0,0;0,0;0,0;50,0;Подготовка;
20251209;10:10:10;-0,5;0,0;0,0;0,0;50,0;Подготовка;
20251209;10:10:15;-0,5;0,0;0,0;0,0;50,0;Подготовка;
20251209;10:10:20;-0,5;0,0;0,0;0,0;50,0;Подготовка;
20251209;10:10:25;-0,5;0,0;0,0;0,0;50,0;Подготовка;
20251209;10:10:30;-0,5;0,0;0,0;0,0;50,0;Подготовка;
20251209;10:10:35;-0,5;0,0;0,0;0,0;50,0;Подготовка;
20251209;10:10:40;-0,5;0,0;0,0;0,0;50,0;Подготовка;
20251209;10:10:45;-0,5;0,0;0,0;0,0;50,0;Подготовка;
20251209;10:10:50;-0,5;0,0;0,0;0,0;50,0;Подготовка;
20251209;10:10:55;-0,5;0,0;0,0;0,0;50,0;Подготовка;
20251209;10:11:00;-0,5;0,0;0,0;0,0;50,0;Подготовка;
20251209;10:11:05;-0,5;0,0;0,0;0,0;50,0;Подготовка;
20251209;10:11:10;-0,5;0,0;0,0;0,0;50,0;Подготовка;
20251209;10:11:15;-0,5;0,0;0,0;0,0;50,0;Подготовка;
20251209;10:11:20;-0,5;0,0;0,0;0,0;50,0;Подготовка;
20251209;10:11:25;-0,5;0,0;0,0;0,0;50,0;Подготовка;
20251209;10:11:30;-0,5;0,0;0,0;0,0;50,0;Подготовка;
20251209;10:11:35;-0,5;0,0;0,0;0,0;50,0;Подготовка;
20251209;10:11:40;-0,5;0,0;0,0;0,0;50,0;Подготовка;
20251209;10:11:46;-0,5;0,0;0,0;0,0;50,0;Подготовка;
20251209;10:11:51;-0,5;0,0;0,0;0,0;50,0;Подготовка;
20251209;10:11:56;-0,5;0,0;0,0;0,0;50,0;Подготовка;
20251209;10:12:01;-0,5;0,0;0,0;0,0;50,0;Подготовка;
20251209;10:12:06;-0,5;0,0;0,0;0,0;50,0;Подготовка;
20251209;10:12:11;-0,5;0,0;0,0;0,0;50,0;Подготовка;
20251209;10:12:16;-0,5;0,0;0,0;0,0;50,0;Подготовка;
20251209;10:12:21;-0,5;0,0;0,0;0,0;50,0;Подготовка;
20251209;10:12:26;-0,5;0,0;0,0;0,0;50,0;Подготовка;
20251209;10:12:31;-0,5;0,0;0,0;0,0;50,0;Подготовка;
20251209;10:12:36;-0,5;0,0;0,0;0,0;50,0;Подготовка;
20251209;10:12:41;-0,5;0,0;0,0;0,0;50,0;Подготовка;
20251209;10:12:46;-0,5;0,0;0,0;0,0;50,0;Подготовка;
20251209;10:12:51;-0,5;0,0;0,0;0,0;50,0;Подготовка;
20251209;10:12:56;-0,5;0,0;0,0;0,0;50,0;Подготовка;
20251209;10:13:01;-0,5;0,0;0,0;0,0;50,0;Подготовка;
20251209;10:13:06;-0,5;0,0;0,0;0,0;50,0;Подготовка;
20251209;10:13:11;-0,5;0,0;0,0;0,0;50,0;Подготовка;
20251209;10:13:16;-0,5;0,0;0,0;0,0;50,0;Подготовка;
20251209;10:13:21;-0,5;0,0;0,0;0,0;50,0;Подготовка;
20251209;10:13:26;-0,5;0,0;0,0;0,0;50,0;Подготовка;
20251209;10:13:31;-0,5;0,0;0,0;0,0;50,0;Подготовка;
20251209;10:13:36;-0,5;0,0;0,0;0,0;50,0;Подготовка;
20251209;10:13:41;-0,5;0,0;0,0;0,0;50,0;Подготовка;
20251209;10:13:46;-0,5;0,0;0,0;0,0;50,0;Подготовка;
20251209;10:13:52;-0,5;0,0;0,0;0,0;50,0;Подготовка;
20251209;10:13:57;-0,5;0,0;0,0;0,0;50,0;Подготовка;
20251209;10:14:02;-0,5;0,0;0,0;0,0;50,0;Подготовка;
20251209;10:14:07;-0,5;0,0;0,0;0,0;50,0;Подготовка;
20251209;10:14:12;-0,5;0,0;0,0;0,0;50,0;Подготовка;
20251209;10:14:17;-0,5;0,0;0,0;0,0;50,0;Подготовка;
20251209;10:14:22;-0,5;0,0;0,0;0,0;50,0;Подготовка;
20251209;10:14:27;-0,5;0,0;0,0;0,0;50,0;Подготовка;
20251209;10:14:32;-0,5;0,0;0,0;0,0;50,0;Подготовка;
20251209;10:14:37;-0,5;0,0;0,0;0,0;50,0;Подготовка;
20251209;10:14:42;-0,5;0,0;0,0;0,0;50,0;Подготовка;
20251209;10:14:47;-0,5;0,0;0,0;0,0;50,0;Подготовка;
20251209;10:14:52;-0,5;0,0;0,0;0,0;50,0;Подготовка;
20251209;10:14:57;-0,5;0,0;0,0;0,0;50,0;Подготовка;
20251209;10:15:02;-0,5;0,0;0,0;0,0;50,0;Подготовка;
20251209;10:15:07;-0,5;0,0;0,0;0,0;50,0;Подготовка;
20251209;10:15:12;-0,5;0,0;0,0;0,0;50,0;Подготовка;
20251209;10:15:17;-0,5;0,0;0,0;0,0;50,0;Подготовка;
20251209;10:15:22;-0,5;0,0;0,0;0,0;50,0;Подготовка;
20251209;10:15:27;-0,5;0,0;0,0;0,0;50,0;Подготовка;
20251209;10:15:32;-0,5;0,0;0,0;0,0;50,0;Подготовка;
20251209;10:15:37;-0,5;0,0;0,0;0,0;50,0;Подготовка;
20251209;10:15:42;-0,5;0,0;0,0;0,0;50,0;Подготовка;
20251209;10:15:47;-0,5;0,0;0,0;0,0;50,0;Подготовка;
20251209;10:15:52;-0,5;0,0;0,0;0,0;50,0;Подготовка;
20251209;10:15:58;-0,5;0,0;0,0;0,0;50,0;Подготовка;
20251209;10:16:03;-0,5;0,0;0,0;0,0;50,0;Подготовка;
20251209;10:16:08;-0,5;0,0;0,0;0,0;50,0;Подготовка;
20251209;10:16:13;-0,5;0,0;0,0;0,0;50,0;Подготовка;
20251209;10:16:18;-0,5;0,0;0,0;0,0;50,0;Подготовка;
20251209;10:16:23;-0,5;0,0;0,0;0,0;50,0;Подготовка;
20251209;10:16:28;-0,5;0,0;0,0;0,0;50,0;Подготовка;
20251209;10:16:33;-0,5;0,0;0,0;0,0;50,0;Подготовка;
20251209;10:16:38;-0,5;0,0;0,0;0,0;50,0;Подготовка;
20251209;10:16:43;-0,5;0,0;0,0;0,0;50,0;Подготовка;
20251209;10:16:48;-0,5;0,0;0,0;0,0;50,0;Подготовка;
20251209;10:16:53;-0,5;0,0;0,0;0,0;50,0;Подготовка;
20251209;10:16:58;-0,5;0,0;0,0;0,0;50,0;Подготовка;
20251209;10:17:03;-0,5;0,0;0,0;0,0;50,0;Подготовка;
20251209;10:17:08;-0,5;0,0;0,0;0,0;50,0;Подготовка;
20251209;10:17:13;-0,5;0,0;0,0;0,0;50,0;Подготовка;
20251209;10:17:18;-0,5;0,0;0,0;0,0;50,0;Подготовка;
20251209;10:17:23;-0,5;0,0;0,0;0,0;50,0;Подготовка;
20251209;10:17:28;-0,5;0,0;0,0;0,0;50,0;Подготовка;
20251209;10:17:33;-0,5;0,0;0,0;0,0;50,0;Подготовка;
20251209;10:17:38;-0,5;0,0;0,0;0,0;50,0;Подготовка;
20251209;10:17:43;-0,5;0,0;0,0;0,0;50,0;Подготовка;
20251209;10:17:48;-0,5;0,0;0,0;0,0;50,0;Подготовка;
20251209;10:17:53;-0,5;0,0;0,0;0,0;50,0;Подготовка;
20251209;10:17:58;-0,5;0,0;0,0;0,0;50,0;Подготовка;
20251209;10:18:04;-0,5;0,0;0,0;0,0;50,0;Подготовка;
20251209;10:18:09;-0,5;0,0;0,0;0,0;50,0;Подготовка;
20251209;10:18:14;-0,5;0,0;0,0;0,0;50,0;Подготовка;
20251209;10:18:19;-0,5;0,0;0,0;0,0;50,0;Подготовка;
20251209;10:18:24;-0,5;0,0;0,0;0,0;50,0;Подготовка;
20251209;10:18:29;-0,5;0,0;0,0;0,0;50,0;Подготовка;
20251209;10:18:34;-0,5;0,0;0,0;0,0;50,0;Подготовка;
20251209;10:18:39;-0,5;0,0;0,0;0,0;50,0;Подготовка;
20251209;10:18:44;-0,5;0,0;0,0;0,0;50,0;Подготовка;
20251209;10:18:49;-0,5;0,0;0,0;0,0;50,0;Подготовка;
20251209;10:18:54;-0,5;0,0;0,0;0,0;50,0;Подготовка;
20251209;10:18:59;-0,5;0,0;0,0;0,0;50,0;Подготовка;
20251209;10:19:04;-0,5;0,0;0,0;0,0;50,0;Подготовка;
20251209;10:19:09;-0,5;0,0;0,0;0,0;50,0;Подготовка;
20251209;10:19:14;-0,5;0,0;0,0;0,0;50,0;Подготовка;
20251209;10:19:19;-0,5;0,0;0,0;0,0;50,0;Подготовка;
20251209;10:19:24;-0,5;0,0;0,0;0,0;50,0;Подготовка;
20251209;10:19:29;-0,5;0,0;0,0;0,0;50,0;Подготовка;
20251209;10:19:34;-0,5;0,0;0,0;0,0;50,0;Подготовка;
20251209;10:19:39;-0,5;0,0;0,0;0,0;50,0;Подготовка;
20251209;10:19:44;-0,5;0,0;0,0;0,0;50,0;Подготовка;
20251209;10:19:49;-0,5;0,0;0,0;0,0;50,0;Подготовка;
20251209;10:19:54;-0,5;0,0;0,0;0,0;50,0;Подготовка;
20251209;10:19:59;-0,5;0,0;0,0;0,0;50,0;Подготовка;
20251209;10:20:04;-0,5;0,0;0,0;0,0;50,0;Подготовка;
20251209;10:20:10;-0,5;0,0;0,0;0,0;50,0;Подготовка;
20251209;10:20:15;-0,5;0,0;0,0;0,0;50,0;Подготовка;
20251209;10:20:20;-0,5;0,0;0,0;0,0;50,0;Подготовка;
20251209;10:20:25;-0,5;0,0;0,0;0,0;50,0;Подготовка;
20251209;10:20:30;-0,5;0,0;0,0;0,0;50,0;Подготовка;
20251209;10:20:35;-0,5;0,0;0,0;0,0;50,0;Подготовка;
20251209;10:20:40;-0,5;0,0;0,0;0,0;50,0;Подготовка;
20251209;10:20:45;-0,5;0,0;0,0;0,0;50,0;Подготовка;
20251209;10:20:50;-0,5;0,0;0,0;0,0;50,0;Подготовка;
20251209;10:20:55;-0,5;0,0;0,0;0,0;50,0;Подготовка;
20251209;10:21:00;-0,5;0,0;0,0;0,0;50,0;Подготовка;
20251209;10:21:05;-0,5;0,0;0,0;0,0;50,0;Подготовка;
20251209;10:21:10;-0,5;0,0;0,0;0,0;50,0;Подготовка;
20251209;10:21:15;-0,5;0,0;0,0;0,0;50,0;Подготовка;
20251209;10:21:20;-0,5;0,0;0,0;0,0;50,0;Подготовка;
20251209;10:21:25;-0,5;0,0;0,0;0,0;50,0;Подготовка;
20251209;10:21:30;-0,5;0,0;0,0;0,0;50,0;Подготовка;
20251209;10:21:35;-0,5;0,0;0,0;0,0;50,0;Подготовка;
20251209;10:21:40;-0,5;0,0;0,0;0,0;50,0;Подготовка;
20251209;10:21:45;-0,5;0,0;0,0;0,0;50,0;Подготовка;
20251209;10:21:50;-0,5;0,0;0,0;0,0;50,0;Подготовка;
20251209;10:21:55;-0,5;0,0;0,0;0,0;50,0;Подготовка;
20251209;10:22:00;-0,5;0,0;0,0;0,0;50,0;Подготовка;
20251209;10:22:05;-0,5;0,0;0,0;0,0;50,0;Подготовка;
20251209;10:22:10;-0,5;0,0;0,0;0,0;50,0;Подготовка;
20251209;10:22:16;-0,5;0,0;0,0;0,0;50,0;Подготовка;
20251209;10:22:21;-0,5;0,0;0,0;0,0;50,0;Подготовка;
20251209;10:22:26;-0,5;0,0;0,0;0,0;50,0;Подготовка;
20251209;10:22:31;-0,5;0,0;0,0;0,0;50,0;Подготовка;
20251209;10:22:36;-0,5;0,0;0,0;0,0;50,0;Подготовка;
20251209;10:22:41;-0,5;0,0;0,0;0,0;50,0;Подготовка;
20251209;10:22:46;-0,5;0,0;0,0;0,0;50,0;Подготовка;
20251209;10:22:51;-0,5;0,0;0,0;0,0;50,0;Подготовка;
20251209;10:22:56;-0,5;0,0;0,0;0,0;50,0;Подготовка;
20251209;10:23:01;-0,5;0,0;0,0;0,0;50,0;Подготовка;
20251209;10:23:06;-0,5;0,0;0,0;0,0;50,0;Подготовка;
20251209;10:23:11;-0,5;0,0;0,0;0,0;50,0;Подготовка;
20251209;10:23:16;-0,5;0,0;0,0;0,0;50,0;Подготовка;
20251209;10:23:21;-0,5;0,0;0,0;0,0;50,0;Подготовка;
20251209;10:23:26;-0,5;0,0;0,0;0,0;50,0;Подготовка;
20251209;10:23:31;-0,5;0,0;0,0;0,0;50,0;Подготовка;
20251209;10:23:36;-0,5;0,0;0,0;0,0;50,0;Подготовка;
20251209;10:23:41;-0,5;0,0;0,0;0,0;50,0;Подготовка;
20251209;10:23:46;-0,5;0,0;0,0;0,0;50,0;Подготовка;
20251209;10:23:51;-0,5;0,0;0,0;0,0;50,0;Подготовка;
20251209;10:23:56;-0,5;0,0;0,0;0,0;50,0;Подготовка;
20251209;10:24:01;-0,5;0,0;0,0;0,0;50,0;Подготовка;
20251209;10:24:06;-0,5;0,0;0,0;0,0;50,0;Подготовка;
20251209;10:24:11;-0,5;0,0;0,0;0,0;50,0;Подготовка;
20251209;10:24:16;-0,5;0,0;0,0;0,0;50,0;Подготовка;
20251209;10:24:22;-0,5;0,0;0,0;0,0;50,0;Подготовка;
20251209;10:24:27;-0,5;0,0;0,0;0,0;50,0;Подготовка;
20251209;10:24:32;-0,5;0,0;0,0;0,0;50,0;Подготовка;
20251209;10:24:37;-0,5;0,0;0,0;0,0;50,0;Подготовка;
20251209;10:24:42;-0,5;0,0;0,0;0,0;50,0;Подготовка;
20251209;10:24:47;-0,5;0,0;0,0;0,0;50,0;Подготовка;
20251209;10:24:52;-0,5;0,0;0,0;0,0;50,0;Подготовка;
20251209;10:24:57;-0,5;0,0;0,0;0,0;50,0;Подготовка;
20251209;10:25:02;-0,5;0,0;0,0;0,0;50,0;Подготовка;
20251209;10:25:07;-0,5;0,0;0,0;0,0;50,0;Подготовка;
20251209;10:25:12;-0,5;0,0;0,0;0,0;50,0;Подготовка;
20251209;10:25:17;-0,5;0,0;0,0;0,0;50,0;Подготовка;
20251209;10:25:22;-0,5;0,0;0,0;0,0;50,0;Подготовка;
20251209;10:25:27;-0,5;0,0;0,0;0,0;50,0;Подготовка;
20251209;10:25:32;-0,5;0,0;0,0;0,0;50,0;Подготовка;
20251209;10:25:37;-0,5;0,0;0,0;0,0;50,0;Подготовка;
20251209;10:25:42;-0,5;0,0;0,0;0,0;50,0;Подготовка;
20251209;10:25:47;-0,5;0,0;0,0;0,0;50,0;Подготовка;
20251209;10:25:52;-0,5;0,0;0,0;0,0;50,0;Подготовка;
20251209;10:25:57;-0,5;0,0;0,0;0,0;50,0;Подготовка;
20251209;10:26:02;-0,5;0,0;0,0;0,0;50,0;Подготовка;
20251209;10:26:07;-0,5;0,0;0,0;0,0;50,0;Подготовка;
20251209;10:26:12;-0,5;0,0;0,0;0,0;50,0;Подготовка;
20251209;10:26:17;-0,5;0,0;0,0;0,0;50,0;Подготовка;
20251209;10:26:22;-0,5;0,0;0,0;0,0;50,0;Подготовка;
20251209;10:26:28;-0,5;0,0;0,0;0,0;50,0;Подготовка;
20251209;10:26:33;-0,5;0,0;0,0;0,0;50,0;Подготовка;
20251209;10:26:38;-0,5;0,0;0,0;0,0;50,0;Подготовка;
20251209;10:26:43;-0,5;0,0;0,0;0,0;50,0;Подготовка;
20251209;10:26:48;-0,5;0,0;0,0;0,0;50,0;Подготовка;
20251209;10:26:53;-0,5;0,0;0,0;0,0;50,0;Подготовка;
20251209;10:26:58;-0,5;0,0;0,0;0,0;50,0;Подготовка;
20251209;10:27:03;-0,5;0,0;0,0;0,0;50,0;Подготовка;
20251209;10:27:08;-0,5;0,0;0,0;0,0;50,0;Подготовка;
20251209;10:27:13;-0,5;0,0;0,0;0,0;50,0;Подготовка;
20251209;10:27:18;-0,5;0,0;0,0;0,0;50,0;Подготовка;
20251209;10:27:23;-0,5;0,0;0,0;0,0;50,0;Подготовка;
20251209;10:27:28;-0,5;0,0;0,0;0,0;50,0;Подготовка;
20251209;10:27:33;-0,5;0,0;0,0;0,0;50,0;Подготовка;
20251209;10:27:38;-0,5;0,0;0,0;0,0;50,0;Подготовка;
20251209;10:27:43;-0,5;0,0;0,0;0,0;50,0;Подготовка;
20251209;10:27:48;-0,5;0,0;0,0;0,0;50,0;Подготовка;
20251209;10:27:53;-0,5;0,0;0,0;0,0;50,0;Подготовка;
20251209;10:27:58;-0,5;0,0;0,0;0,0;50,0;Подготовка;
20251209;10:28:03;-0,5;0,0;0,0;0,0;50,0;Подготовка;
20251209;10:28:08;-0,5;0,0;0,0;0,0;50,0;Подготовка;
20251209;10:28:13;-0,5;0,0;0,0;0,0;50,0;Подготовка;
20251209;10:28:18;-0,5;0,0;0,0;0,0;50,0;Подготовка;
20251209;10:28:23;-0,5;0,0;0,0;0,0;50,0;Подготовка;
20251209;10:28:28;-0,5;0,0;0,0;0,0;50,0;Подготовка;
20251209;10:28:34;-0,5;0,0;0,0;0,0;50,0;Подготовка;
20251209;10:28:39;-0,5;0,0;0,0;0,0;50,0;Подготовка;
20251209;10:28:44;-0,5;0,0;0,0;0,0;50,0;Подготовка;
20251209;10:28:49;-0,5;0,0;0,0;0,0;50,0;Подготовка;
20251209;10:28:54;-0,5;0,0;0,0;0,0;50,0;Подготовка;
20251209;10:28:59;-0,5;0,0;0,0;0,0;50,0;Подготовка;
20251209;10:29:04;-0,5;0,0;0,0;0,0;50,0;Подготовка;
20251209;10:29:09;-0,5;0,0;0,0;0,0;50,0;Подготовка;
20251209;10:29:14;-0,5;0,0;0,0;0,0;50,0;Подготовка;
20251209;10:29:19;-0,5;0,0;0,0;0,0;50,0;Подготовка;
20251209;10:29:24;-0,5;0,0;0,0;0,0;50,0;Подготовка;
20251209;10:29:29;-0,5;0,0;0,0;0,0;50,0;Подготовка;
20251209;10:29:34;-0,5;0,0;0,0;0,0;50,0;Подготовка;
20251209;10:29:39;-0,5;0,0;0,0;0,0;50,0;Подготовка;
20251209;10:29:44;-0,5;0,0;0,0;0,0;50,0;Подготовка;
20251209;10:29:49;-0,5;0,0;0,0;0,0;50,0;Подготовка;
20251209;10:29:54;-0,5;0,0;0,0;0,0;50,0;Подготовка;
20251209;10:29:59;-0,5;0,0;0,0;0,0;50,0;Подготовка;
20251209;10:30:04;-0,5;0,0;0,0;0,0;50,0;Подготовка;
20251209;10:30:09;-0,5;0,0;0,0;0,0;50,0;Подготовка;
20251209;10:30:14;-0,5;0,0;0,0;0,0;50,0;Подготовка;
20251209;10:30:19;-0,5;0,0;0,0;0,0;50,0;Подготовка;
20251209;10:30:24;-0,5;0,0;0,0;0,0;50,0;Подготовка;
20251209;10:30:29;-0,5;0,0;0,0;0,0;50,0;Подготовка;
20251209;10:30:34;-0,5;0,0;0,0;0,0;50,0;Подготовка;
20251209;10:30:40;-0,5;0,0;0,0;0,0;50,0;Подготовка;
20251209;10:30:45;-0,5;0,0;0,0;0,0;50,0;Подготовка;
20251209;10:30:50;-0,5;0,0;0,0;0,0;50,0;Подготовка;
20251209;10:30:55;-0,5;0,0;0,0;0,0;50,0;Подготовка;
20251209;10:31:00;-0,5;0,0;0,0;0,0;50,0;Подготовка;
20251209;10:31:05;-0,5;0,0;0,0;0,0;50,0;Подготовка;
20251209;10:31:10;-0,5;0,0;0,0;0,0;50,0;Подготовка;
20251209;10:31:15;-0,5;0,0;0,0;0,0;50,0;Подготовка;
20251209;10:31:20;-0,5;0,0;0,0;0,0;50,0;Подготовка;
20251209;10:31:25;-0,5;0,0;0,0;0,0;50,0;Подготовка;
20251209;10:31:30;-0,5;0,0;0,0;0,0;50,0;Подготовка;
20251209;10:31:35;-0,5;0,0;0,0;0,0;50,0;Подготовка;
20251209;10:31:40;-0,5;0,0;0,0;0,0;50,0;Подготовка;
20251209;10:31:45;-0,5;0,0;0,0;0,0;50,0;Подготовка;
20251209;10:31:50;-0,5;0,0;0,0;0,0;50,0;Подготовка;
20251209;10:31:55;-0,5;0,0;0,0;0,0;50,0;Подготовка;
20251209;10:32:00;-0,5;0,0;0,0;0,0;50,0;Подготовка;
20251209;10:32:05;-0,5;0,0;0,0;0,0;50,0;Подготовка;
20251209;10:32:10;-0,5;0,0;0,0;0,0;50,0;Подготовка;
20251209;10:32:15;-0,5;0,0;0,0;0,0;50,0;Подготовка;
20251209;10:32:20;-0,5;0,0;0,0;0,0;50,0;Подготовка;
20251209;10:32:25;-0,5;0,0;0,0;0,0;50,0;Подготовка;
20251209;10:32:30;-0,5;0,0;0,0;0,0;50,0;Подготовка;
20251209;10:32:35;-0,5;0,0;0,0;0,0;50,0;Подготовка;
20251209;10:32:40;-0,5;0,0;0,0;0,0;50,0;Подготовка;
20251209;10:32:46;-0,5;0,0;0,0;0,0;50,0;Подготовка;
20251209;10:32:51;-0,5;0,0;0,0;0,0;50,0;Подготовка;
20251209;10:32:56;-0,5;0,0;0,0;0,0;50,0;Подготовка;
20251209;10:33:01;-0,5;0,0;0,0;0,0;50,0;Подготовка;
20251209;10:33:06;-0,5;0,0;0,0;0,0;50,0;Подготовка;
20251209;10:33:11;-0,5;0,0;0,0;0,0;50,0;Подготовка;
20251209;10:33:16;-0,5;0,0;0,0;0,0;50,0;Подготовка;
20251209;10:33:21;-0,5;0,0;0,0;0,0;50,0;Подготовка;
20251209;10:33:26;-0,5;0,0;0,0;0,0;50,0;Подготовка;
20251209;10:33:31;-0,5;0,0;0,0;0,0;50,0;Подготовка;
20251209;10:33:36;-0,5;0,0;0,0;0,0;50,0;Подготовка;
20251209;10:33:41;-0,5;0,0;0,0;0,0;50,0;Подготовка;
20251209;10:33:46;-0,5;0,0;0,0;0,0;50,0;Подготовка;
20251209;10:33:51;-0,5;0,0;0,0;0,0;50,0;Подготовка;
Предприятие;
Объект;
Вид оборудования;
Дисп. наименование;
Тип;
Зав. номер;
Сер. номер;
Год выпуска;
Год ввода в эксплуатацию;
Дата отбора пробы;
Марка пробы;
Температура пробы;
DATE ;TIME ;TS_TEMP ;PROB_TEMP ;PROB_OTN_VL ;PROBE_VlAGOSOD ;SP ;STATUS ; 
20251209;10:34:08;-0,39;0,0;0,0;0,0;50,0;Включение;
20251209;10:34:13;-0,49;0,0;0,0;0,0;50,0;Включение;
20251209;10:34:18;-0,49;0,0;0,0;0,0;50,0;Подготовка;
20251209;10:34:23;-0,49;0,0;0,0;0,0;50,0;Подготовка;
20251209;10:34:28;-0,49;0,0;0,0;0,0;50,0;Подготовка;
20251209;10:34:33;-0,49;0,0;0,0;0,0;50,0;Подготовка;
20251209;10:34:38;-0,5;0,0;0,0;0,0;50,0;Подготовка;
20251209;10:34:43;-0,5;0,0;0,0;0,0;50,0;Подготовка;
20251209;10:34:48;-0,5;0,0;0,0;0,0;50,0;Подготовка;
20251209;10:34:53;-0,5;0,0;0,0;0,0;50,0;Подготовка;
20251209;10:34:58;-0,5;0,0;0,0;0,0;50,0;Подготовка;
20251209;10:35:03;-0,5;0,0;0,0;0,0;50,0;Подготовка;
20251209;10:35:09;-0,5;0,0;0,0;0,0;50,0;Подготовка;
20251209;10:35:14;-0,5;0,0;0,0;0,0;50,0;Подготовка;
20251209;10:35:19;-0,5;0,0;0,0;0,0;50,0;Подготовка;
20251209;10:35:24;-0,5;0,0;0,0;0,0;50,0;Подготовка;
20251209;10:35:29;-0,5;0,0;0,0;0,0;50,0;Подготовка;
20251209;10:35:34;-0,5;0,0;0,0;0,0;50,0;Подготовка;
20251209;10:35:39;-0,5;0,0;0,0;0,0;50,0;Подготовка;
20251209;10:35:44;-0,5;0,0;0,0;0,0;50,0;Подготовка;
20251209;10:35:49;-0,5;0,0;0,0;0,0;50,0;Подготовка;
20251209;10:35:54;-0,5;0,0;0,0;0,0;50,0;Подготовка;
20251209;10:35:59;-0,5;0,0;0,0;0,0;50,0;Подготовка;
20251209;10:36:04;-0,5;0,0;0,0;0,0;50,0;Подготовка;
20251209;10:36:09;-0,5;0,0;0,0;0,0;50,0;Подготовка;
20251209;10:36:14;-0,5;0,0;0,0;0,0;50,0;Подготовка;
20251209;10:36:19;-0,5;0,0;0,0;0,0;50,0;Подготовка;
20251209;10:36:24;-0,5;0,0;0,0;0,0;50,0;Подготовка;
20251209;10:36:29;-0,5;0,0;0,0;0,0;50,0;Подготовка;
20251209;10:36:34;-0,5;0,0;0,0;0,0;50,0;Подготовка;
20251209;10:36:39;-0,5;0,0;0,0;0,0;50,0;Подготовка;
20251209;10:36:44;-0,5;0,0;0,0;0,0;50,0;Подготовка;
20251209;10:36:49;-0,5;0,0;0,0;0,0;50,0;Подготовка;
20251209;10:36:54;-0,5;0,0;0,0;0,0;50,0;Подготовка;
20251209;10:36:59;-0,5;0,0;0,0;0,0;50,0;Подготовка;
20251209;10:37:04;-0,5;0,0;0,0;0,0;50,0;Подготовка;
20251209;10:37:09;-0,5;0,0;0,0;0,0;50,0;Подготовка;
20251209;10:37:15;-0,5;0,0;0,0;0,0;50,0;Подготовка;
20251209;10:37:20;-0,5;0,0;0,0;0,0;50,0;Подготовка;
20251209;10:37:25;-0,5;0,0;0,0;0,0;50,0;Подготовка;
20251209;10:37:30;-0,5;0,0;0,0;0,0;50,0;Подготовка;
20251209;10:37:35;-0,5;0,0;0,0;0,0;50,0;Подготовка;
20251209;10:37:40;-0,5;0,0;0,0;0,0;50,0;Подготовка;
20251209;10:37:45;-0,5;0,0;0,0;0,0;50,0;Подготовка;
20251209;10:37:50;-0,5;0,0;0,0;0,0;50,0;Подготовка;
20251209;10:37:55;-0,5;0,0;0,0;0,0;50,0;Подготовка;
20251209;10:38:00;-0,5;0,0;0,0;0,0;50,0;Подготовка;
20251209;10:38:05;-0,5;0,0;0,0;0,0;50,0;Подготовка;
20251209;10:38:10;-0,5;0,0;0,0;0,0;50,0;Подготовка;
20251209;10:38:15;-0,5;0,0;0,0;0,0;50,0;Подготовка;
20251209;10:38:20;-0,5;0,0;0,0;0,0;50,0;Подготовка;
20251209;10:38:25;-0,5;0,0;0,0;0,0;50,0;Подготовка;
20251209;10:38:30;-0,5;0,0;0,0;0,0;50,0;Подготовка;
20251209;10:38:35;-0,5;0,0;0,0;0,0;50,0;Подготовка;
20251209;10:38:40;-0,5;0,0;0,0;0,0;50,0;Подготовка;
20251209;10:38:45;-0,5;0,0;0,0;0,0;50,0;Подготовка;
20251209;10:38:50;-0,5;0,0;0,0;0,0;50,0;Подготовка;
20251209;10:38:55;-0,5;0,0;0,0;0,0;50,0;Подготовка;
20251209;10:39:00;-0,5;0,0;0,0;0,0;50,0;Подготовка;
20251209;10:39:05;-0,5;0,0;0,0;0,0;50,0;Подготовка;
20251209;10:39:10;-0,5;0,0;0,0;0,0;50,0;Подготовка;
20251209;10:39:15;-0,5;0,0;0,0;0,0;50,0;Подготовка;
20251209;10:39:21;-0,5;0,0;0,0;0,0;50,0;Подготовка;
20251209;10:39:26;-0,5;0,0;0,0;0,0;50,0;Подготовка;
20251209;10:39:31;-0,5;0,0;0,0;0,0;50,0;Подготовка;
20251209;10:39:36;-0,5;0,0;0,0;0,0;50,0;Подготовка;
20251209;10:39:41;-0,5;0,0;0,0;0,0;50,0;Подготовка;
20251209;10:39:46;-0,5;0,0;0,0;0,0;50,0;Подготовка;
20251209;10:39:51;-0,5;0,0;0,0;0,0;50,0;Подготовка;
20251209;10:39:56;-0,5;0,0;0,0;0,0;50,0;Подготовка;
20251209;10:40:01;-0,5;0,0;0,0;0,0;50,0;Подготовка;
20251209;10:40:06;-0,5;0,0;0,0;0,0;50,0;Подготовка;
20251209;10:40:11;-0,5;0,0;0,0;0,0;50,0;Подготовка;
20251209;10:40:16;-0,5;0,0;0,0;0,0;50,0;Подготовка;
20251209;10:40:21;-0,5;0,0;0,0;0,0;50,0;Подготовка;
20251209;10:40:26;-0,5;0,0;0,0;0,0;50,0;Подготовка;
20251209;10:40:31;-0,5;0,0;0,0;0,0;50,0;Подготовка;
20251209;10:40:36;-0,5;0,0;0,0;0,0;50,0;Подготовка;
20251209;10:40:41;-0,5;0,0;0,0;0,0;50,0;Подготовка;
20251209;10:40:46;-0,5;0,0;0,0;0,0;50,0;Подготовка;
20251209;10:40:51;-0,5;0,0;0,0;0,0;50,0;Подготовка;
20251209;10:40:56;-0,5;0,0;0,0;0,0;50,0;Подготовка;
20251209;10:41:01;-0,5;0,0;0,0;0,0;50,0;Подготовка;
20251209;10:41:06;-0,5;0,0;0,0;0,0;50,0;Подготовка;
20251209;10:41:11;-0,5;0,0;0,0;0,0;50,0;Подготовка;
20251209;10:41:16;-0,5;0,0;0,0;0,0;50,0;Подготовка;
20251209;10:41:21;-0,5;0,0;0,0;0,0;50,0;Подготовка;
20251209;10:41:27;-0,5;0,0;0,0;0,0;50,0;Подготовка;
20251209;10:41:32;-0,5;0,0;0,0;0,0;50,0;Подготовка;
20251209;10:41:37;-0,5;0,0;0,0;0,0;50,0;Подготовка;
20251209;10:41:42;-0,5;0,0;0,0;0,0;50,0;Подготовка;
20251209;10:41:47;-0,5;0,0;0,0;0,0;50,0;Подготовка;
20251209;10:41:52;-0,5;0,0;0,0;0,0;50,0;Подготовка;
20251209;10:41:57;-0,5;0,0;0,0;0,0;50,0;Подготовка;
20251209;10:42:02;-0,5;0,0;0,0;0,0;50,0;Подготовка;
20251209;10:42:07;-0,5;0,0;0,0;0,0;50,0;Подготовка;
20251209;10:42:12;-0,5;0,0;0,0;0,0;50,0;Подготовка;
20251209;10:42:17;-0,5;0,0;0,0;0,0;50,0;Подготовка;
20251209;10:42:22;-0,5;0,0;0,0;0,0;50,0;Подготовка;
20251209;10:42:27;-0,5;0,0;0,0;0,0;50,0;Подготовка;
20251209;10:42:32;-0,5;0,0;0,0;0,0;50,0;Подготовка;
20251209;10:42:37;-0,5;0,0;0,0;0,0;50,0;Подготовка;
20251209;10:42:42;-0,5;0,0;0,0;0,0;50,0;Подготовка;
20251209;10:42:47;-0,5;0,0;0,0;0,0;50,0;Подготовка;
20251209;10:42:52;-0,5;0,0;0,0;0,0;50,0;Подготовка;
20251209;10:42:57;-0,5;0,0;0,0;0,0;50,0;Подготовка;
20251209;10:43:02;-0,5;0,0;0,0;0,0;50,0;Подготовка;
20251209;10:43:07;-0,5;0,0;0,0;0,0;50,0;Подготовка;
20251209;10:43:12;-0,5;0,0;0,0;0,0;50,0;Подготовка;
20251209;10:43:17;-0,5;0,0;0,0;0,0;50,0;Подготовка;
20251209;10:43:22;-0,5;0,0;0,0;0,0;50,0;Подготовка;
20251209;10:43:27;-0,5;0,0;0,0;0,0;50,0;Подготовка;
20251209;10:43:33;-0,5;0,0;0,0;0,0;50,0;Подготовка;
20251209;10:43:38;-0,5;0,0;0,0;0,0;50,0;Подготовка;
20251209;10:43:43;-0,5;0,0;0,0;0,0;50,0;Подготовка;
20251209;10:43:48;-0,5;0,0;0,0;0,0;50,0;Подготовка;
20251209;10:43:53;-0,5;0,0;0,0;0,0;50,0;Подготовка;
20251209;10:43:58;-0,5;0,0;0,0;0,0;50,0;Подготовка;
20251209;10:44:03;-0,5;0,0;0,0;0,0;50,0;Подготовка;
20251209;10:44:08;-0,5;0,0;0,0;0,0;50,0;Подготовка;
20251209;10:44:13;-0,5;0,0;0,0;0,0;50,0;Подготовка;
20251209;10:44:18;-0,5;0,0;0,0;0,0;50,0;Подготовка;
20251209;10:44:23;-0,5;0,0;0,0;0,0;50,0;Подготовка;
20251209;10:44:28;-0,5;0,0;0,0;0,0;50,0;Подготовка;
20251209;10:44:33;-0,5;0,0;0,0;0,0;50,0;Подготовка;
20251209;10:44:38;-0,5;0,0;0,0;0,0;50,0;Подготовка;
20251209;10:44:43;-0,5;0,0;0,0;0,0;50,0;Подготовка;
20251209;10:44:48;-0,5;0,0;0,0;0,0;50,0;Подготовка;
20251209;10:44:53;-0,5;0,0;0,0;0,0;50,0;Подготовка;
20251209;10:44:58;-0,5;0,0;0,0;0,0;50,0;Подготовка;
20251209;10:45:03;-0,5;0,0;0,0;0,0;50,0;Подготовка;
20251209;10:45:08;-0,5;0,0;0,0;0,0;50,0;Подготовка;
20251209;10:45:13;-0,5;0,0;0,0;0,0;50,0;Подготовка;
20251209;10:45:18;-0,5;0,0;0,0;0,0;50,0;Подготовка;
20251209;10:45:23;-0,5;0,0;0,0;0,0;50,0;Подготовка;
20251209;10:45:28;-0,5;0,0;0,0;0,0;50,0;Подготовка;
20251209;10:45:33;-0,5;0,0;0,0;0,0;50,0;Подготовка;
20251209;10:45:39;-0,5;0,0;0,0;0,0;50,0;Подготовка;
20251209;10:45:44;-0,5;0,0;0,0;0,0;50,0;Подготовка;
20251209;10:45:49;-0,5;0,0;0,0;0,0;50,0;Подготовка;
20251209;10:45:54;-0,5;0,0;0,0;0,0;50,0;Подготовка;
20251209;10:45:59;-0,5;0,0;0,0;0,0;50,0;Подготовка;
20251209;10:46:04;-0,5;0,0;0,0;0,0;50,0;Подготовка;
20251209;10:46:09;-0,5;0,0;0,0;0,0;50,0;Подготовка;
20251209;10:46:14;-0,5;0,0;0,0;0,0;50,0;Подготовка;
20251209;10:46:19;-0,5;0,0;0,0;0,0;50,0;Подготовка;
20251209;10:46:24;-0,5;0,0;0,0;0,0;50,0;Подготовка;
20251209;10:46:29;-0,5;0,0;0,0;0,0;50,0;Подготовка;
20251209;10:46:34;-0,5;0,0;0,0;0,0;50,0;Подготовка;
20251209;10:46:39;-0,5;0,0;0,0;0,0;50,0;Подготовка;
20251209;10:46:44;-0,5;0,0;0,0;0,0;50,0;Подготовка;
20251209;10:46:49;-0,5;0,0;0,0;0,0;50,0;Подготовка;
20251209;10:46:54;-0,5;0,0;0,0;0,0;50,0;Подготовка;
20251209;10:46:59;-0,5;0,0;0,0;0,0;50,0;Подготовка;
20251209;10:47:04;-0,5;0,0;0,0;0,0;50,0;Подготовка;
20251209;10:47:09;-0,5;0,0;0,0;0,0;50,0;Подготовка;
20251209;10:47:14;-0,5;0,0;0,0;0,0;50,0;Подготовка;
20251209;10:47:19;-0,5;0,0;0,0;0,0;50,0;Подготовка;
20251209;10:47:24;-0,5;0,0;0,0;0,0;50,0;Подготовка;
20251209;10:47:29;-0,5;0,0;0,0;0,0;50,0;Подготовка;
20251209;10:47:34;-0,5;0,0;0,0;0,0;50,0;Подготовка;
20251209;10:47:39;-0,5;0,0;0,0;0,0;50,0;Подготовка;
20251209;10:47:45;-0,5;0,0;0,0;0,0;50,0;Подготовка;
20251209;10:47:50;-0,5;0,0;0,0;0,0;50,0;Подготовка;
20251209;10:47:55;-0,5;0,0;0,0;0,0;50,0;Подготовка;
20251209;10:48:00;-0,5;0,0;0,0;0,0;50,0;Подготовка;
20251209;10:48:05;-0,5;0,0;0,0;0,0;50,0;Подготовка;
20251209;10:48:10;-0,5;0,0;0,0;0,0;50,0;Подготовка;
20251209;10:48:15;-0,5;0,0;0,0;0,0;50,0;Подготовка;
20251209;10:48:20;-0,5;0,0;0,0;0,0;50,0;Подготовка;
20251209;10:48:25;-0,5;0,0;0,0;0,0;50,0;Подготовка;
20251209;10:48:30;-0,5;0,0;0,0;0,0;50,0;Подготовка;
20251209;10:48:35;-0,5;0,0;0,0;0,0;50,0;Подготовка;
20251209;10:48:40;-0,5;0,0;0,0;0,0;50,0;Подготовка;
20251209;10:48:45;-0,5;0,0;0,0;0,0;50,0;Подготовка;
20251209;10:48:50;-0,5;0,0;0,0;0,0;50,0;Подготовка;
20251209;10:48:55;-0,5;0,0;0,0;0,0;50,0;Подготовка;
20251209;10:49:00;-0,5;0,0;0,0;0,0;50,0;Подготовка;
20251209;10:49:05;-0,5;0,0;0,0;0,0;50,0;Подготовка;
20251209;10:49:10;-0,5;0,0;0,0;0,0;50,0;Подготовка;
20251209;10:49:15;-0,5;0,0;0,0;0,0;50,0;Подготовка;
20251209;10:49:20;-0,5;0,0;0,0;0,0;50,0;Подготовка;
20251209;10:49:25;-0,5;0,0;0,0;0,0;50,0;Подготовка;
20251209;10:49:30;-0,5;0,0;0,0;0,0;50,0;Подготовка;
20251209;10:49:35;-0,5;0,0;0,0;0,0;50,0;Подготовка;
20251209;10:49:40;-0,5;0,0;0,0;0,0;50,0;Подготовка;
20251209;10:49:45;-0,5;0,0;0,0;0,0;50,0;Подготовка;
20251209;10:49:51;-0,5;0,0;0,0;0,0;50,0;Подготовка;
20251209;10:49:56;-0,5;0,0;0,0;0,0;50,0;Подготовка;
20251209;10:50:01;-0,5;0,0;0,0;0,0;50,0;Подготовка;
20251209;10:50:06;-0,5;0,0;0,0;0,0;50,0;Подготовка;
20251209;10:50:11;-0,5;0,0;0,0;0,0;50,0;Подготовка;
20251209;10:50:16;-0,5;0,0;0,0;0,0;50,0;Подготовка;
20251209;10:50:21;-0,5;0,0;0,0;0,0;50,0;Подготовка;
20251209;10:50:26;-0,5;0,0;0,0;0,0;50,0;Подготовка;
20251209;10:50:31;-0,5;0,0;0,0;0,0;50,0;Подготовка;
20251209;10:50:36;-0,5;0,0;0,0;0,0;50,0;Подготовка;
20251209;10:50:41;-0,5;0,0;0,0;0,0;50,0;Подготовка;
20251209;10:50:46;-0,5;0,0;0,0;0,0;50,0;Подготовка;
20251209;10:50:51;-0,5;0,0;0,0;0,0;50,0;Подготовка;
20251209;10:50:56;-0,5;0,0;0,0;0,0;50,0;Подготовка;
20251209;10:51:01;-0,5;0,0;0,0;0,0;50,0;Подготовка;
20251209;10:51:06;-0,5;0,0;0,0;0,0;50,0;Подготовка;
20251209;10:51:11;-0,5;0,0;0,0;0,0;50,0;Подготовка;
20251209;10:51:16;-0,5;0,0;0,0;0,0;50,0;Подготовка;
20251209;10:51:21;-0,5;0,0;0,0;0,0;50,0;Подготовка;
20251209;10:51:26;-0,5;0,0;0,0;0,0;50,0;Подготовка;
20251209;10:51:31;-0,5;0,0;0,0;0,0;50,0;Подготовка;
20251209;10:51:36;-0,5;0,0;0,0;0,0;50,0;Подготовка;
20251209;10:51:41;-0,5;0,0;0,0;0,0;50,0;Подготовка;
20251209;10:51:46;-0,5;0,0;0,0;0,0;50,0;Подготовка;
20251209;10:51:51;-0,5;0,0;0,0;0,0;50,0;Подготовка;
20251209;10:51:57;-0,5;0,0;0,0;0,0;50,0;Подготовка;
20251209;10:52:02;-0,5;0,0;0,0;0,0;50,0;Подготовка;
20251209;10:52:07;-0,5;0,0;0,0;0,0;50,0;Подготовка;
20251209;10:52:12;-0,5;0,0;0,0;0,0;50,0;Подготовка;
20251209;10:52:17;-0,5;0,0;0,0;0,0;50,0;Подготовка;
20251209;10:52:22;-0,5;0,0;0,0;0,0;50,0;Подготовка;
20251209;10:52:27;-0,5;0,0;0,0;0,0;50,0;Подготовка;
20251209;10:52:32;-0,5;0,0;0,0;0,0;50,0;Подготовка;
20251209;10:52:37;-0,5;0,0;0,0;0,0;50,0;Подготовка;
20251209;10:52:42;-0,5;0,0;0,0;0,0;50,0;Подготовка;
20251209;10:52:47;-0,5;0,0;0,0;0,0;50,0;Подготовка;
20251209;10:52:52;-0,5;0,0;0,0;0,0;50,0;Подготовка;
20251209;10:52:57;-0,5;0,0;0,0;0,0;50,0;Подготовка;
20251209;10:53:02;-0,5;0,0;0,0;0,0;50,0;Подготовка;
20251209;10:53:07;-0,5;0,0;0,0;0,0;50,0;Подготовка;
20251209;10:53:12;-0,5;0,0;0,0;0,0;50,0;Подготовка;
20251209;10:53:17;-0,5;0,0;0,0;0,0;50,0;Подготовка;
20251209;10:53:22;-0,5;0,0;0,0;0,0;50,0;Подготовка;
20251209;10:53:27;-0,5;0,0;0,0;0,0;50,0;Подготовка;
20251209;10:53:32;-0,5;0,0;0,0;0,0;50,0;Подготовка;
20251209;10:53:37;-0,5;0,0;0,0;0,0;50,0;Подготовка;
20251209;10:53:42;-0,5;0,0;0,0;0,0;50,0;Подготовка;
20251209;10:53:47;-0,5;0,0;0,0;0,0;50,0;Подготовка;
20251209;10:53:52;-0,5;0,0;0,0;0,0;50,0;Подготовка;
20251209;10:53:57;-0,5;0,0;0,0;0,0;50,0;Подготовка;
20251209;10:54:03;-0,5;0,0;0,0;0,0;50,0;Подготовка;
20251209;10:54:08;-0,5;0,0;0,0;0,0;50,0;Подготовка;
20251209;10:54:13;-0,5;0,0;0,0;0,0;50,0;Подготовка;
20251209;10:54:18;-0,5;0,0;0,0;0,0;50,0;Подготовка;
20251209;10:54:23;-0,5;0,0;0,0;0,0;50,0;Подготовка;
20251209;10:54:28;-0,5;0,0;0,0;0,0;50,0;Подготовка;
20251209;10:54:33;-0,5;0,0;0,0;0,0;50,0;Подготовка;
20251209;10:54:38;-0,5;0,0;0,0;0,0;50,0;Подготовка;
20251209;10:54:43;-0,5;0,0;0,0;0,0;50,0;Подготовка;
20251209;10:54:48;-0,5;0,0;0,0;0,0;50,0;Подготовка;
20251209;10:54:53;-0,5;0,0;0,0;0,0;50,0;Подготовка;
20251209;10:54:58;-0,5;0,0;0,0;0,0;50,0;Подготовка;
20251209;10:55:03;-0,5;0,0;0,0;0,0;50,0;Подготовка;
20251209;10:55:08;-0,5;0,0;0,0;0,0;50,0;Подготовка;
20251209;10:55:13;-0,5;0,0;0,0;0,0;50,0;Подготовка;
20251209;10:55:18;-0,5;0,0;0,0;0,0;50,0;Подготовка;
20251209;10:55:23;-0,5;0,0;0,0;0,0;50,0;Подготовка;
20251209;10:55:28;-0,5;0,0;0,0;0,0;50,0;Подготовка;
20251209;10:55:33;-0,5;0,0;0,0;0,0;50,0;Подготовка;
20251209;10:55:38;-0,5;0,0;0,0;0,0;50,0;Подготовка;
20251209;10:55:43;-0,5;0,0;0,0;0,0;50,0;Подготовка;
20251209;10:55:48;-0,5;0,0;0,0;0,0;50,0;Подготовка;
20251209;10:55:53;-0,5;0,0;0,0;0,0;50,0;Подготовка;
20251209;10:55:58;-0,5;0,0;0,0;0,0;50,0;Подготовка;
20251209;10:56:03;-0,5;0,0;0,0;0,0;50,0;Подготовка;
20251209;10:56:09;-0,5;0,0;0,0;0,0;50,0;Подготовка;
20251209;10:56:14;-0,5;0,0;0,0;0,0;50,0;Подготовка;
20251209;10:56:19;-0,5;0,0;0,0;0,0;50,0;Подготовка;
20251209;10:56:24;-0,5;0,0;0,0;0,0;50,0;Подготовка;
20251209;10:56:29;-0,5;0,0;0,0;0,0;50,0;Подготовка;
20251209;10:56:34;-0,5;0,0;0,0;0,0;50,0;Подготовка;
20251209;10:56:39;-0,5;0,0;0,0;0,0;50,0;Подготовка;
20251209;10:56:44;-0,5;0,0;0,0;0,0;50,0;Подготовка;
20251209;10:56:49;-0,5;0,0;0,0;0,0;50,0;Подготовка;
20251209;10:56:54;-0,5;0,0;0,0;0,0;50,0;Подготовка;
20251209;10:56:59;-0,5;0,0;0,0;0,0;50,0;Подготовка;
20251209;10:57:04;-0,5;0,0;0,0;0,0;50,0;Подготовка;
20251209;10:57:09;-0,5;0,0;0,0;0,0;50,0;Подготовка;
20251209;10:57:14;-0,5;0,0;0,0;0,0;50,0;Подготовка;
20251209;10:57:19;-0,5;0,0;0,0;0,0;50,0;Подготовка;
20251209;10:57:24;-0,5;0,0;0,0;0,0;50,0;Подготовка;
20251209;10:57:29;-0,5;0,0;0,0;0,0;50,0;Подготовка;
20251209;10:57:34;-0,5;0,0;0,0;0,0;50,0;Подготовка;
20251209;10:57:39;-0,5;0,0;0,0;0,0;50,0;Подготовка;
20251209;10:57:44;-0,5;0,0;0,0;0,0;50,0;Подготовка;
20251209;10:57:49;-0,5;0,0;0,0;0,0;50,0;Подготовка;
20251209;10:57:54;-0,5;0,0;0,0;0,0;50,0;Подготовка;
20251209;10:57:59;-0,5;0,0;0,0;0,0;50,0;Подготовка;
20251209;10:58:04;-0,5;0,0;0,0;0,0;50,0;Подготовка;
20251209;10:58:09;-0,5;0,0;0,0;0,0;50,0;Подготовка;
20251209;10:58:15;-0,5;0,0;0,0;0,0;50,0;Подготовка;
20251209;10:58:20;-0,5;0,0;0,0;0,0;50,0;Подготовка;
20251209;10:58:25;-0,5;0,0;0,0;0,0;50,0;Подготовка;
20251209;10:58:30;-0,5;0,0;0,0;0,0;50,0;Подготовка;
20251209;10:58:35;-0,5;0,0;0,0;0,0;50,0;Подготовка;
20251209;10:58:40;-0,5;0,0;0,0;0,0;50,0;Подготовка;
20251209;10:58:45;-0,5;0,0;0,0;0,0;50,0;Подготовка;
20251209;10:58:50;-0,5;0,0;0,0;0,0;50,0;Подготовка;
20251209;10:58:55;-0,5;0,0;0,0;0,0;50,0;Подготовка;
20251209;10:59:00;-0,5;0,0;0,0;0,0;50,0;Подготовка;
20251209;10:59:05;-0,5;0,0;0,0;0,0;50,0;Подготовка;
20251209;10:59:10;-0,5;0,0;0,0;0,0;50,0;Подготовка;
20251209;10:59:15;-0,5;0,0;0,0;0,0;50,0;Подготовка;
20251209;10:59:20;-0,5;0,0;0,0;0,0;50,0;Подготовка;
20251209;10:59:25;-0,5;0,0;0,0;0,0;50,0;Подготовка;
20251209;10:59:30;-0,5;0,0;0,0;0,0;50,0;Подготовка;
20251209;10:59:35;-0,5;0,0;0,0;0,0;50,0;Подготовка;
20251209;10:59:40;-0,5;0,0;0,0;0,0;50,0;Подготовка;
20251209;10:59:45;-0,5;0,0;0,0;0,0;50,0;Подготовка;
20251209;10:59:50;-0,5;0,0;0,0;0,0;50,0;Подготовка;
20251209;10:59:55;-0,5;0,0;0,0;0,0;50,0;Подготовка;
20251209;11:00:00;-0,5;0,0;0,0;0,0;50,0;Подготовка;
20251209;11:00:05;-0,5;0,0;0,0;0,0;50,0;Подготовка;
20251209;11:00:10;-0,5;0,0;0,0;0,0;50,0;Подготовка;
20251209;11:00:15;-0,5;0,0;0,0;0,0;50,0;Подготовка;
20251209;11:00:21;-0,5;0,0;0,0;0,0;50,0;Подготовка;
20251209;11:00:26;-0,5;0,0;0,0;0,0;50,0;Подготовка;
20251209;11:00:31;-0,5;0,0;0,0;0,0;50,0;Подготовка;
20251209;11:00:36;-0,5;0,0;0,0;0,0;50,0;Подготовка;
20251209;11:00:41;-0,5;0,0;0,0;0,0;50,0;Подготовка;
20251209;11:00:46;-0,5;0,0;0,0;0,0;50,0;Подготовка;
20251209;11:00:51;-0,5;0,0;0,0;0,0;50,0;Подготовка;
20251209;11:00:56;-0,5;0,0;0,0;0,0;50,0;Подготовка;
20251209;11:01:01;-0,5;0,0;0,0;0,0;50,0;Подготовка;
20251209;11:01:06;-0,5;0,0;0,0;0,0;50,0;Подготовка;
20251209;11:01:11;-0,5;0,0;0,0;0,0;50,0;Подготовка;
20251209;11:01:16;-0,5;0,0;0,0;0,0;50,0;Подготовка;
20251209;11:01:21;-0,5;0,0;0,0;0,0;50,0;Подготовка;
20251209;11:01:26;-0,5;0,0;0,0;0,0;50,0;Подготовка;
20251209;11:01:31;-0,5;0,0;0,0;0,0;50,0;Подготовка;
20251209;11:01:36;-0,5;0,0;0,0;0,0;50,0;Подготовка;
20251209;11:01:41;-0,5;0,0;0,0;0,0;50,0;Подготовка;
20251209;11:01:46;-0,5;0,0;0,0;0,0;50,0;Подготовка;
20251209;11:01:51;-0,5;0,0;0,0;0,0;50,0;Подготовка;
20251209;11:01:56;-0,5;0,0;0,0;0,0;50,0;Подготовка;
20251209;11:02:01;-0,5;0,0;0,0;0,0;50,0;Подготовка;
20251209;11:02:06;-0,5;0,0;0,0;0,0;50,0;Подготовка;
20251209;11:02:11;-0,5;0,0;0,0;0,0;50,0;Подготовка;
20251209;11:02:16;-0,5;0,0;0,0;0,0;50,0;Подготовка;
20251209;11:02:21;-0,5;0,0;0,0;0,0;50,0;Подготовка;
20251209;11:02:27;-0,5;0,0;0,0;0,0;50,0;Подготовка;
20251209;11:02:32;-0,5;0,0;0,0;0,0;50,0;Подготовка;
20251209;11:02:37;-0,5;0,0;0,0;0,0;50,0;Подготовка;
20251209;11:02:42;-0,5;0,0;0,0;0,0;50,0;Подготовка;
20251209;11:02:47;-0,5;0,0;0,0;0,0;50,0;Подготовка;
20251209;11:02:52;-0,5;0,0;0,0;0,0;50,0;Подготовка;
20251209;11:02:57;-0,5;0,0;0,0;0,0;50,0;Подготовка;
20251209;11:03:02;-0,5;0,0;0,0;0,0;50,0;Подготовка;
20251209;11:03:07;-0,5;0,0;0,0;0,0;50,0;Подготовка;
20251209;11:03:12;-0,5;0,0;0,0;0,0;50,0;Подготовка;
20251209;11:03:17;-0,5;0,0;0,0;0,0;50,0;Подготовка;
20251209;11:03:22;-0,5;0,0;0,0;0,0;50,0;Подготовка;
20251209;11:03:27;-0,5;0,0;0,0;0,0;50,0;Подготовка;
20251209;11:03:32;-0,5;0,0;0,0;0,0;50,0;Подготовка;
20251209;11:03:37;-0,5;0,0;0,0;0,0;50,0;Подготовка;
20251209;11:03:42;-0,5;0,0;0,0;0,0;50,0;Подготовка;
20251209;11:03:47;-0,5;0,0;0,0;0,0;50,0;Подготовка;
20251209;11:03:52;-0,5;0,0;0,0;0,0;50,0;Подготовка;
20251209;11:03:57;-0,5;0,0;0,0;0,0;50,0;Подготовка;
20251209;11:04:02;-0,5;0,0;0,0;0,0;50,0;Подготовка;
20251209;11:04:07;-0,5;0,0;0,0;0,0;50,0;Подготовка;
20251209;11:04:12;-0,5;0,0;0,0;0,0;50,0;Подготовка;
20251209;11:04:17;-0,5;0,0;0,0;0,0;50,0;Подготовка;
20251209;11:04:22;-0,5;0,0;0,0;0,0;50,0;Подготовка;
20251209;11:04:27;-0,5;0,0;0,0;0,0;50,0;Подготовка;
20251209;11:04:33;-0,5;0,0;0,0;0,0;50,0;Подготовка;
20251209;11:04:38;-0,5;0,0;0,0;0,0;50,0;Подготовка;
20251209;11:04:43;-0,5;0,0;0,0;0,0;50,0;Подготовка;
20251209;11:04:48;-0,5;0,0;0,0;0,0;50,0;Подготовка;
20251209;11:04:53;-0,5;0,0;0,0;0,0;50,0;Подготовка;
20251209;11:04:58;-0,5;0,0;0,0;0,0;50,0;Подготовка;
20251209;11:05:03;-0,5;0,0;0,0;0,0;50,0;Подготовка;
20251209;11:05:08;-0,5;0,0;0,0;0,0;50,0;Подготовка;
20251209;11:05:13;-0,5;0,0;0,0;0,0;50,0;Подготовка;
20251209;11:05:18;-0,5;0,0;0,0;0,0;50,0;Подготовка;
20251209;11:05:23;-0,5;0,0;0,0;0,0;50,0;Подготовка;
20251209;11:05:28;-0,5;0,0;0,0;0,0;50,0;Подготовка;
20251209;11:05:33;-0,5;0,0;0,0;0,0;50,0;Подготовка;
20251209;11:05:38;-0,5;0,0;0,0;0,0;50,0;Подготовка;
20251209;11:05:43;-0,5;0,0;0,0;0,0;50,0;Подготовка;
20251209;11:05:48;-0,5;0,0;0,0;0,0;50,0;Подготовка;
20251209;11:05:53;-0,5;0,0;0,0;0,0;50,0;Подготовка;
20251209;11:05:58;-0,5;0,0;0,0;0,0;50,0;Подготовка;
20251209;11:06:03;-0,5;0,0;0,0;0,0;50,0;Подготовка;
20251209;11:06:08;-0,5;0,0;0,0;0,0;50,0;Подготовка;
20251209;11:06:13;-0,5;0,0;0,0;0,0;50,0;Подготовка;
20251209;11:06:18;-0,5;0,0;0,0;0,0;50,0;Подготовка;
20251209;11:06:23;-0,5;0,0;0,0;0,0;50,0;Подготовка;
20251209;11:06:28;-0,5;0,0;0,0;0,0;50,0;Подготовка;
20251209;11:06:33;-0,5;0,0;0,0;0,0;50,0;Подготовка;
20251209;11:06:39;-0,5;0,0;0,0;0,0;50,0;Подготовка;
20251209;11:06:44;-0,5;0,0;0,0;0,0;50,0;Подготовка;
20251209;11:06:49;-0,5;0,0;0,0;0,0;50,0;Подготовка;
20251209;11:06:54;-0,5;0,0;0,0;0,0;50,0;Подготовка;
20251209;11:06:59;-0,5;0,0;0,0;0,0;50,0;Подготовка;
20251209;11:07:04;-0,5;0,0;0,0;0,0;50,0;Подготовка;
20251209;11:07:09;-0,5;0,0;0,0;0,0;50,0;Подготовка;
20251209;11:07:14;-0,5;0,0;0,0;0,0;50,0;Подготовка;
20251209;11:07:19;-0,5;0,0;0,0;0,0;50,0;Подготовка;
20251209;11:07:24;-0,5;0,0;0,0;0,0;50,0;Подготовка;
20251209;11:07:29;-0,5;0,0;0,0;0,0;50,0;Подготовка;
20251209;11:07:34;-0,5;0,0;0,0;0,0;50,0;Подготовка;
20251209;11:07:39;-0,5;0,0;0,0;0,0;50,0;Подготовка;
20251209;11:07:44;-0,5;0,0;0,0;0,0;50,0;Подготовка;
20251209;11:07:49;-0,5;0,0;0,0;0,0;50,0;Подготовка;
20251209;11:07:54;-0,5;0,0;0,0;0,0;50,0;Подготовка;
20251209;11:07:59;-0,5;0,0;0,0;0,0;50,0;Подготовка;
20251209;11:08:04;-0,5;0,0;0,0;0,0;50,0;Подготовка;
20251209;11:08:09;-0,5;0,0;0,0;0,0;50,0;Подготовка;
20251209;11:08:14;-0,5;0,0;0,0;0,0;50,0;Подготовка;
20251209;11:08:19;-0,5;0,0;0,0;0,0;50,0;Подготовка;
20251209;11:08:24;-0,5;0,0;0,0;0,0;50,0;Подготовка;
20251209;11:08:29;-0,5;0,0;0,0;0,0;50,0;Подготовка;
20251209;11:08:34;-0,5;0,0;0,0;0,0;50,0;Подготовка;
20251209;11:08:39;-0,5;0,0;0,0;0,0;50,0;Подготовка;
20251209;11:08:45;-0,5;0,0;0,0;0,0;50,0;Подготовка;
20251209;11:08:50;-0,5;0,0;0,0;0,0;50,0;Подготовка;
20251209;11:08:55;-0,5;0,0;0,0;0,0;50,0;Подготовка;
20251209;11:09:00;-0,5;0,0;0,0;0,0;50,0;Подготовка;
20251209;11:09:05;-0,5;0,0;0,0;0,0;50,0;Подготовка;
20251209;11:09:10;-0,5;0,0;0,0;0,0;50,0;Подготовка;
20251209;11:09:15;-0,5;0,0;0,0;0,0;50,0;Подготовка;
20251209;11:09:20;-0,5;0,0;0,0;0,0;50,0;Подготовка;
20251209;11:09:25;-0,5;0,0;0,0;0,0;50,0;Подготовка;
20251209;11:09:30;-0,5;0,0;0,0;0,0;50,0;Подготовка;
20251209;11:09:35;-0,5;0,0;0,0;0,0;50,0;Подготовка;
20251209;11:09:40;-0,5;0,0;0,0;0,0;50,0;Подготовка;
20251209;11:09:45;-0,5;0,0;0,0;0,0;50,0;Подготовка;
20251209;11:09:50;-0,5;0,0;0,0;0,0;50,0;Подготовка;
20251209;11:09:55;-0,5;0,0;0,0;0,0;50,0;Подготовка;
20251209;11:10:00;-0,5;0,0;0,0;0,0;50,0;Подготовка;
20251209;11:10:05;-0,5;0,0;0,0;0,0;50,0;Подготовка;
20251209;11:10:10;-0,5;0,0;0,0;0,0;50,0;Подготовка;
20251209;11:10:15;-0,5;0,0;0,0;0,0;50,0;Подготовка;
20251209;11:10:20;-0,5;0,0;0,0;0,0;50,0;Подготовка;
20251209;11:10:25;-0,5;0,0;0,0;0,0;50,0;Подготовка;
20251209;11:10:30;-0,5;0,0;0,0;0,0;50,0;Подготовка;
20251209;11:10:35;-0,5;0,0;0,0;0,0;50,0;Подготовка;
20251209;11:10:40;-0,5;0,0;0,0;0,0;50,0;Подготовка;
20251209;11:10:45;-0,5;0,0;0,0;0,0;50,0;Подготовка;
20251209;11:10:51;-0,5;0,0;0,0;0,0;50,0;Подготовка;
20251209;11:10:56;-0,5;0,0;0,0;0,0;50,0;Подготовка;
20251209;11:11:01;-0,5;0,0;0,0;0,0;50,0;Подготовка;
20251209;11:11:06;-0,5;0,0;0,0;0,0;50,0;Подготовка;
20251209;11:11:11;-0,5;0,0;0,0;0,0;50,0;Подготовка;
20251209;11:11:16;-0,5;0,0;0,0;0,0;50,0;Подготовка;
20251209;11:11:21;-0,5;0,0;0,0;0,0;50,0;Подготовка;
20251209;11:11:26;-0,5;0,0;0,0;0,0;50,0;Подготовка;
20251209;11:11:31;-0,5;0,0;0,0;0,0;50,0;Подготовка;
20251209;11:11:36;-0,5;0,0;0,0;0,0;50,0;Подготовка;
20251209;11:11:41;-0,5;0,0;0,0;0,0;50,0;Подготовка;
20251209;11:11:46;-0,5;0,0;0,0;0,0;50,0;Подготовка;
20251209;11:11:51;-0,5;0,0;0,0;0,0;50,0;Подготовка;
20251209;11:11:56;-0,5;0,0;0,0;0,0;50,0;Подготовка;
20251209;11:12:01;-0,5;0,0;0,0;0,0;50,0;Подготовка;
20251209;11:12:06;-0,5;0,0;0,0;0,0;50,0;Подготовка;
20251209;11:12:11;-0,5;0,0;0,0;0,0;50,0;Подготовка;
20251209;11:12:16;-0,5;0,0;0,0;0,0;50,0;Подготовка;
20251209;11:12:21;-0,5;0,0;0,0;0,0;50,0;Подготовка;
20251209;11:12:26;-0,5;0,0;0,0;0,0;50,0;Подготовка;
20251209;11:12:31;-0,5;0,0;0,0;0,0;50,0;Подготовка;
20251209;11:12:36;-0,5;0,0;0,0;0,0;50,0;Подготовка;
20251209;11:12:41;-0,5;0,0;0,0;0,0;50,0;Подготовка;
20251209;11:12:46;-0,5;0,0;0,0;0,0;50,0;Подготовка;
20251209;11:12:51;-0,5;0,0;0,0;0,0;50,0;Подготовка;
20251209;11:12:57;-0,5;0,0;0,0;0,0;50,0;Подготовка;
20251209;11:13:02;-0,5;0,0;0,0;0,0;50,0;Подготовка;
20251209;11:13:07;-0,5;0,0;0,0;0,0;50,0;Подготовка;
20251209;11:13:12;-0,5;0,0;0,0;0,0;50,0;Подготовка;
20251209;11:13:17;-0,5;0,0;0,0;0,0;50,0;Подготовка;
20251209;11:13:22;-0,5;0,0;0,0;0,0;50,0;Подготовка;
20251209;11:13:27;-0,5;0,0;0,0;0,0;50,0;Подготовка;
20251209;11:13:32;-0,5;0,0;0,0;0,0;50,0;Подготовка;
20251209;11:13:37;-0,5;0,0;0,0;0,0;50,0;Подготовка;
20251209;11:13:42;-0,5;0,0;0,0;0,0;50,0;Подготовка;
20251209;11:13:47;-0,5;0,0;0,0;0,0;50,0;Подготовка;
20251209;11:13:52;-0,5;0,0;0,0;0,0;50,0;Подготовка;
20251209;11:13:57;-0,5;0,0;0,0;0,0;50,0;Подготовка;
20251209;11:14:02;-0,5;0,0;0,0;0,0;50,0;Подготовка;
20251209;11:14:07;-0,5;0,0;0,0;0,0;50,0;Подготовка;
20251209;11:14:12;-0,5;0,0;0,0;0,0;50,0;Подготовка;
20251209;11:14:17;-0,5;0,0;0,0;0,0;50,0;Подготовка;
20251209;11:14:22;-0,5;0,0;0,0;0,0;50,0;Подготовка;
20251209;11:14:27;-0,5;0,0;0,0;0,0;50,0;Подготовка;
20251209;11:14:32;-0,5;0,0;0,0;0,0;50,0;Подготовка;
20251209;11:14:37;-0,5;0,0;0,0;0,0;50,0;Подготовка;
20251209;11:14:42;-0,5;0,0;0,0;0,0;50,0;Подготовка;
20251209;11:14:47;-0,5;0,0;0,0;0,0;50,0;Подготовка;
20251209;11:14:52;-0,5;0,0;0,0;0,0;50,0;Подготовка;
20251209;11:14:57;-0,5;0,0;0,0;0,0;50,0;Подготовка;
20251209;11:15:03;-0,5;0,0;0,0;0,0;50,0;Подготовка;
20251209;11:15:08;-0,5;0,0;0,0;0,0;50,0;Подготовка;
20251209;11:15:13;-0,5;0,0;0,0;0,0;50,0;Подготовка;
20251209;11:15:18;-0,5;0,0;0,0;0,0;50,0;Подготовка;
20251209;11:15:23;-0,5;0,0;0,0;0,0;50,0;Подготовка;
20251209;11:15:28;-0,5;0,0;0,0;0,0;50,0;Подготовка;
20251209;11:15:33;-0,5;0,0;0,0;0,0;50,0;Подготовка;
20251209;11:15:38;-0,5;0,0;0,0;0,0;50,0;Подготовка;
20251209;11:15:43;-0,5;0,0;0,0;0,0;50,0;Подготовка;
20251209;11:15:48;-0,5;0,0;0,0;0,0;50,0;Подготовка;
20251209;11:15:53;-0,5;0,0;0,0;0,0;50,0;Подготовка;
20251209;11:15:58;-0,5;0,0;0,0;0,0;50,0;Подготовка;
20251209;11:16:03;-0,5;0,0;0,0;0,0;50,0;Подготовка;
20251209;11:16:08;-0,5;0,0;0,0;0,0;50,0;Подготовка;
20251209;11:16:13;-0,5;0,0;0,0;0,0;50,0;Подготовка;
20251209;11:16:18;-0,5;0,0;0,0;0,0;50,0;Подготовка;
20251209;11:16:23;-0,5;0,0;0,0;0,0;50,0;Подготовка;
20251209;11:16:28;-0,5;0,0;0,0;0,0;50,0;Подготовка;
20251209;11:16:33;-0,5;0,0;0,0;0,0;50,0;Подготовка;
20251209;11:16:38;-0,5;0,0;0,0;0,0;50,0;Подготовка;
20251209;11:16:43;-0,5;0,0;0,0;0,0;50,0;Подготовка;
20251209;11:16:48;-0,5;0,0;0,0;0,0;50,0;Подготовка;
20251209;11:16:53;-0,5;0,0;0,0;0,0;50,0;Подготовка;
20251209;11:16:58;-0,5;0,0;0,0;0,0;50,0;Подготовка;
20251209;11:17:03;-0,5;0,0;0,0;0,0;50,0;Подготовка;
20251209;11:17:09;-0,5;0,0;0,0;0,0;50,0;Подготовка;
20251209;11:17:14;-0,5;0,0;0,0;0,0;50,0;Подготовка;
20251209;11:17:19;-0,5;0,0;0,0;0,0;50,0;Подготовка;
20251209;11:17:24;-0,5;0,0;0,0;0,0;50,0;Подготовка;
20251209;11:17:29;-0,5;0,0;0,0;0,0;50,0;Подготовка;
20251209;11:17:34;-0,5;0,0;0,0;0,0;50,0;Подготовка;
20251209;11:17:39;-0,5;0,0;0,0;0,0;50,0;Подготовка;
20251209;11:17:44;-0,5;0,0;0,0;0,0;50,0;Подготовка;
20251209;11:17:49;-0,5;0,0;0,0;0,0;50,0;Подготовка;
20251209;11:17:54;-0,5;0,0;0,0;0,0;50,0;Подготовка;
20251209;11:17:59;-0,5;0,0;0,0;0,0;50,0;Подготовка;
20251209;11:18:04;-0,5;0,0;0,0;0,0;50,0;Подготовка;
20251209;11:18:09;-0,5;0,0;0,0;0,0;50,0;Подготовка;
20251209;11:18:14;-0,5;0,0;0,0;0,0;50,0;Подготовка;
20251209;11:18:19;-0,5;0,0;0,0;0,0;50,0;Подготовка;
20251209;11:18:24;-0,5;0,0;0,0;0,0;50,0;Подготовка;
20251209;11:18:29;-0,5;0,0;0,0;0,0;50,0;Подготовка;
20251209;11:18:34;-0,5;0,0;0,0;0,0;50,0;Подготовка;
20251209;11:18:39;-0,5;0,0;0,0;0,0;50,0;Подготовка;
20251209;11:18:44;-0,5;0,0;0,0;0,0;50,0;Подготовка;
20251209;11:18:49;-0,5;0,0;0,0;0,0;50,0;Подготовка;
20251209;11:18:54;-0,5;0,0;0,0;0,0;50,0;Подготовка;
20251209;11:18:59;-0,5;0,0;0,0;0,0;50,0;Подготовка;
20251209;11:19:04;-0,5;0,0;0,0;0,0;50,0;Подготовка;
20251209;11:19:09;-0,5;0,0;0,0;0,0;50,0;Подготовка;
20251209;11:19:15;-0,5;0,0;0,0;0,0;50,0;Подготовка;
20251209;11:19:20;-0,5;0,0;0,0;0,0;50,0;Подготовка;
20251209;11:19:25;-0,5;0,0;0,0;0,0;50,0;Подготовка;
20251209;11:19:30;-0,5;0,0;0,0;0,0;50,0;Подготовка;
20251209;11:19:35;-0,5;0,0;0,0;0,0;50,0;Подготовка;
20251209;11:19:40;-0,5;0,0;0,0;0,0;50,0;Подготовка;
20251209;11:19:45;-0,5;0,0;0,0;0,0;50,0;Подготовка;
20251209;11:19:50;-0,5;0,0;0,0;0,0;50,0;Подготовка;
20251209;11:19:55;-0,5;0,0;0,0;0,0;50,0;Подготовка;
20251209;11:20:00;-0,5;0,0;0,0;0,0;50,0;Подготовка;
20251209;11:20:05;-0,5;0,0;0,0;0,0;50,0;Подготовка;
20251209;11:20:10;-0,5;0,0;0,0;0,0;50,0;Подготовка;
20251209;11:20:15;-0,5;0,0;0,0;0,0;50,0;Подготовка;
20251209;11:20:20;-0,5;0,0;0,0;0,0;50,0;Подготовка;
20251209;11:20:25;-0,5;0,0;0,0;0,0;50,0;Подготовка;
20251209;11:20:30;-0,5;0,0;0,0;0,0;50,0;Подготовка;
20251209;11:20:35;-0,5;0,0;0,0;0,0;50,0;Подготовка;
20251209;11:20:40;-0,5;0,0;0,0;0,0;50,0;Подготовка;
20251209;11:20:45;-0,5;0,0;0,0;0,0;50,0;Подготовка;
20251209;11:20:50;-0,5;0,0;0,0;0,0;50,0;Подготовка;
20251209;11:20:55;-0,5;0,0;0,0;0,0;50,0;Подготовка;
20251209;11:21:00;-0,5;0,0;0,0;0,0;50,0;Подготовка;
20251209;11:21:05;-0,5;0,0;0,0;0,0;50,0;Подготовка;
20251209;11:21:10;-0,5;0,0;0,0;0,0;50,0;Подготовка;
20251209;11:21:15;-0,5;0,0;0,0;0,0;50,0;Подготовка;
20251209;11:21:21;-0,5;0,0;0,0;0,0;50,0;Подготовка;
20251209;11:21:26;-0,5;0,0;0,0;0,0;50,0;Подготовка;
20251209;11:21:31;-0,5;0,0;0,0;0,0;50,0;Подготовка;
20251209;11:21:36;-0,5;0,0;0,0;0,0;50,0;Подготовка;
20251209;11:21:41;-0,5;0,0;0,0;0,0;50,0;Подготовка;
20251209;11:21:46;-0,5;0,0;0,0;0,0;50,0;Подготовка;
20251209;11:21:51;-0,5;0,0;0,0;0,0;50,0;Подготовка;
20251209;11:21:56;-0,5;0,0;0,0;0,0;50,0;Подготовка;
20251209;11:22:01;-0,5;0,0;0,0;0,0;50,0;Подготовка;
20251209;11:22:06;-0,5;0,0;0,0;0,0;50,0;Подготовка;
20251209;11:22:11;-0,5;0,0;0,0;0,0;50,0;Подготовка;
20251209;11:22:16;-0,5;0,0;0,0;0,0;50,0;Подготовка;
20251209;11:22:21;-0,5;0,0;0,0;0,0;50,0;Подготовка;
20251209;11:22:26;-0,5;0,0;0,0;0,0;50,0;Подготовка;
20251209;11:22:31;-0,5;0,0;0,0;0,0;50,0;Подготовка;
20251209;11:22:36;-0,5;0,0;0,0;0,0;50,0;Подготовка;
20251209;11:22:41;-0,5;0,0;0,0;0,0;50,0;Подготовка;
20251209;11:22:46;-0,5;0,0;0,0;0,0;50,0;Подготовка;
20251209;11:22:51;-0,5;0,0;0,0;0,0;50,0;Подготовка;
20251209;11:22:56;-0,5;0,0;0,0;0,0;50,0;Подготовка;
20251209;11:23:01;-0,5;0,0;0,0;0,0;50,0;Подготовка;
20251209;11:23:06;-0,5;0,0;0,0;0,0;50,0;Подготовка;
20251209;11:23:11;-0,5;0,0;0,0;0,0;50,0;Подготовка;
20251209;11:23:16;-0,5;0,0;0,0;0,0;50,0;Подготовка;
20251209;11:23:21;-0,5;0,0;0,0;0,0;50,0;Подготовка;
20251209;11:23:27;-0,5;0,0;0,0;0,0;50,0;Подготовка;
20251209;11:23:32;-0,5;0,0;0,0;0,0;50,0;Подготовка;
20251209;11:23:37;-0,5;0,0;0,0;0,0;50,0;Подготовка;
20251209;11:23:42;-0,5;0,0;0,0;0,0;50,0;Подготовка;
20251209;11:23:47;-0,5;0,0;0,0;0,0;50,0;Подготовка;
20251209;11:23:52;-0,5;0,0;0,0;0,0;50,0;Подготовка;
20251209;11:23:57;-0,5;0,0;0,0;0,0;50,0;Подготовка;
20251209;11:24:02;-0,5;0,0;0,0;0,0;50,0;Подготовка;
20251209;11:24:07;-0,5;0,0;0,0;0,0;50,0;Подготовка;
20251209;11:24:12;-0,5;0,0;0,0;0,0;50,0;Подготовка;
20251209;11:24:17;-0,5;0,0;0,0;0,0;50,0;Подготовка;
20251209;11:24:22;-0,5;0,0;0,0;0,0;50,0;Подготовка;
20251209;11:24:27;-0,5;0,0;0,0;0,0;50,0;Подготовка;
20251209;11:24:32;-0,5;0,0;0,0;0,0;50,0;Подготовка;
20251209;11:24:37;-0,5;0,0;0,0;0,0;50,0;Подготовка;
20251209;11:24:42;-0,5;0,0;0,0;0,0;50,0;Подготовка;
20251209;11:24:47;-0,5;0,0;0,0;0,0;50,0;Подготовка;
20251209;11:24:52;-0,5;0,0;0,0;0,0;50,0;Подготовка;
20251209;11:24:57;-0,5;0,0;0,0;0,0;50,0;Подготовка;
20251209;11:25:02;-0,5;0,0;0,0;0,0;50,0;Подготовка;
20251209;11:25:07;-0,5;0,0;0,0;0,0;50,0;Подготовка;
20251209;11:25:12;-0,5;0,0;0,0;0,0;50,0;Подготовка;
20251209;11:25:17;-0,5;0,0;0,0;0,0;50,0;Подготовка;
20251209;11:25:22;-0,5;0,0;0,0;0,0;50,0;Подготовка;
20251209;11:25:27;-0,5;0,0;0,0;0,0;50,0;Подготовка;
20251209;11:25:33;-0,5;0,0;0,0;0,0;50,0;Подготовка;
20251209;11:25:38;-0,5;0,0;0,0;0,0;50,0;Подготовка;
20251209;11:25:43;-0,5;0,0;0,0;0,0;50,0;Подготовка;
20251209;11:25:48;-0,5;0,0;0,0;0,0;50,0;Подготовка;
20251209;11:25:53;-0,5;0,0;0,0;0,0;50,0;Подготовка;
20251209;11:25:58;-0,5;0,0;0,0;0,0;50,0;Подготовка;
20251209;11:26:03;-0,5;0,0;0,0;0,0;50,0;Подготовка;
20251209;11:26:08;-0,5;0,0;0,0;0,0;50,0;Подготовка;
20251209;11:26:13;-0,5;0,0;0,0;0,0;50,0;Подготовка;
20251209;11:26:18;-0,5;0,0;0,0;0,0;50,0;Подготовка;
20251209;11:26:23;-0,5;0,0;0,0;0,0;50,0;Подготовка;
20251209;11:26:28;-0,5;0,0;0,0;0,0;50,0;Подготовка;
20251209;11:26:33;-0,5;0,0;0,0;0,0;50,0;Подготовка;
20251209;11:26:38;-0,5;0,0;0,0;0,0;50,0;Подготовка;
20251209;11:26:43;-0,5;0,0;0,0;0,0;50,0;Подготовка;
20251209;11:26:48;-0,5;0,0;0,0;0,0;50,0;Подготовка;
20251209;11:26:53;-0,5;0,0;0,0;0,0;50,0;Подготовка;
20251209;11:26:58;-0,5;0,0;0,0;0,0;50,0;Подготовка;
20251209;11:27:03;-0,5;0,0;0,0;0,0;50,0;Подготовка;
20251209;11:27:08;-0,5;0,0;0,0;0,0;50,0;Подготовка;
20251209;11:27:13;-0,5;0,0;0,0;0,0;50,0;Подготовка;
20251209;11:27:18;-0,5;0,0;0,0;0,0;50,0;Подготовка;
20251209;11:27:23;-0,5;0,0;0,0;0,0;50,0;Подготовка;
20251209;11:27:28;-0,5;0,0;0,0;0,0;50,0;Подготовка;
20251209;11:27:33;-0,5;0,0;0,0;0,0;50,0;Подготовка;
20251209;11:27:39;-0,5;0,0;0,0;0,0;50,0;Подготовка;
20251209;11:27:44;-0,5;0,0;0,0;0,0;50,0;Подготовка;
20251209;11:27:49;-0,5;0,0;0,0;0,0;50,0;Подготовка;
20251209;11:27:54;-0,5;0,0;0,0;0,0;50,0;Подготовка;
20251209;11:27:59;-0,5;0,0;0,0;0,0;50,0;Подготовка;
20251209;11:28:04;-0,5;0,0;0,0;0,0;50,0;Подготовка;
20251209;11:28:09;-0,5;0,0;0,0;0,0;50,0;Подготовка;
20251209;11:28:14;-0,5;0,0;0,0;0,0;50,0;Подготовка;
20251209;11:28:19;-0,5;0,0;0,0;0,0;50,0;Подготовка;
20251209;11:28:24;-0,5;0,0;0,0;0,0;50,0;Подготовка;
20251209;11:28:29;-0,5;0,0;0,0;0,0;50,0;Подготовка;
20251209;11:28:34;-0,5;0,0;0,0;0,0;50,0;Подготовка;
20251209;11:28:39;-0,5;0,0;0,0;0,0;50,0;Подготовка;
20251209;11:28:44;-0,5;0,0;0,0;0,0;50,0;Подготовка;
20251209;11:28:49;-0,5;0,0;0,0;0,0;50,0;Подготовка;
20251209;11:28:54;-0,5;0,0;0,0;0,0;50,0;Подготовка;
20251209;11:28:59;-0,5;0,0;0,0;0,0;50,0;Подготовка;
20251209;11:29:04;-0,5;0,0;0,0;0,0;50,0;Подготовка;
20251209;11:29:09;-0,5;0,0;0,0;0,0;50,0;Подготовка;
20251209;11:29:14;-0,5;0,0;0,0;0,0;50,0;Подготовка;
20251209;11:29:19;-0,5;0,0;0,0;0,0;50,0;Подготовка;
20251209;11:29:24;-0,5;0,0;0,0;0,0;50,0;Подготовка;
20251209;11:29:29;-0,5;0,0;0,0;0,0;50,0;Подготовка;
20251209;11:29:34;-0,5;0,0;0,0;0,0;50,0;Подготовка;
20251209;11:29:39;-0,5;0,0;0,0;0,0;50,0;Подготовка;
20251209;11:29:45;-0,5;0,0;0,0;0,0;50,0;Подготовка;
20251209;11:29:50;-0,5;0,0;0,0;0,0;50,0;Подготовка;
20251209;11:29:55;-0,5;0,0;0,0;0,0;50,0;Подготовка;
20251209;11:30:00;-0,5;0,0;0,0;0,0;50,0;Подготовка;
20251209;11:30:05;-0,5;0,0;0,0;0,0;50,0;Подготовка;
20251209;11:30:10;-0,5;0,0;0,0;0,0;50,0;Подготовка;
20251209;11:30:15;-0,5;0,0;0,0;0,0;50,0;Подготовка;
20251209;11:30:20;-0,5;0,0;0,0;0,0;50,0;Подготовка;
20251209;11:30:25;-0,5;0,0;0,0;0,0;50,0;Подготовка;
20251209;11:30:30;-0,5;0,0;0,0;0,0;50,0;Подготовка;
20251209;11:30:35;-0,5;0,0;0,0;0,0;50,0;Подготовка;
20251209;11:30:40;-0,5;0,0;0,0;0,0;50,0;Подготовка;
20251209;11:30:45;-0,5;0,0;0,0;0,0;50,0;Подготовка;
20251209;11:30:50;-0,5;0,0;0,0;0,0;50,0;Подготовка;
20251209;11:30:55;-0,5;0,0;0,0;0,0;50,0;Подготовка;
20251209;11:31:00;-0,5;0,0;0,0;0,0;50,0;Подготовка;
20251209;11:31:05;-0,5;0,0;0,0;0,0;50,0;Подготовка;
20251209;11:31:10;-0,5;0,0;0,0;0,0;50,0;Подготовка;
20251209;11:31:15;-0,5;0,0;0,0;0,0;50,0;Подготовка;
20251209;11:31:20;-0,5;0,0;0,0;0,0;50,0;Подготовка;
20251209;11:31:25;-0,5;0,0;0,0;0,0;50,0;Подготовка;
20251209;11:31:30;-0,5;0,0;0,0;0,0;50,0;Подготовка;
20251209;11:31:35;-0,5;0,0;0,0;0,0;50,0;Подготовка;
20251209;11:31:40;-0,5;0,0;0,0;0,0;50,0;Подготовка;
20251209;11:31:45;-0,5;0,0;0,0;0,0;50,0;Подготовка;
20251209;11:31:51;-0,5;0,0;0,0;0,0;50,0;Подготовка;
20251209;11:31:56;-0,5;0,0;0,0;0,0;50,0;Подготовка;
20251209;11:32:01;-0,5;0,0;0,0;0,0;50,0;Подготовка;
20251209;11:32:06;-0,5;0,0;0,0;0,0;50,0;Подготовка;
20251209;11:32:11;-0,5;0,0;0,0;0,0;50,0;Подготовка;
20251209;11:32:16;-0,5;0,0;0,0;0,0;50,0;Подготовка;
20251209;11:32:21;-0,5;0,0;0,0;0,0;50,0;Подготовка;
20251209;11:32:26;-0,5;0,0;0,0;0,0;50,0;Подготовка;
20251209;11:32:31;-0,5;0,0;0,0;0,0;50,0;Подготовка;
20251209;11:32:36;-0,5;0,0;0,0;0,0;50,0;Подготовка;
20251209;11:32:41;-0,5;0,0;0,0;0,0;50,0;Подготовка;
20251209;11:32:46;-0,5;0,0;0,0;0,0;50,0;Подготовка;
20251209;11:32:51;-0,5;0,0;0,0;0,0;50,0;Подготовка;
20251209;11:32:56;-0,5;0,0;0,0;0,0;50,0;Подготовка;
20251209;11:33:01;-0,5;0,0;0,0;0,0;50,0;Подготовка;
20251209;11:33:06;-0,5;0,0;0,0;0,0;50,0;Подготовка;
20251209;11:33:11;-0,5;0,0;0,0;0,0;50,0;Подготовка;
20251209;11:33:16;-0,5;0,0;0,0;0,0;50,0;Подготовка;
20251209;11:33:21;-0,5;0,0;0,0;0,0;50,0;Подготовка;
20251209;11:33:26;-0,5;0,0;0,0;0,0;50,0;Подготовка;
20251209;11:33:31;-0,5;0,0;0,0;0,0;50,0;Подготовка;
20251209;11:33:36;-0,5;0,0;0,0;0,0;50,0;Подготовка;
20251209;11:33:41;-0,5;0,0;0,0;0,0;50,0;Подготовка;
20251209;11:33:46;-0,5;0,0;0,0;0,0;50,0;Подготовка;
20251209;11:33:51;-0,5;0,0;0,0;0,0;50,0;Подготовка;
20251209;11:33:57;-0,5;0,0;0,0;0,0;50,0;Подготовка;
Предприятие;
Объект;
Вид оборудования;
Дисп. наименование;
Тип;
Зав. номер;
Сер. номер;
Год выпуска;
Год ввода в эксплуатацию;
Дата отбора пробы;
Марка пробы;
Температура пробы;
DATE ;TIME ;TS_TEMP ;PROB_TEMP ;PROB_OTN_VL ;PROBE_VlAGOSOD ;SP ;STATUS ; 
20251209;11:34:15;-0,39;0,0;0,0;0,0;50,0;Включение;
20251209;11:34:20;-0,49;0,0;0,0;0,0;50,0;Включение;
20251209;11:34:25;-0,49;0,0;0,0;0,0;50,0;Подготовка;
20251209;11:34:30;-0,49;0,0;0,0;0,0;50,0;Подготовка;
20251209;11:34:35;-0,49;0,0;0,0;0,0;50,0;Подготовка;
20251209;11:34:40;-0,49;0,0;0,0;0,0;50,0;Подготовка;
20251209;11:34:45;-0,5;0,0;0,0;0,0;50,0;Подготовка;
20251209;11:34:50;-0,5;0,0;0,0;0,0;50,0;Подготовка;
20251209;11:34:55;-0,5;0,0;0,0;0,0;50,0;Подготовка;
20251209;11:35:00;-0,5;0,0;0,0;0,0;50,0;Подготовка;
20251209;11:35:05;-0,5;0,0;0,0;0,0;50,0;Подготовка;
20251209;11:35:10;-0,5;0,0;0,0;0,0;50,0;Подготовка;
20251209;11:35:15;-0,5;0,0;0,0;0,0;50,0;Подготовка;
20251209;11:35:20;-0,5;0,0;0,0;0,0;50,0;Подготовка;
20251209;11:35:25;-0,5;0,0;0,0;0,0;50,0;Подготовка;
20251209;11:35:30;-0,5;0,0;0,0;0,0;50,0;Подготовка;
20251209;11:35:35;-0,5;0,0;0,0;0,0;50,0;Подготовка;
20251209;11:35:41;-0,5;0,0;0,0;0,0;50,0;Подготовка;
20251209;11:35:46;-0,5;0,0;0,0;0,0;50,0;Подготовка;
20251209;11:35:51;-0,5;0,0;0,0;0,0;50,0;Подготовка;
20251209;11:35:56;-0,5;0,0;0,0;0,0;50,0;Подготовка;
20251209;11:36:01;-0,5;0,0;0,0;0,0;50,0;Подготовка;
20251209;11:36:06;-0,5;0,0;0,0;0,0;50,0;Подготовка;
20251209;11:36:11;-0,5;0,0;0,0;0,0;50,0;Подготовка;
20251209;11:36:16;-0,5;0,0;0,0;0,0;50,0;Подготовка;
20251209;11:36:21;-0,5;0,0;0,0;0,0;50,0;Подготовка;
20251209;11:36:26;-0,5;0,0;0,0;0,0;50,0;Подготовка;
20251209;11:36:31;-0,5;0,0;0,0;0,0;50,0;Подготовка;
20251209;11:36:36;-0,5;0,0;0,0;0,0;50,0;Подготовка;
20251209;11:36:41;-0,5;0,0;0,0;0,0;50,0;Подготовка;
20251209;11:36:46;-0,5;0,0;0,0;0,0;50,0;Подготовка;
20251209;11:36:51;-0,5;0,0;0,0;0,0;50,0;Подготовка;
20251209;11:36:56;-0,5;0,0;0,0;0,0;50,0;Подготовка;
20251209;11:37:01;-0,5;0,0;0,0;0,0;50,0;Подготовка;
20251209;11:37:06;-0,5;0,0;0,0;0,0;50,0;Подготовка;
20251209;11:37:11;-0,5;0,0;0,0;0,0;50,0;Подготовка;
20251209;11:37:16;-0,5;0,0;0,0;0,0;50,0;Подготовка;
20251209;11:37:21;-0,5;0,0;0,0;0,0;50,0;Подготовка;
20251209;11:37:26;-0,5;0,0;0,0;0,0;50,0;Подготовка;
20251209;11:37:31;-0,5;0,0;0,0;0,0;50,0;Подготовка;
20251209;11:37:36;-0,5;0,0;0,0;0,0;50,0;Подготовка;
20251209;11:37:41;-0,5;0,0;0,0;0,0;50,0;Подготовка;
20251209;11:37:47;-0,5;0,0;0,0;0,0;50,0;Подготовка;
20251209;11:37:52;-0,5;0,0;0,0;0,0;50,0;Подготовка;
20251209;11:37:57;-0,5;0,0;0,0;0,0;50,0;Подготовка;
20251209;11:38:02;-0,5;0,0;0,0;0,0;50,0;Подготовка;
20251209;11:38:07;-0,5;0,0;0,0;0,0;50,0;Подготовка;
20251209;11:38:12;-0,5;0,0;0,0;0,0;50,0;Подготовка;
20251209;11:38:17;-0,5;0,0;0,0;0,0;50,0;Подготовка;
20251209;11:38:22;-0,5;0,0;0,0;0,0;50,0;Подготовка;
20251209;11:38:27;-0,5;0,0;0,0;0,0;50,0;Подготовка;
20251209;11:38:32;-0,5;0,0;0,0;0,0;50,0;Подготовка;
20251209;11:38:37;-0,5;0,0;0,0;0,0;50,0;Подготовка;
20251209;11:38:42;-0,5;0,0;0,0;0,0;50,0;Подготовка;
20251209;11:38:47;-0,5;0,0;0,0;0,0;50,0;Подготовка;
20251209;11:38:52;-0,5;0,0;0,0;0,0;50,0;Подготовка;
20251209;11:38:57;-0,5;0,0;0,0;0,0;50,0;Подготовка;
20251209;11:39:02;-0,5;0,0;0,0;0,0;50,0;Подготовка;
20251209;11:39:07;-0,5;0,0;0,0;0,0;50,0;Подготовка;
20251209;11:39:12;-0,5;0,0;0,0;0,0;50,0;Подготовка;
20251209;11:39:17;-0,5;0,0;0,0;0,0;50,0;Подготовка;
20251209;11:39:22;-0,5;0,0;0,0;0,0;50,0;Подготовка;
20251209;11:39:27;-0,5;0,0;0,0;0,0;50,0;Подготовка;
20251209;11:39:32;-0,5;0,0;0,0;0,0;50,0;Подготовка;
20251209;11:39:37;-0,5;0,0;0,0;0,0;50,0;Подготовка;
20251209;11:39:42;-0,5;0,0;0,0;0,0;50,0;Подготовка;
20251209;11:39:47;-0,5;0,0;0,0;0,0;50,0;Подготовка;
20251209;11:39:53;-0,5;0,0;0,0;0,0;50,0;Подготовка;
20251209;11:39:58;-0,5;0,0;0,0;0,0;50,0;Подготовка;
20251209;11:40:03;-0,5;0,0;0,0;0,0;50,0;Подготовка;
20251209;11:40:08;-0,5;0,0;0,0;0,0;50,0;Подготовка;
20251209;11:40:13;-0,5;0,0;0,0;0,0;50,0;Подготовка;
20251209;11:40:18;-0,5;0,0;0,0;0,0;50,0;Подготовка;
20251209;11:40:23;-0,5;0,0;0,0;0,0;50,0;Подготовка;
20251209;11:40:28;-0,5;0,0;0,0;0,0;50,0;Подготовка;
20251209;11:40:33;-0,5;0,0;0,0;0,0;50,0;Подготовка;
20251209;11:40:38;-0,5;0,0;0,0;0,0;50,0;Подготовка;
20251209;11:40:43;-0,5;0,0;0,0;0,0;50,0;Подготовка;
20251209;11:40:48;-0,5;0,0;0,0;0,0;50,0;Подготовка;
20251209;11:40:53;-0,5;0,0;0,0;0,0;50,0;Подготовка;
20251209;11:40:58;-0,5;0,0;0,0;0,0;50,0;Подготовка;
20251209;11:41:03;-0,5;0,0;0,0;0,0;50,0;Подготовка;
20251209;11:41:08;-0,5;0,0;0,0;0,0;50,0;Подготовка;
20251209;11:41:13;-0,5;0,0;0,0;0,0;50,0;Подготовка;
20251209;11:41:18;-0,5;0,0;0,0;0,0;50,0;Подготовка;
20251209;11:41:23;-0,5;0,0;0,0;0,0;50,0;Подготовка;
20251209;11:41:28;-0,5;0,0;0,0;0,0;50,0;Подготовка;
20251209;11:41:33;-0,5;0,0;0,0;0,0;50,0;Подготовка;
20251209;11:41:38;-0,5;0,0;0,0;0,0;50,0;Подготовка;
20251209;11:41:43;-0,5;0,0;0,0;0,0;50,0;Подготовка;
20251209;11:41:48;-0,5;0,0;0,0;0,0;50,0;Подготовка;
20251209;11:41:53;-0,5;0,0;0,0;0,0;50,0;Подготовка;
20251209;11:41:59;-0,5;0,0;0,0;0,0;50,0;Подготовка;
20251209;11:42:04;-0,5;0,0;0,0;0,0;50,0;Подготовка;
20251209;11:42:09;-0,5;0,0;0,0;0,0;50,0;Подготовка;
20251209;11:42:14;-0,5;0,0;0,0;0,0;50,0;Подготовка;
20251209;11:42:19;-0,5;0,0;0,0;0,0;50,0;Подготовка;
20251209;11:42:24;-0,5;0,0;0,0;0,0;50,0;Подготовка;
20251209;11:42:29;-0,5;0,0;0,0;0,0;50,0;Подготовка;
20251209;11:42:34;-0,5;0,0;0,0;0,0;50,0;Подготовка;
20251209;11:42:39;-0,5;0,0;0,0;0,0;50,0;Подготовка;
20251209;11:42:44;-0,5;0,0;0,0;0,0;50,0;Подготовка;
20251209;11:42:49;-0,5;0,0;0,0;0,0;50,0;Подготовка;
20251209;11:42:54;-0,5;0,0;0,0;0,0;50,0;Подготовка;
20251209;11:42:59;-0,5;0,0;0,0;0,0;50,0;Подготовка;
20251209;11:43:04;-0,5;0,0;0,0;0,0;50,0;Подготовка;
20251209;11:43:09;-0,5;0,0;0,0;0,0;50,0;Подготовка;
20251209;11:43:14;-0,5;0,0;0,0;0,0;50,0;Подготовка;
20251209;11:43:19;-0,5;0,0;0,0;0,0;50,0;Подготовка;
20251209;11:43:24;-0,5;0,0;0,0;0,0;50,0;Подготовка;
20251209;11:43:29;-0,5;0,0;0,0;0,0;50,0;Подготовка;
20251209;11:43:34;-0,5;0,0;0,0;0,0;50,0;Подготовка;
20251209;11:43:39;-0,5;0,0;0,0;0,0;50,0;Подготовка;
20251209;11:43:44;-0,5;0,0;0,0;0,0;50,0;Подготовка;
20251209;11:43:49;-0,5;0,0;0,0;0,0;50,0;Подготовка;
20251209;11:43:54;-0,5;0,0;0,0;0,0;50,0;Подготовка;
20251209;11:43:59;-0,5;0,0;0,0;0,0;50,0;Подготовка;
20251209;11:44:05;-0,5;0,0;0,0;0,0;50,0;Подготовка;
20251209;11:44:10;-0,5;0,0;0,0;0,0;50,0;Подготовка;
20251209;11:44:15;-0,5;0,0;0,0;0,0;50,0;Подготовка;
20251209;11:44:20;-0,5;0,0;0,0;0,0;50,0;Подготовка;
20251209;11:44:25;-0,5;0,0;0,0;0,0;50,0;Подготовка;
20251209;11:44:30;-0,5;0,0;0,0;0,0;50,0;Подготовка;
20251209;11:44:35;-0,5;0,0;0,0;0,0;50,0;Подготовка;
20251209;11:44:40;-0,5;0,0;0,0;0,0;50,0;Подготовка;
20251209;11:44:45;-0,5;0,0;0,0;0,0;50,0;Подготовка;
20251209;11:44:50;-0,5;0,0;0,0;0,0;50,0;Подготовка;
20251209;11:44:55;-0,5;0,0;0,0;0,0;50,0;Подготовка;
20251209;11:45:00;-0,5;0,0;0,0;0,0;50,0;Подготовка;
20251209;11:45:05;-0,5;0,0;0,0;0,0;50,0;Подготовка;
20251209;11:45:10;-0,5;0,0;0,0;0,0;50,0;Подготовка;
20251209;11:45:15;-0,5;0,0;0,0;0,0;50,0;Подготовка;
20251209;11:45:20;-0,5;0,0;0,0;0,0;50,0;Подготовка;
20251209;11:45:25;-0,5;0,0;0,0;0,0;50,0;Подготовка;
20251209;11:45:30;-0,5;0,0;0,0;0,0;50,0;Подготовка;
20251209;11:45:35;-0,5;0,0;0,0;0,0;50,0;Подготовка;
20251209;11:45:40;-0,5;0,0;0,0;0,0;50,0;Подготовка;
20251209;11:45:45;-0,5;0,0;0,0;0,0;50,0;Подготовка;
20251209;11:45:50;-0,5;0,0;0,0;0,0;50,0;Подготовка;
20251209;11:45:55;-0,5;0,0;0,0;0,0;50,0;Подготовка;
20251209;11:46:00;-0,5;0,0;0,0;0,0;50,0;Подготовка;
20251209;11:46:05;-0,5;0,0;0,0;0,0;50,0;Подготовка;
20251209;11:46:11;-0,5;0,0;0,0;0,0;50,0;Подготовка;
20251209;11:46:16;-0,5;0,0;0,0;0,0;50,0;Подготовка;
20251209;11:46:21;-0,5;0,0;0,0;0,0;50,0;Подготовка;
20251209;11:46:26;-0,5;0,0;0,0;0,0;50,0;Подготовка;
20251209;11:46:31;-0,5;0,0;0,0;0,0;50,0;Подготовка;
20251209;11:46:36;-0,5;0,0;0,0;0,0;50,0;Подготовка;
20251209;11:46:41;-0,5;0,0;0,0;0,0;50,0;Подготовка;
20251209;11:46:46;-0,5;0,0;0,0;0,0;50,0;Подготовка;
20251209;11:46:51;-0,5;0,0;0,0;0,0;50,0;Подготовка;
20251209;11:46:56;-0,5;0,0;0,0;0,0;50,0;Подготовка;
20251209;11:47:01;-0,5;0,0;0,0;0,0;50,0;Подготовка;
20251209;11:47:06;-0,5;0,0;0,0;0,0;50,0;Подготовка;
20251209;11:47:11;-0,5;0,0;0,0;0,0;50,0;Подготовка;
20251209;11:47:16;-0,5;0,0;0,0;0,0;50,0;Подготовка;
20251209;11:47:21;-0,5;0,0;0,0;0,0;50,0;Подготовка;
20251209;11:47:26;-0,5;0,0;0,0;0,0;50,0;Подготовка;
20251209;11:47:31;-0,5;0,0;0,0;0,0;50,0;Подготовка;
20251209;11:47:36;-0,5;0,0;0,0;0,0;50,0;Подготовка;
20251209;11:47:41;-0,5;0,0;0,0;0,0;50,0;Подготовка;
20251209;11:47:46;-0,5;0,0;0,0;0,0;50,0;Подготовка;
20251209;11:47:51;-0,5;0,0;0,0;0,0;50,0;Подготовка;
20251209;11:47:56;-0,5;0,0;0,0;0,0;50,0;Подготовка;
20251209;11:48:01;-0,5;0,0;0,0;0,0;50,0;Подготовка;
20251209;11:48:06;-0,5;0,0;0,0;0,0;50,0;Подготовка;
20251209;11:48:11;-0,5;0,0;0,0;0,0;50,0;Подготовка;
20251209;11:48:17;-0,5;0,0;0,0;0,0;50,0;Подготовка;
20251209;11:48:22;-0,5;0,0;0,0;0,0;50,0;Подготовка;
20251209;11:48:27;-0,5;0,0;0,0;0,0;50,0;Подготовка;
20251209;11:48:32;-0,5;0,0;0,0;0,0;50,0;Подготовка;
20251209;11:48:37;-0,5;0,0;0,0;0,0;50,0;Подготовка;
20251209;11:48:42;-0,5;0,0;0,0;0,0;50,0;Подготовка;
20251209;11:48:47;-0,5;0,0;0,0;0,0;50,0;Подготовка;
20251209;11:48:52;-0,5;0,0;0,0;0,0;50,0;Подготовка;
20251209;11:48:57;-0,5;0,0;0,0;0,0;50,0;Подготовка;
20251209;11:49:02;-0,5;0,0;0,0;0,0;50,0;Подготовка;
20251209;11:49:07;-0,5;0,0;0,0;0,0;50,0;Подготовка;
20251209;11:49:12;-0,5;0,0;0,0;0,0;50,0;Подготовка;
20251209;11:49:17;-0,5;0,0;0,0;0,0;50,0;Подготовка;
20251209;11:49:22;-0,5;0,0;0,0;0,0;50,0;Подготовка;
20251209;11:49:27;-0,5;0,0;0,0;0,0;50,0;Подготовка;
20251209;11:49:32;-0,5;0,0;0,0;0,0;50,0;Подготовка;
20251209;11:49:37;-0,5;0,0;0,0;0,0;50,0;Подготовка;
20251209;11:49:42;-0,5;0,0;0,0;0,0;50,0;Подготовка;
20251209;11:49:47;-0,5;0,0;0,0;0,0;50,0;Подготовка;
20251209;11:49:52;-0,5;0,0;0,0;0,0;50,0;Подготовка;
20251209;11:49:57;-0,5;0,0;0,0;0,0;50,0;Подготовка;
20251209;11:50:02;-0,5;0,0;0,0;0,0;50,0;Подготовка;
20251209;11:50:07;-0,5;0,0;0,0;0,0;50,0;Подготовка;
20251209;11:50:12;-0,5;0,0;0,0;0,0;50,0;Подготовка;
20251209;11:50:17;-0,5;0,0;0,0;0,0;50,0;Подготовка;
20251209;11:50:23;-0,5;0,0;0,0;0,0;50,0;Подготовка;
20251209;11:50:28;-0,5;0,0;0,0;0,0;50,0;Подготовка;
20251209;11:50:33;-0,5;0,0;0,0;0,0;50,0;Подготовка;
20251209;11:50:38;-0,5;0,0;0,0;0,0;50,0;Подготовка;
20251209;11:50:43;-0,5;0,0;0,0;0,0;50,0;Подготовка;
20251209;11:50:48;-0,5;0,0;0,0;0,0;50,0;Подготовка;
20251209;11:50:53;-0,5;0,0;0,0;0,0;50,0;Подготовка;
20251209;11:50:58;-0,5;0,0;0,0;0,0;50,0;Подготовка;
20251209;11:51:03;-0,5;0,0;0,0;0,0;50,0;Подготовка;
20251209;11:51:08;-0,5;0,0;0,0;0,0;50,0;Подготовка;
20251209;11:51:13;-0,5;0,0;0,0;0,0;50,0;Подготовка;
20251209;11:51:18;-0,5;0,0;0,0;0,0;50,0;Подготовка;
20251209;11:51:23;-0,5;0,0;0,0;0,0;50,0;Подготовка;
20251209;11:51:28;-0,5;0,0;0,0;0,0;50,0;Подготовка;
20251209;11:51:33;-0,5;0,0;0,0;0,0;50,0;Подготовка;
20251209;11:51:38;-0,5;0,0;0,0;0,0;50,0;Подготовка;
20251209;11:51:43;-0,5;0,0;0,0;0,0;50,0;Подготовка;
20251209;11:51:48;-0,5;0,0;0,0;0,0;50,0;Подготовка;
20251209;11:51:53;-0,5;0,0;0,0;0,0;50,0;Подготовка;
20251209;11:51:58;-0,5;0,0;0,0;0,0;50,0;Подготовка;
20251209;11:52:03;-0,5;0,0;0,0;0,0;50,0;Подготовка;
20251209;11:52:08;-0,5;0,0;0,0;0,0;50,0;Подготовка;
20251209;11:52:13;-0,5;0,0;0,0;0,0;50,0;Подготовка;
20251209;11:52:18;-0,5;0,0;0,0;0,0;50,0;Подготовка;
20251209;11:52:23;-0,5;0,0;0,0;0,0;50,0;Подготовка;
20251209;11:52:29;-0,5;0,0;0,0;0,0;50,0;Подготовка;
20251209;11:52:34;-0,5;0,0;0,0;0,0;50,0;Подготовка;
20251209;11:52:39;-0,5;0,0;0,0;0,0;50,0;Подготовка;
20251209;11:52:44;-0,5;0,0;0,0;0,0;50,0;Подготовка;
20251209;11:52:49;-0,5;0,0;0,0;0,0;50,0;Подготовка;
20251209;11:52:54;-0,5;0,0;0,0;0,0;50,0;Подготовка;
20251209;11:52:59;-0,5;0,0;0,0;0,0;50,0;Подготовка;
20251209;11:53:04;-0,5;0,0;0,0;0,0;50,0;Подготовка;
20251209;11:53:09;-0,5;0,0;0,0;0,0;50,0;Подготовка;
20251209;11:53:14;-0,5;0,0;0,0;0,0;50,0;Подготовка;
20251209;11:53:19;-0,5;0,0;0,0;0,0;50,0;Подготовка;
20251209;11:53:24;-0,5;0,0;0,0;0,0;50,0;Подготовка;
20251209;11:53:29;-0,5;0,0;0,0;0,0;50,0;Подготовка;
20251209;11:53:34;-0,5;0,0;0,0;0,0;50,0;Подготовка;
20251209;11:53:39;-0,5;0,0;0,0;0,0;50,0;Подготовка;
20251209;11:53:44;-0,5;0,0;0,0;0,0;50,0;Подготовка;
20251209;11:53:49;-0,5;0,0;0,0;0,0;50,0;Подготовка;
20251209;11:53:54;-0,5;0,0;0,0;0,0;50,0;Подготовка;
20251209;11:53:59;-0,5;0,0;0,0;0,0;50,0;Подготовка;
20251209;11:54:04;-0,5;0,0;0,0;0,0;50,0;Подготовка;
20251209;11:54:09;-0,5;0,0;0,0;0,0;50,0;Подготовка;
20251209;11:54:14;-0,5;0,0;0,0;0,0;50,0;Подготовка;
20251209;11:54:19;-0,5;0,0;0,0;0,0;50,0;Подготовка;
20251209;11:54:24;-0,5;0,0;0,0;0,0;50,0;Подготовка;
20251209;11:54:29;-0,5;0,0;0,0;0,0;50,0;Подготовка;
20251209;11:54:35;-0,5;0,0;0,0;0,0;50,0;Подготовка;
20251209;11:54:40;-0,5;0,0;0,0;0,0;50,0;Подготовка;
20251209;11:54:45;-0,5;0,0;0,0;0,0;50,0;Подготовка;
20251209;11:54:50;-0,5;0,0;0,0;0,0;50,0;Подготовка;
20251209;11:54:55;-0,5;0,0;0,0;0,0;50,0;Подготовка;
20251209;11:55:00;-0,5;0,0;0,0;0,0;50,0;Подготовка;
20251209;11:55:05;-0,5;0,0;0,0;0,0;50,0;Подготовка;
20251209;11:55:10;-0,5;0,0;0,0;0,0;50,0;Подготовка;
20251209;11:55:15;-0,5;0,0;0,0;0,0;50,0;Подготовка;
20251209;11:55:20;-0,5;0,0;0,0;0,0;50,0;Подготовка;
20251209;11:55:25;-0,5;0,0;0,0;0,0;50,0;Подготовка;
20251209;11:55:30;-0,5;0,0;0,0;0,0;50,0;Подготовка;
20251209;11:55:35;-0,5;0,0;0,0;0,0;50,0;Подготовка;
20251209;11:55:40;-0,5;0,0;0,0;0,0;50,0;Подготовка;
20251209;11:55:45;-0,5;0,0;0,0;0,0;50,0;Подготовка;
20251209;11:55:50;-0,5;0,0;0,0;0,0;50,0;Подготовка;
20251209;11:55:55;-0,5;0,0;0,0;0,0;50,0;Подготовка;
20251209;11:56:00;-0,5;0,0;0,0;0,0;50,0;Подготовка;
20251209;11:56:05;-0,5;0,0;0,0;0,0;50,0;Подготовка;
20251209;11:56:10;-0,5;0,0;0,0;0,0;50,0;Подготовка;
20251209;11:56:15;-0,5;0,0;0,0;0,0;50,0;Подготовка;
20251209;11:56:20;-0,5;0,0;0,0;0,0;50,0;Подготовка;
20251209;11:56:25;-0,5;0,0;0,0;0,0;50,0;Подготовка;
20251209;11:56:30;-0,5;0,0;0,0;0,0;50,0;Подготовка;
20251209;11:56:35;-0,5;0,0;0,0;0,0;50,0;Подготовка;
20251209;11:56:41;-0,5;0,0;0,0;0,0;50,0;Подготовка;
20251209;11:56:46;-0,5;0,0;0,0;0,0;50,0;Подготовка;
20251209;11:56:51;-0,5;0,0;0,0;0,0;50,0;Подготовка;
20251209;11:56:56;-0,5;0,0;0,0;0,0;50,0;Подготовка;
20251209;11:57:01;-0,5;0,0;0,0;0,0;50,0;Подготовка;
20251209;11:57:06;-0,5;0,0;0,0;0,0;50,0;Подготовка;
20251209;11:57:11;-0,5;0,0;0,0;0,0;50,0;Подготовка;
20251209;11:57:16;-0,5;0,0;0,0;0,0;50,0;Подготовка;
20251209;11:57:21;-0,5;0,0;0,0;0,0;50,0;Подготовка;
20251209;11:57:26;-0,5;0,0;0,0;0,0;50,0;Подготовка;
20251209;11:57:31;-0,5;0,0;0,0;0,0;50,0;Подготовка;
20251209;11:57:36;-0,5;0,0;0,0;0,0;50,0;Подготовка;
20251209;11:57:41;-0,5;0,0;0,0;0,0;50,0;Подготовка;
20251209;11:57:46;-0,5;0,0;0,0;0,0;50,0;Подготовка;
20251209;11:57:51;-0,5;0,0;0,0;0,0;50,0;Подготовка;
20251209;11:57:56;-0,5;0,0;0,0;0,0;50,0;Подготовка;
20251209;11:58:01;-0,5;0,0;0,0;0,0;50,0;Подготовка;
20251209;11:58:06;-0,5;0,0;0,0;0,0;50,0;Подготовка;
20251209;11:58:11;-0,5;0,0;0,0;0,0;50,0;Подготовка;
20251209;11:58:16;-0,5;0,0;0,0;0,0;50,0;Подготовка;
20251209;11:58:21;-0,5;0,0;0,0;0,0;50,0;Подготовка;
20251209;11:58:26;-0,5;0,0;0,0;0,0;50,0;Подготовка;
20251209;11:58:31;-0,5;0,0;0,0;0,0;50,0;Подготовка;
20251209;11:58:36;-0,5;0,0;0,0;0,0;50,0;Подготовка;
20251209;11:58:41;-0,5;0,0;0,0;0,0;50,0;Подготовка;
20251209;11:58:47;-0,5;0,0;0,0;0,0;50,0;Подготовка;
20251209;11:58:52;-0,5;0,0;0,0;0,0;50,0;Подготовка;
20251209;11:58:57;-0,5;0,0;0,0;0,0;50,0;Подготовка;
20251209;11:59:02;-0,5;0,0;0,0;0,0;50,0;Подготовка;
20251209;11:59:07;-0,5;0,0;0,0;0,0;50,0;Подготовка;
20251209;11:59:12;-0,5;0,0;0,0;0,0;50,0;Подготовка;
20251209;11:59:17;-0,5;0,0;0,0;0,0;50,0;Подготовка;
20251209;11:59:22;-0,5;0,0;0,0;0,0;50,0;Подготовка;
20251209;11:59:27;-0,5;0,0;0,0;0,0;50,0;Подготовка;
20251209;11:59:32;-0,5;0,0;0,0;0,0;50,0;Подготовка;
20251209;11:59:37;-0,5;0,0;0,0;0,0;50,0;Подготовка;
20251209;11:59:42;-0,5;0,0;0,0;0,0;50,0;Подготовка;
20251209;11:59:47;-0,5;0,0;0,0;0,0;50,0;Подготовка;
20251209;11:59:52;-0,5;0,0;0,0;0,0;50,0;Подготовка;
20251209;11:59:57;-0,5;0,0;0,0;0,0;50,0;Подготовка;
20251209;12:00:02;-0,5;0,0;0,0;0,0;50,0;Подготовка;
20251209;12:00:07;-0,5;0,0;0,0;0,0;50,0;Подготовка;
20251209;12:00:12;-0,5;0,0;0,0;0,0;50,0;Подготовка;
20251209;12:00:17;-0,5;0,0;0,0;0,0;50,0;Подготовка;
20251209;12:00:22;-0,5;0,0;0,0;0,0;50,0;Подготовка;
20251209;12:00:27;-0,5;0,0;0,0;0,0;50,0;Подготовка;
20251209;12:00:32;-0,5;0,0;0,0;0,0;50,0;Подготовка;
20251209;12:00:37;-0,5;0,0;0,0;0,0;50,0;Подготовка;
20251209;12:00:42;-0,5;0,0;0,0;0,0;50,0;Подготовка;
20251209;12:00:47;-0,5;0,0;0,0;0,0;50,0;Подготовка;
20251209;12:00:53;-0,5;0,0;0,0;0,0;50,0;Подготовка;
20251209;12:00:58;-0,5;0,0;0,0;0,0;50,0;Подготовка;
20251209;12:01:03;-0,5;0,0;0,0;0,0;50,0;Подготовка;
20251209;12:01:08;-0,5;0,0;0,0;0,0;50,0;Подготовка;
20251209;12:01:13;-0,5;0,0;0,0;0,0;50,0;Подготовка;
20251209;12:01:18;-0,5;0,0;0,0;0,0;50,0;Подготовка;
20251209;12:01:23;-0,5;0,0;0,0;0,0;50,0;Подготовка;
20251209;12:01:28;-0,5;0,0;0,0;0,0;50,0;Подготовка;
20251209;12:01:33;-0,5;0,0;0,0;0,0;50,0;Подготовка;
20251209;12:01:38;-0,5;0,0;0,0;0,0;50,0;Подготовка;
20251209;12:01:43;-0,5;0,0;0,0;0,0;50,0;Подготовка;
20251209;12:01:48;-0,5;0,0;0,0;0,0;50,0;Подготовка;
20251209;12:01:53;-0,5;0,0;0,0;0,0;50,0;Подготовка;
20251209;12:01:58;-0,5;0,0;0,0;0,0;50,0;Подготовка;
20251209;12:02:03;-0,5;0,0;0,0;0,0;50,0;Подготовка;
20251209;12:02:08;-0,5;0,0;0,0;0,0;50,0;Подготовка;
20251209;12:02:13;-0,5;0,0;0,0;0,0;50,0;Подготовка;
20251209;12:02:18;-0,5;0,0;0,0;0,0;50,0;Подготовка;
20251209;12:02:23;-0,5;0,0;0,0;0,0;50,0;Подготовка;
20251209;12:02:28;-0,5;0,0;0,0;0,0;50,0;Подготовка;
20251209;12:02:33;-0,5;0,0;0,0;0,0;50,0;Подготовка;
20251209;12:02:38;-0,5;0,0;0,0;0,0;50,0;Подготовка;
20251209;12:02:43;-0,5;0,0;0,0;0,0;50,0;Подготовка;
20251209;12:02:48;-0,5;0,0;0,0;0,0;50,0;Подготовка;
20251209;12:02:53;-0,5;0,0;0,0;0,0;50,0;Подготовка;
20251209;12:02:59;-0,5;0,0;0,0;0,0;50,0;Подготовка;
20251209;12:03:04;-0,5;0,0;0,0;0,0;50,0;Подготовка;
20251209;12:03:09;-0,5;0,0;0,0;0,0;50,0;Подготовка;
20251209;12:03:14;-0,5;0,0;0,0;0,0;50,0;Подготовка;
20251209;12:03:19;-0,5;0,0;0,0;0,0;50,0;Подготовка;
20251209;12:03:24;-0,5;0,0;0,0;0,0;50,0;Подготовка;
20251209;12:03:29;-0,5;0,0;0,0;0,0;50,0;Подготовка;
20251209;12:03:34;-0,5;0,0;0,0;0,0;50,0;Подготовка;
20251209;12:03:39;-0,5;0,0;0,0;0,0;50,0;Подготовка;
20251209;12:03:44;-0,5;0,0;0,0;0,0;50,0;Подготовка;
20251209;12:03:49;-0,5;0,0;0,0;0,0;50,0;Подготовка;
20251209;12:03:54;-0,5;0,0;0,0;0,0;50,0;Подготовка;
20251209;12:03:59;-0,5;0,0;0,0;0,0;50,0;Подготовка;
20251209;12:04:04;-0,5;0,0;0,0;0,0;50,0;Подготовка;
20251209;12:04:09;-0,5;0,0;0,0;0,0;50,0;Подготовка;
20251209;12:04:14;-0,5;0,0;0,0;0,0;50,0;Подготовка;
20251209;12:04:19;-0,5;0,0;0,0;0,0;50,0;Подготовка;
20251209;12:04:24;-0,5;0,0;0,0;0,0;50,0;Подготовка;
20251209;12:04:29;-0,5;0,0;0,0;0,0;50,0;Подготовка;
20251209;12:04:34;-0,5;0,0;0,0;0,0;50,0;Подготовка;
20251209;12:04:39;-0,5;0,0;0,0;0,0;50,0;Подготовка;
20251209;12:04:44;-0,5;0,0;0,0;0,0;50,0;Подготовка;
20251209;12:04:49;-0,5;0,0;0,0;0,0;50,0;Подготовка;
20251209;12:04:54;-0,5;0,0;0,0;0,0;50,0;Подготовка;
20251209;12:04:59;-0,5;0,0;0,0;0,0;50,0;Подготовка;
20251209;12:05:05;-0,5;0,0;0,0;0,0;50,0;Подготовка;
20251209;12:05:10;-0,5;0,0;0,0;0,0;50,0;Подготовка;
20251209;12:05:15;-0,5;0,0;0,0;0,0;50,0;Подготовка;
20251209;12:05:20;-0,5;0,0;0,0;0,0;50,0;Подготовка;
20251209;12:05:25;-0,5;0,0;0,0;0,0;50,0;Подготовка;
20251209;12:05:30;-0,5;0,0;0,0;0,0;50,0;Подготовка;
20251209;12:05:35;-0,5;0,0;0,0;0,0;50,0;Подготовка;
20251209;12:05:40;-0,5;0,0;0,0;0,0;50,0;Подготовка;
20251209;12:05:45;-0,5;0,0;0,0;0,0;50,0;Подготовка;
20251209;12:05:50;-0,5;0,0;0,0;0,0;50,0;Подготовка;
20251209;12:05:55;-0,5;0,0;0,0;0,0;50,0;Подготовка;
20251209;12:06:00;-0,5;0,0;0,0;0,0;50,0;Подготовка;
20251209;12:06:05;-0,5;0,0;0,0;0,0;50,0;Подготовка;
20251209;12:06:10;-0,5;0,0;0,0;0,0;50,0;Подготовка;
20251209;12:06:15;-0,5;0,0;0,0;0,0;50,0;Подготовка;
20251209;12:06:20;-0,5;0,0;0,0;0,0;50,0;Подготовка;
20251209;12:06:25;-0,5;0,0;0,0;0,0;50,0;Подготовка;
20251209;12:06:30;-0,5;0,0;0,0;0,0;50,0;Подготовка;
20251209;12:06:35;-0,5;0,0;0,0;0,0;50,0;Подготовка;
20251209;12:06:40;-0,5;0,0;0,0;0,0;50,0;Подготовка;
20251209;12:06:45;-0,5;0,0;0,0;0,0;50,0;Подготовка;
20251209;12:06:50;-0,5;0,0;0,0;0,0;50,0;Подготовка;
20251209;12:06:55;-0,5;0,0;0,0;0,0;50,0;Подготовка;
20251209;12:07:00;-0,5;0,0;0,0;0,0;50,0;Подготовка;
20251209;12:07:05;-0,5;0,0;0,0;0,0;50,0;Подготовка;
20251209;12:07:11;-0,5;0,0;0,0;0,0;50,0;Подготовка;
20251209;12:07:16;-0,5;0,0;0,0;0,0;50,0;Подготовка;
20251209;12:07:21;-0,5;0,0;0,0;0,0;50,0;Подготовка;
20251209;12:07:26;-0,5;0,0;0,0;0,0;50,0;Подготовка;
20251209;12:07:31;-0,5;0,0;0,0;0,0;50,0;Подготовка;
20251209;12:07:36;-0,5;0,0;0,0;0,0;50,0;Подготовка;
20251209;12:07:41;-0,5;0,0;0,0;0,0;50,0;Подготовка;
20251209;12:07:46;-0,5;0,0;0,0;0,0;50,0;Подготовка;
20251209;12:07:51;-0,5;0,0;0,0;0,0;50,0;Подготовка;
20251209;12:07:56;-0,5;0,0;0,0;0,0;50,0;Подготовка;
20251209;12:08:01;-0,5;0,0;0,0;0,0;50,0;Подготовка;
20251209;12:08:06;-0,5;0,0;0,0;0,0;50,0;Подготовка;
20251209;12:08:11;-0,5;0,0;0,0;0,0;50,0;Подготовка;
20251209;12:08:16;-0,5;0,0;0,0;0,0;50,0;Подготовка;
20251209;12:08:21;-0,5;0,0;0,0;0,0;50,0;Подготовка;
20251209;12:08:26;-0,5;0,0;0,0;0,0;50,0;Подготовка;
20251209;12:08:31;-0,5;0,0;0,0;0,0;50,0;Подготовка;
20251209;12:08:36;-0,5;0,0;0,0;0,0;50,0;Подготовка;
20251209;12:08:41;-0,5;0,0;0,0;0,0;50,0;Подготовка;
20251209;12:08:46;-0,5;0,0;0,0;0,0;50,0;Подготовка;
20251209;12:08:51;-0,5;0,0;0,0;0,0;50,0;Подготовка;
20251209;12:08:56;-0,5;0,0;0,0;0,0;50,0;Подготовка;
20251209;12:09:01;-0,5;0,0;0,0;0,0;50,0;Подготовка;
20251209;12:09:06;-0,5;0,0;0,0;0,0;50,0;Подготовка;
20251209;12:09:11;-0,5;0,0;0,0;0,0;50,0;Подготовка;
20251209;12:09:17;-0,5;0,0;0,0;0,0;50,0;Подготовка;
20251209;12:09:22;-0,5;0,0;0,0;0,0;50,0;Подготовка;
20251209;12:09:27;-0,5;0,0;0,0;0,0;50,0;Подготовка;
20251209;12:09:32;-0,5;0,0;0,0;0,0;50,0;Подготовка;
20251209;12:09:37;-0,5;0,0;0,0;0,0;50,0;Подготовка;
20251209;12:09:42;-0,5;0,0;0,0;0,0;50,0;Подготовка;
20251209;12:09:47;-0,5;0,0;0,0;0,0;50,0;Подготовка;
20251209;12:09:52;-0,5;0,0;0,0;0,0;50,0;Подготовка;
20251209;12:09:57;-0,5;0,0;0,0;0,0;50,0;Подготовка;
20251209;12:10:02;-0,5;0,0;0,0;0,0;50,0;Подготовка;
20251209;12:10:07;-0,5;0,0;0,0;0,0;50,0;Подготовка;
20251209;12:10:12;-0,5;0,0;0,0;0,0;50,0;Подготовка;
20251209;12:10:17;-0,5;0,0;0,0;0,0;50,0;Подготовка;
20251209;12:10:22;-0,5;0,0;0,0;0,0;50,0;Подготовка;
20251209;12:10:27;-0,5;0,0;0,0;0,0;50,0;Подготовка;
20251209;12:10:32;-0,5;0,0;0,0;0,0;50,0;Подготовка;
20251209;12:10:37;-0,5;0,0;0,0;0,0;50,0;Подготовка;
20251209;12:10:42;-0,5;0,0;0,0;0,0;50,0;Подготовка;
20251209;12:10:47;-0,5;0,0;0,0;0,0;50,0;Подготовка;
20251209;12:10:52;-0,5;0,0;0,0;0,0;50,0;Подготовка;
20251209;12:10:57;-0,5;0,0;0,0;0,0;50,0;Подготовка;
20251209;12:11:02;-0,5;0,0;0,0;0,0;50,0;Подготовка;
20251209;12:11:07;-0,5;0,0;0,0;0,0;50,0;Подготовка;
20251209;12:11:12;-0,5;0,0;0,0;0,0;50,0;Подготовка;
20251209;12:11:17;-0,5;0,0;0,0;0,0;50,0;Подготовка;
20251209;12:11:23;-0,5;0,0;0,0;0,0;50,0;Подготовка;
20251209;12:11:28;-0,5;0,0;0,0;0,0;50,0;Подготовка;
20251209;12:11:33;-0,5;0,0;0,0;0,0;50,0;Подготовка;
20251209;12:11:38;-0,5;0,0;0,0;0,0;50,0;Подготовка;
20251209;12:11:43;-0,5;0,0;0,0;0,0;50,0;Подготовка;
20251209;12:11:48;-0,5;0,0;0,0;0,0;50,0;Подготовка;
20251209;12:11:53;-0,5;0,0;0,0;0,0;50,0;Подготовка;
20251209;12:11:58;-0,5;0,0;0,0;0,0;50,0;Подготовка;
20251209;12:12:03;-0,5;0,0;0,0;0,0;50,0;Подготовка;
20251209;12:12:08;-0,5;0,0;0,0;0,0;50,0;Подготовка;
20251209;12:12:13;-0,5;0,0;0,0;0,0;50,0;Подготовка;
20251209;12:12:18;-0,5;0,0;0,0;0,0;50,0;Подготовка;
20251209;12:12:23;-0,5;0,0;0,0;0,0;50,0;Подготовка;
20251209;12:12:28;-0,5;0,0;0,0;0,0;50,0;Подготовка;
20251209;12:12:33;-0,5;0,0;0,0;0,0;50,0;Подготовка;
20251209;12:12:38;-0,5;0,0;0,0;0,0;50,0;Подготовка;
20251209;12:12:43;-0,5;0,0;0,0;0,0;50,0;Подготовка;
20251209;12:12:48;-0,5;0,0;0,0;0,0;50,0;Подготовка;
20251209;12:12:53;-0,5;0,0;0,0;0,0;50,0;Подготовка;
20251209;12:12:58;-0,5;0,0;0,0;0,0;50,0;Подготовка;
20251209;12:13:03;-0,5;0,0;0,0;0,0;50,0;Подготовка;
20251209;12:13:08;-0,5;0,0;0,0;0,0;50,0;Подготовка;
20251209;12:13:13;-0,5;0,0;0,0;0,0;50,0;Подготовка;
20251209;12:13:18;-0,5;0,0;0,0;0,0;50,0;Подготовка;
20251209;12:13:23;-0,5;0,0;0,0;0,0;50,0;Подготовка;
20251209;12:13:29;-0,5;0,0;0,0;0,0;50,0;Подготовка;
20251209;12:13:34;-0,5;0,0;0,0;0,0;50,0;Подготовка;
20251209;12:13:39;-0,5;0,0;0,0;0,0;50,0;Подготовка;
20251209;12:13:44;-0,5;0,0;0,0;0,0;50,0;Подготовка;
20251209;12:13:49;-0,5;0,0;0,0;0,0;50,0;Подготовка;
20251209;12:13:54;-0,5;0,0;0,0;0,0;50,0;Подготовка;
20251209;12:13:59;-0,5;0,0;0,0;0,0;50,0;Подготовка;
20251209;12:14:04;-0,5;0,0;0,0;0,0;50,0;Подготовка;
20251209;12:14:09;-0,5;0,0;0,0;0,0;50,0;Подготовка;
20251209;12:14:14;-0,5;0,0;0,0;0,0;50,0;Подготовка;
20251209;12:14:19;-0,5;0,0;0,0;0,0;50,0;Подготовка;
20251209;12:14:24;-0,5;0,0;0,0;0,0;50,0;Подготовка;
20251209;12:14:29;-0,5;0,0;0,0;0,0;50,0;Подготовка;
20251209;12:14:34;-0,5;0,0;0,0;0,0;50,0;Подготовка;
20251209;12:14:39;-0,5;0,0;0,0;0,0;50,0;Подготовка;
20251209;12:14:44;-0,5;0,0;0,0;0,0;50,0;Подготовка;
20251209;12:14:49;-0,5;0,0;0,0;0,0;50,0;Подготовка;
20251209;12:14:54;-0,5;0,0;0,0;0,0;50,0;Подготовка;
20251209;12:14:59;-0,5;0,0;0,0;0,0;50,0;Подготовка;
20251209;12:15:04;-0,5;0,0;0,0;0,0;50,0;Подготовка;
20251209;12:15:09;-0,5;0,0;0,0;0,0;50,0;Подготовка;
20251209;12:15:14;-0,5;0,0;0,0;0,0;50,0;Подготовка;
20251209;12:15:19;-0,5;0,0;0,0;0,0;50,0;Подготовка;
20251209;12:15:24;-0,5;0,0;0,0;0,0;50,0;Подготовка;
20251209;12:15:29;-0,5;0,0;0,0;0,0;50,0;Подготовка;
20251209;12:15:35;-0,5;0,0;0,0;0,0;50,0;Подготовка;
20251209;12:15:40;-0,5;0,0;0,0;0,0;50,0;Подготовка;
20251209;12:15:45;-0,5;0,0;0,0;0,0;50,0;Подготовка;
20251209;12:15:50;-0,5;0,0;0,0;0,0;50,0;Подготовка;
20251209;12:15:55;-0,5;0,0;0,0;0,0;50,0;Подготовка;
20251209;12:16:00;-0,5;0,0;0,0;0,0;50,0;Подготовка;
20251209;12:16:05;-0,5;0,0;0,0;0,0;50,0;Подготовка;
20251209;12:16:10;-0,5;0,0;0,0;0,0;50,0;Подготовка;
20251209;12:16:15;-0,5;0,0;0,0;0,0;50,0;Подготовка;
20251209;12:16:20;-0,5;0,0;0,0;0,0;50,0;Подготовка;
20251209;12:16:25;-0,5;0,0;0,0;0,0;50,0;Подготовка;
20251209;12:16:30;-0,5;0,0;0,0;0,0;50,0;Подготовка;
20251209;12:16:35;-0,5;0,0;0,0;0,0;50,0;Подготовка;
20251209;12:16:40;-0,5;0,0;0,0;0,0;50,0;Подготовка;
20251209;12:16:45;-0,5;0,0;0,0;0,0;50,0;Подготовка;
20251209;12:16:50;-0,5;0,0;0,0;0,0;50,0;Подготовка;
20251209;12:16:55;-0,5;0,0;0,0;0,0;50,0;Подготовка;
20251209;12:17:00;-0,5;0,0;0,0;0,0;50,0;Подготовка;
20251209;12:17:05;-0,5;0,0;0,0;0,0;50,0;Подготовка;
20251209;12:17:10;-0,5;0,0;0,0;0,0;50,0;Подготовка;
20251209;12:17:15;-0,5;0,0;0,0;0,0;50,0;Подготовка;
20251209;12:17:20;-0,5;0,0;0,0;0,0;50,0;Подготовка;
20251209;12:17:25;-0,5;0,0;0,0;0,0;50,0;Подготовка;
20251209;12:17:30;-0,5;0,0;0,0;0,0;50,0;Подготовка;
20251209;12:17:35;-0,5;0,0;0,0;0,0;50,0;Подготовка;
20251209;12:17:41;-0,5;0,0;0,0;0,0;50,0;Подготовка;
20251209;12:17:46;-0,5;0,0;0,0;0,0;50,0;Подготовка;
20251209;12:17:51;-0,5;0,0;0,0;0,0;50,0;Подготовка;
20251209;12:17:56;-0,5;0,0;0,0;0,0;50,0;Подготовка;
20251209;12:18:01;-0,5;0,0;0,0;0,0;50,0;Подготовка;
20251209;12:18:06;-0,5;0,0;0,0;0,0;50,0;Подготовка;
20251209;12:18:11;-0,5;0,0;0,0;0,0;50,0;Подготовка;
20251209;12:18:16;-0,5;0,0;0,0;0,0;50,0;Подготовка;
20251209;12:18:21;-0,5;0,0;0,0;0,0;50,0;Подготовка;
20251209;12:18:26;-0,5;0,0;0,0;0,0;50,0;Подготовка;
20251209;12:18:31;-0,5;0,0;0,0;0,0;50,0;Подготовка;
20251209;12:18:36;-0,5;0,0;0,0;0,0;50,0;Подготовка;
20251209;12:18:41;-0,5;0,0;0,0;0,0;50,0;Подготовка;
20251209;12:18:46;-0,5;0,0;0,0;0,0;50,0;Подготовка;
20251209;12:18:51;-0,5;0,0;0,0;0,0;50,0;Подготовка;
20251209;12:18:56;-0,5;0,0;0,0;0,0;50,0;Подготовка;
20251209;12:19:01;-0,5;0,0;0,0;0,0;50,0;Подготовка;
20251209;12:19:06;-0,5;0,0;0,0;0,0;50,0;Подготовка;
20251209;12:19:11;-0,5;0,0;0,0;0,0;50,0;Подготовка;
20251209;12:19:16;-0,5;0,0;0,0;0,0;50,0;Подготовка;
20251209;12:19:21;-0,5;0,0;0,0;0,0;50,0;Подготовка;
20251209;12:19:26;-0,5;0,0;0,0;0,0;50,0;Подготовка;
20251209;12:19:31;-0,5;0,0;0,0;0,0;50,0;Подготовка;
20251209;12:19:36;-0,5;0,0;0,0;0,0;50,0;Подготовка;
20251209;12:19:41;-0,5;0,0;0,0;0,0;50,0;Подготовка;
20251209;12:19:47;-0,5;0,0;0,0;0,0;50,0;Подготовка;
20251209;12:19:52;-0,5;0,0;0,0;0,0;50,0;Подготовка;
20251209;12:19:57;-0,5;0,0;0,0;0,0;50,0;Подготовка;
20251209;12:20:02;-0,5;0,0;0,0;0,0;50,0;Подготовка;
20251209;12:20:07;-0,5;0,0;0,0;0,0;50,0;Подготовка;
20251209;12:20:12;-0,5;0,0;0,0;0,0;50,0;Подготовка;
20251209;12:20:17;-0,5;0,0;0,0;0,0;50,0;Подготовка;
20251209;12:20:22;-0,5;0,0;0,0;0,0;50,0;Подготовка;
20251209;12:20:27;-0,5;0,0;0,0;0,0;50,0;Подготовка;
20251209;12:20:32;-0,5;0,0;0,0;0,0;50,0;Подготовка;
20251209;12:20:37;-0,5;0,0;0,0;0,0;50,0;Подготовка;
20251209;12:20:42;-0,5;0,0;0,0;0,0;50,0;Подготовка;
20251209;12:20:47;-0,5;0,0;0,0;0,0;50,0;Подготовка;
20251209;12:20:52;-0,5;0,0;0,0;0,0;50,0;Подготовка;
20251209;12:20:57;-0,5;0,0;0,0;0,0;50,0;Подготовка;
20251209;12:21:02;-0,5;0,0;0,0;0,0;50,0;Подготовка;
20251209;12:21:07;-0,5;0,0;0,0;0,0;50,0;Подготовка;
20251209;12:21:12;-0,5;0,0;0,0;0,0;50,0;Подготовка;
20251209;12:21:17;-0,5;0,0;0,0;0,0;50,0;Подготовка;
20251209;12:21:22;-0,5;0,0;0,0;0,0;50,0;Подготовка;
20251209;12:21:27;-0,5;0,0;0,0;0,0;50,0;Подготовка;
20251209;12:21:32;-0,5;0,0;0,0;0,0;50,0;Подготовка;
20251209;12:21:37;-0,5;0,0;0,0;0,0;50,0;Подготовка;
20251209;12:21:42;-0,5;0,0;0,0;0,0;50,0;Подготовка;
20251209;12:21:47;-0,5;0,0;0,0;0,0;50,0;Подготовка;
20251209;12:21:53;-0,5;0,0;0,0;0,0;50,0;Подготовка;
20251209;12:21:58;-0,5;0,0;0,0;0,0;50,0;Подготовка;
20251209;12:22:03;-0,5;0,0;0,0;0,0;50,0;Подготовка;
20251209;12:22:08;-0,5;0,0;0,0;0,0;50,0;Подготовка;
20251209;12:22:13;-0,5;0,0;0,0;0,0;50,0;Подготовка;
20251209;12:22:18;-0,5;0,0;0,0;0,0;50,0;Подготовка;
20251209;12:22:23;-0,5;0,0;0,0;0,0;50,0;Подготовка;
20251209;12:22:28;-0,5;0,0;0,0;0,0;50,0;Подготовка;
20251209;12:22:33;-0,5;0,0;0,0;0,0;50,0;Подготовка;
20251209;12:22:38;-0,5;0,0;0,0;0,0;50,0;Подготовка;
20251209;12:22:43;-0,5;0,0;0,0;0,0;50,0;Подготовка;
20251209;12:22:48;-0,5;0,0;0,0;0,0;50,0;Подготовка;
20251209;12:22:53;-0,5;0,0;0,0;0,0;50,0;Подготовка;
20251209;12:22:58;-0,5;0,0;0,0;0,0;50,0;Подготовка;
20251209;12:23:03;-0,5;0,0;0,0;0,0;50,0;Подготовка;
20251209;12:23:08;-0,5;0,0;0,0;0,0;50,0;Подготовка;
20251209;12:23:13;-0,5;0,0;0,0;0,0;50,0;Подготовка;
20251209;12:23:18;-0,5;0,0;0,0;0,0;50,0;Подготовка;
20251209;12:23:23;-0,5;0,0;0,0;0,0;50,0;Подготовка;
20251209;12:23:28;-0,5;0,0;0,0;0,0;50,0;Подготовка;
20251209;12:23:33;-0,5;0,0;0,0;0,0;50,0;Подготовка;
20251209;12:23:38;-0,5;0,0;0,0;0,0;50,0;Подготовка;
20251209;12:23:43;-0,5;0,0;0,0;0,0;50,0;Подготовка;
20251209;12:23:48;-0,5;0,0;0,0;0,0;50,0;Подготовка;
20251209;12:23:53;-0,5;0,0;0,0;0,0;50,0;Подготовка;
20251209;12:23:59;-0,5;0,0;0,0;0,0;50,0;Подготовка;
20251209;12:24:04;-0,5;0,0;0,0;0,0;50,0;Подготовка;
20251209;12:24:09;-0,5;0,0;0,0;0,0;50,0;Подготовка;
20251209;12:24:14;-0,5;0,0;0,0;0,0;50,0;Подготовка;
20251209;12:24:19;-0,5;0,0;0,0;0,0;50,0;Подготовка;
20251209;12:24:24;-0,5;0,0;0,0;0,0;50,0;Подготовка;
20251209;12:24:29;-0,5;0,0;0,0;0,0;50,0;Подготовка;
20251209;12:24:34;-0,5;0,0;0,0;0,0;50,0;Подготовка;
20251209;12:24:39;-0,5;0,0;0,0;0,0;50,0;Подготовка;
20251209;12:24:44;-0,5;0,0;0,0;0,0;50,0;Подготовка;
20251209;12:24:49;-0,5;0,0;0,0;0,0;50,0;Подготовка;
20251209;12:24:54;-0,5;0,0;0,0;0,0;50,0;Подготовка;
20251209;12:24:59;-0,5;0,0;0,0;0,0;50,0;Подготовка;
20251209;12:25:04;-0,5;0,0;0,0;0,0;50,0;Подготовка;
20251209;12:25:09;-0,5;0,0;0,0;0,0;50,0;Подготовка;
20251209;12:25:14;-0,5;0,0;0,0;0,0;50,0;Подготовка;
20251209;12:25:19;-0,5;0,0;0,0;0,0;50,0;Подготовка;
20251209;12:25:24;-0,5;0,0;0,0;0,0;50,0;Подготовка;
20251209;12:25:29;-0,5;0,0;0,0;0,0;50,0;Подготовка;
20251209;12:25:34;-0,5;0,0;0,0;0,0;50,0;Подготовка;
20251209;12:25:39;-0,5;0,0;0,0;0,0;50,0;Подготовка;
20251209;12:25:44;-0,5;0,0;0,0;0,0;50,0;Подготовка;
20251209;12:25:49;-0,5;0,0;0,0;0,0;50,0;Подготовка;
20251209;12:25:54;-0,5;0,0;0,0;0,0;50,0;Подготовка;
20251209;12:25:59;-0,5;0,0;0,0;0,0;50,0;Подготовка;
20251209;12:26:05;-0,5;0,0;0,0;0,0;50,0;Подготовка;
20251209;12:26:10;-0,5;0,0;0,0;0,0;50,0;Подготовка;
20251209;12:26:15;-0,5;0,0;0,0;0,0;50,0;Подготовка;
20251209;12:26:20;-0,5;0,0;0,0;0,0;50,0;Подготовка;
20251209;12:26:25;-0,5;0,0;0,0;0,0;50,0;Подготовка;
20251209;12:26:30;-0,5;0,0;0,0;0,0;50,0;Подготовка;
20251209;12:26:35;-0,5;0,0;0,0;0,0;50,0;Подготовка;
20251209;12:26:40;-0,5;0,0;0,0;0,0;50,0;Подготовка;
20251209;12:26:45;-0,5;0,0;0,0;0,0;50,0;Подготовка;
20251209;12:26:50;-0,5;0,0;0,0;0,0;50,0;Подготовка;
20251209;12:26:55;-0,5;0,0;0,0;0,0;50,0;Подготовка;
20251209;12:27:00;-0,5;0,0;0,0;0,0;50,0;Подготовка;
20251209;12:27:05;-0,5;0,0;0,0;0,0;50,0;Подготовка;
20251209;12:27:10;-0,5;0,0;0,0;0,0;50,0;Подготовка;
20251209;12:27:15;-0,5;0,0;0,0;0,0;50,0;Подготовка;
20251209;12:27:20;-0,5;0,0;0,0;0,0;50,0;Подготовка;
20251209;12:27:25;-0,5;0,0;0,0;0,0;50,0;Подготовка;
20251209;12:27:30;-0,5;0,0;0,0;0,0;50,0;Подготовка;
20251209;12:27:35;-0,5;0,0;0,0;0,0;50,0;Подготовка;
20251209;12:27:40;-0,5;0,0;0,0;0,0;50,0;Подготовка;
20251209;12:27:45;-0,5;0,0;0,0;0,0;50,0;Подготовка;
20251209;12:27:50;-0,5;0,0;0,0;0,0;50,0;Подготовка;
20251209;12:27:55;-0,5;0,0;0,0;0,0;50,0;Подготовка;
20251209;12:28:00;-0,5;0,0;0,0;0,0;50,0;Подготовка;
20251209;12:28:05;-0,5;0,0;0,0;0,0;50,0;Подготовка;
20251209;12:28:11;-0,5;0,0;0,0;0,0;50,0;Подготовка;
20251209;12:28:16;-0,5;0,0;0,0;0,0;50,0;Подготовка;
20251209;12:28:21;-0,5;0,0;0,0;0,0;50,0;Подготовка;
20251209;12:28:26;-0,5;0,0;0,0;0,0;50,0;Подготовка;
20251209;12:28:31;-0,5;0,0;0,0;0,0;50,0;Подготовка;
20251209;12:28:36;-0,5;0,0;0,0;0,0;50,0;Подготовка;
20251209;12:28:41;-0,5;0,0;0,0;0,0;50,0;Подготовка;
20251209;12:28:46;-0,5;0,0;0,0;0,0;50,0;Подготовка;
20251209;12:28:51;-0,5;0,0;0,0;0,0;50,0;Подготовка;
20251209;12:28:56;-0,5;0,0;0,0;0,0;50,0;Подготовка;
20251209;12:29:01;-0,5;0,0;0,0;0,0;50,0;Подготовка;
20251209;12:29:06;-0,5;0,0;0,0;0,0;50,0;Подготовка;
20251209;12:29:11;-0,5;0,0;0,0;0,0;50,0;Подготовка;
20251209;12:29:16;-0,5;0,0;0,0;0,0;50,0;Подготовка;
20251209;12:29:21;-0,5;0,0;0,0;0,0;50,0;Подготовка;
20251209;12:29:26;-0,5;0,0;0,0;0,0;50,0;Подготовка;
20251209;12:29:31;-0,5;0,0;0,0;0,0;50,0;Подготовка;
20251209;12:29:36;-0,5;0,0;0,0;0,0;50,0;Подготовка;
20251209;12:29:41;-0,5;0,0;0,0;0,0;50,0;Подготовка;
20251209;12:29:46;-0,5;0,0;0,0;0,0;50,0;Подготовка;
20251209;12:29:51;-0,5;0,0;0,0;0,0;50,0;Подготовка;
20251209;12:29:56;-0,5;0,0;0,0;0,0;50,0;Подготовка;
20251209;12:30:01;-0,5;0,0;0,0;0,0;50,0;Подготовка;
20251209;12:30:06;-0,5;0,0;0,0;0,0;50,0;Подготовка;
20251209;12:30:11;-0,5;0,0;0,0;0,0;50,0;Подготовка;
20251209;12:30:17;-0,5;0,0;0,0;0,0;50,0;Подготовка;
20251209;12:30:22;-0,5;0,0;0,0;0,0;50,0;Подготовка;
20251209;12:30:27;-0,5;0,0;0,0;0,0;50,0;Подготовка;
20251209;12:30:32;-0,5;0,0;0,0;0,0;50,0;Подготовка;
20251209;12:30:37;-0,5;0,0;0,0;0,0;50,0;Подготовка;
20251209;12:30:42;-0,5;0,0;0,0;0,0;50,0;Подготовка;
20251209;12:30:47;-0,5;0,0;0,0;0,0;50,0;Подготовка;
20251209;12:30:52;-0,5;0,0;0,0;0,0;50,0;Подготовка;
20251209;12:30:57;-0,5;0,0;0,0;0,0;50,0;Подготовка;
20251209;12:31:02;-0,5;0,0;0,0;0,0;50,0;Подготовка;
20251209;12:31:07;-0,5;0,0;0,0;0,0;50,0;Подготовка;
20251209;12:31:12;-0,5;0,0;0,0;0,0;50,0;Подготовка;
20251209;12:31:17;-0,5;0,0;0,0;0,0;50,0;Подготовка;
20251209;12:31:22;-0,5;0,0;0,0;0,0;50,0;Подготовка;
20251209;12:31:27;-0,5;0,0;0,0;0,0;50,0;Подготовка;
20251209;12:31:32;-0,5;0,0;0,0;0,0;50,0;Подготовка;
20251209;12:31:37;-0,5;0,0;0,0;0,0;50,0;Подготовка;
20251209;12:31:42;-0,5;0,0;0,0;0,0;50,0;Подготовка;
20251209;12:31:47;-0,5;0,0;0,0;0,0;50,0;Подготовка;
20251209;12:31:52;-0,5;0,0;0,0;0,0;50,0;Подготовка;
20251209;12:31:57;-0,5;0,0;0,0;0,0;50,0;Подготовка;
20251209;12:32:02;-0,5;0,0;0,0;0,0;50,0;Подготовка;
20251209;12:32:07;-0,5;0,0;0,0;0,0;50,0;Подготовка;
20251209;12:32:12;-0,5;0,0;0,0;0,0;50,0;Подготовка;
20251209;12:32:17;-0,5;0,0;0,0;0,0;50,0;Подготовка;
20251209;12:32:23;-0,5;0,0;0,0;0,0;50,0;Подготовка;
20251209;12:32:28;-0,5;0,0;0,0;0,0;50,0;Подготовка;
20251209;12:32:33;-0,5;0,0;0,0;0,0;50,0;Подготовка;
20251209;12:32:38;-0,5;0,0;0,0;0,0;50,0;Подготовка;
20251209;12:32:43;-0,5;0,0;0,0;0,0;50,0;Подготовка;
20251209;12:32:48;-0,5;0,0;0,0;0,0;50,0;Подготовка;
20251209;12:32:53;-0,5;0,0;0,0;0,0;50,0;Подготовка;
20251209;12:32:58;-0,5;0,0;0,0;0,0;50,0;Подготовка;
20251209;12:33:03;-0,5;0,0;0,0;0,0;50,0;Подготовка;
20251209;12:33:08;-0,5;0,0;0,0;0,0;50,0;Подготовка;
20251209;12:33:13;-0,5;0,0;0,0;0,0;50,0;Подготовка;
20251209;12:33:18;-0,5;0,0;0,0;0,0;50,0;Подготовка;
20251209;12:33:23;-0,5;0,0;0,0;0,0;50,0;Подготовка;
20251209;12:33:28;-0,5;0,0;0,0;0,0;50,0;Подготовка;
20251209;12:33:33;-0,5;0,0;0,0;0,0;50,0;Подготовка;
20251209;12:33:38;-0,5;0,0;0,0;0,0;50,0;Подготовка;
20251209;12:33:43;-0,5;0,0;0,0;0,0;50,0;Подготовка;
20251209;12:33:48;-0,5;0,0;0,0;0,0;50,0;Подготовка;
20251209;12:33:53;-0,5;0,0;0,0;0,0;50,0;Подготовка;
20251209;12:33:58;-0,5;0,0;0,0;0,0;50,0;Подготовка;
20251209;12:34:03;-0,5;0,0;0,0;0,0;50,0;Подготовка;
Предприятие;
Объект;
Вид оборудования;
Дисп. наименование;
Тип;
Зав. номер;
Сер. номер;
Год выпуска;
Год ввода в эксплуатацию;
Дата отбора пробы;
Марка пробы;
Температура пробы;
DATE ;TIME ;TS_TEMP ;PROB_TEMP ;PROB_OTN_VL ;PROBE_VlAGOSOD ;SP ;STATUS ; 
20251209;12:34:20;-0,39;0,0;0,0;0,0;50,0;Включение;
20251209;12:34:25;-0,49;0,0;0,0;0,0;50,0;Включение;
20251209;12:34:30;-0,49;0,0;0,0;0,0;50,0;Подготовка;
20251209;12:34:35;-0,49;0,0;0,0;0,0;50,0;Подготовка;
20251209;12:34:40;-0,49;0,0;0,0;0,0;50,0;Подготовка;
20251209;12:34:45;-0,49;0,0;0,0;0,0;50,0;Подготовка;
20251209;12:34:50;-0,5;0,0;0,0;0,0;50,0;Подготовка;
20251209;12:34:55;-0,5;0,0;0,0;0,0;50,0;Подготовка;
20251209;12:35:00;-0,5;0,0;0,0;0,0;50,0;Подготовка;
20251209;12:35:05;-0,5;0,0;0,0;0,0;50,0;Подготовка;
20251209;12:35:10;-0,5;0,0;0,0;0,0;50,0;Подготовка;
20251209;12:35:16;-0,5;0,0;0,0;0,0;50,0;Подготовка;
20251209;12:35:21;-0,5;0,0;0,0;0,0;50,0;Подготовка;
20251209;12:35:26;-0,5;0,0;0,0;0,0;50,0;Подготовка;
20251209;12:35:31;-0,5;0,0;0,0;0,0;50,0;Подготовка;
20251209;12:35:36;-0,5;0,0;0,0;0,0;50,0;Подготовка;
20251209;12:35:41;-0,5;0,0;0,0;0,0;50,0;Подготовка;
20251209;12:35:46;-0,5;0,0;0,0;0,0;50,0;Подготовка;
20251209;12:35:51;-0,5;0,0;0,0;0,0;50,0;Подготовка;
20251209;12:35:56;-0,5;0,0;0,0;0,0;50,0;Подготовка;
20251209;12:36:01;-0,5;0,0;0,0;0,0;50,0;Подготовка;
20251209;12:36:06;-0,5;0,0;0,0;0,0;50,0;Подготовка;
20251209;12:36:11;-0,5;0,0;0,0;0,0;50,0;Подготовка;
20251209;12:36:16;-0,5;0,0;0,0;0,0;50,0;Подготовка;
20251209;12:36:21;-0,5;0,0;0,0;0,0;50,0;Подготовка;
20251209;12:36:26;-0,5;0,0;0,0;0,0;50,0;Подготовка;
20251209;12:36:31;-0,5;0,0;0,0;0,0;50,0;Подготовка;
20251209;12:36:36;-0,5;0,0;0,0;0,0;50,0;Подготовка;
20251209;12:36:41;-0,5;0,0;0,0;0,0;50,0;Подготовка;
20251209;12:36:46;-0,5;0,0;0,0;0,0;50,0;Подготовка;
20251209;12:36:51;-0,5;0,0;0,0;0,0;50,0;Подготовка;
20251209;12:36:56;-0,5;0,0;0,0;0,0;50,0;Подготовка;
20251209;12:37:01;-0,5;0,0;0,0;0,0;50,0;Подготовка;
20251209;12:37:06;-0,5;0,0;0,0;0,0;50,0;Подготовка;
20251209;12:37:11;-0,5;0,0;0,0;0,0;50,0;Подготовка;
20251209;12:37:16;-0,5;0,0;0,0;0,0;50,0;Подготовка;
20251209;12:37:22;-0,5;0,0;0,0;0,0;50,0;Подготовка;
20251209;12:37:27;-0,5;0,0;0,0;0,0;50,0;Подготовка;
20251209;12:37:32;-0,5;0,0;0,0;0,0;50,0;Подготовка;
20251209;12:37:37;-0,5;0,0;0,0;0,0;50,0;Подготовка;
20251209;12:37:42;-0,5;0,0;0,0;0,0;50,0;Подготовка;
20251209;12:37:47;-0,5;0,0;0,0;0,0;50,0;Подготовка;
20251209;12:37:52;-0,5;0,0;0,0;0,0;50,0;Подготовка;
20251209;12:37:57;-0,5;0,0;0,0;0,0;50,0;Подготовка;
20251209;12:38:02;-0,5;0,0;0,0;0,0;50,0;Подготовка;
20251209;12:38:07;-0,5;0,0;0,0;0,0;50,0;Подготовка;
20251209;12:38:12;-0,5;0,0;0,0;0,0;50,0;Подготовка;
20251209;12:38:17;-0,5;0,0;0,0;0,0;50,0;Подготовка;
20251209;12:38:22;-0,5;0,0;0,0;0,0;50,0;Подготовка;
20251209;12:38:27;-0,5;0,0;0,0;0,0;50,0;Подготовка;
20251209;12:38:32;-0,5;0,0;0,0;0,0;50,0;Подготовка;
20251209;12:38:37;-0,5;0,0;0,0;0,0;50,0;Подготовка;
20251209;12:38:42;-0,5;0,0;0,0;0,0;50,0;Подготовка;
20251209;12:38:47;-0,5;0,0;0,0;0,0;50,0;Подготовка;
20251209;12:38:52;-0,5;0,0;0,0;0,0;50,0;Подготовка;
20251209;12:38:57;-0,5;0,0;0,0;0,0;50,0;Подготовка;
20251209;12:39:02;-0,5;0,0;0,0;0,0;50,0;Подготовка;
20251209;12:39:07;-0,5;0,0;0,0;0,0;50,0;Подготовка;
20251209;12:39:12;-0,5;0,0;0,0;0,0;50,0;Подготовка;
20251209;12:39:17;-0,5;0,0;0,0;0,0;50,0;Подготовка;
20251209;12:39:22;-0,5;0,0;0,0;0,0;50,0;Подготовка;
20251209;12:39:28;-0,5;0,0;0,0;0,0;50,0;Подготовка;
20251209;12:39:33;-0,5;0,0;0,0;0,0;50,0;Подготовка;
20251209;12:39:38;-0,5;0,0;0,0;0,0;50,0;Подготовка;
20251209;12:39:43;-0,5;0,0;0,0;0,0;50,0;Подготовка;
20251209;12:39:48;-0,5;0,0;0,0;0,0;50,0;Подготовка;
20251209;12:39:53;-0,5;0,0;0,0;0,0;50,0;Подготовка;
20251209;12:39:58;-0,5;0,0;0,0;0,0;50,0;Подготовка;
20251209;12:40:03;-0,5;0,0;0,0;0,0;50,0;Подготовка;
20251209;12:40:08;-0,5;0,0;0,0;0,0;50,0;Подготовка;
20251209;12:40:13;-0,5;0,0;0,0;0,0;50,0;Подготовка;
20251209;12:40:18;-0,5;0,0;0,0;0,0;50,0;Подготовка;
20251209;12:40:23;-0,5;0,0;0,0;0,0;50,0;Подготовка;
20251209;12:40:28;-0,5;0,0;0,0;0,0;50,0;Подготовка;
20251209;12:40:33;-0,5;0,0;0,0;0,0;50,0;Подготовка;
20251209;12:40:38;-0,5;0,0;0,0;0,0;50,0;Подготовка;
20251209;12:40:43;-0,5;0,0;0,0;0,0;50,0;Подготовка;
20251209;12:40:48;-0,5;0,0;0,0;0,0;50,0;Подготовка;
20251209;12:40:53;-0,5;0,0;0,0;0,0;50,0;Подготовка;
20251209;12:40:58;-0,5;0,0;0,0;0,0;50,0;Подготовка;
20251209;12:41:03;-0,5;0,0;0,0;0,0;50,0;Подготовка;
20251209;12:41:08;-0,5;0,0;0,0;0,0;50,0;Подготовка;
20251209;12:41:13;-0,5;0,0;0,0;0,0;50,0;Подготовка;
20251209;12:41:18;-0,5;0,0;0,0;0,0;50,0;Подготовка;
20251209;12:41:23;-0,5;0,0;0,0;0,0;50,0;Подготовка;
20251209;12:41:28;-0,5;0,0;0,0;0,0;50,0;Подготовка;
20251209;12:41:34;-0,5;0,0;0,0;0,0;50,0;Подготовка;
20251209;12:41:39;-0,5;0,0;0,0;0,0;50,0;Подготовка;
20251209;12:41:44;-0,5;0,0;0,0;0,0;50,0;Подготовка;
20251209;12:41:49;-0,5;0,0;0,0;0,0;50,0;Подготовка;
20251209;12:41:54;-0,5;0,0;0,0;0,0;50,0;Подготовка;
20251209;12:41:59;-0,5;0,0;0,0;0,0;50,0;Подготовка;
20251209;12:42:04;-0,5;0,0;0,0;0,0;50,0;Подготовка;
20251209;12:42:09;-0,5;0,0;0,0;0,0;50,0;Подготовка;
20251209;12:42:14;-0,5;0,0;0,0;0,0;50,0;Подготовка;
20251209;12:42:19;-0,5;0,0;0,0;0,0;50,0;Подготовка;
20251209;12:42:24;-0,5;0,0;0,0;0,0;50,0;Подготовка;
20251209;12:42:29;-0,5;0,0;0,0;0,0;50,0;Подготовка;
20251209;12:42:34;-0,5;0,0;0,0;0,0;50,0;Подготовка;
20251209;12:42:39;-0,5;0,0;0,0;0,0;50,0;Подготовка;
20251209;12:42:44;-0,5;0,0;0,0;0,0;50,0;Подготовка;
20251209;12:42:49;-0,5;0,0;0,0;0,0;50,0;Подготовка;
20251209;12:42:54;-0,5;0,0;0,0;0,0;50,0;Подготовка;
20251209;12:42:59;-0,5;0,0;0,0;0,0;50,0;Подготовка;
20251209;12:43:04;-0,5;0,0;0,0;0,0;50,0;Подготовка;
20251209;12:43:09;-0,5;0,0;0,0;0,0;50,0;Подготовка;
20251209;12:43:14;-0,5;0,0;0,0;0,0;50,0;Подготовка;
20251209;12:43:19;-0,5;0,0;0,0;0,0;50,0;Подготовка;
20251209;12:43:24;-0,5;0,0;0,0;0,0;50,0;Подготовка;
20251209;12:43:29;-0,5;0,0;0,0;0,0;50,0;Подготовка;
20251209;12:43:34;-0,5;0,0;0,0;0,0;50,0;Подготовка;
20251209;12:43:40;-0,5;0,0;0,0;0,0;50,0;Подготовка;
20251209;12:43:45;-0,5;0,0;0,0;0,0;50,0;Подготовка;
20251209;12:43:50;-0,5;0,0;0,0;0,0;50,0;Подготовка;
20251209;12:43:55;-0,5;0,0;0,0;0,0;50,0;Подготовка;
20251209;12:44:00;-0,5;0,0;0,0;0,0;50,0;Подготовка;
20251209;12:44:05;-0,5;0,0;0,0;0,0;50,0;Подготовка;
20251209;12:44:10;-0,5;0,0;0,0;0,0;50,0;Подготовка;
20251209;12:44:15;-0,5;0,0;0,0;0,0;50,0;Подготовка;
20251209;12:44:20;-0,5;0,0;0,0;0,0;50,0;Подготовка;
20251209;12:44:25;-0,5;0,0;0,0;0,0;50,0;Подготовка;
20251209;12:44:30;-0,5;0,0;0,0;0,0;50,0;Подготовка;
20251209;12:44:35;-0,5;0,0;0,0;0,0;50,0;Подготовка;
20251209;12:44:40;-0,5;0,0;0,0;0,0;50,0;Подготовка;
20251209;12:44:45;-0,5;0,0;0,0;0,0;50,0;Подготовка;
20251209;12:44:50;-0,5;0,0;0,0;0,0;50,0;Подготовка;
20251209;12:44:55;-0,5;0,0;0,0;0,0;50,0;Подготовка;
20251209;12:45:00;-0,5;0,0;0,0;0,0;50,0;Подготовка;
20251209;12:45:05;-0,5;0,0;0,0;0,0;50,0;Подготовка;
20251209;12:45:10;-0,5;0,0;0,0;0,0;50,0;Подготовка;
20251209;12:45:15;-0,5;0,0;0,0;0,0;50,0;Подготовка;
20251209;12:45:20;-0,5;0,0;0,0;0,0;50,0;Подготовка;
20251209;12:45:25;-0,5;0,0;0,0;0,0;50,0;Подготовка;
20251209;12:45:30;-0,5;0,0;0,0;0,0;50,0;Подготовка;
20251209;12:45:35;-0,5;0,0;0,0;0,0;50,0;Подготовка;
20251209;12:45:40;-0,5;0,0;0,0;0,0;50,0;Подготовка;
20251209;12:45:46;-0,5;0,0;0,0;0,0;50,0;Подготовка;
20251209;12:45:51;-0,5;0,0;0,0;0,0;50,0;Подготовка;
20251209;12:45:56;-0,5;0,0;0,0;0,0;50,0;Подготовка;
20251209;12:46:01;-0,5;0,0;0,0;0,0;50,0;Подготовка;
20251209;12:46:06;-0,5;0,0;0,0;0,0;50,0;Подготовка;
20251209;12:46:11;-0,5;0,0;0,0;0,0;50,0;Подготовка;
20251209;12:46:16;-0,5;0,0;0,0;0,0;50,0;Подготовка;
20251209;12:46:21;-0,5;0,0;0,0;0,0;50,0;Подготовка;
20251209;12:46:26;-0,5;0,0;0,0;0,0;50,0;Подготовка;
20251209;12:46:31;-0,5;0,0;0,0;0,0;50,0;Подготовка;
20251209;12:46:36;-0,5;0,0;0,0;0,0;50,0;Подготовка;
20251209;12:46:41;-0,5;0,0;0,0;0,0;50,0;Подготовка;
20251209;12:46:46;-0,5;0,0;0,0;0,0;50,0;Подготовка;
20251209;12:46:51;-0,5;0,0;0,0;0,0;50,0;Подготовка;
20251209;12:46:56;-0,5;0,0;0,0;0,0;50,0;Подготовка;
20251209;12:47:01;-0,5;0,0;0,0;0,0;50,0;Подготовка;
20251209;12:47:06;-0,5;0,0;0,0;0,0;50,0;Подготовка;
20251209;12:47:11;-0,5;0,0;0,0;0,0;50,0;Подготовка;
20251209;12:47:16;-0,5;0,0;0,0;0,0;50,0;Подготовка;
20251209;12:47:21;-0,5;0,0;0,0;0,0;50,0;Подготовка;
20251209;12:47:26;-0,5;0,0;0,0;0,0;50,0;Подготовка;
20251209;12:47:31;-0,5;0,0;0,0;0,0;50,0;Подготовка;
20251209;12:47:36;-0,5;0,0;0,0;0,0;50,0;Подготовка;
20251209;12:47:41;-0,5;0,0;0,0;0,0;50,0;Подготовка;
20251209;12:47:46;-0,5;0,0;0,0;0,0;50,0;Подготовка;
20251209;12:47:52;-0,5;0,0;0,0;0,0;50,0;Подготовка;
20251209;12:47:57;-0,5;0,0;0,0;0,0;50,0;Подготовка;
20251209;12:48:02;-0,5;0,0;0,0;0,0;50,0;Подготовка;
20251209;12:48:07;-0,5;0,0;0,0;0,0;50,0;Подготовка;
20251209;12:48:12;-0,5;0,0;0,0;0,0;50,0;Подготовка;
20251209;12:48:17;-0,5;0,0;0,0;0,0;50,0;Подготовка;
20251209;12:48:22;-0,5;0,0;0,0;0,0;50,0;Подготовка;
20251209;12:48:27;-0,5;0,0;0,0;0,0;50,0;Подготовка;
20251209;12:48:32;-0,5;0,0;0,0;0,0;50,0;Подготовка;
20251209;12:48:37;-0,5;0,0;0,0;0,0;50,0;Подготовка;
20251209;12:48:42;-0,5;0,0;0,0;0,0;50,0;Подготовка;
20251209;12:48:47;-0,5;0,0;0,0;0,0;50,0;Подготовка;
20251209;12:48:52;-0,5;0,0;0,0;0,0;50,0;Подготовка;
20251209;12:48:57;-0,5;0,0;0,0;0,0;50,0;Подготовка;
20251209;12:49:02;-0,5;0,0;0,0;0,0;50,0;Подготовка;
20251209;12:49:07;-0,5;0,0;0,0;0,0;50,0;Подготовка;
20251209;12:49:12;-0,5;0,0;0,0;0,0;50,0;Подготовка;
20251209;12:49:17;-0,5;0,0;0,0;0,0;50,0;Подготовка;
20251209;12:49:22;-0,5;0,0;0,0;0,0;50,0;Подготовка;
20251209;12:49:27;-0,5;0,0;0,0;0,0;50,0;Подготовка;
20251209;12:49:32;-0,5;0,0;0,0;0,0;50,0;Подготовка;
20251209;12:49:37;-0,5;0,0;0,0;0,0;50,0;Подготовка;
20251209;12:49:42;-0,5;0,0;0,0;0,0;50,0;Подготовка;
20251209;12:49:47;-0,5;0,0;0,0;0,0;50,0;Подготовка;
20251209;12:49:52;-0,5;0,0;0,0;0,0;50,0;Подготовка;
20251209;12:49:58;-0,5;0,0;0,0;0,0;50,0;Подготовка;
20251209;12:50:03;-0,5;0,0;0,0;0,0;50,0;Подготовка;
20251209;12:50:08;-0,5;0,0;0,0;0,0;50,0;Подготовка;
20251209;12:50:13;-0,5;0,0;0,0;0,0;50,0;Подготовка;
20251209;12:50:18;-0,5;0,0;0,0;0,0;50,0;Подготовка;
20251209;12:50:23;-0,5;0,0;0,0;0,0;50,0;Подготовка;
20251209;12:50:28;-0,5;0,0;0,0;0,0;50,0;Подготовка;
20251209;12:50:33;-0,5;0,0;0,0;0,0;50,0;Подготовка;
20251209;12:50:38;-0,5;0,0;0,0;0,0;50,0;Подготовка;
20251209;12:50:43;-0,5;0,0;0,0;0,0;50,0;Подготовка;
20251209;12:50:48;-0,5;0,0;0,0;0,0;50,0;Подготовка;
20251209;12:50:53;-0,5;0,0;0,0;0,0;50,0;Подготовка;
20251209;12:50:58;-0,5;0,0;0,0;0,0;50,0;Подготовка;
20251209;12:51:03;-0,5;0,0;0,0;0,0;50,0;Подготовка;
20251209;12:51:08;-0,5;0,0;0,0;0,0;50,0;Подготовка;
20251209;12:51:13;-0,5;0,0;0,0;0,0;50,0;Подготовка;
20251209;12:51:18;-0,5;0,0;0,0;0,0;50,0;Подготовка;
20251209;12:51:23;-0,5;0,0;0,0;0,0;50,0;Подготовка;
20251209;12:51:28;-0,5;0,0;0,0;0,0;50,0;Подготовка;
20251209;12:51:33;-0,5;0,0;0,0;0,0;50,0;Подготовка;
20251209;12:51:38;-0,5;0,0;0,0;0,0;50,0;Подготовка;
20251209;12:51:43;-0,5;0,0;0,0;0,0;50,0;Подготовка;
20251209;12:51:48;-0,5;0,0;0,0;0,0;50,0;Подготовка;
20251209;12:51:53;-0,5;0,0;0,0;0,0;50,0;Подготовка;
20251209;12:51:58;-0,5;0,0;0,0;0,0;50,0;Подготовка;
20251209;12:52:04;-0,5;0,0;0,0;0,0;50,0;Подготовка;
20251209;12:52:09;-0,5;0,0;0,0;0,0;50,0;Подготовка;
20251209;12:52:14;-0,5;0,0;0,0;0,0;50,0;Подготовка;
20251209;12:52:19;-0,5;0,0;0,0;0,0;50,0;Подготовка;
20251209;12:52:24;-0,5;0,0;0,0;0,0;50,0;Подготовка;
20251209;12:52:29;-0,5;0,0;0,0;0,0;50,0;Подготовка;
20251209;12:52:34;-0,5;0,0;0,0;0,0;50,0;Подготовка;
20251209;12:52:39;-0,5;0,0;0,0;0,0;50,0;Подготовка;
20251209;12:52:44;-0,5;0,0;0,0;0,0;50,0;Подготовка;
20251209;12:52:49;-0,5;0,0;0,0;0,0;50,0;Подготовка;
20251209;12:52:54;-0,5;0,0;0,0;0,0;50,0;Подготовка;
20251209;12:52:59;-0,5;0,0;0,0;0,0;50,0;Подготовка;
20251209;12:53:04;-0,5;0,0;0,0;0,0;50,0;Подготовка;
20251209;12:53:09;-0,5;0,0;0,0;0,0;50,0;Подготовка;
20251209;12:53:14;-0,5;0,0;0,0;0,0;50,0;Подготовка;
20251209;12:53:19;-0,5;0,0;0,0;0,0;50,0;Подготовка;
20251209;12:53:24;-0,5;0,0;0,0;0,0;50,0;Подготовка;
20251209;12:53:29;-0,5;0,0;0,0;0,0;50,0;Подготовка;
20251209;12:53:34;-0,5;0,0;0,0;0,0;50,0;Подготовка;
20251209;12:53:39;-0,5;0,0;0,0;0,0;50,0;Подготовка;
20251209;12:53:44;-0,5;0,0;0,0;0,0;50,0;Подготовка;
20251209;12:53:49;-0,5;0,0;0,0;0,0;50,0;Подготовка;
20251209;12:53:54;-0,5;0,0;0,0;0,0;50,0;Подготовка;
20251209;12:53:59;-0,5;0,0;0,0;0,0;50,0;Подготовка;
20251209;12:54:04;-0,5;0,0;0,0;0,0;50,0;Подготовка;
20251209;12:54:10;-0,5;0,0;0,0;0,0;50,0;Подготовка;
20251209;12:54:15;-0,5;0,0;0,0;0,0;50,0;Подготовка;
20251209;12:54:20;-0,5;0,0;0,0;0,0;50,0;Подготовка;
20251209;12:54:25;-0,5;0,0;0,0;0,0;50,0;Подготовка;
20251209;12:54:30;-0,5;0,0;0,0;0,0;50,0;Подготовка;
20251209;12:54:35;-0,5;0,0;0,0;0,0;50,0;Подготовка;
20251209;12:54:40;-0,5;0,0;0,0;0,0;50,0;Подготовка;
20251209;12:54:45;-0,5;0,0;0,0;0,0;50,0;Подготовка;
20251209;12:54:50;-0,5;0,0;0,0;0,0;50,0;Подготовка;
20251209;12:54:55;-0,5;0,0;0,0;0,0;50,0;Подготовка;
20251209;12:55:00;-0,5;0,0;0,0;0,0;50,0;Подготовка;
20251209;12:55:05;-0,5;0,0;0,0;0,0;50,0;Подготовка;
20251209;12:55:10;-0,5;0,0;0,0;0,0;50,0;Подготовка;
20251209;12:55:15;-0,5;0,0;0,0;0,0;50,0;Подготовка;
20251209;12:55:20;-0,5;0,0;0,0;0,0;50,0;Подготовка;
20251209;12:55:25;-0,5;0,0;0,0;0,0;50,0;Подготовка;
20251209;12:55:30;-0,5;0,0;0,0;0,0;50,0;Подготовка;
20251209;12:55:35;-0,5;0,0;0,0;0,0;50,0;Подготовка;
20251209;12:55:40;-0,5;0,0;0,0;0,0;50,0;Подготовка;
20251209;12:55:45;-0,5;0,0;0,0;0,0;50,0;Подготовка;
20251209;12:55:50;-0,5;0,0;0,0;0,0;50,0;Подготовка;
20251209;12:55:55;-0,5;0,0;0,0;0,0;50,0;Подготовка;
20251209;12:56:00;-0,5;0,0;0,0;0,0;50,0;Подготовка;
20251209;12:56:05;-0,5;0,0;0,0;0,0;50,0;Подготовка;
20251209;12:56:10;-0,5;0,0;0,0;0,0;50,0;Подготовка;
20251209;12:56:16;-0,5;0,0;0,0;0,0;50,0;Подготовка;
20251209;12:56:21;-0,5;0,0;0,0;0,0;50,0;Подготовка;
20251209;12:56:26;-0,5;0,0;0,0;0,0;50,0;Подготовка;
20251209;12:56:31;-0,5;0,0;0,0;0,0;50,0;Подготовка;
20251209;12:56:36;-0,5;0,0;0,0;0,0;50,0;Подготовка;
20251209;12:56:41;-0,5;0,0;0,0;0,0;50,0;Подготовка;
20251209;12:56:46;-0,5;0,0;0,0;0,0;50,0;Подготовка;
20251209;12:56:51;-0,5;0,0;0,0;0,0;50,0;Подготовка;
20251209;12:56:56;-0,5;0,0;0,0;0,0;50,0;Подготовка;
20251209;12:57:01;-0,5;0,0;0,0;0,0;50,0;Подготовка;
20251209;12:57:06;-0,5;0,0;0,0;0,0;50,0;Подготовка;
20251209;12:57:11;-0,5;0,0;0,0;0,0;50,0;Подготовка;
20251209;12:57:16;-0,5;0,0;0,0;0,0;50,0;Подготовка;
20251209;12:57:21;-0,5;0,0;0,0;0,0;50,0;Подготовка;
20251209;12:57:26;-0,5;0,0;0,0;0,0;50,0;Подготовка;
20251209;12:57:31;-0,5;0,0;0,0;0,0;50,0;Подготовка;
20251209;12:57:36;-0,5;0,0;0,0;0,0;50,0;Подготовка;
20251209;12:57:41;-0,5;0,0;0,0;0,0;50,0;Подготовка;
20251209;12:57:46;-0,5;0,0;0,0;0,0;50,0;Подготовка;
20251209;12:57:51;-0,5;0,0;0,0;0,0;50,0;Подготовка;
20251209;12:57:56;-0,5;0,0;0,0;0,0;50,0;Подготовка;
20251209;12:58:01;-0,5;0,0;0,0;0,0;50,0;Подготовка;
20251209;12:58:06;-0,5;0,0;0,0;0,0;50,0;Подготовка;
20251209;12:58:11;-0,5;0,0;0,0;0,0;50,0;Подготовка;
20251209;12:58:16;-0,5;0,0;0,0;0,0;50,0;Подготовка;
20251209;12:58:22;-0,5;0,0;0,0;0,0;50,0;Подготовка;
20251209;12:58:27;-0,5;0,0;0,0;0,0;50,0;Подготовка;
20251209;12:58:32;-0,5;0,0;0,0;0,0;50,0;Подготовка;
20251209;12:58:37;-0,5;0,0;0,0;0,0;50,0;Подготовка;
20251209;12:58:42;-0,5;0,0;0,0;0,0;50,0;Подготовка;
20251209;12:58:47;-0,5;0,0;0,0;0,0;50,0;Подготовка;
20251209;12:58:52;-0,5;0,0;0,0;0,0;50,0;Подготовка;
20251209;12:58:57;-0,5;0,0;0,0;0,0;50,0;Подготовка;
20251209;12:59:02;-0,5;0,0;0,0;0,0;50,0;Подготовка;
20251209;12:59:07;-0,5;0,0;0,0;0,0;50,0;Подготовка;
20251209;12:59:12;-0,5;0,0;0,0;0,0;50,0;Подготовка;
20251209;12:59:17;-0,5;0,0;0,0;0,0;50,0;Подготовка;
20251209;12:59:22;-0,5;0,0;0,0;0,0;50,0;Подготовка;
20251209;12:59:27;-0,5;0,0;0,0;0,0;50,0;Подготовка;
20251209;12:59:32;-0,5;0,0;0,0;0,0;50,0;Подготовка;
20251209;12:59:37;-0,5;0,0;0,0;0,0;50,0;Подготовка;
20251209;12:59:42;-0,5;0,0;0,0;0,0;50,0;Подготовка;
20251209;12:59:47;-0,5;0,0;0,0;0,0;50,0;Подготовка;
20251209;12:59:52;-0,5;0,0;0,0;0,0;50,0;Подготовка;
20251209;12:59:57;-0,5;0,0;0,0;0,0;50,0;Подготовка;
20251209;13:00:02;-0,5;0,0;0,0;0,0;50,0;Подготовка;
20251209;13:00:07;-0,5;0,0;0,0;0,0;50,0;Подготовка;
20251209;13:00:12;-0,5;0,0;0,0;0,0;50,0;Подготовка;
20251209;13:00:17;-0,5;0,0;0,0;0,0;50,0;Подготовка;
20251209;13:00:22;-0,5;0,0;0,0;0,0;50,0;Подготовка;
20251209;13:00:28;-0,5;0,0;0,0;0,0;50,0;Подготовка;
20251209;13:00:33;-0,5;0,0;0,0;0,0;50,0;Подготовка;
20251209;13:00:38;-0,5;0,0;0,0;0,0;50,0;Подготовка;
20251209;13:00:43;-0,5;0,0;0,0;0,0;50,0;Подготовка;
20251209;13:00:48;-0,5;0,0;0,0;0,0;50,0;Подготовка;
20251209;13:00:53;-0,5;0,0;0,0;0,0;50,0;Подготовка;
20251209;13:00:58;-0,5;0,0;0,0;0,0;50,0;Подготовка;
20251209;13:01:03;-0,5;0,0;0,0;0,0;50,0;Подготовка;
20251209;13:01:08;-0,5;0,0;0,0;0,0;50,0;Подготовка;
20251209;13:01:13;-0,5;0,0;0,0;0,0;50,0;Подготовка;
20251209;13:01:18;-0,5;0,0;0,0;0,0;50,0;Подготовка;
20251209;13:01:23;-0,5;0,0;0,0;0,0;50,0;Подготовка;
20251209;13:01:28;-0,5;0,0;0,0;0,0;50,0;Подготовка;
20251209;13:01:33;-0,5;0,0;0,0;0,0;50,0;Подготовка;
20251209;13:01:38;-0,5;0,0;0,0;0,0;50,0;Подготовка;
20251209;13:01:43;-0,5;0,0;0,0;0,0;50,0;Подготовка;
20251209;13:01:48;-0,5;0,0;0,0;0,0;50,0;Подготовка;
20251209;13:01:53;-0,5;0,0;0,0;0,0;50,0;Подготовка;
20251209;13:01:58;-0,5;0,0;0,0;0,0;50,0;Подготовка;
20251209;13:02:03;-0,5;0,0;0,0;0,0;50,0;Подготовка;
20251209;13:02:08;-0,5;0,0;0,0;0,0;50,0;Подготовка;
20251209;13:02:13;-0,5;0,0;0,0;0,0;50,0;Подготовка;
20251209;13:02:18;-0,5;0,0;0,0;0,0;50,0;Подготовка;
20251209;13:02:23;-0,5;0,0;0,0;0,0;50,0;Подготовка;
20251209;13:02:28;-0,5;0,0;0,0;0,0;50,0;Подготовка;
20251209;13:02:34;-0,5;0,0;0,0;0,0;50,0;Подготовка;
20251209;13:02:39;-0,5;0,0;0,0;0,0;50,0;Подготовка;
20251209;13:02:44;-0,5;0,0;0,0;0,0;50,0;Подготовка;
20251209;13:02:49;-0,5;0,0;0,0;0,0;50,0;Подготовка;
20251209;13:02:54;-0,5;0,0;0,0;0,0;50,0;Подготовка;
20251209;13:02:59;-0,5;0,0;0,0;0,0;50,0;Подготовка;
20251209;13:03:04;-0,5;0,0;0,0;0,0;50,0;Подготовка;
20251209;13:03:09;-0,5;0,0;0,0;0,0;50,0;Подготовка;
20251209;13:03:14;-0,5;0,0;0,0;0,0;50,0;Подготовка;
20251209;13:03:19;-0,5;0,0;0,0;0,0;50,0;Подготовка;
20251209;13:03:24;-0,5;0,0;0,0;0,0;50,0;Подготовка;
20251209;13:03:29;-0,5;0,0;0,0;0,0;50,0;Подготовка;
20251209;13:03:34;-0,5;0,0;0,0;0,0;50,0;Подготовка;
20251209;13:03:39;-0,5;0,0;0,0;0,0;50,0;Подготовка;
20251209;13:03:44;-0,5;0,0;0,0;0,0;50,0;Подготовка;
20251209;13:03:49;-0,5;0,0;0,0;0,0;50,0;Подготовка;
20251209;13:03:54;-0,5;0,0;0,0;0,0;50,0;Подготовка;
20251209;13:03:59;-0,5;0,0;0,0;0,0;50,0;Подготовка;
20251209;13:04:04;-0,5;0,0;0,0;0,0;50,0;Подготовка;
20251209;13:04:09;-0,5;0,0;0,0;0,0;50,0;Подготовка;
20251209;13:04:14;-0,5;0,0;0,0;0,0;50,0;Подготовка;
20251209;13:04:19;-0,5;0,0;0,0;0,0;50,0;Подготовка;
20251209;13:04:24;-0,5;0,0;0,0;0,0;50,0;Подготовка;
20251209;13:04:29;-0,5;0,0;0,0;0,0;50,0;Подготовка;
20251209;13:04:34;-0,5;0,0;0,0;0,0;50,0;Подготовка;
20251209;13:04:40;-0,5;0,0;0,0;0,0;50,0;Подготовка;
20251209;13:04:45;-0,5;0,0;0,0;0,0;50,0;Подготовка;
20251209;13:04:50;-0,5;0,0;0,0;0,0;50,0;Подготовка;
20251209;13:04:55;-0,5;0,0;0,0;0,0;50,0;Подготовка;
20251209;13:05:00;-0,5;0,0;0,0;0,0;50,0;Подготовка;
20251209;13:05:05;-0,5;0,0;0,0;0,0;50,0;Подготовка;
20251209;13:05:10;-0,5;0,0;0,0;0,0;50,0;Подготовка;
20251209;13:05:15;-0,5;0,0;0,0;0,0;50,0;Подготовка;
20251209;13:05:20;-0,5;0,0;0,0;0,0;50,0;Подготовка;
20251209;13:05:25;-0,5;0,0;0,0;0,0;50,0;Подготовка;
20251209;13:05:30;-0,5;0,0;0,0;0,0;50,0;Подготовка;
20251209;13:05:35;-0,5;0,0;0,0;0,0;50,0;Подготовка;
20251209;13:05:40;-0,5;0,0;0,0;0,0;50,0;Подготовка;
20251209;13:05:45;-0,5;0,0;0,0;0,0;50,0;Подготовка;
20251209;13:05:50;-0,5;0,0;0,0;0,0;50,0;Подготовка;
20251209;13:05:55;-0,5;0,0;0,0;0,0;50,0;Подготовка;
20251209;13:06:00;-0,5;0,0;0,0;0,0;50,0;Подготовка;
20251209;13:06:05;-0,5;0,0;0,0;0,0;50,0;Подготовка;
20251209;13:06:10;-0,5;0,0;0,0;0,0;50,0;Подготовка;
20251209;13:06:15;-0,5;0,0;0,0;0,0;50,0;Подготовка;
20251209;13:06:20;-0,5;0,0;0,0;0,0;50,0;Подготовка;
20251209;13:06:25;-0,5;0,0;0,0;0,0;50,0;Подготовка;
20251209;13:06:30;-0,5;0,0;0,0;0,0;50,0;Подготовка;
20251209;13:06:35;-0,5;0,0;0,0;0,0;50,0;Подготовка;
20251209;13:06:40;-0,5;0,0;0,0;0,0;50,0;Подготовка;
20251209;13:06:46;-0,5;0,0;0,0;0,0;50,0;Подготовка;
20251209;13:06:51;-0,5;0,0;0,0;0,0;50,0;Подготовка;
20251209;13:06:56;-0,5;0,0;0,0;0,0;50,0;Подготовка;
20251209;13:07:01;-0,5;0,0;0,0;0,0;50,0;Подготовка;
20251209;13:07:06;-0,5;0,0;0,0;0,0;50,0;Подготовка;
20251209;13:07:11;-0,5;0,0;0,0;0,0;50,0;Подготовка;
20251209;13:07:16;-0,5;0,0;0,0;0,0;50,0;Подготовка;
20251209;13:07:21;-0,5;0,0;0,0;0,0;50,0;Подготовка;
20251209;13:07:26;-0,5;0,0;0,0;0,0;50,0;Подготовка;
20251209;13:07:31;-0,5;0,0;0,0;0,0;50,0;Подготовка;
20251209;13:07:36;-0,5;0,0;0,0;0,0;50,0;Подготовка;
20251209;13:07:41;-0,5;0,0;0,0;0,0;50,0;Подготовка;
20251209;13:07:46;-0,5;0,0;0,0;0,0;50,0;Подготовка;
20251209;13:07:51;-0,5;0,0;0,0;0,0;50,0;Подготовка;
20251209;13:07:56;-0,5;0,0;0,0;0,0;50,0;Подготовка;
20251209;13:08:01;-0,5;0,0;0,0;0,0;50,0;Подготовка;
20251209;13:08:06;-0,5;0,0;0,0;0,0;50,0;Подготовка;
20251209;13:08:11;-0,5;0,0;0,0;0,0;50,0;Подготовка;
20251209;13:08:16;-0,5;0,0;0,0;0,0;50,0;Подготовка;
20251209;13:08:21;-0,5;0,0;0,0;0,0;50,0;Подготовка;
20251209;13:08:26;-0,5;0,0;0,0;0,0;50,0;Подготовка;
20251209;13:08:31;-0,5;0,0;0,0;0,0;50,0;Подготовка;
20251209;13:08:36;-0,5;0,0;0,0;0,0;50,0;Подготовка;
20251209;13:08:41;-0,5;0,0;0,0;0,0;50,0;Подготовка;
20251209;13:08:46;-0,5;0,0;0,0;0,0;50,0;Подготовка;
20251209;13:08:52;-0,5;0,0;0,0;0,0;50,0;Подготовка;
20251209;13:08:57;-0,5;0,0;0,0;0,0;50,0;Подготовка;
20251209;13:09:02;-0,5;0,0;0,0;0,0;50,0;Подготовка;
20251209;13:09:07;-0,5;0,0;0,0;0,0;50,0;Подготовка;
20251209;13:09:12;-0,5;0,0;0,0;0,0;50,0;Подготовка;
20251209;13:09:17;-0,5;0,0;0,0;0,0;50,0;Подготовка;
20251209;13:09:22;-0,5;0,0;0,0;0,0;50,0;Подготовка;
20251209;13:09:27;-0,5;0,0;0,0;0,0;50,0;Подготовка;
20251209;13:09:32;-0,5;0,0;0,0;0,0;50,0;Подготовка;
20251209;13:09:37;-0,5;0,0;0,0;0,0;50,0;Подготовка;
20251209;13:09:42;-0,5;0,0;0,0;0,0;50,0;Подготовка;
20251209;13:09:47;-0,5;0,0;0,0;0,0;50,0;Подготовка;
20251209;13:09:52;-0,5;0,0;0,0;0,0;50,0;Подготовка;
20251209;13:09:57;-0,5;0,0;0,0;0,0;50,0;Подготовка;
20251209;13:10:02;-0,5;0,0;0,0;0,0;50,0;Подготовка;
20251209;13:10:07;-0,5;0,0;0,0;0,0;50,0;Подготовка;
20251209;13:10:12;-0,5;0,0;0,0;0,0;50,0;Подготовка;
20251209;13:10:17;-0,5;0,0;0,0;0,0;50,0;Подготовка;
20251209;13:10:22;-0,5;0,0;0,0;0,0;50,0;Подготовка;
20251209;13:10:27;-0,5;0,0;0,0;0,0;50,0;Подготовка;
20251209;13:10:32;-0,5;0,0;0,0;0,0;50,0;Подготовка;
20251209;13:10:37;-0,5;0,0;0,0;0,0;50,0;Подготовка;
20251209;13:10:42;-0,5;0,0;0,0;0,0;50,0;Подготовка;
20251209;13:10:47;-0,5;0,0;0,0;0,0;50,0;Подготовка;
20251209;13:10:52;-0,5;0,0;0,0;0,0;50,0;Подготовка;
20251209;13:10:58;-0,5;0,0;0,0;0,0;50,0;Подготовка;
20251209;13:11:03;-0,5;0,0;0,0;0,0;50,0;Подготовка;
20251209;13:11:08;-0,5;0,0;0,0;0,0;50,0;Подготовка;
20251209;13:11:13;-0,5;0,0;0,0;0,0;50,0;Подготовка;
20251209;13:11:18;-0,5;0,0;0,0;0,0;50,0;Подготовка;
20251209;13:11:23;-0,5;0,0;0,0;0,0;50,0;Подготовка;
20251209;13:11:28;-0,5;0,0;0,0;0,0;50,0;Подготовка;
20251209;13:11:33;-0,5;0,0;0,0;0,0;50,0;Подготовка;
20251209;13:11:38;-0,5;0,0;0,0;0,0;50,0;Подготовка;
20251209;13:11:43;-0,5;0,0;0,0;0,0;50,0;Подготовка;
20251209;13:11:48;-0,5;0,0;0,0;0,0;50,0;Подготовка;
20251209;13:11:53;-0,5;0,0;0,0;0,0;50,0;Подготовка;
20251209;13:11:58;-0,5;0,0;0,0;0,0;50,0;Подготовка;
20251209;13:12:03;-0,5;0,0;0,0;0,0;50,0;Подготовка;
20251209;13:12:08;-0,5;0,0;0,0;0,0;50,0;Подготовка;
20251209;13:12:13;-0,5;0,0;0,0;0,0;50,0;Подготовка;
20251209;13:12:18;-0,5;0,0;0,0;0,0;50,0;Подготовка;
20251209;13:12:23;-0,5;0,0;0,0;0,0;50,0;Подготовка;
20251209;13:12:28;-0,5;0,0;0,0;0,0;50,0;Подготовка;
20251209;13:12:33;-0,5;0,0;0,0;0,0;50,0;Подготовка;
20251209;13:12:38;-0,5;0,0;0,0;0,0;50,0;Подготовка;
20251209;13:12:43;-0,5;0,0;0,0;0,0;50,0;Подготовка;
20251209;13:12:48;-0,5;0,0;0,0;0,0;50,0;Подготовка;
20251209;13:12:53;-0,5;0,0;0,0;0,0;50,0;Подготовка;
20251209;13:12:58;-0,5;0,0;0,0;0,0;50,0;Подготовка;
20251209;13:13:04;-0,5;0,0;0,0;0,0;50,0;Подготовка;
20251209;13:13:09;-0,5;0,0;0,0;0,0;50,0;Подготовка;
20251209;13:13:14;-0,5;0,0;0,0;0,0;50,0;Подготовка;
20251209;13:13:19;-0,5;0,0;0,0;0,0;50,0;Подготовка;
20251209;13:13:24;-0,5;0,0;0,0;0,0;50,0;Подготовка;
20251209;13:13:29;-0,5;0,0;0,0;0,0;50,0;Подготовка;
20251209;13:13:34;-0,5;0,0;0,0;0,0;50,0;Подготовка;
20251209;13:13:39;-0,5;0,0;0,0;0,0;50,0;Подготовка;
20251209;13:13:44;-0,5;0,0;0,0;0,0;50,0;Подготовка;
20251209;13:13:49;-0,5;0,0;0,0;0,0;50,0;Подготовка;
20251209;13:13:54;-0,5;0,0;0,0;0,0;50,0;Подготовка;
20251209;13:13:59;-0,5;0,0;0,0;0,0;50,0;Подготовка;
20251209;13:14:04;-0,5;0,0;0,0;0,0;50,0;Подготовка;
20251209;13:14:09;-0,5;0,0;0,0;0,0;50,0;Подготовка;
20251209;13:14:14;-0,5;0,0;0,0;0,0;50,0;Подготовка;
20251209;13:14:19;-0,5;0,0;0,0;0,0;50,0;Подготовка;
20251209;13:14:24;-0,5;0,0;0,0;0,0;50,0;Подготовка;
20251209;13:14:29;-0,5;0,0;0,0;0,0;50,0;Подготовка;
20251209;13:14:34;-0,5;0,0;0,0;0,0;50,0;Подготовка;
20251209;13:14:39;-0,5;0,0;0,0;0,0;50,0;Подготовка;
20251209;13:14:44;-0,5;0,0;0,0;0,0;50,0;Подготовка;
20251209;13:14:49;-0,5;0,0;0,0;0,0;50,0;Подготовка;
20251209;13:14:54;-0,5;0,0;0,0;0,0;50,0;Подготовка;
20251209;13:14:59;-0,5;0,0;0,0;0,0;50,0;Подготовка;
20251209;13:15:04;-0,5;0,0;0,0;0,0;50,0;Подготовка;
20251209;13:15:10;-0,5;0,0;0,0;0,0;50,0;Подготовка;
20251209;13:15:15;-0,5;0,0;0,0;0,0;50,0;Подготовка;
20251209;13:15:20;-0,5;0,0;0,0;0,0;50,0;Подготовка;
20251209;13:15:25;-0,5;0,0;0,0;0,0;50,0;Подготовка;
20251209;13:15:30;-0,5;0,0;0,0;0,0;50,0;Подготовка;
20251209;13:15:35;-0,5;0,0;0,0;0,0;50,0;Подготовка;
20251209;13:15:40;-0,5;0,0;0,0;0,0;50,0;Подготовка;
20251209;13:15:45;-0,5;0,0;0,0;0,0;50,0;Подготовка;
20251209;13:15:50;-0,5;0,0;0,0;0,0;50,0;Подготовка;
20251209;13:15:55;-0,5;0,0;0,0;0,0;50,0;Подготовка;
20251209;13:16:00;-0,5;0,0;0,0;0,0;50,0;Подготовка;
20251209;13:16:05;-0,5;0,0;0,0;0,0;50,0;Подготовка;
20251209;13:16:10;-0,5;0,0;0,0;0,0;50,0;Подготовка;
20251209;13:16:15;-0,5;0,0;0,0;0,0;50,0;Подготовка;
20251209;13:16:20;-0,5;0,0;0,0;0,0;50,0;Подготовка;
20251209;13:16:25;-0,5;0,0;0,0;0,0;50,0;Подготовка;
20251209;13:16:30;-0,5;0,0;0,0;0,0;50,0;Подготовка;
20251209;13:16:35;-0,5;0,0;0,0;0,0;50,0;Подготовка;
20251209;13:16:40;-0,5;0,0;0,0;0,0;50,0;Подготовка;
20251209;13:16:45;-0,5;0,0;0,0;0,0;50,0;Подготовка;
20251209;13:16:50;-0,5;0,0;0,0;0,0;50,0;Подготовка;
20251209;13:16:55;-0,5;0,0;0,0;0,0;50,0;Подготовка;
20251209;13:17:00;-0,5;0,0;0,0;0,0;50,0;Подготовка;
20251209;13:17:05;-0,5;0,0;0,0;0,0;50,0;Подготовка;
20251209;13:17:10;-0,5;0,0;0,0;0,0;50,0;Подготовка;
20251209;13:17:16;-0,5;0,0;0,0;0,0;50,0;Подготовка;
20251209;13:17:21;-0,5;0,0;0,0;0,0;50,0;Подготовка;
20251209;13:17:26;-0,5;0,0;0,0;0,0;50,0;Подготовка;
20251209;13:17:31;-0,5;0,0;0,0;0,0;50,0;Подготовка;
20251209;13:17:36;-0,5;0,0;0,0;0,0;50,0;Подготовка;
20251209;13:17:41;-0,5;0,0;0,0;0,0;50,0;Подготовка;
20251209;13:17:46;-0,5;0,0;0,0;0,0;50,0;Подготовка;
20251209;13:17:51;-0,5;0,0;0,0;0,0;50,0;Подготовка;
20251209;13:17:56;-0,5;0,0;0,0;0,0;50,0;Подготовка;
20251209;13:18:01;-0,5;0,0;0,0;0,0;50,0;Подготовка;
20251209;13:18:06;-0,5;0,0;0,0;0,0;50,0;Подготовка;
20251209;13:18:11;-0,5;0,0;0,0;0,0;50,0;Подготовка;
20251209;13:18:16;-0,5;0,0;0,0;0,0;50,0;Подготовка;
20251209;13:18:21;-0,5;0,0;0,0;0,0;50,0;Подготовка;
20251209;13:18:26;-0,5;0,0;0,0;0,0;50,0;Подготовка;
20251209;13:18:31;-0,5;0,0;0,0;0,0;50,0;Подготовка;
20251209;13:18:36;-0,5;0,0;0,0;0,0;50,0;Подготовка;
20251209;13:18:41;-0,5;0,0;0,0;0,0;50,0;Подготовка;
20251209;13:18:46;-0,5;0,0;0,0;0,0;50,0;Подготовка;
20251209;13:18:51;-0,5;0,0;0,0;0,0;50,0;Подготовка;
20251209;13:18:56;-0,5;0,0;0,0;0,0;50,0;Подготовка;
20251209;13:19:01;-0,5;0,0;0,0;0,0;50,0;Подготовка;
20251209;13:19:06;-0,5;0,0;0,0;0,0;50,0;Подготовка;
20251209;13:19:11;-0,5;0,0;0,0;0,0;50,0;Подготовка;
20251209;13:19:16;-0,5;0,0;0,0;0,0;50,0;Подготовка;
20251209;13:19:22;-0,5;0,0;0,0;0,0;50,0;Подготовка;
20251209;13:19:27;-0,5;0,0;0,0;0,0;50,0;Подготовка;
20251209;13:19:32;-0,5;0,0;0,0;0,0;50,0;Подготовка;
20251209;13:19:37;-0,5;0,0;0,0;0,0;50,0;Подготовка;
20251209;13:19:42;-0,5;0,0;0,0;0,0;50,0;Подготовка;
20251209;13:19:47;-0,5;0,0;0,0;0,0;50,0;Подготовка;
20251209;13:19:52;-0,5;0,0;0,0;0,0;50,0;Подготовка;
20251209;13:19:57;-0,5;0,0;0,0;0,0;50,0;Подготовка;
20251209;13:20:02;-0,5;0,0;0,0;0,0;50,0;Подготовка;
20251209;13:20:07;-0,5;0,0;0,0;0,0;50,0;Подготовка;
20251209;13:20:12;-0,5;0,0;0,0;0,0;50,0;Подготовка;
20251209;13:20:17;-0,5;0,0;0,0;0,0;50,0;Подготовка;
20251209;13:20:22;-0,5;0,0;0,0;0,0;50,0;Подготовка;
20251209;13:20:27;-0,5;0,0;0,0;0,0;50,0;Подготовка;
20251209;13:20:32;-0,5;0,0;0,0;0,0;50,0;Подготовка;
20251209;13:20:37;-0,5;0,0;0,0;0,0;50,0;Подготовка;
20251209;13:20:42;-0,5;0,0;0,0;0,0;50,0;Подготовка;
20251209;13:20:47;-0,5;0,0;0,0;0,0;50,0;Подготовка;
20251209;13:20:52;-0,5;0,0;0,0;0,0;50,0;Подготовка;
20251209;13:20:57;-0,5;0,0;0,0;0,0;50,0;Подготовка;
20251209;13:21:02;-0,5;0,0;0,0;0,0;50,0;Подготовка;
20251209;13:21:07;-0,5;0,0;0,0;0,0;50,0;Подготовка;
20251209;13:21:12;-0,5;0,0;0,0;0,0;50,0;Подготовка;
20251209;13:21:17;-0,5;0,0;0,0;0,0;50,0;Подготовка;
20251209;13:21:22;-0,5;0,0;0,0;0,0;50,0;Подготовка;
20251209;13:21:28;-0,5;0,0;0,0;0,0;50,0;Подготовка;
20251209;13:21:33;-0,5;0,0;0,0;0,0;50,0;Подготовка;
20251209;13:21:38;-0,5;0,0;0,0;0,0;50,0;Подготовка;
20251209;13:21:43;-0,5;0,0;0,0;0,0;50,0;Подготовка;
20251209;13:21:48;-0,5;0,0;0,0;0,0;50,0;Подготовка;
20251209;13:21:53;-0,5;0,0;0,0;0,0;50,0;Подготовка;
20251209;13:21:58;-0,5;0,0;0,0;0,0;50,0;Подготовка;
20251209;13:22:03;-0,5;0,0;0,0;0,0;50,0;Подготовка;
20251209;13:22:08;-0,5;0,0;0,0;0,0;50,0;Подготовка;
20251209;13:22:13;-0,5;0,0;0,0;0,0;50,0;Подготовка;
20251209;13:22:18;-0,5;0,0;0,0;0,0;50,0;Подготовка;
20251209;13:22:23;-0,5;0,0;0,0;0,0;50,0;Подготовка;
20251209;13:22:28;-0,5;0,0;0,0;0,0;50,0;Подготовка;
20251209;13:22:33;-0,5;0,0;0,0;0,0;50,0;Подготовка;
20251209;13:22:38;-0,5;0,0;0,0;0,0;50,0;Подготовка;
20251209;13:22:43;-0,5;0,0;0,0;0,0;50,0;Подготовка;
20251209;13:22:48;-0,5;0,0;0,0;0,0;50,0;Подготовка;
20251209;13:22:53;-0,5;0,0;0,0;0,0;50,0;Подготовка;
20251209;13:22:58;-0,5;0,0;0,0;0,0;50,0;Подготовка;
20251209;13:23:03;-0,5;0,0;0,0;0,0;50,0;Подготовка;
20251209;13:23:08;-0,5;0,0;0,0;0,0;50,0;Подготовка;
20251209;13:23:13;-0,5;0,0;0,0;0,0;50,0;Подготовка;
20251209;13:23:18;-0,5;0,0;0,0;0,0;50,0;Подготовка;
20251209;13:23:23;-0,5;0,0;0,0;0,0;50,0;Подготовка;
20251209;13:23:28;-0,5;0,0;0,0;0,0;50,0;Подготовка;
20251209;13:23:34;-0,5;0,0;0,0;0,0;50,0;Подготовка;
20251209;13:23:39;-0,5;0,0;0,0;0,0;50,0;Подготовка;
20251209;13:23:44;-0,5;0,0;0,0;0,0;50,0;Подготовка;
20251209;13:23:49;-0,5;0,0;0,0;0,0;50,0;Подготовка;
20251209;13:23:54;-0,5;0,0;0,0;0,0;50,0;Подготовка;
20251209;13:23:59;-0,5;0,0;0,0;0,0;50,0;Подготовка;
20251209;13:24:04;-0,5;0,0;0,0;0,0;50,0;Подготовка;
20251209;13:24:09;-0,5;0,0;0,0;0,0;50,0;Подготовка;
20251209;13:24:14;-0,5;0,0;0,0;0,0;50,0;Подготовка;
20251209;13:24:19;-0,5;0,0;0,0;0,0;50,0;Подготовка;
20251209;13:24:24;-0,5;0,0;0,0;0,0;50,0;Подготовка;
20251209;13:24:29;-0,5;0,0;0,0;0,0;50,0;Подготовка;
20251209;13:24:34;-0,5;0,0;0,0;0,0;50,0;Подготовка;
20251209;13:24:39;-0,5;0,0;0,0;0,0;50,0;Подготовка;
20251209;13:24:44;-0,5;0,0;0,0;0,0;50,0;Подготовка;
20251209;13:24:49;-0,5;0,0;0,0;0,0;50,0;Подготовка;
20251209;13:24:54;-0,5;0,0;0,0;0,0;50,0;Подготовка;
20251209;13:24:59;-0,5;0,0;0,0;0,0;50,0;Подготовка;
20251209;13:25:04;-0,5;0,0;0,0;0,0;50,0;Подготовка;
20251209;13:25:09;-0,5;0,0;0,0;0,0;50,0;Подготовка;
20251209;13:25:14;-0,5;0,0;0,0;0,0;50,0;Подготовка;
20251209;13:25:19;-0,5;0,0;0,0;0,0;50,0;Подготовка;
20251209;13:25:24;-0,5;0,0;0,0;0,0;50,0;Подготовка;
20251209;13:25:29;-0,5;0,0;0,0;0,0;50,0;Подготовка;
20251209;13:25:34;-0,5;0,0;0,0;0,0;50,0;Подготовка;
20251209;13:25:40;-0,5;0,0;0,0;0,0;50,0;Подготовка;
20251209;13:25:45;-0,5;0,0;0,0;0,0;50,0;Подготовка;
20251209;13:25:50;-0,5;0,0;0,0;0,0;50,0;Подготовка;
20251209;13:25:55;-0,5;0,0;0,0;0,0;50,0;Подготовка;
20251209;13:26:00;-0,5;0,0;0,0;0,0;50,0;Подготовка;
20251209;13:26:05;-0,5;0,0;0,0;0,0;50,0;Подготовка;
20251209;13:26:10;-0,5;0,0;0,0;0,0;50,0;Подготовка;
20251209;13:26:15;-0,5;0,0;0,0;0,0;50,0;Подготовка;
20251209;13:26:20;-0,5;0,0;0,0;0,0;50,0;Подготовка;
20251209;13:26:25;-0,5;0,0;0,0;0,0;50,0;Подготовка;
20251209;13:26:30;-0,5;0,0;0,0;0,0;50,0;Подготовка;
20251209;13:26:35;-0,5;0,0;0,0;0,0;50,0;Подготовка;
20251209;13:26:40;-0,5;0,0;0,0;0,0;50,0;Подготовка;
20251209;13:26:45;-0,5;0,0;0,0;0,0;50,0;Подготовка;
20251209;13:26:50;-0,5;0,0;0,0;0,0;50,0;Подготовка;
20251209;13:26:55;-0,5;0,0;0,0;0,0;50,0;Подготовка;
20251209;13:27:00;-0,5;0,0;0,0;0,0;50,0;Подготовка;
20251209;13:27:05;-0,5;0,0;0,0;0,0;50,0;Подготовка;
20251209;13:27:10;-0,5;0,0;0,0;0,0;50,0;Подготовка;
20251209;13:27:15;-0,5;0,0;0,0;0,0;50,0;Подготовка;
20251209;13:27:20;-0,5;0,0;0,0;0,0;50,0;Подготовка;
20251209;13:27:25;-0,5;0,0;0,0;0,0;50,0;Подготовка;
20251209;13:27:30;-0,5;0,0;0,0;0,0;50,0;Подготовка;
20251209;13:27:35;-0,5;0,0;0,0;0,0;50,0;Подготовка;
20251209;13:27:40;-0,5;0,0;0,0;0,0;50,0;Подготовка;
20251209;13:27:46;-0,5;0,0;0,0;0,0;50,0;Подготовка;
20251209;13:27:51;-0,5;0,0;0,0;0,0;50,0;Подготовка;
20251209;13:27:56;-0,5;0,0;0,0;0,0;50,0;Подготовка;
20251209;13:28:01;-0,5;0,0;0,0;0,0;50,0;Подготовка;
20251209;13:28:06;-0,5;0,0;0,0;0,0;50,0;Подготовка;
20251209;13:28:11;-0,5;0,0;0,0;0,0;50,0;Подготовка;
20251209;13:28:16;-0,5;0,0;0,0;0,0;50,0;Подготовка;
20251209;13:28:21;-0,5;0,0;0,0;0,0;50,0;Подготовка;
20251209;13:28:26;-0,5;0,0;0,0;0,0;50,0;Подготовка;
20251209;13:28:31;-0,5;0,0;0,0;0,0;50,0;Подготовка;
20251209;13:28:36;-0,5;0,0;0,0;0,0;50,0;Подготовка;
20251209;13:28:41;-0,5;0,0;0,0;0,0;50,0;Подготовка;
20251209;13:28:46;-0,5;0,0;0,0;0,0;50,0;Подготовка;
20251209;13:28:51;-0,5;0,0;0,0;0,0;50,0;Подготовка;
20251209;13:28:56;-0,5;0,0;0,0;0,0;50,0;Подготовка;
20251209;13:29:01;-0,5;0,0;0,0;0,0;50,0;Подготовка;
20251209;13:29:06;-0,5;0,0;0,0;0,0;50,0;Подготовка;
20251209;13:29:11;-0,5;0,0;0,0;0,0;50,0;Подготовка;
20251209;13:29:16;-0,5;0,0;0,0;0,0;50,0;Подготовка;
20251209;13:29:21;-0,5;0,0;0,0;0,0;50,0;Подготовка;
20251209;13:29:26;-0,5;0,0;0,0;0,0;50,0;Подготовка;
20251209;13:29:31;-0,5;0,0;0,0;0,0;50,0;Подготовка;
20251209;13:29:36;-0,5;0,0;0,0;0,0;50,0;Подготовка;
20251209;13:29:41;-0,5;0,0;0,0;0,0;50,0;Подготовка;
20251209;13:29:46;-0,5;0,0;0,0;0,0;50,0;Подготовка;
20251209;13:29:52;-0,5;0,0;0,0;0,0;50,0;Подготовка;
20251209;13:29:57;-0,5;0,0;0,0;0,0;50,0;Подготовка;
20251209;13:30:02;-0,5;0,0;0,0;0,0;50,0;Подготовка;
20251209;13:30:07;-0,5;0,0;0,0;0,0;50,0;Подготовка;
20251209;13:30:12;-0,5;0,0;0,0;0,0;50,0;Подготовка;
20251209;13:30:17;-0,5;0,0;0,0;0,0;50,0;Подготовка;
20251209;13:30:22;-0,5;0,0;0,0;0,0;50,0;Подготовка;
20251209;13:30:27;-0,5;0,0;0,0;0,0;50,0;Подготовка;
20251209;13:30:32;-0,5;0,0;0,0;0,0;50,0;Подготовка;
20251209;13:30:37;-0,5;0,0;0,0;0,0;50,0;Подготовка;
20251209;13:30:42;-0,5;0,0;0,0;0,0;50,0;Подготовка;
20251209;13:30:47;-0,5;0,0;0,0;0,0;50,0;Подготовка;
20251209;13:30:52;-0,5;0,0;0,0;0,0;50,0;Подготовка;
20251209;13:30:57;-0,5;0,0;0,0;0,0;50,0;Подготовка;
20251209;13:31:02;-0,5;0,0;0,0;0,0;50,0;Подготовка;
20251209;13:31:07;-0,5;0,0;0,0;0,0;50,0;Подготовка;
20251209;13:31:12;-0,5;0,0;0,0;0,0;50,0;Подготовка;
20251209;13:31:17;-0,5;0,0;0,0;0,0;50,0;Подготовка;
20251209;13:31:22;-0,5;0,0;0,0;0,0;50,0;Подготовка;
20251209;13:31:27;-0,5;0,0;0,0;0,0;50,0;Подготовка;
20251209;13:31:32;-0,5;0,0;0,0;0,0;50,0;Подготовка;
20251209;13:31:37;-0,5;0,0;0,0;0,0;50,0;Подготовка;
20251209;13:31:42;-0,5;0,0;0,0;0,0;50,0;Подготовка;
20251209;13:31:47;-0,5;0,0;0,0;0,0;50,0;Подготовка;
20251209;13:31:52;-0,5;0,0;0,0;0,0;50,0;Подготовка;
20251209;13:31:58;-0,5;0,0;0,0;0,0;50,0;Подготовка;
20251209;13:32:03;-0,5;0,0;0,0;0,0;50,0;Подготовка;
20251209;13:32:08;-0,5;0,0;0,0;0,0;50,0;Подготовка;
20251209;13:32:13;-0,5;0,0;0,0;0,0;50,0;Подготовка;
20251209;13:32:18;-0,5;0,0;0,0;0,0;50,0;Подготовка;
20251209;13:32:23;-0,5;0,0;0,0;0,0;50,0;Подготовка;
20251209;13:32:28;-0,5;0,0;0,0;0,0;50,0;Подготовка;
20251209;13:32:33;-0,5;0,0;0,0;0,0;50,0;Подготовка;
20251209;13:32:38;-0,5;0,0;0,0;0,0;50,0;Подготовка;
20251209;13:32:43;-0,5;0,0;0,0;0,0;50,0;Подготовка;
20251209;13:32:48;-0,5;0,0;0,0;0,0;50,0;Подготовка;
20251209;13:32:53;-0,5;0,0;0,0;0,0;50,0;Подготовка;
20251209;13:32:58;-0,5;0,0;0,0;0,0;50,0;Подготовка;
20251209;13:33:03;-0,5;0,0;0,0;0,0;50,0;Подготовка;
20251209;13:33:08;-0,5;0,0;0,0;0,0;50,0;Подготовка;
20251209;13:33:13;-0,5;0,0;0,0;0,0;50,0;Подготовка;
20251209;13:33:18;-0,5;0,0;0,0;0,0;50,0;Подготовка;
20251209;13:33:23;-0,5;0,0;0,0;0,0;50,0;Подготовка;
20251209;13:33:28;-0,5;0,0;0,0;0,0;50,0;Подготовка;
20251209;13:33:33;-0,5;0,0;0,0;0,0;50,0;Подготовка;
20251209;13:33:38;-0,5;0,0;0,0;0,0;50,0;Подготовка;
20251209;13:33:43;-0,5;0,0;0,0;0,0;50,0;Подготовка;
20251209;13:33:48;-0,5;0,0;0,0;0,0;50,0;Подготовка;
20251209;13:33:53;-0,5;0,0;0,0;0,0;50,0;Подготовка;
20251209;13:33:58;-0,5;0,0;0,0;0,0;50,0;Подготовка;
20251209;13:34:04;-0,5;0,0;0,0;0,0;50,0;Подготовка;
20251209;13:34:09;-0,5;0,0;0,0;0,0;50,0;Подготовка;
Предприятие;
Объект;
Вид оборудования;
Дисп. наименование;
Тип;
Зав. номер;
Сер. номер;
Год выпуска;
Год ввода в эксплуатацию;
Дата отбора пробы;
Марка пробы;
Температура пробы;
DATE ;TIME ;TS_TEMP ;PROB_TEMP ;PROB_OTN_VL ;PROBE_VlAGOSOD ;SP ;STATUS ; 
20251209;13:34:27;-0,39;0,0;0,0;0,0;50,0;Включение;
20251209;13:34:32;-0,49;0,0;0,0;0,0;50,0;Включение;
20251209;13:34:37;-0,49;0,0;0,0;0,0;50,0;Подготовка;
20251209;13:34:42;-0,49;0,0;0,0;0,0;50,0;Подготовка;
20251209;13:34:47;-0,49;0,0;0,0;0,0;50,0;Подготовка;
20251209;13:34:52;-0,49;0,0;0,0;0,0;50,0;Подготовка;
20251209;13:34:57;-0,5;0,0;0,0;0,0;50,0;Подготовка;
20251209;13:35:02;-0,5;0,0;0,0;0,0;50,0;Подготовка;
20251209;13:35:07;-0,5;0,0;0,0;0,0;50,0;Подготовка;
20251209;13:35:12;-0,5;0,0;0,0;0,0;50,0;Подготовка;
20251209;13:35:17;-0,5;0,0;0,0;0,0;50,0;Подготовка;
20251209;13:35:22;-0,5;0,0;0,0;0,0;50,0;Подготовка;
20251209;13:35:27;-0,5;0,0;0,0;0,0;50,0;Подготовка;
20251209;13:35:32;-0,5;0,0;0,0;0,0;50,0;Подготовка;
20251209;13:35:37;-0,5;0,0;0,0;0,0;50,0;Подготовка;
20251209;13:35:42;-0,5;0,0;0,0;0,0;50,0;Подготовка;
20251209;13:35:47;-0,5;0,0;0,0;0,0;50,0;Подготовка;
20251209;13:35:52;-0,5;0,0;0,0;0,0;50,0;Подготовка;
20251209;13:35:58;-0,5;0,0;0,0;0,0;50,0;Подготовка;
20251209;13:36:03;-0,5;0,0;0,0;0,0;50,0;Подготовка;
20251209;13:36:08;-0,5;0,0;0,0;0,0;50,0;Подготовка;
20251209;13:36:13;-0,5;0,0;0,0;0,0;50,0;Подготовка;
20251209;13:36:18;-0,5;0,0;0,0;0,0;50,0;Подготовка;
20251209;13:36:23;-0,5;0,0;0,0;0,0;50,0;Подготовка;
20251209;13:36:28;-0,5;0,0;0,0;0,0;50,0;Подготовка;
20251209;13:36:33;-0,5;0,0;0,0;0,0;50,0;Подготовка;
20251209;13:36:38;-0,5;0,0;0,0;0,0;50,0;Подготовка;
20251209;13:36:43;-0,5;0,0;0,0;0,0;50,0;Подготовка;
20251209;13:36:48;-0,5;0,0;0,0;0,0;50,0;Подготовка;
20251209;13:36:53;-0,5;0,0;0,0;0,0;50,0;Подготовка;
20251209;13:36:58;-0,5;0,0;0,0;0,0;50,0;Подготовка;
20251209;13:37:03;-0,5;0,0;0,0;0,0;50,0;Подготовка;
20251209;13:37:08;-0,5;0,0;0,0;0,0;50,0;Подготовка;
20251209;13:37:13;-0,5;0,0;0,0;0,0;50,0;Подготовка;
20251209;13:37:18;-0,5;0,0;0,0;0,0;50,0;Подготовка;
20251209;13:37:23;-0,5;0,0;0,0;0,0;50,0;Подготовка;
20251209;13:37:28;-0,5;0,0;0,0;0,0;50,0;Подготовка;
20251209;13:37:33;-0,5;0,0;0,0;0,0;50,0;Подготовка;
20251209;13:37:38;-0,5;0,0;0,0;0,0;50,0;Подготовка;
20251209;13:37:43;-0,5;0,0;0,0;0,0;50,0;Подготовка;
20251209;13:37:48;-0,5;0,0;0,0;0,0;50,0;Подготовка;
20251209;13:37:53;-0,5;0,0;0,0;0,0;50,0;Подготовка;
20251209;13:37:58;-0,5;0,0;0,0;0,0;50,0;Подготовка;
20251209;13:38:04;-0,5;0,0;0,0;0,0;50,0;Подготовка;
20251209;13:38:09;-0,5;0,0;0,0;0,0;50,0;Подготовка;
20251209;13:38:14;-0,5;0,0;0,0;0,0;50,0;Подготовка;
20251209;13:38:19;-0,5;0,0;0,0;0,0;50,0;Подготовка;
20251209;13:38:24;-0,5;0,0;0,0;0,0;50,0;Подготовка;
20251209;13:38:29;-0,5;0,0;0,0;0,0;50,0;Подготовка;
20251209;13:38:34;-0,5;0,0;0,0;0,0;50,0;Подготовка;
20251209;13:38:39;-0,5;0,0;0,0;0,0;50,0;Подготовка;
20251209;13:38:44;-0,5;0,0;0,0;0,0;50,0;Подготовка;
20251209;13:38:49;-0,5;0,0;0,0;0,0;50,0;Подготовка;
20251209;13:38:54;-0,5;0,0;0,0;0,0;50,0;Подготовка;
20251209;13:38:59;-0,5;0,0;0,0;0,0;50,0;Подготовка;
20251209;13:39:04;-0,5;0,0;0,0;0,0;50,0;Подготовка;
20251209;13:39:09;-0,5;0,0;0,0;0,0;50,0;Подготовка;
20251209;13:39:14;-0,5;0,0;0,0;0,0;50,0;Подготовка;
20251209;13:39:19;-0,5;0,0;0,0;0,0;50,0;Подготовка;
20251209;13:39:24;-0,5;0,0;0,0;0,0;50,0;Подготовка;
20251209;13:39:29;-0,5;0,0;0,0;0,0;50,0;Подготовка;
20251209;13:39:34;-0,5;0,0;0,0;0,0;50,0;Подготовка;
20251209;13:39:39;-0,5;0,0;0,0;0,0;50,0;Подготовка;
20251209;13:39:44;-0,5;0,0;0,0;0,0;50,0;Подготовка;
20251209;13:39:49;-0,5;0,0;0,0;0,0;50,0;Подготовка;
20251209;13:39:54;-0,5;0,0;0,0;0,0;50,0;Подготовка;
20251209;13:39:59;-0,5;0,0;0,0;0,0;50,0;Подготовка;
20251209;13:40:04;-0,5;0,0;0,0;0,0;50,0;Подготовка;
20251209;13:40:10;-0,5;0,0;0,0;0,0;50,0;Подготовка;
20251209;13:40:15;-0,5;0,0;0,0;0,0;50,0;Подготовка;
20251209;13:40:20;-0,5;0,0;0,0;0,0;50,0;Подготовка;
20251209;13:40:25;-0,5;0,0;0,0;0,0;50,0;Подготовка;
20251209;13:40:30;-0,5;0,0;0,0;0,0;50,0;Подготовка;
20251209;13:40:35;-0,5;0,0;0,0;0,0;50,0;Подготовка;
20251209;13:40:40;-0,5;0,0;0,0;0,0;50,0;Подготовка;
20251209;13:40:45;-0,5;0,0;0,0;0,0;50,0;Подготовка;
20251209;13:40:50;-0,5;0,0;0,0;0,0;50,0;Подготовка;
20251209;13:40:55;-0,5;0,0;0,0;0,0;50,0;Подготовка;
20251209;13:41:00;-0,5;0,0;0,0;0,0;50,0;Подготовка;
20251209;13:41:05;-0,5;0,0;0,0;0,0;50,0;Подготовка;
20251209;13:41:10;-0,5;0,0;0,0;0,0;50,0;Подготовка;
20251209;13:41:15;-0,5;0,0;0,0;0,0;50,0;Подготовка;
20251209;13:41:20;-0,5;0,0;0,0;0,0;50,0;Подготовка;
20251209;13:41:25;-0,5;0,0;0,0;0,0;50,0;Подготовка;
20251209;13:41:30;-0,5;0,0;0,0;0,0;50,0;Подготовка;
20251209;13:41:35;-0,5;0,0;0,0;0,0;50,0;Подготовка;
20251209;13:41:40;-0,5;0,0;0,0;0,0;50,0;Подготовка;
20251209;13:41:45;-0,5;0,0;0,0;0,0;50,0;Подготовка;
20251209;13:41:50;-0,5;0,0;0,0;0,0;50,0;Подготовка;
20251209;13:41:55;-0,5;0,0;0,0;0,0;50,0;Подготовка;
20251209;13:42:00;-0,5;0,0;0,0;0,0;50,0;Подготовка;
20251209;13:42:05;-0,5;0,0;0,0;0,0;50,0;Подготовка;
20251209;13:42:10;-0,5;0,0;0,0;0,0;50,0;Подготовка;
20251209;13:42:16;-0,5;0,0;0,0;0,0;50,0;Подготовка;
20251209;13:42:21;-0,5;0,0;0,0;0,0;50,0;Подготовка;
20251209;13:42:26;-0,5;0,0;0,0;0,0;50,0;Подготовка;
20251209;13:42:31;-0,5;0,0;0,0;0,0;50,0;Подготовка;
20251209;13:42:36;-0,5;0,0;0,0;0,0;50,0;Подготовка;
20251209;13:42:41;-0,5;0,0;0,0;0,0;50,0;Подготовка;
20251209;13:42:46;-0,5;0,0;0,0;0,0;50,0;Подготовка;
20251209;13:42:51;-0,5;0,0;0,0;0,0;50,0;Подготовка;
20251209;13:42:56;-0,5;0,0;0,0;0,0;50,0;Подготовка;
20251209;13:43:01;-0,5;0,0;0,0;0,0;50,0;Подготовка;
20251209;13:43:06;-0,5;0,0;0,0;0,0;50,0;Подготовка;
20251209;13:43:11;-0,5;0,0;0,0;0,0;50,0;Подготовка;
20251209;13:43:16;-0,5;0,0;0,0;0,0;50,0;Подготовка;
20251209;13:43:21;-0,5;0,0;0,0;0,0;50,0;Подготовка;
20251209;13:43:26;-0,5;0,0;0,0;0,0;50,0;Подготовка;
20251209;13:43:31;-0,5;0,0;0,0;0,0;50,0;Подготовка;
20251209;13:43:36;-0,5;0,0;0,0;0,0;50,0;Подготовка;
20251209;13:43:41;-0,5;0,0;0,0;0,0;50,0;Подготовка;
20251209;13:43:46;-0,5;0,0;0,0;0,0;50,0;Подготовка;
20251209;13:43:51;-0,5;0,0;0,0;0,0;50,0;Подготовка;
20251209;13:43:56;-0,5;0,0;0,0;0,0;50,0;Подготовка;
20251209;13:44:01;-0,5;0,0;0,0;0,0;50,0;Подготовка;
20251209;13:44:06;-0,5;0,0;0,0;0,0;50,0;Подготовка;
20251209;13:44:11;-0,5;0,0;0,0;0,0;50,0;Подготовка;
20251209;13:44:16;-0,5;0,0;0,0;0,0;50,0;Подготовка;
20251209;13:44:22;-0,5;0,0;0,0;0,0;50,0;Подготовка;
20251209;13:44:27;-0,5;0,0;0,0;0,0;50,0;Подготовка;
20251209;13:44:32;-0,5;0,0;0,0;0,0;50,0;Подготовка;
20251209;13:44:37;-0,5;0,0;0,0;0,0;50,0;Подготовка;
20251209;13:44:42;-0,5;0,0;0,0;0,0;50,0;Подготовка;
20251209;13:44:47;-0,5;0,0;0,0;0,0;50,0;Подготовка;
20251209;13:44:52;-0,5;0,0;0,0;0,0;50,0;Подготовка;
20251209;13:44:57;-0,5;0,0;0,0;0,0;50,0;Подготовка;
20251209;13:45:02;-0,5;0,0;0,0;0,0;50,0;Подготовка;
20251209;13:45:07;-0,5;0,0;0,0;0,0;50,0;Подготовка;
20251209;13:45:12;-0,5;0,0;0,0;0,0;50,0;Подготовка;
20251209;13:45:17;-0,5;0,0;0,0;0,0;50,0;Подготовка;
20251209;13:45:22;-0,5;0,0;0,0;0,0;50,0;Подготовка;
20251209;13:45:27;-0,5;0,0;0,0;0,0;50,0;Подготовка;
20251209;13:45:32;-0,5;0,0;0,0;0,0;50,0;Подготовка;
20251209;13:45:37;-0,5;0,0;0,0;0,0;50,0;Подготовка;
20251209;13:45:42;-0,5;0,0;0,0;0,0;50,0;Подготовка;
20251209;13:45:47;-0,5;0,0;0,0;0,0;50,0;Подготовка;
20251209;13:45:52;-0,5;0,0;0,0;0,0;50,0;Подготовка;
20251209;13:45:57;-0,5;0,0;0,0;0,0;50,0;Подготовка;
20251209;13:46:02;-0,5;0,0;0,0;0,0;50,0;Подготовка;
20251209;13:46:07;-0,5;0,0;0,0;0,0;50,0;Подготовка;
20251209;13:46:12;-0,5;0,0;0,0;0,0;50,0;Подготовка;
20251209;13:46:17;-0,5;0,0;0,0;0,0;50,0;Подготовка;
20251209;13:46:22;-0,5;0,0;0,0;0,0;50,0;Подготовка;
20251209;13:46:28;-0,5;0,0;0,0;0,0;50,0;Подготовка;
20251209;13:46:33;-0,5;0,0;0,0;0,0;50,0;Подготовка;
20251209;13:46:38;-0,5;0,0;0,0;0,0;50,0;Подготовка;
20251209;13:46:43;-0,5;0,0;0,0;0,0;50,0;Подготовка;
20251209;13:46:48;-0,5;0,0;0,0;0,0;50,0;Подготовка;
20251209;13:46:53;-0,5;0,0;0,0;0,0;50,0;Подготовка;
20251209;13:46:58;-0,5;0,0;0,0;0,0;50,0;Подготовка;
20251209;13:47:03;-0,5;0,0;0,0;0,0;50,0;Подготовка;
20251209;13:47:08;-0,5;0,0;0,0;0,0;50,0;Подготовка;
20251209;13:47:13;-0,5;0,0;0,0;0,0;50,0;Подготовка;
20251209;13:47:18;-0,5;0,0;0,0;0,0;50,0;Подготовка;
20251209;13:47:23;-0,5;0,0;0,0;0,0;50,0;Подготовка;
20251209;13:47:28;-0,5;0,0;0,0;0,0;50,0;Подготовка;
20251209;13:47:33;-0,5;0,0;0,0;0,0;50,0;Подготовка;
20251209;13:47:38;-0,5;0,0;0,0;0,0;50,0;Подготовка;
20251209;13:47:43;-0,5;0,0;0,0;0,0;50,0;Подготовка;
20251209;13:47:48;-0,5;0,0;0,0;0,0;50,0;Подготовка;
20251209;13:47:53;-0,5;0,0;0,0;0,0;50,0;Подготовка;
20251209;13:47:58;-0,5;0,0;0,0;0,0;50,0;Подготовка;
20251209;13:48:03;-0,5;0,0;0,0;0,0;50,0;Подготовка;
20251209;13:48:08;-0,5;0,0;0,0;0,0;50,0;Подготовка;
20251209;13:48:13;-0,5;0,0;0,0;0,0;50,0;Подготовка;
20251209;13:48:18;-0,5;0,0;0,0;0,0;50,0;Подготовка;
20251209;13:48:23;-0,5;0,0;0,0;0,0;50,0;Подготовка;
20251209;13:48:28;-0,5;0,0;0,0;0,0;50,0;Подготовка;
20251209;13:48:34;-0,5;0,0;0,0;0,0;50,0;Подготовка;
20251209;13:48:39;-0,5;0,0;0,0;0,0;50,0;Подготовка;
20251209;13:48:44;-0,5;0,0;0,0;0,0;50,0;Подготовка;
20251209;13:48:49;-0,5;0,0;0,0;0,0;50,0;Подготовка;
20251209;13:48:54;-0,5;0,0;0,0;0,0;50,0;Подготовка;
20251209;13:48:59;-0,5;0,0;0,0;0,0;50,0;Подготовка;
20251209;13:49:04;-0,5;0,0;0,0;0,0;50,0;Подготовка;
20251209;13:49:09;-0,5;0,0;0,0;0,0;50,0;Подготовка;
20251209;13:49:14;-0,5;0,0;0,0;0,0;50,0;Подготовка;
20251209;13:49:19;-0,5;0,0;0,0;0,0;50,0;Подготовка;
20251209;13:49:24;-0,5;0,0;0,0;0,0;50,0;Подготовка;
20251209;13:49:29;-0,5;0,0;0,0;0,0;50,0;Подготовка;
20251209;13:49:34;-0,5;0,0;0,0;0,0;50,0;Подготовка;
20251209;13:49:39;-0,5;0,0;0,0;0,0;50,0;Подготовка;
20251209;13:49:44;-0,5;0,0;0,0;0,0;50,0;Подготовка;
20251209;13:49:49;-0,5;0,0;0,0;0,0;50,0;Подготовка;
20251209;13:49:54;-0,5;0,0;0,0;0,0;50,0;Подготовка;
20251209;13:49:59;-0,5;0,0;0,0;0,0;50,0;Подготовка;
20251209;13:50:04;-0,5;0,0;0,0;0,0;50,0;Подготовка;
20251209;13:50:09;-0,5;0,0;0,0;0,0;50,0;Подготовка;
20251209;13:50:14;-0,5;0,0;0,0;0,0;50,0;Подготовка;
20251209;13:50:19;-0,5;0,0;0,0;0,0;50,0;Подготовка;
20251209;13:50:24;-0,5;0,0;0,0;0,0;50,0;Подготовка;
20251209;13:50:29;-0,5;0,0;0,0;0,0;50,0;Подготовка;
20251209;13:50:34;-0,5;0,0;0,0;0,0;50,0;Подготовка;
20251209;13:50:40;-0,5;0,0;0,0;0,0;50,0;Подготовка;
20251209;13:50:45;-0,5;0,0;0,0;0,0;50,0;Подготовка;
20251209;13:50:50;-0,5;0,0;0,0;0,0;50,0;Подготовка;
20251209;13:50:55;-0,5;0,0;0,0;0,0;50,0;Подготовка;
20251209;13:51:00;-0,5;0,0;0,0;0,0;50,0;Подготовка;
20251209;13:51:05;-0,5;0,0;0,0;0,0;50,0;Подготовка;
20251209;13:51:10;-0,5;0,0;0,0;0,0;50,0;Подготовка;
20251209;13:51:15;-0,5;0,0;0,0;0,0;50,0;Подготовка;
20251209;13:51:20;-0,5;0,0;0,0;0,0;50,0;Подготовка;
20251209;13:51:25;-0,5;0,0;0,0;0,0;50,0;Подготовка;
20251209;13:51:30;-0,5;0,0;0,0;0,0;50,0;Подготовка;
20251209;13:51:35;-0,5;0,0;0,0;0,0;50,0;Подготовка;
20251209;13:51:40;-0,5;0,0;0,0;0,0;50,0;Подготовка;
20251209;13:51:45;-0,5;0,0;0,0;0,0;50,0;Подготовка;
20251209;13:51:50;-0,5;0,0;0,0;0,0;50,0;Подготовка;
20251209;13:51:55;-0,5;0,0;0,0;0,0;50,0;Подготовка;
20251209;13:52:00;-0,5;0,0;0,0;0,0;50,0;Подготовка;
20251209;13:52:05;-0,5;0,0;0,0;0,0;50,0;Подготовка;
20251209;13:52:10;-0,5;0,0;0,0;0,0;50,0;Подготовка;
20251209;13:52:15;-0,5;0,0;0,0;0,0;50,0;Подготовка;
20251209;13:52:20;-0,5;0,0;0,0;0,0;50,0;Подготовка;
20251209;13:52:25;-0,5;0,0;0,0;0,0;50,0;Подготовка;
20251209;13:52:30;-0,5;0,0;0,0;0,0;50,0;Подготовка;
20251209;13:52:35;-0,5;0,0;0,0;0,0;50,0;Подготовка;
20251209;13:52:40;-0,5;0,0;0,0;0,0;50,0;Подготовка;
20251209;13:52:46;-0,5;0,0;0,0;0,0;50,0;Подготовка;
20251209;13:52:51;-0,5;0,0;0,0;0,0;50,0;Подготовка;
20251209;13:52:56;-0,5;0,0;0,0;0,0;50,0;Подготовка;
20251209;13:53:01;-0,5;0,0;0,0;0,0;50,0;Подготовка;
20251209;13:53:06;-0,5;0,0;0,0;0,0;50,0;Подготовка;
20251209;13:53:11;-0,5;0,0;0,0;0,0;50,0;Подготовка;
20251209;13:53:16;-0,5;0,0;0,0;0,0;50,0;Подготовка;
20251209;13:53:21;-0,5;0,0;0,0;0,0;50,0;Подготовка;
20251209;13:53:26;-0,5;0,0;0,0;0,0;50,0;Подготовка;
20251209;13:53:31;-0,5;0,0;0,0;0,0;50,0;Подготовка;
20251209;13:53:36;-0,5;0,0;0,0;0,0;50,0;Подготовка;
20251209;13:53:41;-0,5;0,0;0,0;0,0;50,0;Подготовка;
20251209;13:53:46;-0,5;0,0;0,0;0,0;50,0;Подготовка;
20251209;13:53:51;-0,5;0,0;0,0;0,0;50,0;Подготовка;
20251209;13:53:56;-0,5;0,0;0,0;0,0;50,0;Подготовка;
20251209;13:54:01;-0,5;0,0;0,0;0,0;50,0;Подготовка;
20251209;13:54:06;-0,5;0,0;0,0;0,0;50,0;Подготовка;
20251209;13:54:11;-0,5;0,0;0,0;0,0;50,0;Подготовка;
20251209;13:54:16;-0,5;0,0;0,0;0,0;50,0;Подготовка;
20251209;13:54:21;-0,5;0,0;0,0;0,0;50,0;Подготовка;
20251209;13:54:26;-0,5;0,0;0,0;0,0;50,0;Подготовка;
20251209;13:54:31;-0,5;0,0;0,0;0,0;50,0;Подготовка;
20251209;13:54:36;-0,5;0,0;0,0;0,0;50,0;Подготовка;
20251209;13:54:41;-0,5;0,0;0,0;0,0;50,0;Подготовка;
20251209;13:54:46;-0,5;0,0;0,0;0,0;50,0;Подготовка;
20251209;13:54:52;-0,5;0,0;0,0;0,0;50,0;Подготовка;
20251209;13:54:57;-0,5;0,0;0,0;0,0;50,0;Подготовка;
20251209;13:55:02;-0,5;0,0;0,0;0,0;50,0;Подготовка;
20251209;13:55:07;-0,5;0,0;0,0;0,0;50,0;Подготовка;
20251209;13:55:12;-0,5;0,0;0,0;0,0;50,0;Подготовка;
20251209;13:55:17;-0,5;0,0;0,0;0,0;50,0;Подготовка;
20251209;13:55:22;-0,5;0,0;0,0;0,0;50,0;Подготовка;
20251209;13:55:27;-0,5;0,0;0,0;0,0;50,0;Подготовка;
20251209;13:55:32;-0,5;0,0;0,0;0,0;50,0;Подготовка;
20251209;13:55:37;-0,5;0,0;0,0;0,0;50,0;Подготовка;
20251209;13:55:42;-0,5;0,0;0,0;0,0;50,0;Подготовка;
20251209;13:55:47;-0,5;0,0;0,0;0,0;50,0;Подготовка;
20251209;13:55:52;-0,5;0,0;0,0;0,0;50,0;Подготовка;
20251209;13:55:57;-0,5;0,0;0,0;0,0;50,0;Подготовка;
20251209;13:56:02;-0,5;0,0;0,0;0,0;50,0;Подготовка;
20251209;13:56:07;-0,5;0,0;0,0;0,0;50,0;Подготовка;
20251209;13:56:12;-0,5;0,0;0,0;0,0;50,0;Подготовка;
20251209;13:56:17;-0,5;0,0;0,0;0,0;50,0;Подготовка;
20251209;13:56:22;-0,5;0,0;0,0;0,0;50,0;Подготовка;
20251209;13:56:27;-0,5;0,0;0,0;0,0;50,0;Подготовка;
20251209;13:56:32;-0,5;0,0;0,0;0,0;50,0;Подготовка;
20251209;13:56:37;-0,5;0,0;0,0;0,0;50,0;Подготовка;
20251209;13:56:42;-0,5;0,0;0,0;0,0;50,0;Подготовка;
20251209;13:56:47;-0,5;0,0;0,0;0,0;50,0;Подготовка;
20251209;13:56:52;-0,5;0,0;0,0;0,0;50,0;Подготовка;
20251209;13:56:58;-0,5;0,0;0,0;0,0;50,0;Подготовка;
20251209;13:57:03;-0,5;0,0;0,0;0,0;50,0;Подготовка;
20251209;13:57:08;-0,5;0,0;0,0;0,0;50,0;Подготовка;
20251209;13:57:13;-0,5;0,0;0,0;0,0;50,0;Подготовка;
20251209;13:57:18;-0,5;0,0;0,0;0,0;50,0;Подготовка;
20251209;13:57:23;-0,5;0,0;0,0;0,0;50,0;Подготовка;
20251209;13:57:28;-0,5;0,0;0,0;0,0;50,0;Подготовка;
20251209;13:57:33;-0,5;0,0;0,0;0,0;50,0;Подготовка;
20251209;13:57:38;-0,5;0,0;0,0;0,0;50,0;Подготовка;
20251209;13:57:43;-0,5;0,0;0,0;0,0;50,0;Подготовка;
20251209;13:57:48;-0,5;0,0;0,0;0,0;50,0;Подготовка;
20251209;13:57:53;-0,5;0,0;0,0;0,0;50,0;Подготовка;
20251209;13:57:58;-0,5;0,0;0,0;0,0;50,0;Подготовка;
20251209;13:58:03;-0,5;0,0;0,0;0,0;50,0;Подготовка;
20251209;13:58:08;-0,5;0,0;0,0;0,0;50,0;Подготовка;
20251209;13:58:13;-0,5;0,0;0,0;0,0;50,0;Подготовка;
20251209;13:58:18;-0,5;0,0;0,0;0,0;50,0;Подготовка;
20251209;13:58:23;-0,5;0,0;0,0;0,0;50,0;Подготовка;
20251209;13:58:28;-0,5;0,0;0,0;0,0;50,0;Подготовка;
20251209;13:58:33;-0,5;0,0;0,0;0,0;50,0;Подготовка;
20251209;13:58:38;-0,5;0,0;0,0;0,0;50,0;Подготовка;
20251209;13:58:43;-0,5;0,0;0,0;0,0;50,0;Подготовка;
20251209;13:58:48;-0,5;0,0;0,0;0,0;50,0;Подготовка;
20251209;13:58:53;-0,5;0,0;0,0;0,0;50,0;Подготовка;
20251209;13:58:58;-0,5;0,0;0,0;0,0;50,0;Подготовка;
20251209;13:59:04;-0,5;0,0;0,0;0,0;50,0;Подготовка;
20251209;13:59:09;-0,5;0,0;0,0;0,0;50,0;Подготовка;
20251209;13:59:14;-0,5;0,0;0,0;0,0;50,0;Подготовка;
20251209;13:59:19;-0,5;0,0;0,0;0,0;50,0;Подготовка;
20251209;13:59:24;-0,5;0,0;0,0;0,0;50,0;Подготовка;
20251209;13:59:29;-0,5;0,0;0,0;0,0;50,0;Подготовка;
20251209;13:59:34;-0,5;0,0;0,0;0,0;50,0;Подготовка;
20251209;13:59:39;-0,5;0,0;0,0;0,0;50,0;Подготовка;
20251209;13:59:44;-0,5;0,0;0,0;0,0;50,0;Подготовка;
20251209;13:59:49;-0,5;0,0;0,0;0,0;50,0;Подготовка;
20251209;13:59:54;-0,5;0,0;0,0;0,0;50,0;Подготовка;
20251209;13:59:59;-0,5;0,0;0,0;0,0;50,0;Подготовка;
20251209;14:00:04;-0,5;0,0;0,0;0,0;50,0;Подготовка;
20251209;14:00:09;-0,5;0,0;0,0;0,0;50,0;Подготовка;
20251209;14:00:14;-0,5;0,0;0,0;0,0;50,0;Подготовка;
20251209;14:00:19;-0,5;0,0;0,0;0,0;50,0;Подготовка;
20251209;14:00:24;-0,5;0,0;0,0;0,0;50,0;Подготовка;
20251209;14:00:29;-0,5;0,0;0,0;0,0;50,0;Подготовка;
20251209;14:00:34;-0,5;0,0;0,0;0,0;50,0;Подготовка;
20251209;14:00:39;-0,5;0,0;0,0;0,0;50,0;Подготовка;
20251209;14:00:44;-0,5;0,0;0,0;0,0;50,0;Подготовка;
20251209;14:00:49;-0,5;0,0;0,0;0,0;50,0;Подготовка;
20251209;14:00:54;-0,5;0,0;0,0;0,0;50,0;Подготовка;
20251209;14:00:59;-0,5;0,0;0,0;0,0;50,0;Подготовка;
20251209;14:01:04;-0,5;0,0;0,0;0,0;50,0;Подготовка;
20251209;14:01:10;-0,5;0,0;0,0;0,0;50,0;Подготовка;
20251209;14:01:15;-0,5;0,0;0,0;0,0;50,0;Подготовка;
20251209;14:01:20;-0,5;0,0;0,0;0,0;50,0;Подготовка;
20251209;14:01:25;-0,5;0,0;0,0;0,0;50,0;Подготовка;
20251209;14:01:30;-0,5;0,0;0,0;0,0;50,0;Подготовка;
20251209;14:01:35;-0,5;0,0;0,0;0,0;50,0;Подготовка;
20251209;14:01:40;-0,5;0,0;0,0;0,0;50,0;Подготовка;
20251209;14:01:45;-0,5;0,0;0,0;0,0;50,0;Подготовка;
20251209;14:01:50;-0,5;0,0;0,0;0,0;50,0;Подготовка;
20251209;14:01:55;-0,5;0,0;0,0;0,0;50,0;Подготовка;
20251209;14:02:00;-0,5;0,0;0,0;0,0;50,0;Подготовка;
20251209;14:02:05;-0,5;0,0;0,0;0,0;50,0;Подготовка;
20251209;14:02:10;-0,5;0,0;0,0;0,0;50,0;Подготовка;
20251209;14:02:15;-0,5;0,0;0,0;0,0;50,0;Подготовка;
20251209;14:02:20;-0,5;0,0;0,0;0,0;50,0;Подготовка;
20251209;14:02:25;-0,5;0,0;0,0;0,0;50,0;Подготовка;
20251209;14:02:30;-0,5;0,0;0,0;0,0;50,0;Подготовка;
20251209;14:02:35;-0,5;0,0;0,0;0,0;50,0;Подготовка;
20251209;14:02:40;-0,5;0,0;0,0;0,0;50,0;Подготовка;
20251209;14:02:45;-0,5;0,0;0,0;0,0;50,0;Подготовка;
20251209;14:02:50;-0,5;0,0;0,0;0,0;50,0;Подготовка;
20251209;14:02:55;-0,5;0,0;0,0;0,0;50,0;Подготовка;
20251209;14:03:00;-0,5;0,0;0,0;0,0;50,0;Подготовка;
20251209;14:03:05;-0,5;0,0;0,0;0,0;50,0;Подготовка;
20251209;14:03:10;-0,5;0,0;0,0;0,0;50,0;Подготовка;
20251209;14:03:16;-0,5;0,0;0,0;0,0;50,0;Подготовка;
20251209;14:03:21;-0,5;0,0;0,0;0,0;50,0;Подготовка;
20251209;14:03:26;-0,5;0,0;0,0;0,0;50,0;Подготовка;
20251209;14:03:31;-0,5;0,0;0,0;0,0;50,0;Подготовка;
20251209;14:03:36;-0,5;0,0;0,0;0,0;50,0;Подготовка;
20251209;14:03:41;-0,5;0,0;0,0;0,0;50,0;Подготовка;
20251209;14:03:46;-0,5;0,0;0,0;0,0;50,0;Подготовка;
20251209;14:03:51;-0,5;0,0;0,0;0,0;50,0;Подготовка;
20251209;14:03:56;-0,5;0,0;0,0;0,0;50,0;Подготовка;
20251209;14:04:01;-0,5;0,0;0,0;0,0;50,0;Подготовка;
20251209;14:04:06;-0,5;0,0;0,0;0,0;50,0;Подготовка;
20251209;14:04:11;-0,5;0,0;0,0;0,0;50,0;Подготовка;
20251209;14:04:16;-0,5;0,0;0,0;0,0;50,0;Подготовка;
20251209;14:04:21;-0,5;0,0;0,0;0,0;50,0;Подготовка;
20251209;14:04:26;-0,5;0,0;0,0;0,0;50,0;Подготовка;
20251209;14:04:31;-0,5;0,0;0,0;0,0;50,0;Подготовка;
20251209;14:04:36;-0,5;0,0;0,0;0,0;50,0;Подготовка;
20251209;14:04:41;-0,5;0,0;0,0;0,0;50,0;Подготовка;
20251209;14:04:46;-0,5;0,0;0,0;0,0;50,0;Подготовка;
20251209;14:04:51;-0,5;0,0;0,0;0,0;50,0;Подготовка;
20251209;14:04:56;-0,5;0,0;0,0;0,0;50,0;Подготовка;
20251209;14:05:01;-0,5;0,0;0,0;0,0;50,0;Подготовка;
20251209;14:05:06;-0,5;0,0;0,0;0,0;50,0;Подготовка;
20251209;14:05:11;-0,5;0,0;0,0;0,0;50,0;Подготовка;
20251209;14:05:16;-0,5;0,0;0,0;0,0;50,0;Подготовка;
20251209;14:05:22;-0,5;0,0;0,0;0,0;50,0;Подготовка;
20251209;14:05:27;-0,5;0,0;0,0;0,0;50,0;Подготовка;
20251209;14:05:32;-0,5;0,0;0,0;0,0;50,0;Подготовка;
20251209;14:05:37;-0,5;0,0;0,0;0,0;50,0;Подготовка;
20251209;14:05:42;-0,5;0,0;0,0;0,0;50,0;Подготовка;
20251209;14:05:47;-0,5;0,0;0,0;0,0;50,0;Подготовка;
20251209;14:05:52;-0,5;0,0;0,0;0,0;50,0;Подготовка;
20251209;14:05:57;-0,5;0,0;0,0;0,0;50,0;Подготовка;
20251209;14:06:02;-0,5;0,0;0,0;0,0;50,0;Подготовка;
20251209;14:06:07;-0,5;0,0;0,0;0,0;50,0;Подготовка;
20251209;14:06:12;-0,5;0,0;0,0;0,0;50,0;Подготовка;
20251209;14:06:17;-0,5;0,0;0,0;0,0;50,0;Подготовка;
20251209;14:06:22;-0,5;0,0;0,0;0,0;50,0;Подготовка;
20251209;14:06:27;-0,5;0,0;0,0;0,0;50,0;Подготовка;
20251209;14:06:32;-0,5;0,0;0,0;0,0;50,0;Подготовка;
20251209;14:06:37;-0,5;0,0;0,0;0,0;50,0;Подготовка;
20251209;14:06:42;-0,5;0,0;0,0;0,0;50,0;Подготовка;
20251209;14:06:47;-0,5;0,0;0,0;0,0;50,0;Подготовка;
20251209;14:06:52;-0,5;0,0;0,0;0,0;50,0;Подготовка;
20251209;14:06:57;-0,5;0,0;0,0;0,0;50,0;Подготовка;
20251209;14:07:02;-0,5;0,0;0,0;0,0;50,0;Подготовка;
20251209;14:07:07;-0,5;0,0;0,0;0,0;50,0;Подготовка;
20251209;14:07:12;-0,5;0,0;0,0;0,0;50,0;Подготовка;
20251209;14:07:17;-0,5;0,0;0,0;0,0;50,0;Подготовка;
20251209;14:07:22;-0,5;0,0;0,0;0,0;50,0;Подготовка;
20251209;14:07:28;-0,5;0,0;0,0;0,0;50,0;Подготовка;
20251209;14:07:33;-0,5;0,0;0,0;0,0;50,0;Подготовка;
20251209;14:07:38;-0,5;0,0;0,0;0,0;50,0;Подготовка;
20251209;14:07:43;-0,5;0,0;0,0;0,0;50,0;Подготовка;
20251209;14:07:48;-0,5;0,0;0,0;0,0;50,0;Подготовка;
20251209;14:07:53;-0,5;0,0;0,0;0,0;50,0;Подготовка;
20251209;14:07:58;-0,5;0,0;0,0;0,0;50,0;Подготовка;
20251209;14:08:03;-0,5;0,0;0,0;0,0;50,0;Подготовка;
20251209;14:08:08;-0,5;0,0;0,0;0,0;50,0;Подготовка;
20251209;14:08:13;-0,5;0,0;0,0;0,0;50,0;Подготовка;
20251209;14:08:18;-0,5;0,0;0,0;0,0;50,0;Подготовка;
20251209;14:08:23;-0,5;0,0;0,0;0,0;50,0;Подготовка;
20251209;14:08:28;-0,5;0,0;0,0;0,0;50,0;Подготовка;
20251209;14:08:33;-0,5;0,0;0,0;0,0;50,0;Подготовка;
20251209;14:08:38;-0,5;0,0;0,0;0,0;50,0;Подготовка;
20251209;14:08:43;-0,5;0,0;0,0;0,0;50,0;Подготовка;
20251209;14:08:48;-0,5;0,0;0,0;0,0;50,0;Подготовка;
20251209;14:08:53;-0,5;0,0;0,0;0,0;50,0;Подготовка;
20251209;14:08:58;-0,5;0,0;0,0;0,0;50,0;Подготовка;
20251209;14:09:03;-0,5;0,0;0,0;0,0;50,0;Подготовка;
20251209;14:09:08;-0,5;0,0;0,0;0,0;50,0;Подготовка;
20251209;14:09:13;-0,5;0,0;0,0;0,0;50,0;Подготовка;
20251209;14:09:18;-0,5;0,0;0,0;0,0;50,0;Подготовка;
20251209;14:09:23;-0,5;0,0;0,0;0,0;50,0;Подготовка;
20251209;14:09:28;-0,5;0,0;0,0;0,0;50,0;Подготовка;
20251209;14:09:34;-0,5;0,0;0,0;0,0;50,0;Подготовка;
20251209;14:09:39;-0,5;0,0;0,0;0,0;50,0;Подготовка;
20251209;14:09:44;-0,5;0,0;0,0;0,0;50,0;Подготовка;
20251209;14:09:49;-0,5;0,0;0,0;0,0;50,0;Подготовка;
20251209;14:09:54;-0,5;0,0;0,0;0,0;50,0;Подготовка;
20251209;14:09:59;-0,5;0,0;0,0;0,0;50,0;Подготовка;
20251209;14:10:04;-0,5;0,0;0,0;0,0;50,0;Подготовка;
20251209;14:10:09;-0,5;0,0;0,0;0,0;50,0;Подготовка;
20251209;14:10:14;-0,5;0,0;0,0;0,0;50,0;Подготовка;
20251209;14:10:19;-0,5;0,0;0,0;0,0;50,0;Подготовка;
20251209;14:10:24;-0,5;0,0;0,0;0,0;50,0;Подготовка;
20251209;14:10:29;-0,5;0,0;0,0;0,0;50,0;Подготовка;
20251209;14:10:34;-0,5;0,0;0,0;0,0;50,0;Подготовка;
20251209;14:10:39;-0,5;0,0;0,0;0,0;50,0;Подготовка;
20251209;14:10:44;-0,5;0,0;0,0;0,0;50,0;Подготовка;
20251209;14:10:49;-0,5;0,0;0,0;0,0;50,0;Подготовка;
20251209;14:10:54;-0,5;0,0;0,0;0,0;50,0;Подготовка;
20251209;14:10:59;-0,5;0,0;0,0;0,0;50,0;Подготовка;
20251209;14:11:04;-0,5;0,0;0,0;0,0;50,0;Подготовка;
20251209;14:11:09;-0,5;0,0;0,0;0,0;50,0;Подготовка;
20251209;14:11:14;-0,5;0,0;0,0;0,0;50,0;Подготовка;
20251209;14:11:19;-0,5;0,0;0,0;0,0;50,0;Подготовка;
20251209;14:11:24;-0,5;0,0;0,0;0,0;50,0;Подготовка;
20251209;14:11:29;-0,5;0,0;0,0;0,0;50,0;Подготовка;
20251209;14:11:34;-0,5;0,0;0,0;0,0;50,0;Подготовка;
20251209;14:11:40;-0,5;0,0;0,0;0,0;50,0;Подготовка;
20251209;14:11:45;-0,5;0,0;0,0;0,0;50,0;Подготовка;
20251209;14:11:50;-0,5;0,0;0,0;0,0;50,0;Подготовка;
20251209;14:11:55;-0,5;0,0;0,0;0,0;50,0;Подготовка;
20251209;14:12:00;-0,5;0,0;0,0;0,0;50,0;Подготовка;
20251209;14:12:05;-0,5;0,0;0,0;0,0;50,0;Подготовка;
20251209;14:12:10;-0,5;0,0;0,0;0,0;50,0;Подготовка;
20251209;14:12:15;-0,5;0,0;0,0;0,0;50,0;Подготовка;
20251209;14:12:20;-0,5;0,0;0,0;0,0;50,0;Подготовка;
20251209;14:12:25;-0,5;0,0;0,0;0,0;50,0;Подготовка;
20251209;14:12:30;-0,5;0,0;0,0;0,0;50,0;Подготовка;
20251209;14:12:35;-0,5;0,0;0,0;0,0;50,0;Подготовка;
20251209;14:12:40;-0,5;0,0;0,0;0,0;50,0;Подготовка;
20251209;14:12:45;-0,5;0,0;0,0;0,0;50,0;Подготовка;
20251209;14:12:50;-0,5;0,0;0,0;0,0;50,0;Подготовка;
20251209;14:12:55;-0,5;0,0;0,0;0,0;50,0;Подготовка;
20251209;14:13:00;-0,5;0,0;0,0;0,0;50,0;Подготовка;
20251209;14:13:05;-0,5;0,0;0,0;0,0;50,0;Подготовка;
20251209;14:13:10;-0,5;0,0;0,0;0,0;50,0;Подготовка;
20251209;14:13:15;-0,5;0,0;0,0;0,0;50,0;Подготовка;
20251209;14:13:20;-0,5;0,0;0,0;0,0;50,0;Подготовка;
20251209;14:13:25;-0,5;0,0;0,0;0,0;50,0;Подготовка;
20251209;14:13:30;-0,5;0,0;0,0;0,0;50,0;Подготовка;
20251209;14:13:35;-0,5;0,0;0,0;0,0;50,0;Подготовка;
20251209;14:13:40;-0,5;0,0;0,0;0,0;50,0;Подготовка;
20251209;14:13:46;-0,5;0,0;0,0;0,0;50,0;Подготовка;
20251209;14:13:51;-0,5;0,0;0,0;0,0;50,0;Подготовка;
20251209;14:13:56;-0,5;0,0;0,0;0,0;50,0;Подготовка;
20251209;14:14:01;-0,5;0,0;0,0;0,0;50,0;Подготовка;
20251209;14:14:06;-0,5;0,0;0,0;0,0;50,0;Подготовка;
20251209;14:14:11;-0,5;0,0;0,0;0,0;50,0;Подготовка;
20251209;14:14:16;-0,5;0,0;0,0;0,0;50,0;Подготовка;
20251209;14:14:21;-0,5;0,0;0,0;0,0;50,0;Подготовка;
20251209;14:14:26;-0,5;0,0;0,0;0,0;50,0;Подготовка;
20251209;14:14:31;-0,5;0,0;0,0;0,0;50,0;Подготовка;
20251209;14:14:36;-0,5;0,0;0,0;0,0;50,0;Подготовка;
20251209;14:14:41;-0,5;0,0;0,0;0,0;50,0;Подготовка;
20251209;14:14:46;-0,5;0,0;0,0;0,0;50,0;Подготовка;
20251209;14:14:51;-0,5;0,0;0,0;0,0;50,0;Подготовка;
20251209;14:14:56;-0,5;0,0;0,0;0,0;50,0;Подготовка;
20251209;14:15:01;-0,5;0,0;0,0;0,0;50,0;Подготовка;
20251209;14:15:06;-0,5;0,0;0,0;0,0;50,0;Подготовка;
20251209;14:15:11;-0,5;0,0;0,0;0,0;50,0;Подготовка;
20251209;14:15:16;-0,5;0,0;0,0;0,0;50,0;Подготовка;
20251209;14:15:21;-0,5;0,0;0,0;0,0;50,0;Подготовка;
20251209;14:15:26;-0,5;0,0;0,0;0,0;50,0;Подготовка;
20251209;14:15:31;-0,5;0,0;0,0;0,0;50,0;Подготовка;
20251209;14:15:36;-0,5;0,0;0,0;0,0;50,0;Подготовка;
20251209;14:15:41;-0,5;0,0;0,0;0,0;50,0;Подготовка;
20251209;14:15:46;-0,5;0,0;0,0;0,0;50,0;Подготовка;
20251209;14:15:52;-0,5;0,0;0,0;0,0;50,0;Подготовка;
20251209;14:15:57;-0,5;0,0;0,0;0,0;50,0;Подготовка;
20251209;14:16:02;-0,5;0,0;0,0;0,0;50,0;Подготовка;
20251209;14:16:07;-0,5;0,0;0,0;0,0;50,0;Подготовка;
20251209;14:16:12;-0,5;0,0;0,0;0,0;50,0;Подготовка;
20251209;14:16:17;-0,5;0,0;0,0;0,0;50,0;Подготовка;
20251209;14:16:22;-0,5;0,0;0,0;0,0;50,0;Подготовка;
20251209;14:16:27;-0,5;0,0;0,0;0,0;50,0;Подготовка;
20251209;14:16:32;-0,5;0,0;0,0;0,0;50,0;Подготовка;
20251209;14:16:37;-0,5;0,0;0,0;0,0;50,0;Подготовка;
20251209;14:16:42;-0,5;0,0;0,0;0,0;50,0;Подготовка;
20251209;14:16:47;-0,5;0,0;0,0;0,0;50,0;Подготовка;
20251209;14:16:52;-0,5;0,0;0,0;0,0;50,0;Подготовка;
20251209;14:16:57;-0,5;0,0;0,0;0,0;50,0;Подготовка;
20251209;14:17:02;-0,5;0,0;0,0;0,0;50,0;Подготовка;
20251209;14:17:07;-0,5;0,0;0,0;0,0;50,0;Подготовка;
20251209;14:17:12;-0,5;0,0;0,0;0,0;50,0;Подготовка;
20251209;14:17:17;-0,5;0,0;0,0;0,0;50,0;Подготовка;
20251209;14:17:22;-0,5;0,0;0,0;0,0;50,0;Подготовка;
20251209;14:17:27;-0,5;0,0;0,0;0,0;50,0;Подготовка;
20251209;14:17:32;-0,5;0,0;0,0;0,0;50,0;Подготовка;
20251209;14:17:37;-0,5;0,0;0,0;0,0;50,0;Подготовка;
20251209;14:17:42;-0,5;0,0;0,0;0,0;50,0;Подготовка;
20251209;14:17:47;-0,5;0,0;0,0;0,0;50,0;Подготовка;
20251209;14:17:52;-0,5;0,0;0,0;0,0;50,0;Подготовка;
20251209;14:17:58;-0,5;0,0;0,0;0,0;50,0;Подготовка;
20251209;14:18:03;-0,5;0,0;0,0;0,0;50,0;Подготовка;
20251209;14:18:08;-0,5;0,0;0,0;0,0;50,0;Подготовка;
20251209;14:18:13;-0,5;0,0;0,0;0,0;50,0;Подготовка;
20251209;14:18:18;-0,5;0,0;0,0;0,0;50,0;Подготовка;
20251209;14:18:23;-0,5;0,0;0,0;0,0;50,0;Подготовка;
20251209;14:18:28;-0,5;0,0;0,0;0,0;50,0;Подготовка;
20251209;14:18:33;-0,5;0,0;0,0;0,0;50,0;Подготовка;
20251209;14:18:38;-0,5;0,0;0,0;0,0;50,0;Подготовка;
20251209;14:18:43;-0,5;0,0;0,0;0,0;50,0;Подготовка;
20251209;14:18:48;-0,5;0,0;0,0;0,0;50,0;Подготовка;
20251209;14:18:53;-0,5;0,0;0,0;0,0;50,0;Подготовка;
20251209;14:18:58;-0,5;0,0;0,0;0,0;50,0;Подготовка;
20251209;14:19:03;-0,5;0,0;0,0;0,0;50,0;Подготовка;
20251209;14:19:08;-0,5;0,0;0,0;0,0;50,0;Подготовка;
20251209;14:19:13;-0,5;0,0;0,0;0,0;50,0;Подготовка;
20251209;14:19:18;-0,5;0,0;0,0;0,0;50,0;Подготовка;
20251209;14:19:23;-0,5;0,0;0,0;0,0;50,0;Подготовка;
20251209;14:19:28;-0,5;0,0;0,0;0,0;50,0;Подготовка;
20251209;14:19:33;-0,5;0,0;0,0;0,0;50,0;Подготовка;
20251209;14:19:38;-0,5;0,0;0,0;0,0;50,0;Подготовка;
20251209;14:19:43;-0,5;0,0;0,0;0,0;50,0;Подготовка;
20251209;14:19:48;-0,5;0,0;0,0;0,0;50,0;Подготовка;
20251209;14:19:53;-0,5;0,0;0,0;0,0;50,0;Подготовка;
20251209;14:19:58;-0,5;0,0;0,0;0,0;50,0;Подготовка;
20251209;14:20:04;-0,5;0,0;0,0;0,0;50,0;Подготовка;
20251209;14:20:09;-0,5;0,0;0,0;0,0;50,0;Подготовка;
20251209;14:20:14;-0,5;0,0;0,0;0,0;50,0;Подготовка;
20251209;14:20:19;-0,5;0,0;0,0;0,0;50,0;Подготовка;
20251209;14:20:24;-0,5;0,0;0,0;0,0;50,0;Подготовка;
20251209;14:20:29;-0,5;0,0;0,0;0,0;50,0;Подготовка;
20251209;14:20:34;-0,5;0,0;0,0;0,0;50,0;Подготовка;
20251209;14:20:39;-0,5;0,0;0,0;0,0;50,0;Подготовка;
20251209;14:20:44;-0,5;0,0;0,0;0,0;50,0;Подготовка;
20251209;14:20:49;-0,5;0,0;0,0;0,0;50,0;Подготовка;
20251209;14:20:54;-0,5;0,0;0,0;0,0;50,0;Подготовка;
20251209;14:20:59;-0,5;0,0;0,0;0,0;50,0;Подготовка;
20251209;14:21:04;-0,5;0,0;0,0;0,0;50,0;Подготовка;
20251209;14:21:09;-0,5;0,0;0,0;0,0;50,0;Подготовка;
20251209;14:21:14;-0,5;0,0;0,0;0,0;50,0;Подготовка;
20251209;14:21:19;-0,5;0,0;0,0;0,0;50,0;Подготовка;
20251209;14:21:24;-0,5;0,0;0,0;0,0;50,0;Подготовка;
20251209;14:21:29;-0,5;0,0;0,0;0,0;50,0;Подготовка;
20251209;14:21:34;-0,5;0,0;0,0;0,0;50,0;Подготовка;
20251209;14:21:39;-0,5;0,0;0,0;0,0;50,0;Подготовка;
20251209;14:21:44;-0,5;0,0;0,0;0,0;50,0;Подготовка;
20251209;14:21:49;-0,5;0,0;0,0;0,0;50,0;Подготовка;
20251209;14:21:54;-0,5;0,0;0,0;0,0;50,0;Подготовка;
20251209;14:21:59;-0,5;0,0;0,0;0,0;50,0;Подготовка;
20251209;14:22:04;-0,5;0,0;0,0;0,0;50,0;Подготовка;
20251209;14:22:10;-0,5;0,0;0,0;0,0;50,0;Подготовка;
20251209;14:22:15;-0,5;0,0;0,0;0,0;50,0;Подготовка;
20251209;14:22:20;-0,5;0,0;0,0;0,0;50,0;Подготовка;
20251209;14:22:25;-0,5;0,0;0,0;0,0;50,0;Подготовка;
20251209;14:22:30;-0,5;0,0;0,0;0,0;50,0;Подготовка;
20251209;14:22:35;-0,5;0,0;0,0;0,0;50,0;Подготовка;
20251209;14:22:40;-0,5;0,0;0,0;0,0;50,0;Подготовка;
20251209;14:22:45;-0,5;0,0;0,0;0,0;50,0;Подготовка;
20251209;14:22:50;-0,5;0,0;0,0;0,0;50,0;Подготовка;
20251209;14:22:55;-0,5;0,0;0,0;0,0;50,0;Подготовка;
20251209;14:23:00;-0,5;0,0;0,0;0,0;50,0;Подготовка;
20251209;14:23:05;-0,5;0,0;0,0;0,0;50,0;Подготовка;
20251209;14:23:10;-0,5;0,0;0,0;0,0;50,0;Подготовка;
20251209;14:23:15;-0,5;0,0;0,0;0,0;50,0;Подготовка;
20251209;14:23:20;-0,5;0,0;0,0;0,0;50,0;Подготовка;
20251209;14:23:25;-0,5;0,0;0,0;0,0;50,0;Подготовка;
20251209;14:23:30;-0,5;0,0;0,0;0,0;50,0;Подготовка;
20251209;14:23:35;-0,5;0,0;0,0;0,0;50,0;Подготовка;
20251209;14:23:40;-0,5;0,0;0,0;0,0;50,0;Подготовка;
20251209;14:23:45;-0,5;0,0;0,0;0,0;50,0;Подготовка;
20251209;14:23:50;-0,5;0,0;0,0;0,0;50,0;Подготовка;
20251209;14:23:55;-0,5;0,0;0,0;0,0;50,0;Подготовка;
20251209;14:24:00;-0,5;0,0;0,0;0,0;50,0;Подготовка;
20251209;14:24:05;-0,5;0,0;0,0;0,0;50,0;Подготовка;
20251209;14:24:10;-0,5;0,0;0,0;0,0;50,0;Подготовка;
20251209;14:24:16;-0,5;0,0;0,0;0,0;50,0;Подготовка;
20251209;14:24:21;-0,5;0,0;0,0;0,0;50,0;Подготовка;
20251209;14:24:26;-0,5;0,0;0,0;0,0;50,0;Подготовка;
20251209;14:24:31;-0,5;0,0;0,0;0,0;50,0;Подготовка;
20251209;14:24:36;-0,5;0,0;0,0;0,0;50,0;Подготовка;
20251209;14:24:41;-0,5;0,0;0,0;0,0;50,0;Подготовка;
20251209;14:24:46;-0,5;0,0;0,0;0,0;50,0;Подготовка;
20251209;14:24:51;-0,5;0,0;0,0;0,0;50,0;Подготовка;
20251209;14:24:56;-0,5;0,0;0,0;0,0;50,0;Подготовка;
20251209;14:25:01;-0,5;0,0;0,0;0,0;50,0;Подготовка;
20251209;14:25:06;-0,5;0,0;0,0;0,0;50,0;Подготовка;
20251209;14:25:11;-0,5;0,0;0,0;0,0;50,0;Подготовка;
20251209;14:25:16;-0,5;0,0;0,0;0,0;50,0;Подготовка;
20251209;14:25:21;-0,5;0,0;0,0;0,0;50,0;Подготовка;
20251209;14:25:26;-0,5;0,0;0,0;0,0;50,0;Подготовка;
20251209;14:25:31;-0,5;0,0;0,0;0,0;50,0;Подготовка;
20251209;14:25:36;-0,5;0,0;0,0;0,0;50,0;Подготовка;
20251209;14:25:41;-0,5;0,0;0,0;0,0;50,0;Подготовка;
20251209;14:25:46;-0,5;0,0;0,0;0,0;50,0;Подготовка;
20251209;14:25:51;-0,5;0,0;0,0;0,0;50,0;Подготовка;
20251209;14:25:56;-0,5;0,0;0,0;0,0;50,0;Подготовка;
20251209;14:26:01;-0,5;0,0;0,0;0,0;50,0;Подготовка;
20251209;14:26:06;-0,5;0,0;0,0;0,0;50,0;Подготовка;
20251209;14:26:11;-0,5;0,0;0,0;0,0;50,0;Подготовка;
20251209;14:26:16;-0,5;0,0;0,0;0,0;50,0;Подготовка;
20251209;14:26:22;-0,5;0,0;0,0;0,0;50,0;Подготовка;
20251209;14:26:27;-0,5;0,0;0,0;0,0;50,0;Подготовка;
20251209;14:26:32;-0,5;0,0;0,0;0,0;50,0;Подготовка;
20251209;14:26:37;-0,5;0,0;0,0;0,0;50,0;Подготовка;
20251209;14:26:42;-0,5;0,0;0,0;0,0;50,0;Подготовка;
20251209;14:26:47;-0,5;0,0;0,0;0,0;50,0;Подготовка;
20251209;14:26:52;-0,5;0,0;0,0;0,0;50,0;Подготовка;
20251209;14:26:57;-0,5;0,0;0,0;0,0;50,0;Подготовка;
20251209;14:27:02;-0,5;0,0;0,0;0,0;50,0;Подготовка;
20251209;14:27:07;-0,5;0,0;0,0;0,0;50,0;Подготовка;
20251209;14:27:12;-0,5;0,0;0,0;0,0;50,0;Подготовка;
20251209;14:27:17;-0,5;0,0;0,0;0,0;50,0;Подготовка;
20251209;14:27:22;-0,5;0,0;0,0;0,0;50,0;Подготовка;
20251209;14:27:27;-0,5;0,0;0,0;0,0;50,0;Подготовка;
20251209;14:27:32;-0,5;0,0;0,0;0,0;50,0;Подготовка;
20251209;14:27:37;-0,5;0,0;0,0;0,0;50,0;Подготовка;
20251209;14:27:42;-0,5;0,0;0,0;0,0;50,0;Подготовка;
20251209;14:27:47;-0,5;0,0;0,0;0,0;50,0;Подготовка;
20251209;14:27:52;-0,5;0,0;0,0;0,0;50,0;Подготовка;
20251209;14:27:57;-0,5;0,0;0,0;0,0;50,0;Подготовка;
20251209;14:28:02;-0,5;0,0;0,0;0,0;50,0;Подготовка;
20251209;14:28:07;-0,5;0,0;0,0;0,0;50,0;Подготовка;
20251209;14:28:12;-0,5;0,0;0,0;0,0;50,0;Подготовка;
20251209;14:28:17;-0,5;0,0;0,0;0,0;50,0;Подготовка;
20251209;14:28:22;-0,5;0,0;0,0;0,0;50,0;Подготовка;
20251209;14:28:28;-0,5;0,0;0,0;0,0;50,0;Подготовка;
20251209;14:28:33;-0,5;0,0;0,0;0,0;50,0;Подготовка;
20251209;14:28:38;-0,5;0,0;0,0;0,0;50,0;Подготовка;
20251209;14:28:43;-0,5;0,0;0,0;0,0;50,0;Подготовка;
20251209;14:28:48;-0,5;0,0;0,0;0,0;50,0;Подготовка;
20251209;14:28:53;-0,5;0,0;0,0;0,0;50,0;Подготовка;
20251209;14:28:58;-0,5;0,0;0,0;0,0;50,0;Подготовка;
20251209;14:29:03;-0,5;0,0;0,0;0,0;50,0;Подготовка;
20251209;14:29:08;-0,5;0,0;0,0;0,0;50,0;Подготовка;
20251209;14:29:13;-0,5;0,0;0,0;0,0;50,0;Подготовка;
20251209;14:29:18;-0,5;0,0;0,0;0,0;50,0;Подготовка;
20251209;14:29:23;-0,5;0,0;0,0;0,0;50,0;Подготовка;
20251209;14:29:28;-0,5;0,0;0,0;0,0;50,0;Подготовка;
20251209;14:29:33;-0,5;0,0;0,0;0,0;50,0;Подготовка;
20251209;14:29:38;-0,5;0,0;0,0;0,0;50,0;Подготовка;
20251209;14:29:43;-0,5;0,0;0,0;0,0;50,0;Подготовка;
20251209;14:29:48;-0,5;0,0;0,0;0,0;50,0;Подготовка;
20251209;14:29:53;-0,5;0,0;0,0;0,0;50,0;Подготовка;
20251209;14:29:58;-0,5;0,0;0,0;0,0;50,0;Подготовка;
20251209;14:30:03;-0,5;0,0;0,0;0,0;50,0;Подготовка;
20251209;14:30:08;-0,5;0,0;0,0;0,0;50,0;Подготовка;
20251209;14:30:13;-0,5;0,0;0,0;0,0;50,0;Подготовка;
20251209;14:30:18;-0,5;0,0;0,0;0,0;50,0;Подготовка;
20251209;14:30:23;-0,5;0,0;0,0;0,0;50,0;Подготовка;
20251209;14:30:28;-0,5;0,0;0,0;0,0;50,0;Подготовка;
20251209;14:30:34;-0,5;0,0;0,0;0,0;50,0;Подготовка;
20251209;14:30:39;-0,5;0,0;0,0;0,0;50,0;Подготовка;
20251209;14:30:44;-0,5;0,0;0,0;0,0;50,0;Подготовка;
20251209;14:30:49;-0,5;0,0;0,0;0,0;50,0;Подготовка;
20251209;14:30:54;-0,5;0,0;0,0;0,0;50,0;Подготовка;
20251209;14:30:59;-0,5;0,0;0,0;0,0;50,0;Подготовка;
20251209;14:31:04;-0,5;0,0;0,0;0,0;50,0;Подготовка;
20251209;14:31:09;-0,5;0,0;0,0;0,0;50,0;Подготовка;
20251209;14:31:14;-0,5;0,0;0,0;0,0;50,0;Подготовка;
20251209;14:31:19;-0,5;0,0;0,0;0,0;50,0;Подготовка;
20251209;14:31:24;-0,5;0,0;0,0;0,0;50,0;Подготовка;
20251209;14:31:29;-0,5;0,0;0,0;0,0;50,0;Подготовка;
20251209;14:31:34;-0,5;0,0;0,0;0,0;50,0;Подготовка;
20251209;14:31:39;-0,5;0,0;0,0;0,0;50,0;Подготовка;
20251209;14:31:44;-0,5;0,0;0,0;0,0;50,0;Подготовка;
20251209;14:31:49;-0,5;0,0;0,0;0,0;50,0;Подготовка;
20251209;14:31:54;-0,5;0,0;0,0;0,0;50,0;Подготовка;
20251209;14:31:59;-0,5;0,0;0,0;0,0;50,0;Подготовка;
20251209;14:32:04;-0,5;0,0;0,0;0,0;50,0;Подготовка;
20251209;14:32:09;-0,5;0,0;0,0;0,0;50,0;Подготовка;
20251209;14:32:14;-0,5;0,0;0,0;0,0;50,0;Подготовка;
20251209;14:32:19;-0,5;0,0;0,0;0,0;50,0;Подготовка;
20251209;14:32:24;-0,5;0,0;0,0;0,0;50,0;Подготовка;
20251209;14:32:29;-0,5;0,0;0,0;0,0;50,0;Подготовка;
20251209;14:32:34;-0,5;0,0;0,0;0,0;50,0;Подготовка;
20251209;14:32:40;-0,5;0,0;0,0;0,0;50,0;Подготовка;
20251209;14:32:45;-0,5;0,0;0,0;0,0;50,0;Подготовка;
20251209;14:32:50;-0,5;0,0;0,0;0,0;50,0;Подготовка;
20251209;14:32:55;-0,5;0,0;0,0;0,0;50,0;Подготовка;
20251209;14:33:00;-0,5;0,0;0,0;0,0;50,0;Подготовка;
20251209;14:33:05;-0,5;0,0;0,0;0,0;50,0;Подготовка;
20251209;14:33:10;-0,5;0,0;0,0;0,0;50,0;Подготовка;
20251209;14:33:15;-0,5;0,0;0,0;0,0;50,0;Подготовка;
20251209;14:33:20;-0,5;0,0;0,0;0,0;50,0;Подготовка;
20251209;14:33:25;-0,5;0,0;0,0;0,0;50,0;Подготовка;
20251209;14:33:30;-0,5;0,0;0,0;0,0;50,0;Подготовка;
20251209;14:33:35;-0,5;0,0;0,0;0,0;50,0;Подготовка;
20251209;14:33:40;-0,5;0,0;0,0;0,0;50,0;Подготовка;
20251209;14:33:45;-0,5;0,0;0,0;0,0;50,0;Подготовка;
20251209;14:33:50;-0,5;0,0;0,0;0,0;50,0;Подготовка;
20251209;14:33:55;-0,5;0,0;0,0;0,0;50,0;Подготовка;
20251209;14:34:00;-0,5;0,0;0,0;0,0;50,0;Подготовка;
20251209;14:34:05;-0,5;0,0;0,0;0,0;50,0;Подготовка;
20251209;14:34:10;-0,5;0,0;0,0;0,0;50,0;Подготовка;
20251209;14:34:15;-0,5;0,0;0,0;0,0;50,0;Подготовка;
Предприятие;
Объект;
Вид оборудования;
Дисп. наименование;
Тип;
Зав. номер;
Сер. номер;
Год выпуска;
Год ввода в эксплуатацию;
Дата отбора пробы;
Марка пробы;
Температура пробы;
DATE ;TIME ;TS_TEMP ;PROB_TEMP ;PROB_OTN_VL ;PROBE_VlAGOSOD ;SP ;STATUS ; 
20251209;14:34:32;-0,39;0,0;0,0;0,0;50,0;Включение;
20251209;14:34:37;-0,49;0,0;0,0;0,0;50,0;Включение;
20251209;14:34:42;-0,49;0,0;0,0;0,0;50,0;Подготовка;
20251209;14:34:47;-0,49;0,0;0,0;0,0;50,0;Подготовка;
20251209;14:34:52;-0,49;0,0;0,0;0,0;50,0;Подготовка;
20251209;14:34:57;-0,49;0,0;0,0;0,0;50,0;Подготовка;
20251209;14:35:02;-0,5;0,0;0,0;0,0;50,0;Подготовка;
20251209;14:35:07;-0,5;0,0;0,0;0,0;50,0;Подготовка;
20251209;14:35:12;-0,5;0,0;0,0;0,0;50,0;Подготовка;
20251209;14:35:17;-0,5;0,0;0,0;0,0;50,0;Подготовка;
20251209;14:35:22;-0,5;0,0;0,0;0,0;50,0;Подготовка;
20251209;14:35:27;-0,5;0,0;0,0;0,0;50,0;Подготовка;
20251209;14:35:33;-0,5;0,0;0,0;0,0;50,0;Подготовка;
20251209;14:35:38;-0,5;0,0;0,0;0,0;50,0;Подготовка;
20251209;14:35:43;-0,5;0,0;0,0;0,0;50,0;Подготовка;
20251209;14:35:48;-0,5;0,0;0,0;0,0;50,0;Подготовка;
20251209;14:35:53;-0,5;0,0;0,0;0,0;50,0;Подготовка;
20251209;14:35:58;-0,5;0,0;0,0;0,0;50,0;Подготовка;
20251209;14:36:03;-0,5;0,0;0,0;0,0;50,0;Подготовка;
20251209;14:36:08;-0,5;0,0;0,0;0,0;50,0;Подготовка;
20251209;14:36:13;-0,5;0,0;0,0;0,0;50,0;Подготовка;
20251209;14:36:18;-0,5;0,0;0,0;0,0;50,0;Подготовка;
20251209;14:36:23;-0,5;0,0;0,0;0,0;50,0;Подготовка;
20251209;14:36:28;-0,5;0,0;0,0;0,0;50,0;Подготовка;
20251209;14:36:33;-0,5;0,0;0,0;0,0;50,0;Подготовка;
20251209;14:36:38;-0,5;0,0;0,0;0,0;50,0;Подготовка;
20251209;14:36:43;-0,5;0,0;0,0;0,0;50,0;Подготовка;
20251209;14:36:48;-0,5;0,0;0,0;0,0;50,0;Подготовка;
20251209;14:36:53;-0,5;0,0;0,0;0,0;50,0;Подготовка;
20251209;14:36:58;-0,5;0,0;0,0;0,0;50,0;Подготовка;
20251209;14:37:03;-0,5;0,0;0,0;0,0;50,0;Подготовка;
20251209;14:37:08;-0,5;0,0;0,0;0,0;50,0;Подготовка;
20251209;14:37:13;-0,5;0,0;0,0;0,0;50,0;Подготовка;
20251209;14:37:18;-0,5;0,0;0,0;0,0;50,0;Подготовка;
20251209;14:37:23;-0,5;0,0;0,0;0,0;50,0;Подготовка;
20251209;14:37:28;-0,5;0,0;0,0;0,0;50,0;Подготовка;
20251209;14:37:33;-0,5;0,0;0,0;0,0;50,0;Подготовка;
20251209;14:37:39;-0,5;0,0;0,0;0,0;50,0;Подготовка;
20251209;14:37:44;-0,5;0,0;0,0;0,0;50,0;Подготовка;
20251209;14:37:49;-0,5;0,0;0,0;0,0;50,0;Подготовка;
20251209;14:37:54;-0,5;0,0;0,0;0,0;50,0;Подготовка;
20251209;14:37:59;-0,5;0,0;0,0;0,0;50,0;Подготовка;
20251209;14:38:04;-0,5;0,0;0,0;0,0;50,0;Подготовка;
20251209;14:38:09;-0,5;0,0;0,0;0,0;50,0;Подготовка;
20251209;14:38:14;-0,5;0,0;0,0;0,0;50,0;Подготовка;
20251209;14:38:19;-0,5;0,0;0,0;0,0;50,0;Подготовка;
20251209;14:38:24;-0,5;0,0;0,0;0,0;50,0;Подготовка;
20251209;14:38:29;-0,5;0,0;0,0;0,0;50,0;Подготовка;
20251209;14:38:34;-0,5;0,0;0,0;0,0;50,0;Подготовка;
20251209;14:38:39;-0,5;0,0;0,0;0,0;50,0;Подготовка;
20251209;14:38:44;-0,5;0,0;0,0;0,0;50,0;Подготовка;
20251209;14:38:49;-0,5;0,0;0,0;0,0;50,0;Подготовка;
20251209;14:38:54;-0,5;0,0;0,0;0,0;50,0;Подготовка;
20251209;14:38:59;-0,5;0,0;0,0;0,0;50,0;Подготовка;
20251209;14:39:04;-0,5;0,0;0,0;0,0;50,0;Подготовка;
20251209;14:39:09;-0,5;0,0;0,0;0,0;50,0;Подготовка;
20251209;14:39:14;-0,5;0,0;0,0;0,0;50,0;Подготовка;
20251209;14:39:19;-0,5;0,0;0,0;0,0;50,0;Подготовка;
20251209;14:39:24;-0,5;0,0;0,0;0,0;50,0;Подготовка;
20251209;14:39:29;-0,5;0,0;0,0;0,0;50,0;Подготовка;
20251209;14:39:34;-0,5;0,0;0,0;0,0;50,0;Подготовка;
20251209;14:39:39;-0,5;0,0;0,0;0,0;50,0;Подготовка;
20251209;14:39:45;-0,5;0,0;0,0;0,0;50,0;Подготовка;
20251209;14:39:50;-0,5;0,0;0,0;0,0;50,0;Подготовка;
20251209;14:39:55;-0,5;0,0;0,0;0,0;50,0;Подготовка;
20251209;14:40:00;-0,5;0,0;0,0;0,0;50,0;Подготовка;
20251209;14:40:05;-0,5;0,0;0,0;0,0;50,0;Подготовка;
20251209;14:40:10;-0,5;0,0;0,0;0,0;50,0;Подготовка;
20251209;14:40:15;-0,5;0,0;0,0;0,0;50,0;Подготовка;
20251209;14:40:20;-0,5;0,0;0,0;0,0;50,0;Подготовка;
20251209;14:40:25;-0,5;0,0;0,0;0,0;50,0;Подготовка;
20251209;14:40:30;-0,5;0,0;0,0;0,0;50,0;Подготовка;
20251209;14:40:35;-0,5;0,0;0,0;0,0;50,0;Подготовка;
20251209;14:40:40;-0,5;0,0;0,0;0,0;50,0;Подготовка;
20251209;14:40:45;-0,5;0,0;0,0;0,0;50,0;Подготовка;
20251209;14:40:50;-0,5;0,0;0,0;0,0;50,0;Подготовка;
20251209;14:40:55;-0,5;0,0;0,0;0,0;50,0;Подготовка;
20251209;14:41:00;-0,5;0,0;0,0;0,0;50,0;Подготовка;
20251209;14:41:05;-0,5;0,0;0,0;0,0;50,0;Подготовка;
20251209;14:41:10;-0,5;0,0;0,0;0,0;50,0;Подготовка;
20251209;14:41:15;-0,5;0,0;0,0;0,0;50,0;Подготовка;
20251209;14:41:20;-0,5;0,0;0,0;0,0;50,0;Подготовка;
20251209;14:41:25;-0,5;0,0;0,0;0,0;50,0;Подготовка;
20251209;14:41:30;-0,5;0,0;0,0;0,0;50,0;Подготовка;
20251209;14:41:35;-0,5;0,0;0,0;0,0;50,0;Подготовка;
20251209;14:41:40;-0,5;0,0;0,0;0,0;50,0;Подготовка;
20251209;14:41:45;-0,5;0,0;0,0;0,0;50,0;Подготовка;
20251209;14:41:51;-0,5;0,0;0,0;0,0;50,0;Подготовка;
20251209;14:41:56;-0,5;0,0;0,0;0,0;50,0;Подготовка;
20251209;14:42:01;-0,5;0,0;0,0;0,0;50,0;Подготовка;
20251209;14:42:06;-0,5;0,0;0,0;0,0;50,0;Подготовка;
20251209;14:42:11;-0,5;0,0;0,0;0,0;50,0;Подготовка;
20251209;14:42:16;-0,5;0,0;0,0;0,0;50,0;Подготовка;
20251209;14:42:21;-0,5;0,0;0,0;0,0;50,0;Подготовка;
20251209;14:42:26;-0,5;0,0;0,0;0,0;50,0;Подготовка;
20251209;14:42:31;-0,5;0,0;0,0;0,0;50,0;Подготовка;
20251209;14:42:36;-0,5;0,0;0,0;0,0;50,0;Подготовка;
20251209;14:42:41;-0,5;0,0;0,0;0,0;50,0;Подготовка;
20251209;14:42:46;-0,5;0,0;0,0;0,0;50,0;Подготовка;
20251209;14:42:51;-0,5;0,0;0,0;0,0;50,0;Подготовка;
20251209;14:42:56;-0,5;0,0;0,0;0,0;50,0;Подготовка;
20251209;14:43:01;-0,5;0,0;0,0;0,0;50,0;Подготовка;
20251209;14:43:06;-0,5;0,0;0,0;0,0;50,0;Подготовка;
20251209;14:43:11;-0,5;0,0;0,0;0,0;50,0;Подготовка;
20251209;14:43:16;-0,5;0,0;0,0;0,0;50,0;Подготовка;
20251209;14:43:21;-0,5;0,0;0,0;0,0;50,0;Подготовка;
20251209;14:43:26;-0,5;0,0;0,0;0,0;50,0;Подготовка;
20251209;14:43:31;-0,5;0,0;0,0;0,0;50,0;Подготовка;
20251209;14:43:36;-0,5;0,0;0,0;0,0;50,0;Подготовка;
20251209;14:43:41;-0,5;0,0;0,0;0,0;50,0;Подготовка;
20251209;14:43:46;-0,5;0,0;0,0;0,0;50,0;Подготовка;
20251209;14:43:51;-0,5;0,0;0,0;0,0;50,0;Подготовка;
20251209;14:43:57;-0,5;0,0;0,0;0,0;50,0;Подготовка;
20251209;14:44:02;-0,5;0,0;0,0;0,0;50,0;Подготовка;
20251209;14:44:07;-0,5;0,0;0,0;0,0;50,0;Подготовка;
20251209;14:44:12;-0,5;0,0;0,0;0,0;50,0;Подготовка;
20251209;14:44:17;-0,5;0,0;0,0;0,0;50,0;Подготовка;
20251209;14:44:22;-0,5;0,0;0,0;0,0;50,0;Подготовка;
20251209;14:44:27;-0,5;0,0;0,0;0,0;50,0;Подготовка;
20251209;14:44:32;-0,5;0,0;0,0;0,0;50,0;Подготовка;
20251209;14:44:37;-0,5;0,0;0,0;0,0;50,0;Подготовка;
20251209;14:44:42;-0,5;0,0;0,0;0,0;50,0;Подготовка;
20251209;14:44:47;-0,5;0,0;0,0;0,0;50,0;Подготовка;
20251209;14:44:52;-0,5;0,0;0,0;0,0;50,0;Подготовка;
20251209;14:44:57;-0,5;0,0;0,0;0,0;50,0;Подготовка;
20251209;14:45:02;-0,5;0,0;0,0;0,0;50,0;Подготовка;
20251209;14:45:07;-0,5;0,0;0,0;0,0;50,0;Подготовка;
20251209;14:45:12;-0,5;0,0;0,0;0,0;50,0;Подготовка;
20251209;14:45:17;-0,5;0,0;0,0;0,0;50,0;Подготовка;
20251209;14:45:22;-0,5;0,0;0,0;0,0;50,0;Подготовка;
20251209;14:45:27;-0,5;0,0;0,0;0,0;50,0;Подготовка;
20251209;14:45:32;-0,5;0,0;0,0;0,0;50,0;Подготовка;
20251209;14:45:37;-0,5;0,0;0,0;0,0;50,0;Подготовка;
20251209;14:45:42;-0,5;0,0;0,0;0,0;50,0;Подготовка;
20251209;14:45:47;-0,5;0,0;0,0;0,0;50,0;Подготовка;
20251209;14:45:52;-0,5;0,0;0,0;0,0;50,0;Подготовка;
20251209;14:45:57;-0,5;0,0;0,0;0,0;50,0;Подготовка;
20251209;14:46:03;-0,5;0,0;0,0;0,0;50,0;Подготовка;
20251209;14:46:08;-0,5;0,0;0,0;0,0;50,0;Подготовка;
20251209;14:46:13;-0,5;0,0;0,0;0,0;50,0;Подготовка;
20251209;14:46:18;-0,5;0,0;0,0;0,0;50,0;Подготовка;
20251209;14:46:23;-0,5;0,0;0,0;0,0;50,0;Подготовка;
20251209;14:46:28;-0,5;0,0;0,0;0,0;50,0;Подготовка;
20251209;14:46:33;-0,5;0,0;0,0;0,0;50,0;Подготовка;
20251209;14:46:38;-0,5;0,0;0,0;0,0;50,0;Подготовка;
20251209;14:46:43;-0,5;0,0;0,0;0,0;50,0;Подготовка;
20251209;14:46:48;-0,5;0,0;0,0;0,0;50,0;Подготовка;
20251209;14:46:53;-0,5;0,0;0,0;0,0;50,0;Подготовка;
20251209;14:46:58;-0,5;0,0;0,0;0,0;50,0;Подготовка;
20251209;14:47:03;-0,5;0,0;0,0;0,0;50,0;Подготовка;
20251209;14:47:08;-0,5;0,0;0,0;0,0;50,0;Подготовка;
20251209;14:47:13;-0,5;0,0;0,0;0,0;50,0;Подготовка;
20251209;14:47:18;-0,5;0,0;0,0;0,0;50,0;Подготовка;
20251209;14:47:23;-0,5;0,0;0,0;0,0;50,0;Подготовка;
20251209;14:47:28;-0,5;0,0;0,0;0,0;50,0;Подготовка;
20251209;14:47:33;-0,5;0,0;0,0;0,0;50,0;Подготовка;
20251209;14:47:38;-0,5;0,0;0,0;0,0;50,0;Подготовка;
20251209;14:47:43;-0,5;0,0;0,0;0,0;50,0;Подготовка;
20251209;14:47:48;-0,5;0,0;0,0;0,0;50,0;Подготовка;
20251209;14:47:53;-0,5;0,0;0,0;0,0;50,0;Подготовка;
20251209;14:47:58;-0,5;0,0;0,0;0,0;50,0;Подготовка;
20251209;14:48:03;-0,5;0,0;0,0;0,0;50,0;Подготовка;
20251209;14:48:09;-0,5;0,0;0,0;0,0;50,0;Подготовка;
20251209;14:48:14;-0,5;0,0;0,0;0,0;50,0;Подготовка;
20251209;14:48:19;-0,5;0,0;0,0;0,0;50,0;Подготовка;
20251209;14:48:24;-0,5;0,0;0,0;0,0;50,0;Подготовка;
20251209;14:48:29;-0,5;0,0;0,0;0,0;50,0;Подготовка;
20251209;14:48:34;-0,5;0,0;0,0;0,0;50,0;Подготовка;
20251209;14:48:39;-0,5;0,0;0,0;0,0;50,0;Подготовка;
20251209;14:48:44;-0,5;0,0;0,0;0,0;50,0;Подготовка;
20251209;14:48:49;-0,5;0,0;0,0;0,0;50,0;Подготовка;
20251209;14:48:54;-0,5;0,0;0,0;0,0;50,0;Подготовка;
20251209;14:48:59;-0,5;0,0;0,0;0,0;50,0;Подготовка;
20251209;14:49:04;-0,5;0,0;0,0;0,0;50,0;Подготовка;
20251209;14:49:09;-0,5;0,0;0,0;0,0;50,0;Подготовка;
20251209;14:49:14;-0,5;0,0;0,0;0,0;50,0;Подготовка;
20251209;14:49:19;-0,5;0,0;0,0;0,0;50,0;Подготовка;
20251209;14:49:24;-0,5;0,0;0,0;0,0;50,0;Подготовка;
20251209;14:49:29;-0,5;0,0;0,0;0,0;50,0;Подготовка;
20251209;14:49:34;-0,5;0,0;0,0;0,0;50,0;Подготовка;
20251209;14:49:39;-0,5;0,0;0,0;0,0;50,0;Подготовка;
20251209;14:49:44;-0,5;0,0;0,0;0,0;50,0;Подготовка;
20251209;14:49:49;-0,5;0,0;0,0;0,0;50,0;Подготовка;
20251209;14:49:54;-0,5;0,0;0,0;0,0;50,0;Подготовка;
20251209;14:49:59;-0,5;0,0;0,0;0,0;50,0;Подготовка;
20251209;14:50:04;-0,5;0,0;0,0;0,0;50,0;Подготовка;
20251209;14:50:09;-0,5;0,0;0,0;0,0;50,0;Подготовка;
20251209;14:50:15;-0,5;0,0;0,0;0,0;50,0;Подготовка;
20251209;14:50:20;-0,5;0,0;0,0;0,0;50,0;Подготовка;
20251209;14:50:25;-0,5;0,0;0,0;0,0;50,0;Подготовка;
20251209;14:50:30;-0,5;0,0;0,0;0,0;50,0;Подготовка;
20251209;14:50:35;-0,5;0,0;0,0;0,0;50,0;Подготовка;
20251209;14:50:40;-0,5;0,0;0,0;0,0;50,0;Подготовка;
20251209;14:50:45;-0,5;0,0;0,0;0,0;50,0;Подготовка;
20251209;14:50:50;-0,5;0,0;0,0;0,0;50,0;Подготовка;
20251209;14:50:55;-0,5;0,0;0,0;0,0;50,0;Подготовка;
20251209;14:51:00;-0,5;0,0;0,0;0,0;50,0;Подготовка;
20251209;14:51:05;-0,5;0,0;0,0;0,0;50,0;Подготовка;
20251209;14:51:10;-0,5;0,0;0,0;0,0;50,0;Подготовка;
20251209;14:51:15;-0,5;0,0;0,0;0,0;50,0;Подготовка;
20251209;14:51:20;-0,5;0,0;0,0;0,0;50,0;Подготовка;
20251209;14:51:25;-0,5;0,0;0,0;0,0;50,0;Подготовка;
20251209;14:51:30;-0,5;0,0;0,0;0,0;50,0;Подготовка;
20251209;14:51:35;-0,5;0,0;0,0;0,0;50,0;Подготовка;
20251209;14:51:40;-0,5;0,0;0,0;0,0;50,0;Подготовка;
20251209;14:51:45;-0,5;0,0;0,0;0,0;50,0;Подготовка;
20251209;14:51:50;-0,5;0,0;0,0;0,0;50,0;Подготовка;
20251209;14:51:55;-0,5;0,0;0,0;0,0;50,0;Подготовка;
20251209;14:52:00;-0,5;0,0;0,0;0,0;50,0;Подготовка;
20251209;14:52:05;-0,5;0,0;0,0;0,0;50,0;Подготовка;
20251209;14:52:10;-0,5;0,0;0,0;0,0;50,0;Подготовка;
20251209;14:52:15;-0,5;0,0;0,0;0,0;50,0;Подготовка;
20251209;14:52:21;-0,5;0,0;0,0;0,0;50,0;Подготовка;
20251209;14:52:26;-0,5;0,0;0,0;0,0;50,0;Подготовка;
20251209;14:52:31;-0,5;0,0;0,0;0,0;50,0;Подготовка;
20251209;14:52:36;-0,5;0,0;0,0;0,0;50,0;Подготовка;
20251209;14:52:41;-0,5;0,0;0,0;0,0;50,0;Подготовка;
20251209;14:52:46;-0,5;0,0;0,0;0,0;50,0;Подготовка;
20251209;14:52:51;-0,5;0,0;0,0;0,0;50,0;Подготовка;
20251209;14:52:56;-0,5;0,0;0,0;0,0;50,0;Подготовка;
20251209;14:53:01;-0,5;0,0;0,0;0,0;50,0;Подготовка;
20251209;14:53:06;-0,5;0,0;0,0;0,0;50,0;Подготовка;
20251209;14:53:11;-0,5;0,0;0,0;0,0;50,0;Подготовка;
20251209;14:53:16;-0,5;0,0;0,0;0,0;50,0;Подготовка;
20251209;14:53:21;-0,5;0,0;0,0;0,0;50,0;Подготовка;
20251209;14:53:26;-0,5;0,0;0,0;0,0;50,0;Подготовка;
20251209;14:53:31;-0,5;0,0;0,0;0,0;50,0;Подготовка;
20251209;14:53:36;-0,5;0,0;0,0;0,0;50,0;Подготовка;
20251209;14:53:41;-0,5;0,0;0,0;0,0;50,0;Подготовка;
20251209;14:53:46;-0,5;0,0;0,0;0,0;50,0;Подготовка;
20251209;14:53:51;-0,5;0,0;0,0;0,0;50,0;Подготовка;
20251209;14:53:56;-0,5;0,0;0,0;0,0;50,0;Подготовка;
20251209;14:54:01;-0,5;0,0;0,0;0,0;50,0;Подготовка;
20251209;14:54:06;-0,5;0,0;0,0;0,0;50,0;Подготовка;
20251209;14:54:11;-0,5;0,0;0,0;0,0;50,0;Подготовка;
20251209;14:54:16;-0,5;0,0;0,0;0,0;50,0;Подготовка;
20251209;14:54:21;-0,5;0,0;0,0;0,0;50,0;Подготовка;
20251209;14:54:27;-0,5;0,0;0,0;0,0;50,0;Подготовка;
20251209;14:54:32;-0,5;0,0;0,0;0,0;50,0;Подготовка;
20251209;14:54:37;-0,5;0,0;0,0;0,0;50,0;Подготовка;
20251209;14:54:42;-0,5;0,0;0,0;0,0;50,0;Подготовка;
20251209;14:54:47;-0,5;0,0;0,0;0,0;50,0;Подготовка;
20251209;14:54:52;-0,5;0,0;0,0;0,0;50,0;Подготовка;
20251209;14:54:57;-0,5;0,0;0,0;0,0;50,0;Подготовка;
20251209;14:55:02;-0,5;0,0;0,0;0,0;50,0;Подготовка;
20251209;14:55:07;-0,5;0,0;0,0;0,0;50,0;Подготовка;
20251209;14:55:12;-0,5;0,0;0,0;0,0;50,0;Подготовка;
20251209;14:55:17;-0,5;0,0;0,0;0,0;50,0;Подготовка;
20251209;14:55:22;-0,5;0,0;0,0;0,0;50,0;Подготовка;
20251209;14:55:27;-0,5;0,0;0,0;0,0;50,0;Подготовка;
20251209;14:55:32;-0,5;0,0;0,0;0,0;50,0;Подготовка;
20251209;14:55:37;-0,5;0,0;0,0;0,0;50,0;Подготовка;
20251209;14:55:42;-0,5;0,0;0,0;0,0;50,0;Подготовка;
20251209;14:55:47;-0,5;0,0;0,0;0,0;50,0;Подготовка;
20251209;14:55:52;-0,5;0,0;0,0;0,0;50,0;Подготовка;
20251209;14:55:57;-0,5;0,0;0,0;0,0;50,0;Подготовка;
20251209;14:56:02;-0,5;0,0;0,0;0,0;50,0;Подготовка;
20251209;14:56:07;-0,5;0,0;0,0;0,0;50,0;Подготовка;
20251209;14:56:12;-0,5;0,0;0,0;0,0;50,0;Подготовка;
20251209;14:56:17;-0,5;0,0;0,0;0,0;50,0;Подготовка;
20251209;14:56:22;-0,5;0,0;0,0;0,0;50,0;Подготовка;
20251209;14:56:27;-0,5;0,0;0,0;0,0;50,0;Подготовка;
20251209;14:56:33;-0,5;0,0;0,0;0,0;50,0;Подготовка;
20251209;14:56:38;-0,5;0,0;0,0;0,0;50,0;Подготовка;
20251209;14:56:43;-0,5;0,0;0,0;0,0;50,0;Подготовка;
20251209;14:56:48;-0,5;0,0;0,0;0,0;50,0;Подготовка;
20251209;14:56:53;-0,5;0,0;0,0;0,0;50,0;Подготовка;
20251209;14:56:58;-0,5;0,0;0,0;0,0;50,0;Подготовка;
20251209;14:57:03;-0,5;0,0;0,0;0,0;50,0;Подготовка;
20251209;14:57:08;-0,5;0,0;0,0;0,0;50,0;Подготовка;
20251209;14:57:13;-0,5;0,0;0,0;0,0;50,0;Подготовка;
20251209;14:57:18;-0,5;0,0;0,0;0,0;50,0;Подготовка;
20251209;14:57:23;-0,5;0,0;0,0;0,0;50,0;Подготовка;
20251209;14:57:28;-0,5;0,0;0,0;0,0;50,0;Подготовка;
20251209;14:57:33;-0,5;0,0;0,0;0,0;50,0;Подготовка;
20251209;14:57:38;-0,5;0,0;0,0;0,0;50,0;Подготовка;
20251209;14:57:43;-0,5;0,0;0,0;0,0;50,0;Подготовка;
20251209;14:57:48;-0,5;0,0;0,0;0,0;50,0;Подготовка;
20251209;14:57:53;-0,5;0,0;0,0;0,0;50,0;Подготовка;
20251209;14:57:58;-0,5;0,0;0,0;0,0;50,0;Подготовка;
20251209;14:58:03;-0,5;0,0;0,0;0,0;50,0;Подготовка;
20251209;14:58:08;-0,5;0,0;0,0;0,0;50,0;Подготовка;
20251209;14:58:13;-0,5;0,0;0,0;0,0;50,0;Подготовка;
20251209;14:58:18;-0,5;0,0;0,0;0,0;50,0;Подготовка;
20251209;14:58:23;-0,5;0,0;0,0;0,0;50,0;Подготовка;
20251209;14:58:28;-0,5;0,0;0,0;0,0;50,0;Подготовка;
20251209;14:58:33;-0,5;0,0;0,0;0,0;50,0;Подготовка;
20251209;14:58:39;-0,5;0,0;0,0;0,0;50,0;Подготовка;
20251209;14:58:44;-0,5;0,0;0,0;0,0;50,0;Подготовка;
20251209;14:58:49;-0,5;0,0;0,0;0,0;50,0;Подготовка;
20251209;14:58:54;-0,5;0,0;0,0;0,0;50,0;Подготовка;
20251209;14:58:59;-0,5;0,0;0,0;0,0;50,0;Подготовка;
20251209;14:59:04;-0,5;0,0;0,0;0,0;50,0;Подготовка;
20251209;14:59:09;-0,5;0,0;0,0;0,0;50,0;Подготовка;
20251209;14:59:14;-0,5;0,0;0,0;0,0;50,0;Подготовка;
20251209;14:59:19;-0,5;0,0;0,0;0,0;50,0;Подготовка;
20251209;14:59:24;-0,5;0,0;0,0;0,0;50,0;Подготовка;
20251209;14:59:29;-0,5;0,0;0,0;0,0;50,0;Подготовка;
20251209;14:59:34;-0,5;0,0;0,0;0,0;50,0;Подготовка;
20251209;14:59:39;-0,5;0,0;0,0;0,0;50,0;Подготовка;
20251209;14:59:44;-0,5;0,0;0,0;0,0;50,0;Подготовка;
20251209;14:59:49;-0,5;0,0;0,0;0,0;50,0;Подготовка;
20251209;14:59:54;-0,5;0,0;0,0;0,0;50,0;Подготовка;
20251209;14:59:59;-0,5;0,0;0,0;0,0;50,0;Подготовка;
20251209;15:00:04;-0,5;0,0;0,0;0,0;50,0;Подготовка;
20251209;15:00:09;-0,5;0,0;0,0;0,0;50,0;Подготовка;
20251209;15:00:14;-0,5;0,0;0,0;0,0;50,0;Подготовка;
20251209;15:00:19;-0,5;0,0;0,0;0,0;50,0;Подготовка;
20251209;15:00:24;-0,5;0,0;0,0;0,0;50,0;Подготовка;
20251209;15:00:29;-0,5;0,0;0,0;0,0;50,0;Подготовка;
20251209;15:00:34;-0,5;0,0;0,0;0,0;50,0;Подготовка;
20251209;15:00:39;-0,5;0,0;0,0;0,0;50,0;Подготовка;
20251209;15:00:45;-0,5;0,0;0,0;0,0;50,0;Подготовка;
20251209;15:00:50;-0,5;0,0;0,0;0,0;50,0;Подготовка;
20251209;15:00:55;-0,5;0,0;0,0;0,0;50,0;Подготовка;
20251209;15:01:00;-0,5;0,0;0,0;0,0;50,0;Подготовка;
20251209;15:01:05;-0,5;0,0;0,0;0,0;50,0;Подготовка;
20251209;15:01:10;-0,5;0,0;0,0;0,0;50,0;Подготовка;
20251209;15:01:15;-0,5;0,0;0,0;0,0;50,0;Подготовка;
20251209;15:01:20;-0,5;0,0;0,0;0,0;50,0;Подготовка;
20251209;15:01:25;-0,5;0,0;0,0;0,0;50,0;Подготовка;
20251209;15:01:30;-0,5;0,0;0,0;0,0;50,0;Подготовка;
20251209;15:01:35;-0,5;0,0;0,0;0,0;50,0;Подготовка;
20251209;15:01:40;-0,5;0,0;0,0;0,0;50,0;Подготовка;
20251209;15:01:45;-0,5;0,0;0,0;0,0;50,0;Подготовка;
20251209;15:01:50;-0,5;0,0;0,0;0,0;50,0;Подготовка;
20251209;15:01:55;-0,5;0,0;0,0;0,0;50,0;Подготовка;
20251209;15:02:00;-0,5;0,0;0,0;0,0;50,0;Подготовка;
20251209;15:02:05;-0,5;0,0;0,0;0,0;50,0;Подготовка;
20251209;15:02:10;-0,5;0,0;0,0;0,0;50,0;Подготовка;
20251209;15:02:15;-0,5;0,0;0,0;0,0;50,0;Подготовка;
20251209;15:02:20;-0,5;0,0;0,0;0,0;50,0;Подготовка;
20251209;15:02:25;-0,5;0,0;0,0;0,0;50,0;Подготовка;
20251209;15:02:30;-0,5;0,0;0,0;0,0;50,0;Подготовка;
20251209;15:02:35;-0,5;0,0;0,0;0,0;50,0;Подготовка;
20251209;15:02:40;-0,5;0,0;0,0;0,0;50,0;Подготовка;
20251209;15:02:45;-0,5;0,0;0,0;0,0;50,0;Подготовка;
20251209;15:02:51;-0,5;0,0;0,0;0,0;50,0;Подготовка;
20251209;15:02:56;-0,5;0,0;0,0;0,0;50,0;Подготовка;
20251209;15:03:01;-0,5;0,0;0,0;0,0;50,0;Подготовка;
20251209;15:03:06;-0,5;0,0;0,0;0,0;50,0;Подготовка;
20251209;15:03:11;-0,5;0,0;0,0;0,0;50,0;Подготовка;
20251209;15:03:16;-0,5;0,0;0,0;0,0;50,0;Подготовка;
20251209;15:03:21;-0,5;0,0;0,0;0,0;50,0;Подготовка;
20251209;15:03:26;-0,5;0,0;0,0;0,0;50,0;Подготовка;
20251209;15:03:31;-0,5;0,0;0,0;0,0;50,0;Подготовка;
20251209;15:03:36;-0,5;0,0;0,0;0,0;50,0;Подготовка;
20251209;15:03:41;-0,5;0,0;0,0;0,0;50,0;Подготовка;
20251209;15:03:46;-0,5;0,0;0,0;0,0;50,0;Подготовка;
20251209;15:03:51;-0,5;0,0;0,0;0,0;50,0;Подготовка;
20251209;15:03:56;-0,5;0,0;0,0;0,0;50,0;Подготовка;
20251209;15:04:01;-0,5;0,0;0,0;0,0;50,0;Подготовка;
20251209;15:04:06;-0,5;0,0;0,0;0,0;50,0;Подготовка;
20251209;15:04:11;-0,5;0,0;0,0;0,0;50,0;Подготовка;
20251209;15:04:16;-0,5;0,0;0,0;0,0;50,0;Подготовка;
20251209;15:04:21;-0,5;0,0;0,0;0,0;50,0;Подготовка;
20251209;15:04:26;-0,5;0,0;0,0;0,0;50,0;Подготовка;
20251209;15:04:31;-0,5;0,0;0,0;0,0;50,0;Подготовка;
20251209;15:04:36;-0,5;0,0;0,0;0,0;50,0;Подготовка;
20251209;15:04:41;-0,5;0,0;0,0;0,0;50,0;Подготовка;
20251209;15:04:46;-0,5;0,0;0,0;0,0;50,0;Подготовка;
20251209;15:04:51;-0,5;0,0;0,0;0,0;50,0;Подготовка;
20251209;15:04:57;-0,5;0,0;0,0;0,0;50,0;Подготовка;
20251209;15:05:02;-0,5;0,0;0,0;0,0;50,0;Подготовка;
20251209;15:05:07;-0,5;0,0;0,0;0,0;50,0;Подготовка;
20251209;15:05:12;-0,5;0,0;0,0;0,0;50,0;Подготовка;
20251209;15:05:17;-0,5;0,0;0,0;0,0;50,0;Подготовка;
20251209;15:05:22;-0,5;0,0;0,0;0,0;50,0;Подготовка;
20251209;15:05:27;-0,5;0,0;0,0;0,0;50,0;Подготовка;
20251209;15:05:32;-0,5;0,0;0,0;0,0;50,0;Подготовка;
20251209;15:05:37;-0,5;0,0;0,0;0,0;50,0;Подготовка;
20251209;15:05:42;-0,5;0,0;0,0;0,0;50,0;Подготовка;
20251209;15:05:47;-0,5;0,0;0,0;0,0;50,0;Подготовка;
20251209;15:05:52;-0,5;0,0;0,0;0,0;50,0;Подготовка;
20251209;15:05:57;-0,5;0,0;0,0;0,0;50,0;Подготовка;
20251209;15:06:02;-0,5;0,0;0,0;0,0;50,0;Подготовка;
20251209;15:06:07;-0,5;0,0;0,0;0,0;50,0;Подготовка;
20251209;15:06:12;-0,5;0,0;0,0;0,0;50,0;Подготовка;
20251209;15:06:17;-0,5;0,0;0,0;0,0;50,0;Подготовка;
20251209;15:06:22;-0,5;0,0;0,0;0,0;50,0;Подготовка;
20251209;15:06:27;-0,5;0,0;0,0;0,0;50,0;Подготовка;
20251209;15:06:32;-0,5;0,0;0,0;0,0;50,0;Подготовка;
20251209;15:06:37;-0,5;0,0;0,0;0,0;50,0;Подготовка;
20251209;15:06:42;-0,5;0,0;0,0;0,0;50,0;Подготовка;
20251209;15:06:47;-0,5;0,0;0,0;0,0;50,0;Подготовка;
20251209;15:06:52;-0,5;0,0;0,0;0,0;50,0;Подготовка;
20251209;15:06:57;-0,5;0,0;0,0;0,0;50,0;Подготовка;
20251209;15:07:03;-0,5;0,0;0,0;0,0;50,0;Подготовка;
20251209;15:07:08;-0,5;0,0;0,0;0,0;50,0;Подготовка;
20251209;15:07:13;-0,5;0,0;0,0;0,0;50,0;Подготовка;
20251209;15:07:18;-0,5;0,0;0,0;0,0;50,0;Подготовка;
20251209;15:07:23;-0,5;0,0;0,0;0,0;50,0;Подготовка;
20251209;15:07:28;-0,5;0,0;0,0;0,0;50,0;Подготовка;
20251209;15:07:33;-0,5;0,0;0,0;0,0;50,0;Подготовка;
20251209;15:07:38;-0,5;0,0;0,0;0,0;50,0;Подготовка;
20251209;15:07:43;-0,5;0,0;0,0;0,0;50,0;Подготовка;
20251209;15:07:48;-0,5;0,0;0,0;0,0;50,0;Подготовка;
20251209;15:07:53;-0,5;0,0;0,0;0,0;50,0;Подготовка;
20251209;15:07:58;-0,5;0,0;0,0;0,0;50,0;Подготовка;
20251209;15:08:03;-0,5;0,0;0,0;0,0;50,0;Подготовка;
20251209;15:08:08;-0,5;0,0;0,0;0,0;50,0;Подготовка;
20251209;15:08:13;-0,5;0,0;0,0;0,0;50,0;Подготовка;
20251209;15:08:18;-0,5;0,0;0,0;0,0;50,0;Подготовка;
20251209;15:08:23;-0,5;0,0;0,0;0,0;50,0;Подготовка;
20251209;15:08:28;-0,5;0,0;0,0;0,0;50,0;Подготовка;
20251209;15:08:33;-0,5;0,0;0,0;0,0;50,0;Подготовка;
20251209;15:08:38;-0,5;0,0;0,0;0,0;50,0;Подготовка;
20251209;15:08:43;-0,5;0,0;0,0;0,0;50,0;Подготовка;
20251209;15:08:48;-0,5;0,0;0,0;0,0;50,0;Подготовка;
20251209;15:08:53;-0,5;0,0;0,0;0,0;50,0;Подготовка;
20251209;15:08:58;-0,5;0,0;0,0;0,0;50,0;Подготовка;
20251209;15:09:03;-0,5;0,0;0,0;0,0;50,0;Подготовка;
20251209;15:09:09;-0,5;0,0;0,0;0,0;50,0;Подготовка;
20251209;15:09:14;-0,5;0,0;0,0;0,0;50,0;Подготовка;
20251209;15:09:19;-0,5;0,0;0,0;0,0;50,0;Подготовка;
20251209;15:09:24;-0,5;0,0;0,0;0,0;50,0;Подготовка;
20251209;15:09:29;-0,5;0,0;0,0;0,0;50,0;Подготовка;
20251209;15:09:34;-0,5;0,0;0,0;0,0;50,0;Подготовка;
20251209;15:09:39;-0,5;0,0;0,0;0,0;50,0;Подготовка;
20251209;15:09:44;-0,5;0,0;0,0;0,0;50,0;Подготовка;
20251209;15:09:49;-0,5;0,0;0,0;0,0;50,0;Подготовка;
20251209;15:09:54;-0,5;0,0;0,0;0,0;50,0;Подготовка;
20251209;15:09:59;-0,5;0,0;0,0;0,0;50,0;Подготовка;
20251209;15:10:04;-0,5;0,0;0,0;0,0;50,0;Подготовка;
20251209;15:10:09;-0,5;0,0;0,0;0,0;50,0;Подготовка;
20251209;15:10:14;-0,5;0,0;0,0;0,0;50,0;Подготовка;
20251209;15:10:19;-0,5;0,0;0,0;0,0;50,0;Подготовка;
20251209;15:10:24;-0,5;0,0;0,0;0,0;50,0;Подготовка;
20251209;15:10:29;-0,5;0,0;0,0;0,0;50,0;Подготовка;
20251209;15:10:34;-0,5;0,0;0,0;0,0;50,0;Подготовка;
20251209;15:10:39;-0,5;0,0;0,0;0,0;50,0;Подготовка;
20251209;15:10:44;-0,5;0,0;0,0;0,0;50,0;Подготовка;
20251209;15:10:49;-0,5;0,0;0,0;0,0;50,0;Подготовка;
20251209;15:10:54;-0,5;0,0;0,0;0,0;50,0;Подготовка;
20251209;15:10:59;-0,5;0,0;0,0;0,0;50,0;Подготовка;
20251209;15:11:04;-0,5;0,0;0,0;0,0;50,0;Подготовка;
20251209;15:11:09;-0,5;0,0;0,0;0,0;50,0;Подготовка;
20251209;15:11:15;-0,5;0,0;0,0;0,0;50,0;Подготовка;
20251209;15:11:20;-0,5;0,0;0,0;0,0;50,0;Подготовка;
20251209;15:11:25;-0,5;0,0;0,0;0,0;50,0;Подготовка;
20251209;15:11:30;-0,5;0,0;0,0;0,0;50,0;Подготовка;
20251209;15:11:35;-0,5;0,0;0,0;0,0;50,0;Подготовка;
20251209;15:11:40;-0,5;0,0;0,0;0,0;50,0;Подготовка;
20251209;15:11:45;-0,5;0,0;0,0;0,0;50,0;Подготовка;
20251209;15:11:50;-0,5;0,0;0,0;0,0;50,0;Подготовка;
20251209;15:11:55;-0,5;0,0;0,0;0,0;50,0;Подготовка;
20251209;15:12:00;-0,5;0,0;0,0;0,0;50,0;Подготовка;
20251209;15:12:05;-0,5;0,0;0,0;0,0;50,0;Подготовка;
20251209;15:12:10;-0,5;0,0;0,0;0,0;50,0;Подготовка;
20251209;15:12:15;-0,5;0,0;0,0;0,0;50,0;Подготовка;
20251209;15:12:20;-0,5;0,0;0,0;0,0;50,0;Подготовка;
20251209;15:12:25;-0,5;0,0;0,0;0,0;50,0;Подготовка;
20251209;15:12:30;-0,5;0,0;0,0;0,0;50,0;Подготовка;
20251209;15:12:35;-0,5;0,0;0,0;0,0;50,0;Подготовка;
20251209;15:12:40;-0,5;0,0;0,0;0,0;50,0;Подготовка;
20251209;15:12:45;-0,5;0,0;0,0;0,0;50,0;Подготовка;
20251209;15:12:50;-0,5;0,0;0,0;0,0;50,0;Подготовка;
20251209;15:12:55;-0,5;0,0;0,0;0,0;50,0;Подготовка;
20251209;15:13:00;-0,5;0,0;0,0;0,0;50,0;Подготовка;
20251209;15:13:05;-0,5;0,0;0,0;0,0;50,0;Подготовка;
20251209;15:13:10;-0,5;0,0;0,0;0,0;50,0;Подготовка;
20251209;15:13:15;-0,5;0,0;0,0;0,0;50,0;Подготовка;
20251209;15:13:21;-0,5;0,0;0,0;0,0;50,0;Подготовка;
20251209;15:13:26;-0,5;0,0;0,0;0,0;50,0;Подготовка;
20251209;15:13:31;-0,5;0,0;0,0;0,0;50,0;Подготовка;
20251209;15:13:36;-0,5;0,0;0,0;0,0;50,0;Подготовка;
20251209;15:13:41;-0,5;0,0;0,0;0,0;50,0;Подготовка;
20251209;15:13:46;-0,5;0,0;0,0;0,0;50,0;Подготовка;
20251209;15:13:51;-0,5;0,0;0,0;0,0;50,0;Подготовка;
20251209;15:13:56;-0,5;0,0;0,0;0,0;50,0;Подготовка;
20251209;15:14:01;-0,5;0,0;0,0;0,0;50,0;Подготовка;
20251209;15:14:06;-0,5;0,0;0,0;0,0;50,0;Подготовка;
20251209;15:14:11;-0,5;0,0;0,0;0,0;50,0;Подготовка;
20251209;15:14:16;-0,5;0,0;0,0;0,0;50,0;Подготовка;
20251209;15:14:21;-0,5;0,0;0,0;0,0;50,0;Подготовка;
20251209;15:14:26;-0,5;0,0;0,0;0,0;50,0;Подготовка;
20251209;15:14:31;-0,5;0,0;0,0;0,0;50,0;Подготовка;
20251209;15:14:36;-0,5;0,0;0,0;0,0;50,0;Подготовка;
20251209;15:14:41;-0,5;0,0;0,0;0,0;50,0;Подготовка;
20251209;15:14:46;-0,5;0,0;0,0;0,0;50,0;Подготовка;
20251209;15:14:51;-0,5;0,0;0,0;0,0;50,0;Подготовка;
20251209;15:14:56;-0,5;0,0;0,0;0,0;50,0;Подготовка;
20251209;15:15:01;-0,5;0,0;0,0;0,0;50,0;Подготовка;
20251209;15:15:06;-0,5;0,0;0,0;0,0;50,0;Подготовка;
20251209;15:15:11;-0,5;0,0;0,0;0,0;50,0;Подготовка;
20251209;15:15:16;-0,5;0,0;0,0;0,0;50,0;Подготовка;
20251209;15:15:21;-0,5;0,0;0,0;0,0;50,0;Подготовка;
20251209;15:15:27;-0,5;0,0;0,0;0,0;50,0;Подготовка;
20251209;15:15:32;-0,5;0,0;0,0;0,0;50,0;Подготовка;
20251209;15:15:37;-0,5;0,0;0,0;0,0;50,0;Подготовка;
20251209;15:15:42;-0,5;0,0;0,0;0,0;50,0;Подготовка;
20251209;15:15:47;-0,5;0,0;0,0;0,0;50,0;Подготовка;
20251209;15:15:52;-0,5;0,0;0,0;0,0;50,0;Подготовка;
20251209;15:15:57;-0,5;0,0;0,0;0,0;50,0;Подготовка;
20251209;15:16:02;-0,5;0,0;0,0;0,0;50,0;Подготовка;
20251209;15:16:07;-0,5;0,0;0,0;0,0;50,0;Подготовка;
20251209;15:16:12;-0,5;0,0;0,0;0,0;50,0;Подготовка;
20251209;15:16:17;-0,5;0,0;0,0;0,0;50,0;Подготовка;
20251209;15:16:22;-0,5;0,0;0,0;0,0;50,0;Подготовка;
20251209;15:16:27;-0,5;0,0;0,0;0,0;50,0;Подготовка;
20251209;15:16:32;-0,5;0,0;0,0;0,0;50,0;Подготовка;
20251209;15:16:37;-0,5;0,0;0,0;0,0;50,0;Подготовка;
20251209;15:16:42;-0,5;0,0;0,0;0,0;50,0;Подготовка;
20251209;15:16:47;-0,5;0,0;0,0;0,0;50,0;Подготовка;
20251209;15:16:52;-0,5;0,0;0,0;0,0;50,0;Подготовка;
20251209;15:16:57;-0,5;0,0;0,0;0,0;50,0;Подготовка;
20251209;15:17:02;-0,5;0,0;0,0;0,0;50,0;Подготовка;
20251209;15:17:07;-0,5;0,0;0,0;0,0;50,0;Подготовка;
20251209;15:17:12;-0,5;0,0;0,0;0,0;50,0;Подготовка;
20251209;15:17:17;-0,5;0,0;0,0;0,0;50,0;Подготовка;
20251209;15:17:22;-0,5;0,0;0,0;0,0;50,0;Подготовка;
20251209;15:17:27;-0,5;0,0;0,0;0,0;50,0;Подготовка;
20251209;15:17:33;-0,5;0,0;0,0;0,0;50,0;Подготовка;
20251209;15:17:38;-0,5;0,0;0,0;0,0;50,0;Подготовка;
20251209;15:17:43;-0,5;0,0;0,0;0,0;50,0;Подготовка;
20251209;15:17:48;-0,5;0,0;0,0;0,0;50,0;Подготовка;
20251209;15:17:53;-0,5;0,0;0,0;0,0;50,0;Подготовка;
20251209;15:17:58;-0,5;0,0;0,0;0,0;50,0;Подготовка;
20251209;15:18:03;-0,5;0,0;0,0;0,0;50,0;Подготовка;
20251209;15:18:08;-0,5;0,0;0,0;0,0;50,0;Подготовка;
20251209;15:18:13;-0,5;0,0;0,0;0,0;50,0;Подготовка;
20251209;15:18:18;-0,5;0,0;0,0;0,0;50,0;Подготовка;
20251209;15:18:23;-0,5;0,0;0,0;0,0;50,0;Подготовка;
20251209;15:18:28;-0,5;0,0;0,0;0,0;50,0;Подготовка;
20251209;15:18:33;-0,5;0,0;0,0;0,0;50,0;Подготовка;
20251209;15:18:38;-0,5;0,0;0,0;0,0;50,0;Подготовка;
20251209;15:18:43;-0,5;0,0;0,0;0,0;50,0;Подготовка;
20251209;15:18:48;-0,5;0,0;0,0;0,0;50,0;Подготовка;
20251209;15:18:53;-0,5;0,0;0,0;0,0;50,0;Подготовка;
20251209;15:18:58;-0,5;0,0;0,0;0,0;50,0;Подготовка;
20251209;15:19:03;-0,5;0,0;0,0;0,0;50,0;Подготовка;
20251209;15:19:08;-0,5;0,0;0,0;0,0;50,0;Подготовка;
20251209;15:19:13;-0,5;0,0;0,0;0,0;50,0;Подготовка;
20251209;15:19:18;-0,5;0,0;0,0;0,0;50,0;Подготовка;
20251209;15:19:23;-0,5;0,0;0,0;0,0;50,0;Подготовка;
20251209;15:19:28;-0,5;0,0;0,0;0,0;50,0;Подготовка;
20251209;15:19:33;-0,5;0,0;0,0;0,0;50,0;Подготовка;
20251209;15:19:39;-0,5;0,0;0,0;0,0;50,0;Подготовка;
20251209;15:19:44;-0,5;0,0;0,0;0,0;50,0;Подготовка;
20251209;15:19:49;-0,5;0,0;0,0;0,0;50,0;Подготовка;
20251209;15:19:54;-0,5;0,0;0,0;0,0;50,0;Подготовка;
20251209;15:19:59;-0,5;0,0;0,0;0,0;50,0;Подготовка;
20251209;15:20:04;-0,5;0,0;0,0;0,0;50,0;Подготовка;
20251209;15:20:09;-0,5;0,0;0,0;0,0;50,0;Подготовка;
20251209;15:20:14;-0,5;0,0;0,0;0,0;50,0;Подготовка;
20251209;15:20:19;-0,5;0,0;0,0;0,0;50,0;Подготовка;
20251209;15:20:24;-0,5;0,0;0,0;0,0;50,0;Подготовка;
20251209;15:20:29;-0,5;0,0;0,0;0,0;50,0;Подготовка;
20251209;15:20:34;-0,5;0,0;0,0;0,0;50,0;Подготовка;
20251209;15:20:39;-0,5;0,0;0,0;0,0;50,0;Подготовка;
20251209;15:20:44;-0,5;0,0;0,0;0,0;50,0;Подготовка;
20251209;15:20:49;-0,5;0,0;0,0;0,0;50,0;Подготовка;
20251209;15:20:54;-0,5;0,0;0,0;0,0;50,0;Подготовка;
20251209;15:20:59;-0,5;0,0;0,0;0,0;50,0;Подготовка;
20251209;15:21:04;-0,5;0,0;0,0;0,0;50,0;Подготовка;
20251209;15:21:09;-0,5;0,0;0,0;0,0;50,0;Подготовка;
20251209;15:21:14;-0,5;0,0;0,0;0,0;50,0;Подготовка;
20251209;15:21:19;-0,5;0,0;0,0;0,0;50,0;Подготовка;
20251209;15:21:24;-0,5;0,0;0,0;0,0;50,0;Подготовка;
20251209;15:21:29;-0,5;0,0;0,0;0,0;50,0;Подготовка;
20251209;15:21:34;-0,5;0,0;0,0;0,0;50,0;Подготовка;
20251209;15:21:39;-0,5;0,0;0,0;0,0;50,0;Подготовка;
20251209;15:21:45;-0,5;0,0;0,0;0,0;50,0;Подготовка;
20251209;15:21:50;-0,5;0,0;0,0;0,0;50,0;Подготовка;
20251209;15:21:55;-0,5;0,0;0,0;0,0;50,0;Подготовка;
20251209;15:22:00;-0,5;0,0;0,0;0,0;50,0;Подготовка;
20251209;15:22:05;-0,5;0,0;0,0;0,0;50,0;Подготовка;
20251209;15:22:10;-0,5;0,0;0,0;0,0;50,0;Подготовка;
20251209;15:22:15;-0,5;0,0;0,0;0,0;50,0;Подготовка;
20251209;15:22:20;-0,5;0,0;0,0;0,0;50,0;Подготовка;
20251209;15:22:25;-0,5;0,0;0,0;0,0;50,0;Подготовка;
20251209;15:22:30;-0,5;0,0;0,0;0,0;50,0;Подготовка;
20251209;15:22:35;-0,5;0,0;0,0;0,0;50,0;Подготовка;
20251209;15:22:40;-0,5;0,0;0,0;0,0;50,0;Подготовка;
20251209;15:22:45;-0,5;0,0;0,0;0,0;50,0;Подготовка;
20251209;15:22:50;-0,5;0,0;0,0;0,0;50,0;Подготовка;
20251209;15:22:55;-0,5;0,0;0,0;0,0;50,0;Подготовка;
20251209;15:23:00;-0,5;0,0;0,0;0,0;50,0;Подготовка;
20251209;15:23:05;-0,5;0,0;0,0;0,0;50,0;Подготовка;
20251209;15:23:10;-0,5;0,0;0,0;0,0;50,0;Подготовка;
20251209;15:23:15;-0,5;0,0;0,0;0,0;50,0;Подготовка;
20251209;15:23:20;-0,5;0,0;0,0;0,0;50,0;Подготовка;
20251209;15:23:25;-0,5;0,0;0,0;0,0;50,0;Подготовка;
20251209;15:23:30;-0,5;0,0;0,0;0,0;50,0;Подготовка;
20251209;15:23:35;-0,5;0,0;0,0;0,0;50,0;Подготовка;
20251209;15:23:40;-0,5;0,0;0,0;0,0;50,0;Подготовка;
20251209;15:23:45;-0,5;0,0;0,0;0,0;50,0;Подготовка;
20251209;15:23:51;-0,5;0,0;0,0;0,0;50,0;Подготовка;
20251209;15:23:56;-0,5;0,0;0,0;0,0;50,0;Подготовка;
20251209;15:24:01;-0,5;0,0;0,0;0,0;50,0;Подготовка;
20251209;15:24:06;-0,5;0,0;0,0;0,0;50,0;Подготовка;
20251209;15:24:11;-0,5;0,0;0,0;0,0;50,0;Подготовка;
20251209;15:24:16;-0,5;0,0;0,0;0,0;50,0;Подготовка;
20251209;15:24:21;-0,5;0,0;0,0;0,0;50,0;Подготовка;
20251209;15:24:26;-0,5;0,0;0,0;0,0;50,0;Подготовка;
20251209;15:24:31;-0,5;0,0;0,0;0,0;50,0;Подготовка;
20251209;15:24:36;-0,5;0,0;0,0;0,0;50,0;Подготовка;
20251209;15:24:41;-0,5;0,0;0,0;0,0;50,0;Подготовка;
20251209;15:24:46;-0,5;0,0;0,0;0,0;50,0;Подготовка;
20251209;15:24:51;-0,5;0,0;0,0;0,0;50,0;Подготовка;
20251209;15:24:56;-0,5;0,0;0,0;0,0;50,0;Подготовка;
20251209;15:25:01;-0,5;0,0;0,0;0,0;50,0;Подготовка;
20251209;15:25:06;-0,5;0,0;0,0;0,0;50,0;Подготовка;
20251209;15:25:11;-0,5;0,0;0,0;0,0;50,0;Подготовка;
20251209;15:25:16;-0,5;0,0;0,0;0,0;50,0;Подготовка;
20251209;15:25:21;-0,5;0,0;0,0;0,0;50,0;Подготовка;
20251209;15:25:26;-0,5;0,0;0,0;0,0;50,0;Подготовка;
20251209;15:25:31;-0,5;0,0;0,0;0,0;50,0;Подготовка;
20251209;15:25:36;-0,5;0,0;0,0;0,0;50,0;Подготовка;
20251209;15:25:41;-0,5;0,0;0,0;0,0;50,0;Подготовка;
20251209;15:25:46;-0,5;0,0;0,0;0,0;50,0;Подготовка;
20251209;15:25:51;-0,5;0,0;0,0;0,0;50,0;Подготовка;
20251209;15:25:57;-0,5;0,0;0,0;0,0;50,0;Подготовка;
20251209;15:26:02;-0,5;0,0;0,0;0,0;50,0;Подготовка;
20251209;15:26:07;-0,5;0,0;0,0;0,0;50,0;Подготовка;
20251209;15:26:12;-0,5;0,0;0,0;0,0;50,0;Подготовка;
20251209;15:26:17;-0,5;0,0;0,0;0,0;50,0;Подготовка;
20251209;15:26:22;-0,5;0,0;0,0;0,0;50,0;Подготовка;
20251209;15:26:27;-0,5;0,0;0,0;0,0;50,0;Подготовка;
20251209;15:26:32;-0,5;0,0;0,0;0,0;50,0;Подготовка;
20251209;15:26:37;-0,5;0,0;0,0;0,0;50,0;Подготовка;
20251209;15:26:42;-0,5;0,0;0,0;0,0;50,0;Подготовка;
20251209;15:26:47;-0,5;0,0;0,0;0,0;50,0;Подготовка;
20251209;15:26:52;-0,5;0,0;0,0;0,0;50,0;Подготовка;
20251209;15:26:57;-0,5;0,0;0,0;0,0;50,0;Подготовка;
20251209;15:27:02;-0,5;0,0;0,0;0,0;50,0;Подготовка;
20251209;15:27:07;-0,5;0,0;0,0;0,0;50,0;Подготовка;
20251209;15:27:12;-0,5;0,0;0,0;0,0;50,0;Подготовка;
20251209;15:27:17;-0,5;0,0;0,0;0,0;50,0;Подготовка;
20251209;15:27:22;-0,5;0,0;0,0;0,0;50,0;Подготовка;
20251209;15:27:27;-0,5;0,0;0,0;0,0;50,0;Подготовка;
20251209;15:27:32;-0,5;0,0;0,0;0,0;50,0;Подготовка;
20251209;15:27:37;-0,5;0,0;0,0;0,0;50,0;Подготовка;
20251209;15:27:42;-0,5;0,0;0,0;0,0;50,0;Подготовка;
20251209;15:27:47;-0,5;0,0;0,0;0,0;50,0;Подготовка;
20251209;15:27:52;-0,5;0,0;0,0;0,0;50,0;Подготовка;
20251209;15:27:57;-0,5;0,0;0,0;0,0;50,0;Подготовка;
20251209;15:28:03;-0,5;0,0;0,0;0,0;50,0;Подготовка;
20251209;15:28:08;-0,5;0,0;0,0;0,0;50,0;Подготовка;
20251209;15:28:13;-0,5;0,0;0,0;0,0;50,0;Подготовка;
20251209;15:28:18;-0,5;0,0;0,0;0,0;50,0;Подготовка;
20251209;15:28:23;-0,5;0,0;0,0;0,0;50,0;Подготовка;
20251209;15:28:28;-0,5;0,0;0,0;0,0;50,0;Подготовка;
20251209;15:28:33;-0,5;0,0;0,0;0,0;50,0;Подготовка;
20251209;15:28:38;-0,5;0,0;0,0;0,0;50,0;Подготовка;
20251209;15:28:43;-0,5;0,0;0,0;0,0;50,0;Подготовка;
20251209;15:28:48;-0,5;0,0;0,0;0,0;50,0;Подготовка;
20251209;15:28:53;-0,5;0,0;0,0;0,0;50,0;Подготовка;
20251209;15:28:58;-0,5;0,0;0,0;0,0;50,0;Подготовка;
20251209;15:29:03;-0,5;0,0;0,0;0,0;50,0;Подготовка;
20251209;15:29:08;-0,5;0,0;0,0;0,0;50,0;Подготовка;
20251209;15:29:13;-0,5;0,0;0,0;0,0;50,0;Подготовка;
20251209;15:29:18;-0,5;0,0;0,0;0,0;50,0;Подготовка;
20251209;15:29:23;-0,5;0,0;0,0;0,0;50,0;Подготовка;
20251209;15:29:28;-0,5;0,0;0,0;0,0;50,0;Подготовка;
20251209;15:29:33;-0,5;0,0;0,0;0,0;50,0;Подготовка;
20251209;15:29:38;-0,5;0,0;0,0;0,0;50,0;Подготовка;
20251209;15:29:43;-0,5;0,0;0,0;0,0;50,0;Подготовка;
20251209;15:29:48;-0,5;0,0;0,0;0,0;50,0;Подготовка;
20251209;15:29:53;-0,5;0,0;0,0;0,0;50,0;Подготовка;
20251209;15:29:58;-0,5;0,0;0,0;0,0;50,0;Подготовка;
20251209;15:30:03;-0,5;0,0;0,0;0,0;50,0;Подготовка;
20251209;15:30:09;-0,5;0,0;0,0;0,0;50,0;Подготовка;
20251209;15:30:14;-0,5;0,0;0,0;0,0;50,0;Подготовка;
20251209;15:30:19;-0,5;0,0;0,0;0,0;50,0;Подготовка;
20251209;15:30:24;-0,5;0,0;0,0;0,0;50,0;Подготовка;
20251209;15:30:29;-0,5;0,0;0,0;0,0;50,0;Подготовка;
20251209;15:30:34;-0,5;0,0;0,0;0,0;50,0;Подготовка;
20251209;15:30:39;-0,5;0,0;0,0;0,0;50,0;Подготовка;
20251209;15:30:44;-0,5;0,0;0,0;0,0;50,0;Подготовка;
20251209;15:30:49;-0,5;0,0;0,0;0,0;50,0;Подготовка;
20251209;15:30:54;-0,5;0,0;0,0;0,0;50,0;Подготовка;
20251209;15:30:59;-0,5;0,0;0,0;0,0;50,0;Подготовка;
20251209;15:31:04;-0,5;0,0;0,0;0,0;50,0;Подготовка;
20251209;15:31:09;-0,5;0,0;0,0;0,0;50,0;Подготовка;
20251209;15:31:14;-0,5;0,0;0,0;0,0;50,0;Подготовка;
20251209;15:31:19;-0,5;0,0;0,0;0,0;50,0;Подготовка;
20251209;15:31:24;-0,5;0,0;0,0;0,0;50,0;Подготовка;
20251209;15:31:29;-0,5;0,0;0,0;0,0;50,0;Подготовка;
20251209;15:31:34;-0,5;0,0;0,0;0,0;50,0;Подготовка;
20251209;15:31:39;-0,5;0,0;0,0;0,0;50,0;Подготовка;
20251209;15:31:44;-0,5;0,0;0,0;0,0;50,0;Подготовка;
20251209;15:31:49;-0,5;0,0;0,0;0,0;50,0;Подготовка;
20251209;15:31:54;-0,5;0,0;0,0;0,0;50,0;Подготовка;
20251209;15:31:59;-0,5;0,0;0,0;0,0;50,0;Подготовка;
20251209;15:32:04;-0,5;0,0;0,0;0,0;50,0;Подготовка;
20251209;15:32:09;-0,5;0,0;0,0;0,0;50,0;Подготовка;
20251209;15:32:15;-0,5;0,0;0,0;0,0;50,0;Подготовка;
20251209;15:32:20;-0,5;0,0;0,0;0,0;50,0;Подготовка;
20251209;15:32:25;-0,5;0,0;0,0;0,0;50,0;Подготовка;
20251209;15:32:30;-0,5;0,0;0,0;0,0;50,0;Подготовка;
20251209;15:32:35;-0,5;0,0;0,0;0,0;50,0;Подготовка;
20251209;15:32:40;-0,5;0,0;0,0;0,0;50,0;Подготовка;
20251209;15:32:45;-0,5;0,0;0,0;0,0;50,0;Подготовка;
20251209;15:32:50;-0,5;0,0;0,0;0,0;50,0;Подготовка;
20251209;15:32:55;-0,5;0,0;0,0;0,0;50,0;Подготовка;
20251209;15:33:00;-0,5;0,0;0,0;0,0;50,0;Подготовка;
20251209;15:33:05;-0,5;0,0;0,0;0,0;50,0;Подготовка;
20251209;15:33:10;-0,5;0,0;0,0;0,0;50,0;Подготовка;
20251209;15:33:15;-0,5;0,0;0,0;0,0;50,0;Подготовка;
20251209;15:33:20;-0,5;0,0;0,0;0,0;50,0;Подготовка;
20251209;15:33:25;-0,5;0,0;0,0;0,0;50,0;Подготовка;
20251209;15:33:30;-0,5;0,0;0,0;0,0;50,0;Подготовка;
20251209;15:33:35;-0,5;0,0;0,0;0,0;50,0;Подготовка;
20251209;15:33:40;-0,5;0,0;0,0;0,0;50,0;Подготовка;
20251209;15:33:45;-0,5;0,0;0,0;0,0;50,0;Подготовка;
20251209;15:33:50;-0,5;0,0;0,0;0,0;50,0;Подготовка;
20251209;15:33:55;-0,5;0,0;0,0;0,0;50,0;Подготовка;
20251209;15:34:00;-0,5;0,0;0,0;0,0;50,0;Подготовка;
20251209;15:34:05;-0,5;0,0;0,0;0,0;50,0;Подготовка;
20251209;15:34:10;-0,5;0,0;0,0;0,0;50,0;Подготовка;
20251209;15:34:15;-0,5;0,0;0,0;0,0;50,0;Подготовка;
20251209;15:34:21;-0,5;0,0;0,0;0,0;50,0;Подготовка;
Предприятие;
Объект;
Вид оборудования;
Дисп. наименование;
Тип;
Зав. номер;
Сер. номер;
Год выпуска;
Год ввода в эксплуатацию;
Дата отбора пробы;
Марка пробы;
Температура пробы;
DATE ;TIME ;TS_TEMP ;PROB_TEMP ;PROB_OTN_VL ;PROBE_VlAGOSOD ;SP ;STATUS ; 
20251209;15:34:39;-0,39;0,0;0,0;0,0;50,0;Включение;
20251209;15:34:44;-0,49;0,0;0,0;0,0;50,0;Включение;
20251209;15:34:49;-0,49;0,0;0,0;0,0;50,0;Подготовка;
20251209;15:34:54;-0,49;0,0;0,0;0,0;50,0;Подготовка;
20251209;15:34:59;-0,49;0,0;0,0;0,0;50,0;Подготовка;
20251209;15:35:04;-0,49;0,0;0,0;0,0;50,0;Подготовка;
20251209;15:35:09;-0,5;0,0;0,0;0,0;50,0;Подготовка;
20251209;15:35:14;-0,5;0,0;0,0;0,0;50,0;Подготовка;
20251209;15:35:19;-0,5;0,0;0,0;0,0;50,0;Подготовка;
20251209;15:35:24;-0,5;0,0;0,0;0,0;50,0;Подготовка;
20251209;15:35:29;-0,5;0,0;0,0;0,0;50,0;Подготовка;
20251209;15:35:34;-0,5;0,0;0,0;0,0;50,0;Подготовка;
20251209;15:35:39;-0,5;0,0;0,0;0,0;50,0;Подготовка;
20251209;15:35:44;-0,5;0,0;0,0;0,0;50,0;Подготовка;
20251209;15:35:49;-0,5;0,0;0,0;0,0;50,0;Подготовка;
20251209;15:35:54;-0,5;0,0;0,0;0,0;50,0;Подготовка;
20251209;15:35:59;-0,5;0,0;0,0;0,0;50,0;Подготовка;
20251209;15:36:04;-0,5;0,0;0,0;0,0;50,0;Подготовка;
20251209;15:36:10;-0,5;0,0;0,0;0,0;50,0;Подготовка;
20251209;15:36:15;-0,5;0,0;0,0;0,0;50,0;Подготовка;
20251209;15:36:20;-0,5;0,0;0,0;0,0;50,0;Подготовка;
20251209;15:36:25;-0,5;0,0;0,0;0,0;50,0;Подготовка;
20251209;15:36:30;-0,5;0,0;0,0;0,0;50,0;Подготовка;
20251209;15:36:35;-0,5;0,0;0,0;0,0;50,0;Подготовка;
20251209;15:36:40;-0,5;0,0;0,0;0,0;50,0;Подготовка;
20251209;15:36:45;-0,5;0,0;0,0;0,0;50,0;Подготовка;
20251209;15:36:50;-0,5;0,0;0,0;0,0;50,0;Подготовка;
20251209;15:36:55;-0,5;0,0;0,0;0,0;50,0;Подготовка;
20251209;15:37:00;-0,5;0,0;0,0;0,0;50,0;Подготовка;
20251209;15:37:05;-0,5;0,0;0,0;0,0;50,0;Подготовка;
20251209;15:37:10;-0,5;0,0;0,0;0,0;50,0;Подготовка;
20251209;15:37:15;-0,5;0,0;0,0;0,0;50,0;Подготовка;
20251209;15:37:20;-0,5;0,0;0,0;0,0;50,0;Подготовка;
20251209;15:37:25;-0,5;0,0;0,0;0,0;50,0;Подготовка;
20251209;15:37:30;-0,5;0,0;0,0;0,0;50,0;Подготовка;
20251209;15:37:35;-0,5;0,0;0,0;0,0;50,0;Подготовка;
20251209;15:37:40;-0,5;0,0;0,0;0,0;50,0;Подготовка;
20251209;15:37:45;-0,5;0,0;0,0;0,0;50,0;Подготовка;
20251209;15:37:50;-0,5;0,0;0,0;0,0;50,0;Подготовка;
20251209;15:37:55;-0,5;0,0;0,0;0,0;50,0;Подготовка;
20251209;15:38:00;-0,5;0,0;0,0;0,0;50,0;Подготовка;
20251209;15:38:05;-0,5;0,0;0,0;0,0;50,0;Подготовка;
20251209;15:38:10;-0,5;0,0;0,0;0,0;50,0;Подготовка;
20251209;15:38:16;-0,5;0,0;0,0;0,0;50,0;Подготовка;
20251209;15:38:21;-0,5;0,0;0,0;0,0;50,0;Подготовка;
20251209;15:38:26;-0,5;0,0;0,0;0,0;50,0;Подготовка;
20251209;15:38:31;-0,5;0,0;0,0;0,0;50,0;Подготовка;
20251209;15:38:36;-0,5;0,0;0,0;0,0;50,0;Подготовка;
20251209;15:38:41;-0,5;0,0;0,0;0,0;50,0;Подготовка;
20251209;15:38:46;-0,5;0,0;0,0;0,0;50,0;Подготовка;
20251209;15:38:51;-0,5;0,0;0,0;0,0;50,0;Подготовка;
20251209;15:38:56;-0,5;0,0;0,0;0,0;50,0;Подготовка;
20251209;15:39:01;-0,5;0,0;0,0;0,0;50,0;Подготовка;
20251209;15:39:06;-0,5;0,0;0,0;0,0;50,0;Подготовка;
20251209;15:39:11;-0,5;0,0;0,0;0,0;50,0;Подготовка;
20251209;15:39:16;-0,5;0,0;0,0;0,0;50,0;Подготовка;
20251209;15:39:21;-0,5;0,0;0,0;0,0;50,0;Подготовка;
20251209;15:39:26;-0,5;0,0;0,0;0,0;50,0;Подготовка;
20251209;15:39:31;-0,5;0,0;0,0;0,0;50,0;Подготовка;
20251209;15:39:36;-0,5;0,0;0,0;0,0;50,0;Подготовка;
20251209;15:39:41;-0,5;0,0;0,0;0,0;50,0;Подготовка;
20251209;15:39:46;-0,5;0,0;0,0;0,0;50,0;Подготовка;
20251209;15:39:51;-0,5;0,0;0,0;0,0;50,0;Подготовка;
20251209;15:39:56;-0,5;0,0;0,0;0,0;50,0;Подготовка;
20251209;15:40:01;-0,5;0,0;0,0;0,0;50,0;Подготовка;
20251209;15:40:06;-0,5;0,0;0,0;0,0;50,0;Подготовка;
20251209;15:40:11;-0,5;0,0;0,0;0,0;50,0;Подготовка;
20251209;15:40:16;-0,5;0,0;0,0;0,0;50,0;Подготовка;
20251209;15:40:22;-0,5;0,0;0,0;0,0;50,0;Подготовка;
20251209;15:40:27;-0,5;0,0;0,0;0,0;50,0;Подготовка;
20251209;15:40:32;-0,5;0,0;0,0;0,0;50,0;Подготовка;
20251209;15:40:37;-0,5;0,0;0,0;0,0;50,0;Подготовка;
20251209;15:40:42;-0,5;0,0;0,0;0,0;50,0;Подготовка;
20251209;15:40:47;-0,5;0,0;0,0;0,0;50,0;Подготовка;
20251209;15:40:52;-0,5;0,0;0,0;0,0;50,0;Подготовка;
20251209;15:40:57;-0,5;0,0;0,0;0,0;50,0;Подготовка;
20251209;15:41:02;-0,5;0,0;0,0;0,0;50,0;Подготовка;
20251209;15:41:07;-0,5;0,0;0,0;0,0;50,0;Подготовка;
20251209;15:41:12;-0,5;0,0;0,0;0,0;50,0;Подготовка;
20251209;15:41:17;-0,5;0,0;0,0;0,0;50,0;Подготовка;
20251209;15:41:22;-0,5;0,0;0,0;0,0;50,0;Подготовка;
20251209;15:41:27;-0,5;0,0;0,0;0,0;50,0;Подготовка;
20251209;15:41:32;-0,5;0,0;0,0;0,0;50,0;Подготовка;
20251209;15:41:37;-0,5;0,0;0,0;0,0;50,0;Подготовка;
20251209;15:41:42;-0,5;0,0;0,0;0,0;50,0;Подготовка;
20251209;15:41:47;-0,5;0,0;0,0;0,0;50,0;Подготовка;
20251209;15:41:52;-0,5;0,0;0,0;0,0;50,0;Подготовка;
20251209;15:41:57;-0,5;0,0;0,0;0,0;50,0;Подготовка;
20251209;15:42:02;-0,5;0,0;0,0;0,0;50,0;Подготовка;
20251209;15:42:07;-0,5;0,0;0,0;0,0;50,0;Подготовка;
20251209;15:42:12;-0,5;0,0;0,0;0,0;50,0;Подготовка;
20251209;15:42:17;-0,5;0,0;0,0;0,0;50,0;Подготовка;
20251209;15:42:22;-0,5;0,0;0,0;0,0;50,0;Подготовка;
20251209;15:42:28;-0,5;0,0;0,0;0,0;50,0;Подготовка;
20251209;15:42:33;-0,5;0,0;0,0;0,0;50,0;Подготовка;
20251209;15:42:38;-0,5;0,0;0,0;0,0;50,0;Подготовка;
20251209;15:42:43;-0,5;0,0;0,0;0,0;50,0;Подготовка;
20251209;15:42:48;-0,5;0,0;0,0;0,0;50,0;Подготовка;
20251209;15:42:53;-0,5;0,0;0,0;0,0;50,0;Подготовка;
20251209;15:42:58;-0,5;0,0;0,0;0,0;50,0;Подготовка;
20251209;15:43:03;-0,5;0,0;0,0;0,0;50,0;Подготовка;
20251209;15:43:08;-0,5;0,0;0,0;0,0;50,0;Подготовка;
20251209;15:43:13;-0,5;0,0;0,0;0,0;50,0;Подготовка;
20251209;15:43:18;-0,5;0,0;0,0;0,0;50,0;Подготовка;
20251209;15:43:23;-0,5;0,0;0,0;0,0;50,0;Подготовка;
20251209;15:43:28;-0,5;0,0;0,0;0,0;50,0;Подготовка;
20251209;15:43:33;-0,5;0,0;0,0;0,0;50,0;Подготовка;
20251209;15:43:38;-0,5;0,0;0,0;0,0;50,0;Подготовка;
20251209;15:43:43;-0,5;0,0;0,0;0,0;50,0;Подготовка;
20251209;15:43:48;-0,5;0,0;0,0;0,0;50,0;Подготовка;
20251209;15:43:53;-0,5;0,0;0,0;0,0;50,0;Подготовка;
20251209;15:43:58;-0,5;0,0;0,0;0,0;50,0;Подготовка;
20251209;15:44:03;-0,5;0,0;0,0;0,0;50,0;Подготовка;
20251209;15:44:08;-0,5;0,0;0,0;0,0;50,0;Подготовка;
20251209;15:44:13;-0,5;0,0;0,0;0,0;50,0;Подготовка;
20251209;15:44:18;-0,5;0,0;0,0;0,0;50,0;Подготовка;
20251209;15:44:23;-0,5;0,0;0,0;0,0;50,0;Подготовка;
20251209;15:44:28;-0,5;0,0;0,0;0,0;50,0;Подготовка;
20251209;15:44:34;-0,5;0,0;0,0;0,0;50,0;Подготовка;
20251209;15:44:39;-0,5;0,0;0,0;0,0;50,0;Подготовка;
20251209;15:44:44;-0,5;0,0;0,0;0,0;50,0;Подготовка;
20251209;15:44:49;-0,5;0,0;0,0;0,0;50,0;Подготовка;
20251209;15:44:54;-0,5;0,0;0,0;0,0;50,0;Подготовка;
20251209;15:44:59;-0,5;0,0;0,0;0,0;50,0;Подготовка;
20251209;15:45:04;-0,5;0,0;0,0;0,0;50,0;Подготовка;
20251209;15:45:09;-0,5;0,0;0,0;0,0;50,0;Подготовка;
20251209;15:45:14;-0,5;0,0;0,0;0,0;50,0;Подготовка;
20251209;15:45:19;-0,5;0,0;0,0;0,0;50,0;Подготовка;
20251209;15:45:24;-0,5;0,0;0,0;0,0;50,0;Подготовка;
20251209;15:45:29;-0,5;0,0;0,0;0,0;50,0;Подготовка;
20251209;15:45:34;-0,5;0,0;0,0;0,0;50,0;Подготовка;
20251209;15:45:39;-0,5;0,0;0,0;0,0;50,0;Подготовка;
20251209;15:45:44;-0,5;0,0;0,0;0,0;50,0;Подготовка;
20251209;15:45:49;-0,5;0,0;0,0;0,0;50,0;Подготовка;
20251209;15:45:54;-0,5;0,0;0,0;0,0;50,0;Подготовка;
20251209;15:45:59;-0,5;0,0;0,0;0,0;50,0;Подготовка;
20251209;15:46:04;-0,5;0,0;0,0;0,0;50,0;Подготовка;
20251209;15:46:09;-0,5;0,0;0,0;0,0;50,0;Подготовка;
20251209;15:46:14;-0,5;0,0;0,0;0,0;50,0;Подготовка;
20251209;15:46:19;-0,5;0,0;0,0;0,0;50,0;Подготовка;
20251209;15:46:24;-0,5;0,0;0,0;0,0;50,0;Подготовка;
20251209;15:46:29;-0,5;0,0;0,0;0,0;50,0;Подготовка;
20251209;15:46:34;-0,5;0,0;0,0;0,0;50,0;Подготовка;
20251209;15:46:40;-0,5;0,0;0,0;0,0;50,0;Подготовка;
20251209;15:46:45;-0,5;0,0;0,0;0,0;50,0;Подготовка;
20251209;15:46:50;-0,5;0,0;0,0;0,0;50,0;Подготовка;
20251209;15:46:55;-0,5;0,0;0,0;0,0;50,0;Подготовка;
20251209;15:47:00;-0,5;0,0;0,0;0,0;50,0;Подготовка;
20251209;15:47:05;-0,5;0,0;0,0;0,0;50,0;Подготовка;
20251209;15:47:10;-0,5;0,0;0,0;0,0;50,0;Подготовка;
20251209;15:47:15;-0,5;0,0;0,0;0,0;50,0;Подготовка;
20251209;15:47:20;-0,5;0,0;0,0;0,0;50,0;Подготовка;
20251209;15:47:25;-0,5;0,0;0,0;0,0;50,0;Подготовка;
20251209;15:47:30;-0,5;0,0;0,0;0,0;50,0;Подготовка;
20251209;15:47:35;-0,5;0,0;0,0;0,0;50,0;Подготовка;
20251209;15:47:40;-0,5;0,0;0,0;0,0;50,0;Подготовка;
20251209;15:47:45;-0,5;0,0;0,0;0,0;50,0;Подготовка;
20251209;15:47:50;-0,5;0,0;0,0;0,0;50,0;Подготовка;
20251209;15:47:55;-0,5;0,0;0,0;0,0;50,0;Подготовка;
20251209;15:48:00;-0,5;0,0;0,0;0,0;50,0;Подготовка;
20251209;15:48:05;-0,5;0,0;0,0;0,0;50,0;Подготовка;
20251209;15:48:10;-0,5;0,0;0,0;0,0;50,0;Подготовка;
20251209;15:48:15;-0,5;0,0;0,0;0,0;50,0;Подготовка;
20251209;15:48:20;-0,5;0,0;0,0;0,0;50,0;Подготовка;
20251209;15:48:25;-0,5;0,0;0,0;0,0;50,0;Подготовка;
20251209;15:48:30;-0,5;0,0;0,0;0,0;50,0;Подготовка;
20251209;15:48:35;-0,5;0,0;0,0;0,0;50,0;Подготовка;
20251209;15:48:40;-0,5;0,0;0,0;0,0;50,0;Подготовка;
20251209;15:48:46;-0,5;0,0;0,0;0,0;50,0;Подготовка;
20251209;15:48:51;-0,5;0,0;0,0;0,0;50,0;Подготовка;
20251209;15:48:56;-0,5;0,0;0,0;0,0;50,0;Подготовка;
20251209;15:49:01;-0,5;0,0;0,0;0,0;50,0;Подготовка;
20251209;15:49:06;-0,5;0,0;0,0;0,0;50,0;Подготовка;
20251209;15:49:11;-0,5;0,0;0,0;0,0;50,0;Подготовка;
20251209;15:49:16;-0,5;0,0;0,0;0,0;50,0;Подготовка;
20251209;15:49:21;-0,5;0,0;0,0;0,0;50,0;Подготовка;
20251209;15:49:26;-0,5;0,0;0,0;0,0;50,0;Подготовка;
20251209;15:49:31;-0,5;0,0;0,0;0,0;50,0;Подготовка;
20251209;15:49:36;-0,5;0,0;0,0;0,0;50,0;Подготовка;
20251209;15:49:41;-0,5;0,0;0,0;0,0;50,0;Подготовка;
20251209;15:49:46;-0,5;0,0;0,0;0,0;50,0;Подготовка;
20251209;15:49:51;-0,5;0,0;0,0;0,0;50,0;Подготовка;
20251209;15:49:56;-0,5;0,0;0,0;0,0;50,0;Подготовка;
20251209;15:50:01;-0,5;0,0;0,0;0,0;50,0;Подготовка;
20251209;15:50:06;-0,5;0,0;0,0;0,0;50,0;Подготовка;
20251209;15:50:11;-0,5;0,0;0,0;0,0;50,0;Подготовка;
20251209;15:50:16;-0,5;0,0;0,0;0,0;50,0;Подготовка;
20251209;15:50:21;-0,5;0,0;0,0;0,0;50,0;Подготовка;
20251209;15:50:26;-0,5;0,0;0,0;0,0;50,0;Подготовка;
20251209;15:50:31;-0,5;0,0;0,0;0,0;50,0;Подготовка;
20251209;15:50:36;-0,5;0,0;0,0;0,0;50,0;Подготовка;
20251209;15:50:41;-0,5;0,0;0,0;0,0;50,0;Подготовка;
20251209;15:50:46;-0,5;0,0;0,0;0,0;50,0;Подготовка;
20251209;15:50:52;-0,5;0,0;0,0;0,0;50,0;Подготовка;
20251209;15:50:57;-0,5;0,0;0,0;0,0;50,0;Подготовка;
20251209;15:51:02;-0,5;0,0;0,0;0,0;50,0;Подготовка;
20251209;15:51:07;-0,5;0,0;0,0;0,0;50,0;Подготовка;
20251209;15:51:12;-0,5;0,0;0,0;0,0;50,0;Подготовка;
20251209;15:51:17;-0,5;0,0;0,0;0,0;50,0;Подготовка;
20251209;15:51:22;-0,5;0,0;0,0;0,0;50,0;Подготовка;
20251209;15:51:27;-0,5;0,0;0,0;0,0;50,0;Подготовка;
20251209;15:51:32;-0,5;0,0;0,0;0,0;50,0;Подготовка;
20251209;15:51:37;-0,5;0,0;0,0;0,0;50,0;Подготовка;
20251209;15:51:42;-0,5;0,0;0,0;0,0;50,0;Подготовка;
20251209;15:51:47;-0,5;0,0;0,0;0,0;50,0;Подготовка;
20251209;15:51:52;-0,5;0,0;0,0;0,0;50,0;Подготовка;
20251209;15:51:57;-0,5;0,0;0,0;0,0;50,0;Подготовка;
20251209;15:52:02;-0,5;0,0;0,0;0,0;50,0;Подготовка;
20251209;15:52:07;-0,5;0,0;0,0;0,0;50,0;Подготовка;
20251209;15:52:12;-0,5;0,0;0,0;0,0;50,0;Подготовка;
20251209;15:52:17;-0,5;0,0;0,0;0,0;50,0;Подготовка;
20251209;15:52:22;-0,5;0,0;0,0;0,0;50,0;Подготовка;
20251209;15:52:27;-0,5;0,0;0,0;0,0;50,0;Подготовка;
20251209;15:52:32;-0,5;0,0;0,0;0,0;50,0;Подготовка;
20251209;15:52:37;-0,5;0,0;0,0;0,0;50,0;Подготовка;
20251209;15:52:42;-0,5;0,0;0,0;0,0;50,0;Подготовка;
20251209;15:52:47;-0,5;0,0;0,0;0,0;50,0;Подготовка;
20251209;15:52:52;-0,5;0,0;0,0;0,0;50,0;Подготовка;
20251209;15:52:58;-0,5;0,0;0,0;0,0;50,0;Подготовка;
20251209;15:53:03;-0,5;0,0;0,0;0,0;50,0;Подготовка;
20251209;15:53:08;-0,5;0,0;0,0;0,0;50,0;Подготовка;
20251209;15:53:13;-0,5;0,0;0,0;0,0;50,0;Подготовка;
20251209;15:53:18;-0,5;0,0;0,0;0,0;50,0;Подготовка;
20251209;15:53:23;-0,5;0,0;0,0;0,0;50,0;Подготовка;
20251209;15:53:28;-0,5;0,0;0,0;0,0;50,0;Подготовка;
20251209;15:53:33;-0,5;0,0;0,0;0,0;50,0;Подготовка;
20251209;15:53:38;-0,5;0,0;0,0;0,0;50,0;Подготовка;
20251209;15:53:43;-0,5;0,0;0,0;0,0;50,0;Подготовка;
20251209;15:53:48;-0,5;0,0;0,0;0,0;50,0;Подготовка;
20251209;15:53:53;-0,5;0,0;0,0;0,0;50,0;Подготовка;
20251209;15:53:58;-0,5;0,0;0,0;0,0;50,0;Подготовка;
20251209;15:54:03;-0,5;0,0;0,0;0,0;50,0;Подготовка;
20251209;15:54:08;-0,5;0,0;0,0;0,0;50,0;Подготовка;
20251209;15:54:13;-0,5;0,0;0,0;0,0;50,0;Подготовка;
20251209;15:54:18;-0,5;0,0;0,0;0,0;50,0;Подготовка;
20251209;15:54:23;-0,5;0,0;0,0;0,0;50,0;Подготовка;
20251209;15:54:28;-0,5;0,0;0,0;0,0;50,0;Подготовка;
20251209;15:54:33;-0,5;0,0;0,0;0,0;50,0;Подготовка;
20251209;15:54:38;-0,5;0,0;0,0;0,0;50,0;Подготовка;
20251209;15:54:43;-0,5;0,0;0,0;0,0;50,0;Подготовка;
20251209;15:54:48;-0,5;0,0;0,0;0,0;50,0;Подготовка;
20251209;15:54:53;-0,5;0,0;0,0;0,0;50,0;Подготовка;
20251209;15:54:58;-0,5;0,0;0,0;0,0;50,0;Подготовка;
20251209;15:55:04;-0,5;0,0;0,0;0,0;50,0;Подготовка;
20251209;15:55:09;-0,5;0,0;0,0;0,0;50,0;Подготовка;
20251209;15:55:14;-0,5;0,0;0,0;0,0;50,0;Подготовка;
20251209;15:55:19;-0,5;0,0;0,0;0,0;50,0;Подготовка;
20251209;15:55:24;-0,5;0,0;0,0;0,0;50,0;Подготовка;
20251209;15:55:29;-0,5;0,0;0,0;0,0;50,0;Подготовка;
20251209;15:55:34;-0,5;0,0;0,0;0,0;50,0;Подготовка;
20251209;15:55:39;-0,5;0,0;0,0;0,0;50,0;Подготовка;
20251209;15:55:44;-0,5;0,0;0,0;0,0;50,0;Подготовка;
20251209;15:55:49;-0,5;0,0;0,0;0,0;50,0;Подготовка;
20251209;15:55:54;-0,5;0,0;0,0;0,0;50,0;Подготовка;
20251209;15:55:59;-0,5;0,0;0,0;0,0;50,0;Подготовка;
20251209;15:56:04;-0,5;0,0;0,0;0,0;50,0;Подготовка;
20251209;15:56:09;-0,5;0,0;0,0;0,0;50,0;Подготовка;
20251209;15:56:14;-0,5;0,0;0,0;0,0;50,0;Подготовка;
20251209;15:56:19;-0,5;0,0;0,0;0,0;50,0;Подготовка;
20251209;15:56:24;-0,5;0,0;0,0;0,0;50,0;Подготовка;
20251209;15:56:29;-0,5;0,0;0,0;0,0;50,0;Подготовка;
20251209;15:56:34;-0,5;0,0;0,0;0,0;50,0;Подготовка;
20251209;15:56:39;-0,5;0,0;0,0;0,0;50,0;Подготовка;
20251209;15:56:44;-0,5;0,0;0,0;0,0;50,0;Подготовка;
20251209;15:56:49;-0,5;0,0;0,0;0,0;50,0;Подготовка;
20251209;15:56:54;-0,5;0,0;0,0;0,0;50,0;Подготовка;
20251209;15:56:59;-0,5;0,0;0,0;0,0;50,0;Подготовка;
20251209;15:57:04;-0,5;0,0;0,0;0,0;50,0;Подготовка;
20251209;15:57:10;-0,5;0,0;0,0;0,0;50,0;Подготовка;
20251209;15:57:15;-0,5;0,0;0,0;0,0;50,0;Подготовка;
20251209;15:57:20;-0,5;0,0;0,0;0,0;50,0;Подготовка;
20251209;15:57:25;-0,5;0,0;0,0;0,0;50,0;Подготовка;
20251209;15:57:30;-0,5;0,0;0,0;0,0;50,0;Подготовка;
20251209;15:57:35;-0,5;0,0;0,0;0,0;50,0;Подготовка;
20251209;15:57:40;-0,5;0,0;0,0;0,0;50,0;Подготовка;
20251209;15:57:45;-0,5;0,0;0,0;0,0;50,0;Подготовка;
20251209;15:57:50;-0,5;0,0;0,0;0,0;50,0;Подготовка;
20251209;15:57:55;-0,5;0,0;0,0;0,0;50,0;Подготовка;
20251209;15:58:00;-0,5;0,0;0,0;0,0;50,0;Подготовка;
20251209;15:58:05;-0,5;0,0;0,0;0,0;50,0;Подготовка;
20251209;15:58:10;-0,5;0,0;0,0;0,0;50,0;Подготовка;
20251209;15:58:15;-0,5;0,0;0,0;0,0;50,0;Подготовка;
20251209;15:58:20;-0,5;0,0;0,0;0,0;50,0;Подготовка;
20251209;15:58:25;-0,5;0,0;0,0;0,0;50,0;Подготовка;
20251209;15:58:30;-0,5;0,0;0,0;0,0;50,0;Подготовка;
20251209;15:58:35;-0,5;0,0;0,0;0,0;50,0;Подготовка;
20251209;15:58:40;-0,5;0,0;0,0;0,0;50,0;Подготовка;
20251209;15:58:45;-0,5;0,0;0,0;0,0;50,0;Подготовка;
20251209;15:58:50;-0,5;0,0;0,0;0,0;50,0;Подготовка;
20251209;15:58:55;-0,5;0,0;0,0;0,0;50,0;Подготовка;
20251209;15:59:00;-0,5;0,0;0,0;0,0;50,0;Подготовка;
20251209;15:59:05;-0,5;0,0;0,0;0,0;50,0;Подготовка;
20251209;15:59:10;-0,5;0,0;0,0;0,0;50,0;Подготовка;
20251209;15:59:16;-0,5;0,0;0,0;0,0;50,0;Подготовка;
20251209;15:59:21;-0,5;0,0;0,0;0,0;50,0;Подготовка;
20251209;15:59:26;-0,5;0,0;0,0;0,0;50,0;Подготовка;
20251209;15:59:31;-0,5;0,0;0,0;0,0;50,0;Подготовка;
20251209;15:59:36;-0,5;0,0;0,0;0,0;50,0;Подготовка;
20251209;15:59:41;-0,5;0,0;0,0;0,0;50,0;Подготовка;
20251209;15:59:46;-0,5;0,0;0,0;0,0;50,0;Подготовка;
20251209;15:59:51;-0,5;0,0;0,0;0,0;50,0;Подготовка;
20251209;15:59:56;-0,5;0,0;0,0;0,0;50,0;Подготовка;
20251209;16:00:01;-0,5;0,0;0,0;0,0;50,0;Подготовка;
20251209;16:00:06;-0,5;0,0;0,0;0,0;50,0;Подготовка;
20251209;16:00:11;-0,5;0,0;0,0;0,0;50,0;Подготовка;
20251209;16:00:16;-0,5;0,0;0,0;0,0;50,0;Подготовка;
20251209;16:00:21;-0,5;0,0;0,0;0,0;50,0;Подготовка;
20251209;16:00:26;-0,5;0,0;0,0;0,0;50,0;Подготовка;
20251209;16:00:31;-0,5;0,0;0,0;0,0;50,0;Подготовка;
20251209;16:00:36;-0,5;0,0;0,0;0,0;50,0;Подготовка;
20251209;16:00:41;-0,5;0,0;0,0;0,0;50,0;Подготовка;
20251209;16:00:46;-0,5;0,0;0,0;0,0;50,0;Подготовка;
20251209;16:00:51;-0,5;0,0;0,0;0,0;50,0;Подготовка;
20251209;16:00:56;-0,5;0,0;0,0;0,0;50,0;Подготовка;
20251209;16:01:01;-0,5;0,0;0,0;0,0;50,0;Подготовка;
20251209;16:01:06;-0,5;0,0;0,0;0,0;50,0;Подготовка;
20251209;16:01:11;-0,5;0,0;0,0;0,0;50,0;Подготовка;
20251209;16:01:16;-0,5;0,0;0,0;0,0;50,0;Подготовка;
20251209;16:01:22;-0,5;0,0;0,0;0,0;50,0;Подготовка;
20251209;16:01:27;-0,5;0,0;0,0;0,0;50,0;Подготовка;
20251209;16:01:32;-0,5;0,0;0,0;0,0;50,0;Подготовка;
20251209;16:01:37;-0,5;0,0;0,0;0,0;50,0;Подготовка;
20251209;16:01:42;-0,5;0,0;0,0;0,0;50,0;Подготовка;
20251209;16:01:47;-0,5;0,0;0,0;0,0;50,0;Подготовка;
20251209;16:01:52;-0,5;0,0;0,0;0,0;50,0;Подготовка;
20251209;16:01:57;-0,5;0,0;0,0;0,0;50,0;Подготовка;
20251209;16:02:02;-0,5;0,0;0,0;0,0;50,0;Подготовка;
20251209;16:02:07;-0,5;0,0;0,0;0,0;50,0;Подготовка;
20251209;16:02:12;-0,5;0,0;0,0;0,0;50,0;Подготовка;
20251209;16:02:17;-0,5;0,0;0,0;0,0;50,0;Подготовка;
20251209;16:02:22;-0,5;0,0;0,0;0,0;50,0;Подготовка;
20251209;16:02:27;-0,5;0,0;0,0;0,0;50,0;Подготовка;
20251209;16:02:32;-0,5;0,0;0,0;0,0;50,0;Подготовка;
20251209;16:02:37;-0,5;0,0;0,0;0,0;50,0;Подготовка;
20251209;16:02:42;-0,5;0,0;0,0;0,0;50,0;Подготовка;
20251209;16:02:47;-0,5;0,0;0,0;0,0;50,0;Подготовка;
20251209;16:02:52;-0,5;0,0;0,0;0,0;50,0;Подготовка;
20251209;16:02:57;-0,5;0,0;0,0;0,0;50,0;Подготовка;
20251209;16:03:02;-0,5;0,0;0,0;0,0;50,0;Подготовка;
20251209;16:03:07;-0,5;0,0;0,0;0,0;50,0;Подготовка;
20251209;16:03:12;-0,5;0,0;0,0;0,0;50,0;Подготовка;
20251209;16:03:17;-0,5;0,0;0,0;0,0;50,0;Подготовка;
20251209;16:03:22;-0,5;0,0;0,0;0,0;50,0;Подготовка;
20251209;16:03:28;-0,5;0,0;0,0;0,0;50,0;Подготовка;
20251209;16:03:33;-0,5;0,0;0,0;0,0;50,0;Подготовка;
20251209;16:03:38;-0,5;0,0;0,0;0,0;50,0;Подготовка;
20251209;16:03:43;-0,5;0,0;0,0;0,0;50,0;Подготовка;
20251209;16:03:48;-0,5;0,0;0,0;0,0;50,0;Подготовка;
20251209;16:03:53;-0,5;0,0;0,0;0,0;50,0;Подготовка;
20251209;16:03:58;-0,5;0,0;0,0;0,0;50,0;Подготовка;
20251209;16:04:03;-0,5;0,0;0,0;0,0;50,0;Подготовка;
20251209;16:04:08;-0,5;0,0;0,0;0,0;50,0;Подготовка;
20251209;16:04:13;-0,5;0,0;0,0;0,0;50,0;Подготовка;
20251209;16:04:18;-0,5;0,0;0,0;0,0;50,0;Подготовка;
20251209;16:04:23;-0,5;0,0;0,0;0,0;50,0;Подготовка;
20251209;16:04:28;-0,5;0,0;0,0;0,0;50,0;Подготовка;
20251209;16:04:33;-0,5;0,0;0,0;0,0;50,0;Подготовка;
20251209;16:04:38;-0,5;0,0;0,0;0,0;50,0;Подготовка;
20251209;16:04:43;-0,5;0,0;0,0;0,0;50,0;Подготовка;
20251209;16:04:48;-0,5;0,0;0,0;0,0;50,0;Подготовка;
20251209;16:04:53;-0,5;0,0;0,0;0,0;50,0;Подготовка;
20251209;16:04:58;-0,5;0,0;0,0;0,0;50,0;Подготовка;
20251209;16:05:03;-0,5;0,0;0,0;0,0;50,0;Подготовка;
20251209;16:05:08;-0,5;0,0;0,0;0,0;50,0;Подготовка;
20251209;16:05:13;-0,5;0,0;0,0;0,0;50,0;Подготовка;
20251209;16:05:18;-0,5;0,0;0,0;0,0;50,0;Подготовка;
20251209;16:05:23;-0,5;0,0;0,0;0,0;50,0;Подготовка;
20251209;16:05:28;-0,5;0,0;0,0;0,0;50,0;Подготовка;
20251209;16:05:34;-0,5;0,0;0,0;0,0;50,0;Подготовка;
20251209;16:05:39;-0,5;0,0;0,0;0,0;50,0;Подготовка;
20251209;16:05:44;-0,5;0,0;0,0;0,0;50,0;Подготовка;
20251209;16:05:49;-0,5;0,0;0,0;0,0;50,0;Подготовка;
20251209;16:05:54;-0,5;0,0;0,0;0,0;50,0;Подготовка;
20251209;16:05:59;-0,5;0,0;0,0;0,0;50,0;Подготовка;
20251209;16:06:04;-0,5;0,0;0,0;0,0;50,0;Подготовка;
20251209;16:06:09;-0,5;0,0;0,0;0,0;50,0;Подготовка;
20251209;16:06:14;-0,5;0,0;0,0;0,0;50,0;Подготовка;
20251209;16:06:19;-0,5;0,0;0,0;0,0;50,0;Подготовка;
20251209;16:06:24;-0,5;0,0;0,0;0,0;50,0;Подготовка;
20251209;16:06:29;-0,5;0,0;0,0;0,0;50,0;Подготовка;
20251209;16:06:34;-0,5;0,0;0,0;0,0;50,0;Подготовка;
20251209;16:06:39;-0,5;0,0;0,0;0,0;50,0;Подготовка;
20251209;16:06:44;-0,5;0,0;0,0;0,0;50,0;Подготовка;
20251209;16:06:49;-0,5;0,0;0,0;0,0;50,0;Подготовка;
20251209;16:06:54;-0,5;0,0;0,0;0,0;50,0;Подготовка;
20251209;16:06:59;-0,5;0,0;0,0;0,0;50,0;Подготовка;
20251209;16:07:04;-0,5;0,0;0,0;0,0;50,0;Подготовка;
20251209;16:07:09;-0,5;0,0;0,0;0,0;50,0;Подготовка;
20251209;16:07:14;-0,5;0,0;0,0;0,0;50,0;Подготовка;
20251209;16:07:19;-0,5;0,0;0,0;0,0;50,0;Подготовка;
20251209;16:07:24;-0,5;0,0;0,0;0,0;50,0;Подготовка;
20251209;16:07:29;-0,5;0,0;0,0;0,0;50,0;Подготовка;
20251209;16:07:34;-0,5;0,0;0,0;0,0;50,0;Подготовка;
20251209;16:07:40;-0,5;0,0;0,0;0,0;50,0;Подготовка;
20251209;16:07:45;-0,5;0,0;0,0;0,0;50,0;Подготовка;
20251209;16:07:50;-0,5;0,0;0,0;0,0;50,0;Подготовка;
20251209;16:07:55;-0,5;0,0;0,0;0,0;50,0;Подготовка;
20251209;16:08:00;-0,5;0,0;0,0;0,0;50,0;Подготовка;
20251209;16:08:05;-0,5;0,0;0,0;0,0;50,0;Подготовка;
20251209;16:08:10;-0,5;0,0;0,0;0,0;50,0;Подготовка;
20251209;16:08:15;-0,5;0,0;0,0;0,0;50,0;Подготовка;
20251209;16:08:20;-0,5;0,0;0,0;0,0;50,0;Подготовка;
20251209;16:08:25;-0,5;0,0;0,0;0,0;50,0;Подготовка;
20251209;16:08:30;-0,5;0,0;0,0;0,0;50,0;Подготовка;
20251209;16:08:35;-0,5;0,0;0,0;0,0;50,0;Подготовка;
20251209;16:08:40;-0,5;0,0;0,0;0,0;50,0;Подготовка;
20251209;16:08:45;-0,5;0,0;0,0;0,0;50,0;Подготовка;
20251209;16:08:50;-0,5;0,0;0,0;0,0;50,0;Подготовка;
20251209;16:08:55;-0,5;0,0;0,0;0,0;50,0;Подготовка;
20251209;16:09:00;-0,5;0,0;0,0;0,0;50,0;Подготовка;
20251209;16:09:05;-0,5;0,0;0,0;0,0;50,0;Подготовка;
20251209;16:09:10;-0,5;0,0;0,0;0,0;50,0;Подготовка;
20251209;16:09:15;-0,5;0,0;0,0;0,0;50,0;Подготовка;
20251209;16:09:20;-0,5;0,0;0,0;0,0;50,0;Подготовка;
20251209;16:09:25;-0,5;0,0;0,0;0,0;50,0;Подготовка;
20251209;16:09:30;-0,5;0,0;0,0;0,0;50,0;Подготовка;
20251209;16:09:35;-0,5;0,0;0,0;0,0;50,0;Подготовка;
20251209;16:09:40;-0,5;0,0;0,0;0,0;50,0;Подготовка;
20251209;16:09:46;-0,5;0,0;0,0;0,0;50,0;Подготовка;
20251209;16:09:51;-0,5;0,0;0,0;0,0;50,0;Подготовка;
20251209;16:09:56;-0,5;0,0;0,0;0,0;50,0;Подготовка;
20251209;16:10:01;-0,5;0,0;0,0;0,0;50,0;Подготовка;
20251209;16:10:06;-0,5;0,0;0,0;0,0;50,0;Подготовка;
20251209;16:10:11;-0,5;0,0;0,0;0,0;50,0;Подготовка;
20251209;16:10:16;-0,5;0,0;0,0;0,0;50,0;Подготовка;
20251209;16:10:21;-0,5;0,0;0,0;0,0;50,0;Подготовка;
20251209;16:10:26;-0,5;0,0;0,0;0,0;50,0;Подготовка;
20251209;16:10:31;-0,5;0,0;0,0;0,0;50,0;Подготовка;
20251209;16:10:36;-0,5;0,0;0,0;0,0;50,0;Подготовка;
20251209;16:10:41;-0,5;0,0;0,0;0,0;50,0;Подготовка;
20251209;16:10:46;-0,5;0,0;0,0;0,0;50,0;Подготовка;
20251209;16:10:51;-0,5;0,0;0,0;0,0;50,0;Подготовка;
20251209;16:10:56;-0,5;0,0;0,0;0,0;50,0;Подготовка;
20251209;16:11:01;-0,5;0,0;0,0;0,0;50,0;Подготовка;
20251209;16:11:06;-0,5;0,0;0,0;0,0;50,0;Подготовка;
20251209;16:11:11;-0,5;0,0;0,0;0,0;50,0;Подготовка;
20251209;16:11:16;-0,5;0,0;0,0;0,0;50,0;Подготовка;
20251209;16:11:21;-0,5;0,0;0,0;0,0;50,0;Подготовка;
20251209;16:11:26;-0,5;0,0;0,0;0,0;50,0;Подготовка;
20251209;16:11:31;-0,5;0,0;0,0;0,0;50,0;Подготовка;
20251209;16:11:36;-0,5;0,0;0,0;0,0;50,0;Подготовка;
20251209;16:11:41;-0,5;0,0;0,0;0,0;50,0;Подготовка;
20251209;16:11:46;-0,5;0,0;0,0;0,0;50,0;Подготовка;
20251209;16:11:52;-0,5;0,0;0,0;0,0;50,0;Подготовка;
20251209;16:11:57;-0,5;0,0;0,0;0,0;50,0;Подготовка;
20251209;16:12:02;-0,5;0,0;0,0;0,0;50,0;Подготовка;
20251209;16:12:07;-0,5;0,0;0,0;0,0;50,0;Подготовка;
20251209;16:12:12;-0,5;0,0;0,0;0,0;50,0;Подготовка;
20251209;16:12:17;-0,5;0,0;0,0;0,0;50,0;Подготовка;
20251209;16:12:22;-0,5;0,0;0,0;0,0;50,0;Подготовка;
20251209;16:12:27;-0,5;0,0;0,0;0,0;50,0;Подготовка;
20251209;16:12:32;-0,5;0,0;0,0;0,0;50,0;Подготовка;
20251209;16:12:37;-0,5;0,0;0,0;0,0;50,0;Подготовка;
20251209;16:12:42;-0,5;0,0;0,0;0,0;50,0;Подготовка;
20251209;16:12:47;-0,5;0,0;0,0;0,0;50,0;Подготовка;
20251209;16:12:52;-0,5;0,0;0,0;0,0;50,0;Подготовка;
20251209;16:12:57;-0,5;0,0;0,0;0,0;50,0;Подготовка;
20251209;16:13:02;-0,5;0,0;0,0;0,0;50,0;Подготовка;
20251209;16:13:07;-0,5;0,0;0,0;0,0;50,0;Подготовка;
20251209;16:13:12;-0,5;0,0;0,0;0,0;50,0;Подготовка;
20251209;16:13:17;-0,5;0,0;0,0;0,0;50,0;Подготовка;
20251209;16:13:22;-0,5;0,0;0,0;0,0;50,0;Подготовка;
20251209;16:13:27;-0,5;0,0;0,0;0,0;50,0;Подготовка;
20251209;16:13:32;-0,5;0,0;0,0;0,0;50,0;Подготовка;
20251209;16:13:37;-0,5;0,0;0,0;0,0;50,0;Подготовка;
20251209;16:13:42;-0,5;0,0;0,0;0,0;50,0;Подготовка;
20251209;16:13:47;-0,5;0,0;0,0;0,0;50,0;Подготовка;
20251209;16:13:52;-0,5;0,0;0,0;0,0;50,0;Подготовка;
20251209;16:13:58;-0,5;0,0;0,0;0,0;50,0;Подготовка;
20251209;16:14:03;-0,5;0,0;0,0;0,0;50,0;Подготовка;
20251209;16:14:08;-0,5;0,0;0,0;0,0;50,0;Подготовка;
20251209;16:14:13;-0,5;0,0;0,0;0,0;50,0;Подготовка;
20251209;16:14:18;-0,5;0,0;0,0;0,0;50,0;Подготовка;
20251209;16:14:23;-0,5;0,0;0,0;0,0;50,0;Подготовка;
20251209;16:14:28;-0,5;0,0;0,0;0,0;50,0;Подготовка;
20251209;16:14:33;-0,5;0,0;0,0;0,0;50,0;Подготовка;
20251209;16:14:38;-0,5;0,0;0,0;0,0;50,0;Подготовка;
20251209;16:14:43;-0,5;0,0;0,0;0,0;50,0;Подготовка;
20251209;16:14:48;-0,5;0,0;0,0;0,0;50,0;Подготовка;
20251209;16:14:53;-0,5;0,0;0,0;0,0;50,0;Подготовка;
20251209;16:14:58;-0,5;0,0;0,0;0,0;50,0;Подготовка;
20251209;16:15:03;-0,5;0,0;0,0;0,0;50,0;Подготовка;
20251209;16:15:08;-0,5;0,0;0,0;0,0;50,0;Подготовка;
20251209;16:15:13;-0,5;0,0;0,0;0,0;50,0;Подготовка;
20251209;16:15:18;-0,5;0,0;0,0;0,0;50,0;Подготовка;
20251209;16:15:23;-0,5;0,0;0,0;0,0;50,0;Подготовка;
20251209;16:15:28;-0,5;0,0;0,0;0,0;50,0;Подготовка;
20251209;16:15:33;-0,5;0,0;0,0;0,0;50,0;Подготовка;
20251209;16:15:38;-0,5;0,0;0,0;0,0;50,0;Подготовка;
20251209;16:15:43;-0,5;0,0;0,0;0,0;50,0;Подготовка;
20251209;16:15:48;-0,5;0,0;0,0;0,0;50,0;Подготовка;
20251209;16:15:53;-0,5;0,0;0,0;0,0;50,0;Подготовка;
20251209;16:15:58;-0,5;0,0;0,0;0,0;50,0;Подготовка;
20251209;16:16:04;-0,5;0,0;0,0;0,0;50,0;Подготовка;
20251209;16:16:09;-0,5;0,0;0,0;0,0;50,0;Подготовка;
20251209;16:16:14;-0,5;0,0;0,0;0,0;50,0;Подготовка;
20251209;16:16:19;-0,5;0,0;0,0;0,0;50,0;Подготовка;
20251209;16:16:24;-0,5;0,0;0,0;0,0;50,0;Подготовка;
20251209;16:16:29;-0,5;0,0;0,0;0,0;50,0;Подготовка;
20251209;16:16:34;-0,5;0,0;0,0;0,0;50,0;Подготовка;
20251209;16:16:39;-0,5;0,0;0,0;0,0;50,0;Подготовка;
20251209;16:16:44;-0,5;0,0;0,0;0,0;50,0;Подготовка;
20251209;16:16:49;-0,5;0,0;0,0;0,0;50,0;Подготовка;
20251209;16:16:54;-0,5;0,0;0,0;0,0;50,0;Подготовка;
20251209;16:16:59;-0,5;0,0;0,0;0,0;50,0;Подготовка;
20251209;16:17:04;-0,5;0,0;0,0;0,0;50,0;Подготовка;
20251209;16:17:09;-0,5;0,0;0,0;0,0;50,0;Подготовка;
20251209;16:17:14;-0,5;0,0;0,0;0,0;50,0;Подготовка;
20251209;16:17:19;-0,5;0,0;0,0;0,0;50,0;Подготовка;
20251209;16:17:24;-0,5;0,0;0,0;0,0;50,0;Подготовка;
20251209;16:17:29;-0,5;0,0;0,0;0,0;50,0;Подготовка;
20251209;16:17:34;-0,5;0,0;0,0;0,0;50,0;Подготовка;
20251209;16:17:39;-0,5;0,0;0,0;0,0;50,0;Подготовка;
20251209;16:17:44;-0,5;0,0;0,0;0,0;50,0;Подготовка;
20251209;16:17:49;-0,5;0,0;0,0;0,0;50,0;Подготовка;
20251209;16:17:54;-0,5;0,0;0,0;0,0;50,0;Подготовка;
20251209;16:17:59;-0,5;0,0;0,0;0,0;50,0;Подготовка;
20251209;16:18:04;-0,5;0,0;0,0;0,0;50,0;Подготовка;
20251209;16:18:10;-0,5;0,0;0,0;0,0;50,0;Подготовка;
20251209;16:18:15;-0,5;0,0;0,0;0,0;50,0;Подготовка;
20251209;16:18:20;-0,5;0,0;0,0;0,0;50,0;Подготовка;
20251209;16:18:25;-0,5;0,0;0,0;0,0;50,0;Подготовка;
20251209;16:18:30;-0,5;0,0;0,0;0,0;50,0;Подготовка;
20251209;16:18:35;-0,5;0,0;0,0;0,0;50,0;Подготовка;
20251209;16:18:40;-0,5;0,0;0,0;0,0;50,0;Подготовка;
20251209;16:18:45;-0,5;0,0;0,0;0,0;50,0;Подготовка;
20251209;16:18:50;-0,5;0,0;0,0;0,0;50,0;Подготовка;
20251209;16:18:55;-0,5;0,0;0,0;0,0;50,0;Подготовка;
20251209;16:19:00;-0,5;0,0;0,0;0,0;50,0;Подготовка;
20251209;16:19:05;-0,5;0,0;0,0;0,0;50,0;Подготовка;
20251209;16:19:10;-0,5;0,0;0,0;0,0;50,0;Подготовка;
20251209;16:19:15;-0,5;0,0;0,0;0,0;50,0;Подготовка;
20251209;16:19:20;-0,5;0,0;0,0;0,0;50,0;Подготовка;
20251209;16:19:25;-0,5;0,0;0,0;0,0;50,0;Подготовка;
20251209;16:19:30;-0,5;0,0;0,0;0,0;50,0;Подготовка;
20251209;16:19:35;-0,5;0,0;0,0;0,0;50,0;Подготовка;
20251209;16:19:40;-0,5;0,0;0,0;0,0;50,0;Подготовка;
20251209;16:19:45;-0,5;0,0;0,0;0,0;50,0;Подготовка;
20251209;16:19:50;-0,5;0,0;0,0;0,0;50,0;Подготовка;
20251209;16:19:55;-0,5;0,0;0,0;0,0;50,0;Подготовка;
20251209;16:20:00;-0,5;0,0;0,0;0,0;50,0;Подготовка;
20251209;16:20:05;-0,5;0,0;0,0;0,0;50,0;Подготовка;
20251209;16:20:10;-0,5;0,0;0,0;0,0;50,0;Подготовка;
20251209;16:20:16;-0,5;0,0;0,0;0,0;50,0;Подготовка;
20251209;16:20:21;-0,5;0,0;0,0;0,0;50,0;Подготовка;
20251209;16:20:26;-0,5;0,0;0,0;0,0;50,0;Подготовка;
20251209;16:20:31;-0,5;0,0;0,0;0,0;50,0;Подготовка;
20251209;16:20:36;-0,5;0,0;0,0;0,0;50,0;Подготовка;
20251209;16:20:41;-0,5;0,0;0,0;0,0;50,0;Подготовка;
20251209;16:20:46;-0,5;0,0;0,0;0,0;50,0;Подготовка;
20251209;16:20:51;-0,5;0,0;0,0;0,0;50,0;Подготовка;
20251209;16:20:56;-0,5;0,0;0,0;0,0;50,0;Подготовка;
20251209;16:21:01;-0,5;0,0;0,0;0,0;50,0;Подготовка;
20251209;16:21:06;-0,5;0,0;0,0;0,0;50,0;Подготовка;
20251209;16:21:11;-0,5;0,0;0,0;0,0;50,0;Подготовка;
20251209;16:21:16;-0,5;0,0;0,0;0,0;50,0;Подготовка;
20251209;16:21:21;-0,5;0,0;0,0;0,0;50,0;Подготовка;
20251209;16:21:26;-0,5;0,0;0,0;0,0;50,0;Подготовка;
20251209;16:21:31;-0,5;0,0;0,0;0,0;50,0;Подготовка;
20251209;16:21:36;-0,5;0,0;0,0;0,0;50,0;Подготовка;
20251209;16:21:41;-0,5;0,0;0,0;0,0;50,0;Подготовка;
20251209;16:21:46;-0,5;0,0;0,0;0,0;50,0;Подготовка;
20251209;16:21:51;-0,5;0,0;0,0;0,0;50,0;Подготовка;
20251209;16:21:56;-0,5;0,0;0,0;0,0;50,0;Подготовка;
20251209;16:22:01;-0,5;0,0;0,0;0,0;50,0;Подготовка;
20251209;16:22:06;-0,5;0,0;0,0;0,0;50,0;Подготовка;
20251209;16:22:11;-0,5;0,0;0,0;0,0;50,0;Подготовка;
20251209;16:22:16;-0,5;0,0;0,0;0,0;50,0;Подготовка;
20251209;16:22:22;-0,5;0,0;0,0;0,0;50,0;Подготовка;
20251209;16:22:27;-0,5;0,0;0,0;0,0;50,0;Подготовка;
20251209;16:22:32;-0,5;0,0;0,0;0,0;50,0;Подготовка;
20251209;16:22:37;-0,5;0,0;0,0;0,0;50,0;Подготовка;
20251209;16:22:42;-0,5;0,0;0,0;0,0;50,0;Подготовка;
20251209;16:22:47;-0,5;0,0;0,0;0,0;50,0;Подготовка;
20251209;16:22:52;-0,5;0,0;0,0;0,0;50,0;Подготовка;
20251209;16:22:57;-0,5;0,0;0,0;0,0;50,0;Подготовка;
20251209;16:23:02;-0,5;0,0;0,0;0,0;50,0;Подготовка;
20251209;16:23:07;-0,5;0,0;0,0;0,0;50,0;Подготовка;
20251209;16:23:12;-0,5;0,0;0,0;0,0;50,0;Подготовка;
20251209;16:23:17;-0,5;0,0;0,0;0,0;50,0;Подготовка;
20251209;16:23:22;-0,5;0,0;0,0;0,0;50,0;Подготовка;
20251209;16:23:27;-0,5;0,0;0,0;0,0;50,0;Подготовка;
20251209;16:23:32;-0,5;0,0;0,0;0,0;50,0;Подготовка;
20251209;16:23:37;-0,5;0,0;0,0;0,0;50,0;Подготовка;
20251209;16:23:42;-0,5;0,0;0,0;0,0;50,0;Подготовка;
20251209;16:23:47;-0,5;0,0;0,0;0,0;50,0;Подготовка;
20251209;16:23:52;-0,5;0,0;0,0;0,0;50,0;Подготовка;
20251209;16:23:57;-0,5;0,0;0,0;0,0;50,0;Подготовка;
20251209;16:24:02;-0,5;0,0;0,0;0,0;50,0;Подготовка;
20251209;16:24:07;-0,5;0,0;0,0;0,0;50,0;Подготовка;
20251209;16:24:12;-0,5;0,0;0,0;0,0;50,0;Подготовка;
20251209;16:24:17;-0,5;0,0;0,0;0,0;50,0;Подготовка;
20251209;16:24:22;-0,5;0,0;0,0;0,0;50,0;Подготовка;
20251209;16:24:28;-0,5;0,0;0,0;0,0;50,0;Подготовка;
20251209;16:24:33;-0,5;0,0;0,0;0,0;50,0;Подготовка;
20251209;16:24:38;-0,5;0,0;0,0;0,0;50,0;Подготовка;
20251209;16:24:43;-0,5;0,0;0,0;0,0;50,0;Подготовка;
20251209;16:24:48;-0,5;0,0;0,0;0,0;50,0;Подготовка;
20251209;16:24:53;-0,5;0,0;0,0;0,0;50,0;Подготовка;
20251209;16:24:58;-0,5;0,0;0,0;0,0;50,0;Подготовка;
20251209;16:25:03;-0,5;0,0;0,0;0,0;50,0;Подготовка;
20251209;16:25:08;-0,5;0,0;0,0;0,0;50,0;Подготовка;
20251209;16:25:13;-0,5;0,0;0,0;0,0;50,0;Подготовка;
20251209;16:25:18;-0,5;0,0;0,0;0,0;50,0;Подготовка;
20251209;16:25:23;-0,5;0,0;0,0;0,0;50,0;Подготовка;
20251209;16:25:28;-0,5;0,0;0,0;0,0;50,0;Подготовка;
20251209;16:25:33;-0,5;0,0;0,0;0,0;50,0;Подготовка;
20251209;16:25:38;-0,5;0,0;0,0;0,0;50,0;Подготовка;
20251209;16:25:43;-0,5;0,0;0,0;0,0;50,0;Подготовка;
20251209;16:25:48;-0,5;0,0;0,0;0,0;50,0;Подготовка;
20251209;16:25:53;-0,5;0,0;0,0;0,0;50,0;Подготовка;
20251209;16:25:58;-0,5;0,0;0,0;0,0;50,0;Подготовка;
20251209;16:26:03;-0,5;0,0;0,0;0,0;50,0;Подготовка;
20251209;16:26:08;-0,5;0,0;0,0;0,0;50,0;Подготовка;
20251209;16:26:13;-0,5;0,0;0,0;0,0;50,0;Подготовка;
20251209;16:26:18;-0,5;0,0;0,0;0,0;50,0;Подготовка;
20251209;16:26:23;-0,5;0,0;0,0;0,0;50,0;Подготовка;
20251209;16:26:28;-0,5;0,0;0,0;0,0;50,0;Подготовка;
20251209;16:26:34;-0,5;0,0;0,0;0,0;50,0;Подготовка;
20251209;16:26:39;-0,5;0,0;0,0;0,0;50,0;Подготовка;
20251209;16:26:44;-0,5;0,0;0,0;0,0;50,0;Подготовка;
20251209;16:26:49;-0,5;0,0;0,0;0,0;50,0;Подготовка;
20251209;16:26:54;-0,5;0,0;0,0;0,0;50,0;Подготовка;
20251209;16:26:59;-0,5;0,0;0,0;0,0;50,0;Подготовка;
20251209;16:27:04;-0,5;0,0;0,0;0,0;50,0;Подготовка;
20251209;16:27:09;-0,5;0,0;0,0;0,0;50,0;Подготовка;
20251209;16:27:14;-0,5;0,0;0,0;0,0;50,0;Подготовка;
20251209;16:27:19;-0,5;0,0;0,0;0,0;50,0;Подготовка;
20251209;16:27:24;-0,5;0,0;0,0;0,0;50,0;Подготовка;
20251209;16:27:29;-0,5;0,0;0,0;0,0;50,0;Подготовка;
20251209;16:27:34;-0,5;0,0;0,0;0,0;50,0;Подготовка;
20251209;16:27:39;-0,5;0,0;0,0;0,0;50,0;Подготовка;
20251209;16:27:44;-0,5;0,0;0,0;0,0;50,0;Подготовка;
20251209;16:27:49;-0,5;0,0;0,0;0,0;50,0;Подготовка;
20251209;16:27:54;-0,5;0,0;0,0;0,0;50,0;Подготовка;
20251209;16:27:59;-0,5;0,0;0,0;0,0;50,0;Подготовка;
20251209;16:28:04;-0,5;0,0;0,0;0,0;50,0;Подготовка;
20251209;16:28:09;-0,5;0,0;0,0;0,0;50,0;Подготовка;
20251209;16:28:14;-0,5;0,0;0,0;0,0;50,0;Подготовка;
20251209;16:28:19;-0,5;0,0;0,0;0,0;50,0;Подготовка;
20251209;16:28:24;-0,5;0,0;0,0;0,0;50,0;Подготовка;
20251209;16:28:29;-0,5;0,0;0,0;0,0;50,0;Подготовка;
20251209;16:28:34;-0,5;0,0;0,0;0,0;50,0;Подготовка;
20251209;16:28:40;-0,5;0,0;0,0;0,0;50,0;Подготовка;
20251209;16:28:45;-0,5;0,0;0,0;0,0;50,0;Подготовка;
20251209;16:28:50;-0,5;0,0;0,0;0,0;50,0;Подготовка;
20251209;16:28:55;-0,5;0,0;0,0;0,0;50,0;Подготовка;
20251209;16:29:00;-0,5;0,0;0,0;0,0;50,0;Подготовка;
20251209;16:29:05;-0,5;0,0;0,0;0,0;50,0;Подготовка;
20251209;16:29:10;-0,5;0,0;0,0;0,0;50,0;Подготовка;
20251209;16:29:15;-0,5;0,0;0,0;0,0;50,0;Подготовка;
20251209;16:29:20;-0,5;0,0;0,0;0,0;50,0;Подготовка;
20251209;16:29:25;-0,5;0,0;0,0;0,0;50,0;Подготовка;
20251209;16:29:30;-0,5;0,0;0,0;0,0;50,0;Подготовка;
20251209;16:29:35;-0,5;0,0;0,0;0,0;50,0;Подготовка;
20251209;16:29:40;-0,5;0,0;0,0;0,0;50,0;Подготовка;
20251209;16:29:45;-0,5;0,0;0,0;0,0;50,0;Подготовка;
20251209;16:29:50;-0,5;0,0;0,0;0,0;50,0;Подготовка;
20251209;16:29:55;-0,5;0,0;0,0;0,0;50,0;Подготовка;
20251209;16:30:00;-0,5;0,0;0,0;0,0;50,0;Подготовка;
20251209;16:30:05;-0,5;0,0;0,0;0,0;50,0;Подготовка;
20251209;16:30:10;-0,5;0,0;0,0;0,0;50,0;Подготовка;
20251209;16:30:15;-0,5;0,0;0,0;0,0;50,0;Подготовка;
20251209;16:30:20;-0,5;0,0;0,0;0,0;50,0;Подготовка;
20251209;16:30:25;-0,5;0,0;0,0;0,0;50,0;Подготовка;
20251209;16:30:30;-0,5;0,0;0,0;0,0;50,0;Подготовка;
20251209;16:30:35;-0,5;0,0;0,0;0,0;50,0;Подготовка;
20251209;16:30:40;-0,5;0,0;0,0;0,0;50,0;Подготовка;
20251209;16:30:46;-0,5;0,0;0,0;0,0;50,0;Подготовка;
20251209;16:30:51;-0,5;0,0;0,0;0,0;50,0;Подготовка;
20251209;16:30:56;-0,5;0,0;0,0;0,0;50,0;Подготовка;
20251209;16:31:01;-0,5;0,0;0,0;0,0;50,0;Подготовка;
20251209;16:31:06;-0,5;0,0;0,0;0,0;50,0;Подготовка;
20251209;16:31:11;-0,5;0,0;0,0;0,0;50,0;Подготовка;
20251209;16:31:16;-0,5;0,0;0,0;0,0;50,0;Подготовка;
20251209;16:31:21;-0,5;0,0;0,0;0,0;50,0;Подготовка;
20251209;16:31:26;-0,5;0,0;0,0;0,0;50,0;Подготовка;
20251209;16:31:31;-0,5;0,0;0,0;0,0;50,0;Подготовка;
20251209;16:31:36;-0,5;0,0;0,0;0,0;50,0;Подготовка;
20251209;16:31:41;-0,5;0,0;0,0;0,0;50,0;Подготовка;
20251209;16:31:46;-0,5;0,0;0,0;0,0;50,0;Подготовка;
20251209;16:31:51;-0,5;0,0;0,0;0,0;50,0;Подготовка;
20251209;16:31:56;-0,5;0,0;0,0;0,0;50,0;Подготовка;
20251209;16:32:01;-0,5;0,0;0,0;0,0;50,0;Подготовка;
20251209;16:32:06;-0,5;0,0;0,0;0,0;50,0;Подготовка;
20251209;16:32:11;-0,5;0,0;0,0;0,0;50,0;Подготовка;
20251209;16:32:16;-0,5;0,0;0,0;0,0;50,0;Подготовка;
20251209;16:32:21;-0,5;0,0;0,0;0,0;50,0;Подготовка;
20251209;16:32:26;-0,5;0,0;0,0;0,0;50,0;Подготовка;
20251209;16:32:31;-0,5;0,0;0,0;0,0;50,0;Подготовка;
20251209;16:32:36;-0,5;0,0;0,0;0,0;50,0;Подготовка;
20251209;16:32:41;-0,5;0,0;0,0;0,0;50,0;Подготовка;
20251209;16:32:46;-0,5;0,0;0,0;0,0;50,0;Подготовка;
20251209;16:32:52;-0,5;0,0;0,0;0,0;50,0;Подготовка;
20251209;16:32:57;-0,5;0,0;0,0;0,0;50,0;Подготовка;
20251209;16:33:02;-0,5;0,0;0,0;0,0;50,0;Подготовка;
20251209;16:33:07;-0,5;0,0;0,0;0,0;50,0;Подготовка;
20251209;16:33:12;-0,5;0,0;0,0;0,0;50,0;Подготовка;
20251209;16:33:17;-0,5;0,0;0,0;0,0;50,0;Подготовка;
20251209;16:33:22;-0,5;0,0;0,0;0,0;50,0;Подготовка;
20251209;16:33:27;-0,5;0,0;0,0;0,0;50,0;Подготовка;
20251209;16:33:32;-0,5;0,0;0,0;0,0;50,0;Подготовка;
20251209;16:33:37;-0,5;0,0;0,0;0,0;50,0;Подготовка;
20251209;16:33:42;-0,5;0,0;0,0;0,0;50,0;Подготовка;
20251209;16:33:47;-0,5;0,0;0,0;0,0;50,0;Подготовка;
20251209;16:33:52;-0,5;0,0;0,0;0,0;50,0;Подготовка;
20251209;16:33:57;-0,5;0,0;0,0;0,0;50,0;Подготовка;
20251209;16:34:02;-0,5;0,0;0,0;0,0;50,0;Подготовка;
20251209;16:34:07;-0,5;0,0;0,0;0,0;50,0;Подготовка;
20251209;16:34:12;-0,5;0,0;0,0;0,0;50,0;Подготовка;
20251209;16:34:17;-0,5;0,0;0,0;0,0;50,0;Подготовка;
20251209;16:34:22;-0,5;0,0;0,0;0,0;50,0;Подготовка;
20251209;16:34:27;-0,5;0,0;0,0;0,0;50,0;Подготовка;
Предприятие;
Объект;
Вид оборудования;
Дисп. наименование;
Тип;
Зав. номер;
Сер. номер;
Год выпуска;
Год ввода в эксплуатацию;
Дата отбора пробы;
Марка пробы;
Температура пробы;
DATE ;TIME ;TS_TEMP ;PROB_TEMP ;PROB_OTN_VL ;PROBE_VlAGOSOD ;SP ;STATUS ; 
20251209;16:34:44;-0,39;0,0;0,0;0,0;50,0;Включение;
20251209;16:34:49;-0,49;0,0;0,0;0,0;50,0;Включение;
20251209;16:34:54;-0,49;0,0;0,0;0,0;50,0;Подготовка;
20251209;16:34:59;-0,49;0,0;0,0;0,0;50,0;Подготовка;
20251209;16:35:04;-0,49;0,0;0,0;0,0;50,0;Подготовка;
20251209;16:35:09;-0,49;0,0;0,0;0,0;50,0;Подготовка;
20251209;16:35:14;-0,5;0,0;0,0;0,0;50,0;Подготовка;
20251209;16:35:19;-0,5;0,0;0,0;0,0;50,0;Подготовка;
20251209;16:35:24;-0,5;0,0;0,0;0,0;50,0;Подготовка;
20251209;16:35:29;-0,5;0,0;0,0;0,0;50,0;Подготовка;
20251209;16:35:34;-0,5;0,0;0,0;0,0;50,0;Подготовка;
20251209;16:35:40;-0,5;0,0;0,0;0,0;50,0;Подготовка;
20251209;16:35:45;-0,5;0,0;0,0;0,0;50,0;Подготовка;
20251209;16:35:50;-0,5;0,0;0,0;0,0;50,0;Подготовка;
20251209;16:35:55;-0,5;0,0;0,0;0,0;50,0;Подготовка;
20251209;16:36:00;-0,5;0,0;0,0;0,0;50,0;Подготовка;
20251209;16:36:05;-0,5;0,0;0,0;0,0;50,0;Подготовка;
20251209;16:36:10;-0,5;0,0;0,0;0,0;50,0;Подготовка;
20251209;16:36:15;-0,5;0,0;0,0;0,0;50,0;Подготовка;
20251209;16:36:20;-0,5;0,0;0,0;0,0;50,0;Подготовка;
20251209;16:36:25;-0,5;0,0;0,0;0,0;50,0;Подготовка;
20251209;16:36:30;-0,5;0,0;0,0;0,0;50,0;Подготовка;
20251209;16:36:35;-0,5;0,0;0,0;0,0;50,0;Подготовка;
20251209;16:36:40;-0,5;0,0;0,0;0,0;50,0;Подготовка;
20251209;16:36:45;-0,5;0,0;0,0;0,0;50,0;Подготовка;
20251209;16:36:50;-0,5;0,0;0,0;0,0;50,0;Подготовка;
20251209;16:36:55;-0,5;0,0;0,0;0,0;50,0;Подготовка;
20251209;16:37:00;-0,5;0,0;0,0;0,0;50,0;Подготовка;
20251209;16:37:05;-0,5;0,0;0,0;0,0;50,0;Подготовка;
20251209;16:37:10;-0,5;0,0;0,0;0,0;50,0;Подготовка;
20251209;16:37:15;-0,5;0,0;0,0;0,0;50,0;Подготовка;
20251209;16:37:20;-0,5;0,0;0,0;0,0;50,0;Подготовка;
20251209;16:37:25;-0,5;0,0;0,0;0,0;50,0;Подготовка;
20251209;16:37:30;-0,5;0,0;0,0;0,0;50,0;Подготовка;
20251209;16:37:35;-0,5;0,0;0,0;0,0;50,0;Подготовка;
20251209;16:37:40;-0,5;0,0;0,0;0,0;50,0;Подготовка;
20251209;16:37:46;-0,5;0,0;0,0;0,0;50,0;Подготовка;
20251209;16:37:51;-0,5;0,0;0,0;0,0;50,0;Подготовка;
20251209;16:37:56;-0,5;0,0;0,0;0,0;50,0;Подготовка;
20251209;16:38:01;-0,5;0,0;0,0;0,0;50,0;Подготовка;
20251209;16:38:06;-0,5;0,0;0,0;0,0;50,0;Подготовка;
20251209;16:38:11;-0,5;0,0;0,0;0,0;50,0;Подготовка;
20251209;16:38:16;-0,5;0,0;0,0;0,0;50,0;Подготовка;
20251209;16:38:21;-0,5;0,0;0,0;0,0;50,0;Подготовка;
20251209;16:38:26;-0,5;0,0;0,0;0,0;50,0;Подготовка;
20251209;16:38:31;-0,5;0,0;0,0;0,0;50,0;Подготовка;
20251209;16:38:36;-0,5;0,0;0,0;0,0;50,0;Подготовка;
20251209;16:38:41;-0,5;0,0;0,0;0,0;50,0;Подготовка;
20251209;16:38:46;-0,5;0,0;0,0;0,0;50,0;Подготовка;
20251209;16:38:51;-0,5;0,0;0,0;0,0;50,0;Подготовка;
20251209;16:38:56;-0,5;0,0;0,0;0,0;50,0;Подготовка;
20251209;16:39:01;-0,5;0,0;0,0;0,0;50,0;Подготовка;
20251209;16:39:06;-0,5;0,0;0,0;0,0;50,0;Подготовка;
20251209;16:39:11;-0,5;0,0;0,0;0,0;50,0;Подготовка;
20251209;16:39:16;-0,5;0,0;0,0;0,0;50,0;Подготовка;
20251209;16:39:21;-0,5;0,0;0,0;0,0;50,0;Подготовка;
20251209;16:39:26;-0,5;0,0;0,0;0,0;50,0;Подготовка;
20251209;16:39:31;-0,5;0,0;0,0;0,0;50,0;Подготовка;
20251209;16:39:36;-0,5;0,0;0,0;0,0;50,0;Подготовка;
20251209;16:39:41;-0,5;0,0;0,0;0,0;50,0;Подготовка;
20251209;16:39:46;-0,5;0,0;0,0;0,0;50,0;Подготовка;
20251209;16:39:52;-0,5;0,0;0,0;0,0;50,0;Подготовка;
20251209;16:39:57;-0,5;0,0;0,0;0,0;50,0;Подготовка;
20251209;16:40:02;-0,5;0,0;0,0;0,0;50,0;Подготовка;
20251209;16:40:07;-0,5;0,0;0,0;0,0;50,0;Подготовка;
20251209;16:40:12;-0,5;0,0;0,0;0,0;50,0;Подготовка;
20251209;16:40:17;-0,5;0,0;0,0;0,0;50,0;Подготовка;
20251209;16:40:22;-0,5;0,0;0,0;0,0;50,0;Подготовка;
20251209;16:40:27;-0,5;0,0;0,0;0,0;50,0;Подготовка;
20251209;16:40:32;-0,5;0,0;0,0;0,0;50,0;Подготовка;
20251209;16:40:37;-0,5;0,0;0,0;0,0;50,0;Подготовка;
20251209;16:40:42;-0,5;0,0;0,0;0,0;50,0;Подготовка;
20251209;16:40:47;-0,5;0,0;0,0;0,0;50,0;Подготовка;
20251209;16:40:52;-0,5;0,0;0,0;0,0;50,0;Подготовка;
20251209;16:40:57;-0,5;0,0;0,0;0,0;50,0;Подготовка;
20251209;16:41:02;-0,5;0,0;0,0;0,0;50,0;Подготовка;
20251209;16:41:07;-0,5;0,0;0,0;0,0;50,0;Подготовка;
20251209;16:41:12;-0,5;0,0;0,0;0,0;50,0;Подготовка;
20251209;16:41:17;-0,5;0,0;0,0;0,0;50,0;Подготовка;
20251209;16:41:22;-0,5;0,0;0,0;0,0;50,0;Подготовка;
20251209;16:41:27;-0,5;0,0;0,0;0,0;50,0;Подготовка;
20251209;16:41:32;-0,5;0,0;0,0;0,0;50,0;Подготовка;
20251209;16:41:37;-0,5;0,0;0,0;0,0;50,0;Подготовка;
20251209;16:41:42;-0,5;0,0;0,0;0,0;50,0;Подготовка;
20251209;16:41:47;-0,5;0,0;0,0;0,0;50,0;Подготовка;
20251209;16:41:52;-0,5;0,0;0,0;0,0;50,0;Подготовка;
20251209;16:41:58;-0,5;0,0;0,0;0,0;50,0;Подготовка;
20251209;16:42:03;-0,5;0,0;0,0;0,0;50,0;Подготовка;
20251209;16:42:08;-0,5;0,0;0,0;0,0;50,0;Подготовка;
20251209;16:42:13;-0,5;0,0;0,0;0,0;50,0;Подготовка;
20251209;16:42:18;-0,5;0,0;0,0;0,0;50,0;Подготовка;
20251209;16:42:23;-0,5;0,0;0,0;0,0;50,0;Подготовка;
20251209;16:42:28;-0,5;0,0;0,0;0,0;50,0;Подготовка;
20251209;16:42:33;-0,5;0,0;0,0;0,0;50,0;Подготовка;
20251209;16:42:38;-0,5;0,0;0,0;0,0;50,0;Подготовка;
20251209;16:42:43;-0,5;0,0;0,0;0,0;50,0;Подготовка;
20251209;16:42:48;-0,5;0,0;0,0;0,0;50,0;Подготовка;
20251209;16:42:53;-0,5;0,0;0,0;0,0;50,0;Подготовка;
20251209;16:42:58;-0,5;0,0;0,0;0,0;50,0;Подготовка;
20251209;16:43:03;-0,5;0,0;0,0;0,0;50,0;Подготовка;
20251209;16:43:08;-0,5;0,0;0,0;0,0;50,0;Подготовка;
20251209;16:43:13;-0,5;0,0;0,0;0,0;50,0;Подготовка;
20251209;16:43:18;-0,5;0,0;0,0;0,0;50,0;Подготовка;
20251209;16:43:23;-0,5;0,0;0,0;0,0;50,0;Подготовка;
20251209;16:43:28;-0,5;0,0;0,0;0,0;50,0;Подготовка;
20251209;16:43:33;-0,5;0,0;0,0;0,0;50,0;Подготовка;
20251209;16:43:38;-0,5;0,0;0,0;0,0;50,0;Подготовка;
20251209;16:43:43;-0,5;0,0;0,0;0,0;50,0;Подготовка;
20251209;16:43:48;-0,5;0,0;0,0;0,0;50,0;Подготовка;
20251209;16:43:53;-0,5;0,0;0,0;0,0;50,0;Подготовка;
20251209;16:43:58;-0,5;0,0;0,0;0,0;50,0;Подготовка;
20251209;16:44:04;-0,5;0,0;0,0;0,0;50,0;Подготовка;
20251209;16:44:09;-0,5;0,0;0,0;0,0;50,0;Подготовка;
20251209;16:44:14;-0,5;0,0;0,0;0,0;50,0;Подготовка;
20251209;16:44:19;-0,5;0,0;0,0;0,0;50,0;Подготовка;
20251209;16:44:24;-0,5;0,0;0,0;0,0;50,0;Подготовка;
20251209;16:44:29;-0,5;0,0;0,0;0,0;50,0;Подготовка;
20251209;16:44:34;-0,5;0,0;0,0;0,0;50,0;Подготовка;
20251209;16:44:39;-0,5;0,0;0,0;0,0;50,0;Подготовка;
20251209;16:44:44;-0,5;0,0;0,0;0,0;50,0;Подготовка;
20251209;16:44:49;-0,5;0,0;0,0;0,0;50,0;Подготовка;
20251209;16:44:54;-0,5;0,0;0,0;0,0;50,0;Подготовка;
20251209;16:44:59;-0,5;0,0;0,0;0,0;50,0;Подготовка;
20251209;16:45:04;-0,5;0,0;0,0;0,0;50,0;Подготовка;
20251209;16:45:09;-0,5;0,0;0,0;0,0;50,0;Подготовка;
20251209;16:45:14;-0,5;0,0;0,0;0,0;50,0;Подготовка;
20251209;16:45:19;-0,5;0,0;0,0;0,0;50,0;Подготовка;
20251209;16:45:24;-0,5;0,0;0,0;0,0;50,0;Подготовка;
20251209;16:45:29;-0,5;0,0;0,0;0,0;50,0;Подготовка;
20251209;16:45:34;-0,5;0,0;0,0;0,0;50,0;Подготовка;
20251209;16:45:39;-0,5;0,0;0,0;0,0;50,0;Подготовка;
20251209;16:45:44;-0,5;0,0;0,0;0,0;50,0;Подготовка;
20251209;16:45:49;-0,5;0,0;0,0;0,0;50,0;Подготовка;
20251209;16:45:54;-0,5;0,0;0,0;0,0;50,0;Подготовка;
20251209;16:45:59;-0,5;0,0;0,0;0,0;50,0;Подготовка;
20251209;16:46:04;-0,5;0,0;0,0;0,0;50,0;Подготовка;
20251209;16:46:10;-0,5;0,0;0,0;0,0;50,0;Подготовка;
20251209;16:46:15;-0,5;0,0;0,0;0,0;50,0;Подготовка;
20251209;16:46:20;-0,5;0,0;0,0;0,0;50,0;Подготовка;
20251209;16:46:25;-0,5;0,0;0,0;0,0;50,0;Подготовка;
20251209;16:46:30;-0,5;0,0;0,0;0,0;50,0;Подготовка;
20251209;16:46:35;-0,5;0,0;0,0;0,0;50,0;Подготовка;
20251209;16:46:40;-0,5;0,0;0,0;0,0;50,0;Подготовка;
20251209;16:46:45;-0,5;0,0;0,0;0,0;50,0;Подготовка;
20251209;16:46:50;-0,5;0,0;0,0;0,0;50,0;Подготовка;
20251209;16:46:55;-0,5;0,0;0,0;0,0;50,0;Подготовка;
20251209;16:47:00;-0,5;0,0;0,0;0,0;50,0;Подготовка;
20251209;16:47:05;-0,5;0,0;0,0;0,0;50,0;Подготовка;
20251209;16:47:10;-0,5;0,0;0,0;0,0;50,0;Подготовка;
20251209;16:47:15;-0,5;0,0;0,0;0,0;50,0;Подготовка;
20251209;16:47:20;-0,5;0,0;0,0;0,0;50,0;Подготовка;
20251209;16:47:25;-0,5;0,0;0,0;0,0;50,0;Подготовка;
20251209;16:47:30;-0,5;0,0;0,0;0,0;50,0;Подготовка;
20251209;16:47:35;-0,5;0,0;0,0;0,0;50,0;Подготовка;
20251209;16:47:40;-0,5;0,0;0,0;0,0;50,0;Подготовка;
20251209;16:47:45;-0,5;0,0;0,0;0,0;50,0;Подготовка;
20251209;16:47:50;-0,5;0,0;0,0;0,0;50,0;Подготовка;
20251209;16:47:55;-0,5;0,0;0,0;0,0;50,0;Подготовка;
20251209;16:48:00;-0,5;0,0;0,0;0,0;50,0;Подготовка;
20251209;16:48:05;-0,5;0,0;0,0;0,0;50,0;Подготовка;
20251209;16:48:10;-0,5;0,0;0,0;0,0;50,0;Подготовка;
20251209;16:48:16;-0,5;0,0;0,0;0,0;50,0;Подготовка;
20251209;16:48:21;-0,5;0,0;0,0;0,0;50,0;Подготовка;
20251209;16:48:26;-0,5;0,0;0,0;0,0;50,0;Подготовка;
20251209;16:48:31;-0,5;0,0;0,0;0,0;50,0;Подготовка;
20251209;16:48:36;-0,5;0,0;0,0;0,0;50,0;Подготовка;
20251209;16:48:41;-0,5;0,0;0,0;0,0;50,0;Подготовка;
20251209;16:48:46;-0,5;0,0;0,0;0,0;50,0;Подготовка;
20251209;16:48:51;-0,5;0,0;0,0;0,0;50,0;Подготовка;
20251209;16:48:56;-0,5;0,0;0,0;0,0;50,0;Подготовка;
20251209;16:49:01;-0,5;0,0;0,0;0,0;50,0;Подготовка;
20251209;16:49:06;-0,5;0,0;0,0;0,0;50,0;Подготовка;
20251209;16:49:11;-0,5;0,0;0,0;0,0;50,0;Подготовка;
20251209;16:49:16;-0,5;0,0;0,0;0,0;50,0;Подготовка;
20251209;16:49:21;-0,5;0,0;0,0;0,0;50,0;Подготовка;
20251209;16:49:26;-0,5;0,0;0,0;0,0;50,0;Подготовка;
20251209;16:49:31;-0,5;0,0;0,0;0,0;50,0;Подготовка;
20251209;16:49:36;-0,5;0,0;0,0;0,0;50,0;Подготовка;
20251209;16:49:41;-0,5;0,0;0,0;0,0;50,0;Подготовка;
20251209;16:49:46;-0,5;0,0;0,0;0,0;50,0;Подготовка;
20251209;16:49:51;-0,5;0,0;0,0;0,0;50,0;Подготовка;
20251209;16:49:56;-0,5;0,0;0,0;0,0;50,0;Подготовка;
20251209;16:50:01;-0,5;0,0;0,0;0,0;50,0;Подготовка;
20251209;16:50:06;-0,5;0,0;0,0;0,0;50,0;Подготовка;
20251209;16:50:11;-0,5;0,0;0,0;0,0;50,0;Подготовка;
20251209;16:50:16;-0,5;0,0;0,0;0,0;50,0;Подготовка;
20251209;16:50:22;-0,5;0,0;0,0;0,0;50,0;Подготовка;
20251209;16:50:27;-0,5;0,0;0,0;0,0;50,0;Подготовка;
20251209;16:50:32;-0,5;0,0;0,0;0,0;50,0;Подготовка;
20251209;16:50:37;-0,5;0,0;0,0;0,0;50,0;Подготовка;
20251209;16:50:42;-0,5;0,0;0,0;0,0;50,0;Подготовка;
20251209;16:50:47;-0,5;0,0;0,0;0,0;50,0;Подготовка;
20251209;16:50:52;-0,5;0,0;0,0;0,0;50,0;Подготовка;
20251209;16:50:57;-0,5;0,0;0,0;0,0;50,0;Подготовка;
20251209;16:51:02;-0,5;0,0;0,0;0,0;50,0;Подготовка;
20251209;16:51:07;-0,5;0,0;0,0;0,0;50,0;Подготовка;
20251209;16:51:12;-0,5;0,0;0,0;0,0;50,0;Подготовка;
20251209;16:51:17;-0,5;0,0;0,0;0,0;50,0;Подготовка;
20251209;16:51:22;-0,5;0,0;0,0;0,0;50,0;Подготовка;
20251209;16:51:27;-0,5;0,0;0,0;0,0;50,0;Подготовка;
20251209;16:51:32;-0,5;0,0;0,0;0,0;50,0;Подготовка;
20251209;16:51:37;-0,5;0,0;0,0;0,0;50,0;Подготовка;
20251209;16:51:42;-0,5;0,0;0,0;0,0;50,0;Подготовка;
20251209;16:51:47;-0,5;0,0;0,0;0,0;50,0;Подготовка;
20251209;16:51:52;-0,5;0,0;0,0;0,0;50,0;Подготовка;
20251209;16:51:57;-0,5;0,0;0,0;0,0;50,0;Подготовка;
20251209;16:52:02;-0,5;0,0;0,0;0,0;50,0;Подготовка;
20251209;16:52:07;-0,5;0,0;0,0;0,0;50,0;Подготовка;
20251209;16:52:12;-0,5;0,0;0,0;0,0;50,0;Подготовка;
20251209;16:52:17;-0,5;0,0;0,0;0,0;50,0;Подготовка;
20251209;16:52:22;-0,5;0,0;0,0;0,0;50,0;Подготовка;
20251209;16:52:28;-0,5;0,0;0,0;0,0;50,0;Подготовка;
20251209;16:52:33;-0,5;0,0;0,0;0,0;50,0;Подготовка;
20251209;16:52:38;-0,5;0,0;0,0;0,0;50,0;Подготовка;
20251209;16:52:43;-0,5;0,0;0,0;0,0;50,0;Подготовка;
20251209;16:52:48;-0,5;0,0;0,0;0,0;50,0;Подготовка;
20251209;16:52:53;-0,5;0,0;0,0;0,0;50,0;Подготовка;
20251209;16:52:58;-0,5;0,0;0,0;0,0;50,0;Подготовка;
20251209;16:53:03;-0,5;0,0;0,0;0,0;50,0;Подготовка;
20251209;16:53:08;-0,5;0,0;0,0;0,0;50,0;Подготовка;
20251209;16:53:13;-0,5;0,0;0,0;0,0;50,0;Подготовка;
20251209;16:53:18;-0,5;0,0;0,0;0,0;50,0;Подготовка;
20251209;16:53:23;-0,5;0,0;0,0;0,0;50,0;Подготовка;
20251209;16:53:28;-0,5;0,0;0,0;0,0;50,0;Подготовка;
20251209;16:53:33;-0,5;0,0;0,0;0,0;50,0;Подготовка;
20251209;16:53:38;-0,5;0,0;0,0;0,0;50,0;Подготовка;
20251209;16:53:43;-0,5;0,0;0,0;0,0;50,0;Подготовка;
20251209;16:53:48;-0,5;0,0;0,0;0,0;50,0;Подготовка;
20251209;16:53:53;-0,5;0,0;0,0;0,0;50,0;Подготовка;
20251209;16:53:58;-0,5;0,0;0,0;0,0;50,0;Подготовка;
20251209;16:54:03;-0,5;0,0;0,0;0,0;50,0;Подготовка;
20251209;16:54:08;-0,5;0,0;0,0;0,0;50,0;Подготовка;
20251209;16:54:13;-0,5;0,0;0,0;0,0;50,0;Подготовка;
20251209;16:54:18;-0,5;0,0;0,0;0,0;50,0;Подготовка;
20251209;16:54:23;-0,5;0,0;0,0;0,0;50,0;Подготовка;
20251209;16:54:28;-0,5;0,0;0,0;0,0;50,0;Подготовка;
20251209;16:54:34;-0,5;0,0;0,0;0,0;50,0;Подготовка;
20251209;16:54:39;-0,5;0,0;0,0;0,0;50,0;Подготовка;
20251209;16:54:44;-0,5;0,0;0,0;0,0;50,0;Подготовка;
20251209;16:54:49;-0,5;0,0;0,0;0,0;50,0;Подготовка;
20251209;16:54:54;-0,5;0,0;0,0;0,0;50,0;Подготовка;
20251209;16:54:59;-0,5;0,0;0,0;0,0;50,0;Подготовка;
20251209;16:55:04;-0,5;0,0;0,0;0,0;50,0;Подготовка;
20251209;16:55:09;-0,5;0,0;0,0;0,0;50,0;Подготовка;
20251209;16:55:14;-0,5;0,0;0,0;0,0;50,0;Подготовка;
20251209;16:55:19;-0,5;0,0;0,0;0,0;50,0;Подготовка;
20251209;16:55:24;-0,5;0,0;0,0;0,0;50,0;Подготовка;
20251209;16:55:29;-0,5;0,0;0,0;0,0;50,0;Подготовка;
20251209;16:55:34;-0,5;0,0;0,0;0,0;50,0;Подготовка;
20251209;16:55:39;-0,5;0,0;0,0;0,0;50,0;Подготовка;
20251209;16:55:44;-0,5;0,0;0,0;0,0;50,0;Подготовка;
20251209;16:55:49;-0,5;0,0;0,0;0,0;50,0;Подготовка;
20251209;16:55:54;-0,5;0,0;0,0;0,0;50,0;Подготовка;
20251209;16:55:59;-0,5;0,0;0,0;0,0;50,0;Подготовка;
20251209;16:56:04;-0,5;0,0;0,0;0,0;50,0;Подготовка;
20251209;16:56:09;-0,5;0,0;0,0;0,0;50,0;Подготовка;
20251209;16:56:14;-0,5;0,0;0,0;0,0;50,0;Подготовка;
20251209;16:56:19;-0,5;0,0;0,0;0,0;50,0;Подготовка;
20251209;16:56:24;-0,5;0,0;0,0;0,0;50,0;Подготовка;
20251209;16:56:29;-0,5;0,0;0,0;0,0;50,0;Подготовка;
20251209;16:56:34;-0,5;0,0;0,0;0,0;50,0;Подготовка;
20251209;16:56:40;-0,5;0,0;0,0;0,0;50,0;Подготовка;
20251209;16:56:45;-0,5;0,0;0,0;0,0;50,0;Подготовка;
20251209;16:56:50;-0,5;0,0;0,0;0,0;50,0;Подготовка;
20251209;16:56:55;-0,5;0,0;0,0;0,0;50,0;Подготовка;
20251209;16:57:00;-0,5;0,0;0,0;0,0;50,0;Подготовка;
20251209;16:57:05;-0,5;0,0;0,0;0,0;50,0;Подготовка;
20251209;16:57:10;-0,5;0,0;0,0;0,0;50,0;Подготовка;
20251209;16:57:15;-0,5;0,0;0,0;0,0;50,0;Подготовка;
20251209;16:57:20;-0,5;0,0;0,0;0,0;50,0;Подготовка;
20251209;16:57:25;-0,5;0,0;0,0;0,0;50,0;Подготовка;
20251209;16:57:30;-0,5;0,0;0,0;0,0;50,0;Подготовка;
20251209;16:57:35;-0,5;0,0;0,0;0,0;50,0;Подготовка;
20251209;16:57:40;-0,5;0,0;0,0;0,0;50,0;Подготовка;
20251209;16:57:45;-0,5;0,0;0,0;0,0;50,0;Подготовка;
20251209;16:57:50;-0,5;0,0;0,0;0,0;50,0;Подготовка;
20251209;16:57:55;-0,5;0,0;0,0;0,0;50,0;Подготовка;
20251209;16:58:00;-0,5;0,0;0,0;0,0;50,0;Подготовка;
20251209;16:58:05;-0,5;0,0;0,0;0,0;50,0;Подготовка;
20251209;16:58:10;-0,5;0,0;0,0;0,0;50,0;Подготовка;
20251209;16:58:15;-0,5;0,0;0,0;0,0;50,0;Подготовка;
20251209;16:58:20;-0,5;0,0;0,0;0,0;50,0;Подготовка;
20251209;16:58:25;-0,5;0,0;0,0;0,0;50,0;Подготовка;
20251209;16:58:30;-0,5;0,0;0,0;0,0;50,0;Подготовка;
20251209;16:58:35;-0,5;0,0;0,0;0,0;50,0;Подготовка;
20251209;16:58:40;-0,5;0,0;0,0;0,0;50,0;Подготовка;
20251209;16:58:46;-0,5;0,0;0,0;0,0;50,0;Подготовка;
20251209;16:58:51;-0,5;0,0;0,0;0,0;50,0;Подготовка;
20251209;16:58:56;-0,5;0,0;0,0;0,0;50,0;Подготовка;
20251209;16:59:01;-0,5;0,0;0,0;0,0;50,0;Подготовка;
20251209;16:59:06;-0,5;0,0;0,0;0,0;50,0;Подготовка;
20251209;16:59:11;-0,5;0,0;0,0;0,0;50,0;Подготовка;
20251209;16:59:16;-0,5;0,0;0,0;0,0;50,0;Подготовка;
20251209;16:59:21;-0,5;0,0;0,0;0,0;50,0;Подготовка;
20251209;16:59:26;-0,5;0,0;0,0;0,0;50,0;Подготовка;
20251209;16:59:31;-0,5;0,0;0,0;0,0;50,0;Подготовка;
20251209;16:59:36;-0,5;0,0;0,0;0,0;50,0;Подготовка;
20251209;16:59:41;-0,5;0,0;0,0;0,0;50,0;Подготовка;
20251209;16:59:46;-0,5;0,0;0,0;0,0;50,0;Подготовка;
20251209;16:59:51;-0,5;0,0;0,0;0,0;50,0;Подготовка;
20251209;16:59:56;-0,5;0,0;0,0;0,0;50,0;Подготовка;
20251209;17:00:01;-0,5;0,0;0,0;0,0;50,0;Подготовка;
20251209;17:00:06;-0,5;0,0;0,0;0,0;50,0;Подготовка;
20251209;17:00:11;-0,5;0,0;0,0;0,0;50,0;Подготовка;
20251209;17:00:16;-0,5;0,0;0,0;0,0;50,0;Подготовка;
20251209;17:00:21;-0,5;0,0;0,0;0,0;50,0;Подготовка;
20251209;17:00:26;-0,5;0,0;0,0;0,0;50,0;Подготовка;
20251209;17:00:31;-0,5;0,0;0,0;0,0;50,0;Подготовка;
20251209;17:00:36;-0,5;0,0;0,0;0,0;50,0;Подготовка;
20251209;17:00:41;-0,5;0,0;0,0;0,0;50,0;Подготовка;
20251209;17:00:46;-0,5;0,0;0,0;0,0;50,0;Подготовка;
20251209;17:00:52;-0,5;0,0;0,0;0,0;50,0;Подготовка;
20251209;17:00:57;-0,5;0,0;0,0;0,0;50,0;Подготовка;
20251209;17:01:02;-0,5;0,0;0,0;0,0;50,0;Подготовка;
20251209;17:01:07;-0,5;0,0;0,0;0,0;50,0;Подготовка;
20251209;17:01:12;-0,5;0,0;0,0;0,0;50,0;Подготовка;
20251209;17:01:17;-0,5;0,0;0,0;0,0;50,0;Подготовка;
20251209;17:01:22;-0,5;0,0;0,0;0,0;50,0;Подготовка;
20251209;17:01:27;-0,5;0,0;0,0;0,0;50,0;Подготовка;
20251209;17:01:32;-0,5;0,0;0,0;0,0;50,0;Подготовка;
20251209;17:01:37;-0,5;0,0;0,0;0,0;50,0;Подготовка;
20251209;17:01:42;-0,5;0,0;0,0;0,0;50,0;Подготовка;
20251209;17:01:47;-0,5;0,0;0,0;0,0;50,0;Подготовка;
20251209;17:01:52;-0,5;0,0;0,0;0,0;50,0;Подготовка;
20251209;17:01:57;-0,5;0,0;0,0;0,0;50,0;Подготовка;
20251209;17:02:02;-0,5;0,0;0,0;0,0;50,0;Подготовка;
20251209;17:02:07;-0,5;0,0;0,0;0,0;50,0;Подготовка;
20251209;17:02:12;-0,5;0,0;0,0;0,0;50,0;Подготовка;
20251209;17:02:17;-0,5;0,0;0,0;0,0;50,0;Подготовка;
20251209;17:02:22;-0,5;0,0;0,0;0,0;50,0;Подготовка;
20251209;17:02:27;-0,5;0,0;0,0;0,0;50,0;Подготовка;
20251209;17:02:32;-0,5;0,0;0,0;0,0;50,0;Подготовка;
20251209;17:02:37;-0,5;0,0;0,0;0,0;50,0;Подготовка;
20251209;17:02:42;-0,5;0,0;0,0;0,0;50,0;Подготовка;
20251209;17:02:47;-0,5;0,0;0,0;0,0;50,0;Подготовка;
20251209;17:02:52;-0,5;0,0;0,0;0,0;50,0;Подготовка;
20251209;17:02:58;-0,5;0,0;0,0;0,0;50,0;Подготовка;
20251209;17:03:03;-0,5;0,0;0,0;0,0;50,0;Подготовка;
20251209;17:03:08;-0,5;0,0;0,0;0,0;50,0;Подготовка;
20251209;17:03:13;-0,5;0,0;0,0;0,0;50,0;Подготовка;
20251209;17:03:18;-0,5;0,0;0,0;0,0;50,0;Подготовка;
20251209;17:03:23;-0,5;0,0;0,0;0,0;50,0;Подготовка;
20251209;17:03:28;-0,5;0,0;0,0;0,0;50,0;Подготовка;
20251209;17:03:33;-0,5;0,0;0,0;0,0;50,0;Подготовка;
20251209;17:03:38;-0,5;0,0;0,0;0,0;50,0;Подготовка;
20251209;17:03:43;-0,5;0,0;0,0;0,0;50,0;Подготовка;
20251209;17:03:48;-0,5;0,0;0,0;0,0;50,0;Подготовка;
20251209;17:03:53;-0,5;0,0;0,0;0,0;50,0;Подготовка;
20251209;17:03:58;-0,5;0,0;0,0;0,0;50,0;Подготовка;
20251209;17:04:03;-0,5;0,0;0,0;0,0;50,0;Подготовка;
20251209;17:04:08;-0,5;0,0;0,0;0,0;50,0;Подготовка;
20251209;17:04:13;-0,5;0,0;0,0;0,0;50,0;Подготовка;
20251209;17:04:18;-0,5;0,0;0,0;0,0;50,0;Подготовка;
20251209;17:04:23;-0,5;0,0;0,0;0,0;50,0;Подготовка;
20251209;17:04:28;-0,5;0,0;0,0;0,0;50,0;Подготовка;
20251209;17:04:33;-0,5;0,0;0,0;0,0;50,0;Подготовка;
20251209;17:04:38;-0,5;0,0;0,0;0,0;50,0;Подготовка;
20251209;17:04:43;-0,5;0,0;0,0;0,0;50,0;Подготовка;
20251209;17:04:48;-0,5;0,0;0,0;0,0;50,0;Подготовка;
20251209;17:04:53;-0,5;0,0;0,0;0,0;50,0;Подготовка;
20251209;17:04:58;-0,5;0,0;0,0;0,0;50,0;Подготовка;
20251209;17:05:04;-0,5;0,0;0,0;0,0;50,0;Подготовка;
20251209;17:05:09;-0,5;0,0;0,0;0,0;50,0;Подготовка;
20251209;17:05:14;-0,5;0,0;0,0;0,0;50,0;Подготовка;
20251209;17:05:19;-0,5;0,0;0,0;0,0;50,0;Подготовка;
20251209;17:05:24;-0,5;0,0;0,0;0,0;50,0;Подготовка;
20251209;17:05:29;-0,5;0,0;0,0;0,0;50,0;Подготовка;
20251209;17:05:34;-0,5;0,0;0,0;0,0;50,0;Подготовка;
20251209;17:05:39;-0,5;0,0;0,0;0,0;50,0;Подготовка;
20251209;17:05:44;-0,5;0,0;0,0;0,0;50,0;Подготовка;
20251209;17:05:49;-0,5;0,0;0,0;0,0;50,0;Подготовка;
20251209;17:05:54;-0,5;0,0;0,0;0,0;50,0;Подготовка;
20251209;17:05:59;-0,5;0,0;0,0;0,0;50,0;Подготовка;
20251209;17:06:04;-0,5;0,0;0,0;0,0;50,0;Подготовка;
20251209;17:06:09;-0,5;0,0;0,0;0,0;50,0;Подготовка;
20251209;17:06:14;-0,5;0,0;0,0;0,0;50,0;Подготовка;
20251209;17:06:19;-0,5;0,0;0,0;0,0;50,0;Подготовка;
20251209;17:06:24;-0,5;0,0;0,0;0,0;50,0;Подготовка;
20251209;17:06:29;-0,5;0,0;0,0;0,0;50,0;Подготовка;
20251209;17:06:34;-0,5;0,0;0,0;0,0;50,0;Подготовка;
20251209;17:06:39;-0,5;0,0;0,0;0,0;50,0;Подготовка;
20251209;17:06:44;-0,5;0,0;0,0;0,0;50,0;Подготовка;
20251209;17:06:49;-0,5;0,0;0,0;0,0;50,0;Подготовка;
20251209;17:06:54;-0,5;0,0;0,0;0,0;50,0;Подготовка;
20251209;17:06:59;-0,5;0,0;0,0;0,0;50,0;Подготовка;
20251209;17:07:04;-0,5;0,0;0,0;0,0;50,0;Подготовка;
20251209;17:07:10;-0,5;0,0;0,0;0,0;50,0;Подготовка;
20251209;17:07:15;-0,5;0,0;0,0;0,0;50,0;Подготовка;
20251209;17:07:20;-0,5;0,0;0,0;0,0;50,0;Подготовка;
20251209;17:07:25;-0,5;0,0;0,0;0,0;50,0;Подготовка;
20251209;17:07:30;-0,5;0,0;0,0;0,0;50,0;Подготовка;
20251209;17:07:35;-0,5;0,0;0,0;0,0;50,0;Подготовка;
20251209;17:07:40;-0,5;0,0;0,0;0,0;50,0;Подготовка;
20251209;17:07:45;-0,5;0,0;0,0;0,0;50,0;Подготовка;
20251209;17:07:50;-0,5;0,0;0,0;0,0;50,0;Подготовка;
20251209;17:07:55;-0,5;0,0;0,0;0,0;50,0;Подготовка;
20251209;17:08:00;-0,5;0,0;0,0;0,0;50,0;Подготовка;
20251209;17:08:05;-0,5;0,0;0,0;0,0;50,0;Подготовка;
20251209;17:08:10;-0,5;0,0;0,0;0,0;50,0;Подготовка;
20251209;17:08:15;-0,5;0,0;0,0;0,0;50,0;Подготовка;
20251209;17:08:20;-0,5;0,0;0,0;0,0;50,0;Подготовка;
20251209;17:08:25;-0,5;0,0;0,0;0,0;50,0;Подготовка;
20251209;17:08:30;-0,5;0,0;0,0;0,0;50,0;Подготовка;
20251209;17:08:35;-0,5;0,0;0,0;0,0;50,0;Подготовка;
20251209;17:08:40;-0,5;0,0;0,0;0,0;50,0;Подготовка;
20251209;17:08:45;-0,5;0,0;0,0;0,0;50,0;Подготовка;
20251209;17:08:50;-0,5;0,0;0,0;0,0;50,0;Подготовка;
20251209;17:08:55;-0,5;0,0;0,0;0,0;50,0;Подготовка;
20251209;17:09:00;-0,5;0,0;0,0;0,0;50,0;Подготовка;
20251209;17:09:05;-0,5;0,0;0,0;0,0;50,0;Подготовка;
20251209;17:09:10;-0,5;0,0;0,0;0,0;50,0;Подготовка;
20251209;17:09:16;-0,5;0,0;0,0;0,0;50,0;Подготовка;
20251209;17:09:21;-0,5;0,0;0,0;0,0;50,0;Подготовка;
20251209;17:09:26;-0,5;0,0;0,0;0,0;50,0;Подготовка;
20251209;17:09:31;-0,5;0,0;0,0;0,0;50,0;Подготовка;
20251209;17:09:36;-0,5;0,0;0,0;0,0;50,0;Подготовка;
20251209;17:09:41;-0,5;0,0;0,0;0,0;50,0;Подготовка;
20251209;17:09:46;-0,5;0,0;0,0;0,0;50,0;Подготовка;
20251209;17:09:51;-0,5;0,0;0,0;0,0;50,0;Подготовка;
20251209;17:09:56;-0,5;0,0;0,0;0,0;50,0;Подготовка;
20251209;17:10:01;-0,5;0,0;0,0;0,0;50,0;Подготовка;
20251209;17:10:06;-0,5;0,0;0,0;0,0;50,0;Подготовка;
20251209;17:10:11;-0,5;0,0;0,0;0,0;50,0;Подготовка;
20251209;17:10:16;-0,5;0,0;0,0;0,0;50,0;Подготовка;
20251209;17:10:21;-0,5;0,0;0,0;0,0;50,0;Подготовка;
20251209;17:10:26;-0,5;0,0;0,0;0,0;50,0;Подготовка;
20251209;17:10:31;-0,5;0,0;0,0;0,0;50,0;Подготовка;
20251209;17:10:36;-0,5;0,0;0,0;0,0;50,0;Подготовка;
20251209;17:10:41;-0,5;0,0;0,0;0,0;50,0;Подготовка;
20251209;17:10:46;-0,5;0,0;0,0;0,0;50,0;Подготовка;
20251209;17:10:51;-0,5;0,0;0,0;0,0;50,0;Подготовка;
20251209;17:10:56;-0,5;0,0;0,0;0,0;50,0;Подготовка;
20251209;17:11:01;-0,5;0,0;0,0;0,0;50,0;Подготовка;
20251209;17:11:06;-0,5;0,0;0,0;0,0;50,0;Подготовка;
20251209;17:11:11;-0,5;0,0;0,0;0,0;50,0;Подготовка;
20251209;17:11:16;-0,5;0,0;0,0;0,0;50,0;Подготовка;
20251209;17:11:22;-0,5;0,0;0,0;0,0;50,0;Подготовка;
20251209;17:11:27;-0,5;0,0;0,0;0,0;50,0;Подготовка;
20251209;17:11:32;-0,5;0,0;0,0;0,0;50,0;Подготовка;
20251209;17:11:37;-0,5;0,0;0,0;0,0;50,0;Подготовка;
20251209;17:11:42;-0,5;0,0;0,0;0,0;50,0;Подготовка;
20251209;17:11:47;-0,5;0,0;0,0;0,0;50,0;Подготовка;
20251209;17:11:52;-0,5;0,0;0,0;0,0;50,0;Подготовка;
20251209;17:11:57;-0,5;0,0;0,0;0,0;50,0;Подготовка;
20251209;17:12:02;-0,5;0,0;0,0;0,0;50,0;Подготовка;
20251209;17:12:07;-0,5;0,0;0,0;0,0;50,0;Подготовка;
20251209;17:12:12;-0,5;0,0;0,0;0,0;50,0;Подготовка;
20251209;17:12:17;-0,5;0,0;0,0;0,0;50,0;Подготовка;
20251209;17:12:22;-0,5;0,0;0,0;0,0;50,0;Подготовка;
20251209;17:12:27;-0,5;0,0;0,0;0,0;50,0;Подготовка;
20251209;17:12:32;-0,5;0,0;0,0;0,0;50,0;Подготовка;
20251209;17:12:37;-0,5;0,0;0,0;0,0;50,0;Подготовка;
20251209;17:12:42;-0,5;0,0;0,0;0,0;50,0;Подготовка;
20251209;17:12:47;-0,5;0,0;0,0;0,0;50,0;Подготовка;
20251209;17:12:52;-0,5;0,0;0,0;0,0;50,0;Подготовка;
20251209;17:12:57;-0,5;0,0;0,0;0,0;50,0;Подготовка;
20251209;17:13:02;-0,5;0,0;0,0;0,0;50,0;Подготовка;
20251209;17:13:07;-0,5;0,0;0,0;0,0;50,0;Подготовка;
20251209;17:13:12;-0,5;0,0;0,0;0,0;50,0;Подготовка;
20251209;17:13:17;-0,5;0,0;0,0;0,0;50,0;Подготовка;
20251209;17:13:22;-0,5;0,0;0,0;0,0;50,0;Подготовка;
20251209;17:13:28;-0,5;0,0;0,0;0,0;50,0;Подготовка;
20251209;17:13:33;-0,5;0,0;0,0;0,0;50,0;Подготовка;
20251209;17:13:38;-0,5;0,0;0,0;0,0;50,0;Подготовка;
20251209;17:13:43;-0,5;0,0;0,0;0,0;50,0;Подготовка;
20251209;17:13:48;-0,5;0,0;0,0;0,0;50,0;Подготовка;
20251209;17:13:53;-0,5;0,0;0,0;0,0;50,0;Подготовка;
20251209;17:13:58;-0,5;0,0;0,0;0,0;50,0;Подготовка;
20251209;17:14:03;-0,5;0,0;0,0;0,0;50,0;Подготовка;
20251209;17:14:08;-0,5;0,0;0,0;0,0;50,0;Подготовка;
20251209;17:14:13;-0,5;0,0;0,0;0,0;50,0;Подготовка;
20251209;17:14:18;-0,5;0,0;0,0;0,0;50,0;Подготовка;
20251209;17:14:23;-0,5;0,0;0,0;0,0;50,0;Подготовка;
20251209;17:14:28;-0,5;0,0;0,0;0,0;50,0;Подготовка;
20251209;17:14:33;-0,5;0,0;0,0;0,0;50,0;Подготовка;
20251209;17:14:38;-0,5;0,0;0,0;0,0;50,0;Подготовка;
20251209;17:14:43;-0,5;0,0;0,0;0,0;50,0;Подготовка;
20251209;17:14:48;-0,5;0,0;0,0;0,0;50,0;Подготовка;
20251209;17:14:53;-0,5;0,0;0,0;0,0;50,0;Подготовка;
20251209;17:14:58;-0,5;0,0;0,0;0,0;50,0;Подготовка;
20251209;17:15:03;-0,5;0,0;0,0;0,0;50,0;Подготовка;
20251209;17:15:08;-0,5;0,0;0,0;0,0;50,0;Подготовка;
20251209;17:15:13;-0,5;0,0;0,0;0,0;50,0;Подготовка;
20251209;17:15:18;-0,5;0,0;0,0;0,0;50,0;Подготовка;
20251209;17:15:23;-0,5;0,0;0,0;0,0;50,0;Подготовка;
20251209;17:15:28;-0,5;0,0;0,0;0,0;50,0;Подготовка;
20251209;17:15:34;-0,5;0,0;0,0;0,0;50,0;Подготовка;
20251209;17:15:39;-0,5;0,0;0,0;0,0;50,0;Подготовка;
20251209;17:15:44;-0,5;0,0;0,0;0,0;50,0;Подготовка;
20251209;17:15:49;-0,5;0,0;0,0;0,0;50,0;Подготовка;
20251209;17:15:54;-0,5;0,0;0,0;0,0;50,0;Подготовка;
20251209;17:15:59;-0,5;0,0;0,0;0,0;50,0;Подготовка;
20251209;17:16:04;-0,5;0,0;0,0;0,0;50,0;Подготовка;
20251209;17:16:09;-0,5;0,0;0,0;0,0;50,0;Подготовка;
20251209;17:16:14;-0,5;0,0;0,0;0,0;50,0;Подготовка;
20251209;17:16:19;-0,5;0,0;0,0;0,0;50,0;Подготовка;
20251209;17:16:24;-0,5;0,0;0,0;0,0;50,0;Подготовка;
20251209;17:16:29;-0,5;0,0;0,0;0,0;50,0;Подготовка;
20251209;17:16:34;-0,5;0,0;0,0;0,0;50,0;Подготовка;
20251209;17:16:39;-0,5;0,0;0,0;0,0;50,0;Подготовка;
20251209;17:16:44;-0,5;0,0;0,0;0,0;50,0;Подготовка;
20251209;17:16:49;-0,5;0,0;0,0;0,0;50,0;Подготовка;
20251209;17:16:54;-0,5;0,0;0,0;0,0;50,0;Подготовка;
20251209;17:16:59;-0,5;0,0;0,0;0,0;50,0;Подготовка;
20251209;17:17:04;-0,5;0,0;0,0;0,0;50,0;Подготовка;
20251209;17:17:09;-0,5;0,0;0,0;0,0;50,0;Подготовка;
20251209;17:17:14;-0,5;0,0;0,0;0,0;50,0;Подготовка;
20251209;17:17:19;-0,5;0,0;0,0;0,0;50,0;Подготовка;
20251209;17:17:24;-0,5;0,0;0,0;0,0;50,0;Подготовка;
20251209;17:17:29;-0,5;0,0;0,0;0,0;50,0;Подготовка;
20251209;17:17:34;-0,5;0,0;0,0;0,0;50,0;Подготовка;
20251209;17:17:40;-0,5;0,0;0,0;0,0;50,0;Подготовка;
20251209;17:17:45;-0,5;0,0;0,0;0,0;50,0;Подготовка;
20251209;17:17:50;-0,5;0,0;0,0;0,0;50,0;Подготовка;
20251209;17:17:55;-0,5;0,0;0,0;0,0;50,0;Подготовка;
20251209;17:18:00;-0,5;0,0;0,0;0,0;50,0;Подготовка;
20251209;17:18:05;-0,5;0,0;0,0;0,0;50,0;Подготовка;
20251209;17:18:10;-0,5;0,0;0,0;0,0;50,0;Подготовка;
20251209;17:18:15;-0,5;0,0;0,0;0,0;50,0;Подготовка;
20251209;17:18:20;-0,5;0,0;0,0;0,0;50,0;Подготовка;
20251209;17:18:25;-0,5;0,0;0,0;0,0;50,0;Подготовка;
20251209;17:18:30;-0,5;0,0;0,0;0,0;50,0;Подготовка;
20251209;17:18:35;-0,5;0,0;0,0;0,0;50,0;Подготовка;
20251209;17:18:40;-0,5;0,0;0,0;0,0;50,0;Подготовка;
20251209;17:18:45;-0,5;0,0;0,0;0,0;50,0;Подготовка;
20251209;17:18:50;-0,5;0,0;0,0;0,0;50,0;Подготовка;
20251209;17:18:55;-0,5;0,0;0,0;0,0;50,0;Подготовка;
20251209;17:19:00;-0,5;0,0;0,0;0,0;50,0;Подготовка;
20251209;17:19:05;-0,5;0,0;0,0;0,0;50,0;Подготовка;
20251209;17:19:10;-0,5;0,0;0,0;0,0;50,0;Подготовка;
20251209;17:19:15;-0,5;0,0;0,0;0,0;50,0;Подготовка;
20251209;17:19:20;-0,5;0,0;0,0;0,0;50,0;Подготовка;
20251209;17:19:25;-0,5;0,0;0,0;0,0;50,0;Подготовка;
20251209;17:19:30;-0,5;0,0;0,0;0,0;50,0;Подготовка;
20251209;17:19:35;-0,5;0,0;0,0;0,0;50,0;Подготовка;
20251209;17:19:40;-0,5;0,0;0,0;0,0;50,0;Подготовка;
20251209;17:19:46;-0,5;0,0;0,0;0,0;50,0;Подготовка;
20251209;17:19:51;-0,5;0,0;0,0;0,0;50,0;Подготовка;
20251209;17:19:56;-0,5;0,0;0,0;0,0;50,0;Подготовка;
20251209;17:20:01;-0,5;0,0;0,0;0,0;50,0;Подготовка;
20251209;17:20:06;-0,5;0,0;0,0;0,0;50,0;Подготовка;
20251209;17:20:11;-0,5;0,0;0,0;0,0;50,0;Подготовка;
20251209;17:20:16;-0,5;0,0;0,0;0,0;50,0;Подготовка;
20251209;17:20:21;-0,5;0,0;0,0;0,0;50,0;Подготовка;
20251209;17:20:26;-0,5;0,0;0,0;0,0;50,0;Подготовка;
20251209;17:20:31;-0,5;0,0;0,0;0,0;50,0;Подготовка;
20251209;17:20:36;-0,5;0,0;0,0;0,0;50,0;Подготовка;
20251209;17:20:41;-0,5;0,0;0,0;0,0;50,0;Подготовка;
20251209;17:20:46;-0,5;0,0;0,0;0,0;50,0;Подготовка;
20251209;17:20:51;-0,5;0,0;0,0;0,0;50,0;Подготовка;
20251209;17:20:56;-0,5;0,0;0,0;0,0;50,0;Подготовка;
20251209;17:21:01;-0,5;0,0;0,0;0,0;50,0;Подготовка;
20251209;17:21:06;-0,5;0,0;0,0;0,0;50,0;Подготовка;
20251209;17:21:11;-0,5;0,0;0,0;0,0;50,0;Подготовка;
20251209;17:21:16;-0,5;0,0;0,0;0,0;50,0;Подготовка;
20251209;17:21:21;-0,5;0,0;0,0;0,0;50,0;Подготовка;
20251209;17:21:26;-0,5;0,0;0,0;0,0;50,0;Подготовка;
20251209;17:21:31;-0,5;0,0;0,0;0,0;50,0;Подготовка;
20251209;17:21:36;-0,5;0,0;0,0;0,0;50,0;Подготовка;
20251209;17:21:41;-0,5;0,0;0,0;0,0;50,0;Подготовка;
20251209;17:21:46;-0,5;0,0;0,0;0,0;50,0;Подготовка;
20251209;17:21:52;-0,5;0,0;0,0;0,0;50,0;Подготовка;
20251209;17:21:57;-0,5;0,0;0,0;0,0;50,0;Подготовка;
20251209;17:22:02;-0,5;0,0;0,0;0,0;50,0;Подготовка;
20251209;17:22:07;-0,5;0,0;0,0;0,0;50,0;Подготовка;
20251209;17:22:12;-0,5;0,0;0,0;0,0;50,0;Подготовка;
20251209;17:22:17;-0,5;0,0;0,0;0,0;50,0;Подготовка;
20251209;17:22:22;-0,5;0,0;0,0;0,0;50,0;Подготовка;
20251209;17:22:27;-0,5;0,0;0,0;0,0;50,0;Подготовка;
20251209;17:22:32;-0,5;0,0;0,0;0,0;50,0;Подготовка;
20251209;17:22:37;-0,5;0,0;0,0;0,0;50,0;Подготовка;
20251209;17:22:42;-0,5;0,0;0,0;0,0;50,0;Подготовка;
20251209;17:22:47;-0,5;0,0;0,0;0,0;50,0;Подготовка;
20251209;17:22:52;-0,5;0,0;0,0;0,0;50,0;Подготовка;
20251209;17:22:57;-0,5;0,0;0,0;0,0;50,0;Подготовка;
20251209;17:23:02;-0,5;0,0;0,0;0,0;50,0;Подготовка;
20251209;17:23:07;-0,5;0,0;0,0;0,0;50,0;Подготовка;
20251209;17:23:12;-0,5;0,0;0,0;0,0;50,0;Подготовка;
20251209;17:23:17;-0,5;0,0;0,0;0,0;50,0;Подготовка;
20251209;17:23:22;-0,5;0,0;0,0;0,0;50,0;Подготовка;
20251209;17:23:27;-0,5;0,0;0,0;0,0;50,0;Подготовка;
20251209;17:23:32;-0,5;0,0;0,0;0,0;50,0;Подготовка;
20251209;17:23:37;-0,5;0,0;0,0;0,0;50,0;Подготовка;
20251209;17:23:42;-0,5;0,0;0,0;0,0;50,0;Подготовка;
20251209;17:23:47;-0,5;0,0;0,0;0,0;50,0;Подготовка;
20251209;17:23:52;-0,5;0,0;0,0;0,0;50,0;Подготовка;
20251209;17:23:58;-0,5;0,0;0,0;0,0;50,0;Подготовка;
20251209;17:24:03;-0,5;0,0;0,0;0,0;50,0;Подготовка;
20251209;17:24:08;-0,5;0,0;0,0;0,0;50,0;Подготовка;
20251209;17:24:13;-0,5;0,0;0,0;0,0;50,0;Подготовка;
20251209;17:24:18;-0,5;0,0;0,0;0,0;50,0;Подготовка;
20251209;17:24:23;-0,5;0,0;0,0;0,0;50,0;Подготовка;
20251209;17:24:28;-0,5;0,0;0,0;0,0;50,0;Подготовка;
20251209;17:24:33;-0,5;0,0;0,0;0,0;50,0;Подготовка;
20251209;17:24:38;-0,5;0,0;0,0;0,0;50,0;Подготовка;
20251209;17:24:43;-0,5;0,0;0,0;0,0;50,0;Подготовка;
20251209;17:24:48;-0,5;0,0;0,0;0,0;50,0;Подготовка;
20251209;17:24:53;-0,5;0,0;0,0;0,0;50,0;Подготовка;
20251209;17:24:58;-0,5;0,0;0,0;0,0;50,0;Подготовка;
20251209;17:25:03;-0,5;0,0;0,0;0,0;50,0;Подготовка;
20251209;17:25:08;-0,5;0,0;0,0;0,0;50,0;Подготовка;
20251209;17:25:13;-0,5;0,0;0,0;0,0;50,0;Подготовка;
20251209;17:25:18;-0,5;0,0;0,0;0,0;50,0;Подготовка;
20251209;17:25:23;-0,5;0,0;0,0;0,0;50,0;Подготовка;
20251209;17:25:28;-0,5;0,0;0,0;0,0;50,0;Подготовка;
20251209;17:25:33;-0,5;0,0;0,0;0,0;50,0;Подготовка;
20251209;17:25:38;-0,5;0,0;0,0;0,0;50,0;Подготовка;
20251209;17:25:43;-0,5;0,0;0,0;0,0;50,0;Подготовка;
20251209;17:25:48;-0,5;0,0;0,0;0,0;50,0;Подготовка;
20251209;17:25:53;-0,5;0,0;0,0;0,0;50,0;Подготовка;
20251209;17:25:58;-0,5;0,0;0,0;0,0;50,0;Подготовка;
20251209;17:26:04;-0,5;0,0;0,0;0,0;50,0;Подготовка;
20251209;17:26:09;-0,5;0,0;0,0;0,0;50,0;Подготовка;
20251209;17:26:14;-0,5;0,0;0,0;0,0;50,0;Подготовка;
20251209;17:26:19;-0,5;0,0;0,0;0,0;50,0;Подготовка;
20251209;17:26:24;-0,5;0,0;0,0;0,0;50,0;Подготовка;
20251209;17:26:29;-0,5;0,0;0,0;0,0;50,0;Подготовка;
20251209;17:26:34;-0,5;0,0;0,0;0,0;50,0;Подготовка;
20251209;17:26:39;-0,5;0,0;0,0;0,0;50,0;Подготовка;
20251209;17:26:44;-0,5;0,0;0,0;0,0;50,0;Подготовка;
20251209;17:26:49;-0,5;0,0;0,0;0,0;50,0;Подготовка;
20251209;17:26:54;-0,5;0,0;0,0;0,0;50,0;Подготовка;
20251209;17:26:59;-0,5;0,0;0,0;0,0;50,0;Подготовка;
20251209;17:27:04;-0,5;0,0;0,0;0,0;50,0;Подготовка;
20251209;17:27:09;-0,5;0,0;0,0;0,0;50,0;Подготовка;
20251209;17:27:14;-0,5;0,0;0,0;0,0;50,0;Подготовка;
20251209;17:27:19;-0,5;0,0;0,0;0,0;50,0;Подготовка;
20251209;17:27:24;-0,5;0,0;0,0;0,0;50,0;Подготовка;
20251209;17:27:29;-0,5;0,0;0,0;0,0;50,0;Подготовка;
20251209;17:27:34;-0,5;0,0;0,0;0,0;50,0;Подготовка;
20251209;17:27:39;-0,5;0,0;0,0;0,0;50,0;Подготовка;
20251209;17:27:44;-0,5;0,0;0,0;0,0;50,0;Подготовка;
20251209;17:27:49;-0,5;0,0;0,0;0,0;50,0;Подготовка;
20251209;17:27:54;-0,5;0,0;0,0;0,0;50,0;Подготовка;
20251209;17:27:59;-0,5;0,0;0,0;0,0;50,0;Подготовка;
20251209;17:28:04;-0,5;0,0;0,0;0,0;50,0;Подготовка;
20251209;17:28:10;-0,5;0,0;0,0;0,0;50,0;Подготовка;
20251209;17:28:15;-0,5;0,0;0,0;0,0;50,0;Подготовка;
20251209;17:28:20;-0,5;0,0;0,0;0,0;50,0;Подготовка;
20251209;17:28:25;-0,5;0,0;0,0;0,0;50,0;Подготовка;
20251209;17:28:30;-0,5;0,0;0,0;0,0;50,0;Подготовка;
20251209;17:28:35;-0,5;0,0;0,0;0,0;50,0;Подготовка;
20251209;17:28:40;-0,5;0,0;0,0;0,0;50,0;Подготовка;
20251209;17:28:45;-0,5;0,0;0,0;0,0;50,0;Подготовка;
20251209;17:28:50;-0,5;0,0;0,0;0,0;50,0;Подготовка;
20251209;17:28:55;-0,5;0,0;0,0;0,0;50,0;Подготовка;
20251209;17:29:00;-0,5;0,0;0,0;0,0;50,0;Подготовка;
20251209;17:29:05;-0,5;0,0;0,0;0,0;50,0;Подготовка;
20251209;17:29:10;-0,5;0,0;0,0;0,0;50,0;Подготовка;
20251209;17:29:15;-0,5;0,0;0,0;0,0;50,0;Подготовка;
20251209;17:29:20;-0,5;0,0;0,0;0,0;50,0;Подготовка;
20251209;17:29:25;-0,5;0,0;0,0;0,0;50,0;Подготовка;
20251209;17:29:30;-0,5;0,0;0,0;0,0;50,0;Подготовка;
20251209;17:29:35;-0,5;0,0;0,0;0,0;50,0;Подготовка;
20251209;17:29:40;-0,5;0,0;0,0;0,0;50,0;Подготовка;
20251209;17:29:45;-0,5;0,0;0,0;0,0;50,0;Подготовка;
20251209;17:29:50;-0,5;0,0;0,0;0,0;50,0;Подготовка;
20251209;17:29:55;-0,5;0,0;0,0;0,0;50,0;Подготовка;
20251209;17:30:00;-0,5;0,0;0,0;0,0;50,0;Подготовка;
20251209;17:30:05;-0,5;0,0;0,0;0,0;50,0;Подготовка;
20251209;17:30:10;-0,5;0,0;0,0;0,0;50,0;Подготовка;
20251209;17:30:16;-0,5;0,0;0,0;0,0;50,0;Подготовка;
20251209;17:30:21;-0,5;0,0;0,0;0,0;50,0;Подготовка;
20251209;17:30:26;-0,5;0,0;0,0;0,0;50,0;Подготовка;
20251209;17:30:31;-0,5;0,0;0,0;0,0;50,0;Подготовка;
20251209;17:30:36;-0,5;0,0;0,0;0,0;50,0;Подготовка;
20251209;17:30:41;-0,5;0,0;0,0;0,0;50,0;Подготовка;
20251209;17:30:46;-0,5;0,0;0,0;0,0;50,0;Подготовка;
20251209;17:30:51;-0,5;0,0;0,0;0,0;50,0;Подготовка;
20251209;17:30:56;-0,5;0,0;0,0;0,0;50,0;Подготовка;
20251209;17:31:01;-0,5;0,0;0,0;0,0;50,0;Подготовка;
20251209;17:31:06;-0,5;0,0;0,0;0,0;50,0;Подготовка;
20251209;17:31:11;-0,5;0,0;0,0;0,0;50,0;Подготовка;
20251209;17:31:16;-0,5;0,0;0,0;0,0;50,0;Подготовка;
20251209;17:31:21;-0,5;0,0;0,0;0,0;50,0;Подготовка;
20251209;17:31:26;-0,5;0,0;0,0;0,0;50,0;Подготовка;
20251209;17:31:31;-0,5;0,0;0,0;0,0;50,0;Подготовка;
20251209;17:31:36;-0,5;0,0;0,0;0,0;50,0;Подготовка;
20251209;17:31:41;-0,5;0,0;0,0;0,0;50,0;Подготовка;
20251209;17:31:46;-0,5;0,0;0,0;0,0;50,0;Подготовка;
20251209;17:31:51;-0,5;0,0;0,0;0,0;50,0;Подготовка;
20251209;17:31:56;-0,5;0,0;0,0;0,0;50,0;Подготовка;
20251209;17:32:01;-0,5;0,0;0,0;0,0;50,0;Подготовка;
20251209;17:32:06;-0,5;0,0;0,0;0,0;50,0;Подготовка;
20251209;17:32:11;-0,5;0,0;0,0;0,0;50,0;Подготовка;
20251209;17:32:16;-0,5;0,0;0,0;0,0;50,0;Подготовка;
20251209;17:32:22;-0,5;0,0;0,0;0,0;50,0;Подготовка;
20251209;17:32:27;-0,5;0,0;0,0;0,0;50,0;Подготовка;
20251209;17:32:32;-0,5;0,0;0,0;0,0;50,0;Подготовка;
20251209;17:32:37;-0,5;0,0;0,0;0,0;50,0;Подготовка;
20251209;17:32:42;-0,5;0,0;0,0;0,0;50,0;Подготовка;
20251209;17:32:47;-0,5;0,0;0,0;0,0;50,0;Подготовка;
20251209;17:32:52;-0,5;0,0;0,0;0,0;50,0;Подготовка;
20251209;17:32:57;-0,5;0,0;0,0;0,0;50,0;Подготовка;
20251209;17:33:02;-0,5;0,0;0,0;0,0;50,0;Подготовка;
20251209;17:33:07;-0,5;0,0;0,0;0,0;50,0;Подготовка;
20251209;17:33:12;-0,5;0,0;0,0;0,0;50,0;Подготовка;
20251209;17:33:17;-0,5;0,0;0,0;0,0;50,0;Подготовка;
20251209;17:33:22;-0,5;0,0;0,0;0,0;50,0;Подготовка;
20251209;17:33:27;-0,5;0,0;0,0;0,0;50,0;Подготовка;
20251209;17:33:32;-0,5;0,0;0,0;0,0;50,0;Подготовка;
20251209;17:33:37;-0,5;0,0;0,0;0,0;50,0;Подготовка;
20251209;17:33:42;-0,5;0,0;0,0;0,0;50,0;Подготовка;
20251209;17:33:47;-0,5;0,0;0,0;0,0;50,0;Подготовка;
20251209;17:33:52;-0,5;0,0;0,0;0,0;50,0;Подготовка;
20251209;17:33:57;-0,5;0,0;0,0;0,0;50,0;Подготовка;
20251209;17:34:02;-0,5;0,0;0,0;0,0;50,0;Подготовка;
20251209;17:34:07;-0,5;0,0;0,0;0,0;50,0;Подготовка;
20251209;17:34:12;-0,5;0,0;0,0;0,0;50,0;Подготовка;
20251209;17:34:17;-0,5;0,0;0,0;0,0;50,0;Подготовка;
20251209;17:34:22;-0,5;0,0;0,0;0,0;50,0;Подготовка;
20251209;17:34:28;-0,5;0,0;0,0;0,0;50,0;Подготовка;
20251209;17:34:33;-0,5;0,0;0,0;0,0;50,0;Подготовка;
Предприятие;
Объект;
Вид оборудования;
Дисп. наименование;
Тип;
Зав. номер;
Сер. номер;
Год выпуска;
Год ввода в эксплуатацию;
Дата отбора пробы;
Марка пробы;
Температура пробы;
DATE ;TIME ;TS_TEMP ;PROB_TEMP ;PROB_OTN_VL ;PROBE_VlAGOSOD ;SP ;STATUS ; 
20251209;17:34:51;-0,39;0,0;0,0;0,0;50,0;Включение;
20251209;17:34:56;-0,49;0,0;0,0;0,0;50,0;Включение;
20251209;17:35:01;-0,49;0,0;0,0;0,0;50,0;Подготовка;
20251209;17:35:06;-0,49;0,0;0,0;0,0;50,0;Подготовка;
20251209;17:35:11;-0,49;0,0;0,0;0,0;50,0;Подготовка;
20251209;17:35:16;-0,49;0,0;0,0;0,0;50,0;Подготовка;
20251209;17:35:21;-0,5;0,0;0,0;0,0;50,0;Подготовка;
20251209;17:35:26;-0,5;0,0;0,0;0,0;50,0;Подготовка;
20251209;17:35:31;-0,5;0,0;0,0;0,0;50,0;Подготовка;
20251209;17:35:36;-0,5;0,0;0,0;0,0;50,0;Подготовка;
20251209;17:35:41;-0,5;0,0;0,0;0,0;50,0;Подготовка;
20251209;17:35:46;-0,5;0,0;0,0;0,0;50,0;Подготовка;
20251209;17:35:51;-0,5;0,0;0,0;0,0;50,0;Подготовка;
20251209;17:35:56;-0,5;0,0;0,0;0,0;50,0;Подготовка;
20251209;17:36:01;-0,5;0,0;0,0;0,0;50,0;Подготовка;
20251209;17:36:06;-0,5;0,0;0,0;0,0;50,0;Подготовка;
20251209;17:36:11;-0,5;0,0;0,0;0,0;50,0;Подготовка;
20251209;17:36:16;-0,5;0,0;0,0;0,0;50,0;Подготовка;
20251209;17:36:22;-0,5;0,0;0,0;0,0;50,0;Подготовка;
20251209;17:36:27;-0,5;0,0;0,0;0,0;50,0;Подготовка;
20251209;17:36:32;-0,5;0,0;0,0;0,0;50,0;Подготовка;
20251209;17:36:37;-0,5;0,0;0,0;0,0;50,0;Подготовка;
20251209;17:36:42;-0,5;0,0;0,0;0,0;50,0;Подготовка;
20251209;17:36:47;-0,5;0,0;0,0;0,0;50,0;Подготовка;
20251209;17:36:52;-0,5;0,0;0,0;0,0;50,0;Подготовка;
20251209;17:36:57;-0,5;0,0;0,0;0,0;50,0;Подготовка;
20251209;17:37:02;-0,5;0,0;0,0;0,0;50,0;Подготовка;
20251209;17:37:07;-0,5;0,0;0,0;0,0;50,0;Подготовка;
20251209;17:37:12;-0,5;0,0;0,0;0,0;50,0;Подготовка;
20251209;17:37:17;-0,5;0,0;0,0;0,0;50,0;Подготовка;
20251209;17:37:22;-0,5;0,0;0,0;0,0;50,0;Подготовка;
20251209;17:37:27;-0,5;0,0;0,0;0,0;50,0;Подготовка;
20251209;17:37:32;-0,5;0,0;0,0;0,0;50,0;Подготовка;
20251209;17:37:37;-0,5;0,0;0,0;0,0;50,0;Подготовка;
20251209;17:37:42;-0,5;0,0;0,0;0,0;50,0;Подготовка;
20251209;17:37:47;-0,5;0,0;0,0;0,0;50,0;Подготовка;
20251209;17:37:52;-0,5;0,0;0,0;0,0;50,0;Подготовка;
20251209;17:37:57;-0,5;0,0;0,0;0,0;50,0;Подготовка;
20251209;17:38:02;-0,5;0,0;0,0;0,0;50,0;Подготовка;
20251209;17:38:07;-0,5;0,0;0,0;0,0;50,0;Подготовка;
20251209;17:38:12;-0,5;0,0;0,0;0,0;50,0;Подготовка;
20251209;17:38:17;-0,5;0,0;0,0;0,0;50,0;Подготовка;
20251209;17:38:22;-0,5;0,0;0,0;0,0;50,0;Подготовка;
20251209;17:38:28;-0,5;0,0;0,0;0,0;50,0;Подготовка;
20251209;17:38:33;-0,5;0,0;0,0;0,0;50,0;Подготовка;
20251209;17:38:38;-0,5;0,0;0,0;0,0;50,0;Подготовка;
20251209;17:38:43;-0,5;0,0;0,0;0,0;50,0;Подготовка;
20251209;17:38:48;-0,5;0,0;0,0;0,0;50,0;Подготовка;
20251209;17:38:53;-0,5;0,0;0,0;0,0;50,0;Подготовка;
20251209;17:38:58;-0,5;0,0;0,0;0,0;50,0;Подготовка;
20251209;17:39:03;-0,5;0,0;0,0;0,0;50,0;Подготовка;
20251209;17:39:08;-0,5;0,0;0,0;0,0;50,0;Подготовка;
20251209;17:39:13;-0,5;0,0;0,0;0,0;50,0;Подготовка;
20251209;17:39:18;-0,5;0,0;0,0;0,0;50,0;Подготовка;
20251209;17:39:23;-0,5;0,0;0,0;0,0;50,0;Подготовка;
20251209;17:39:28;-0,5;0,0;0,0;0,0;50,0;Подготовка;
20251209;17:39:33;-0,5;0,0;0,0;0,0;50,0;Подготовка;
20251209;17:39:38;-0,5;0,0;0,0;0,0;50,0;Подготовка;
20251209;17:39:43;-0,5;0,0;0,0;0,0;50,0;Подготовка;
20251209;17:39:48;-0,5;0,0;0,0;0,0;50,0;Подготовка;
20251209;17:39:53;-0,5;0,0;0,0;0,0;50,0;Подготовка;
20251209;17:39:58;-0,5;0,0;0,0;0,0;50,0;Подготовка;
20251209;17:40:03;-0,5;0,0;0,0;0,0;50,0;Подготовка;
20251209;17:40:08;-0,5;0,0;0,0;0,0;50,0;Подготовка;
20251209;17:40:13;-0,5;0,0;0,0;0,0;50,0;Подготовка;
20251209;17:40:18;-0,5;0,0;0,0;0,0;50,0;Подготовка;
20251209;17:40:23;-0,5;0,0;0,0;0,0;50,0;Подготовка;
20251209;17:40:28;-0,5;0,0;0,0;0,0;50,0;Подготовка;
20251209;17:40:34;-0,5;0,0;0,0;0,0;50,0;Подготовка;
20251209;17:40:39;-0,5;0,0;0,0;0,0;50,0;Подготовка;
20251209;17:40:44;-0,5;0,0;0,0;0,0;50,0;Подготовка;
20251209;17:40:49;-0,5;0,0;0,0;0,0;50,0;Подготовка;
20251209;17:40:54;-0,5;0,0;0,0;0,0;50,0;Подготовка;
20251209;17:40:59;-0,5;0,0;0,0;0,0;50,0;Подготовка;
20251209;17:41:04;-0,5;0,0;0,0;0,0;50,0;Подготовка;
20251209;17:41:09;-0,5;0,0;0,0;0,0;50,0;Подготовка;
20251209;17:41:14;-0,5;0,0;0,0;0,0;50,0;Подготовка;
20251209;17:41:19;-0,5;0,0;0,0;0,0;50,0;Подготовка;
20251209;17:41:24;-0,5;0,0;0,0;0,0;50,0;Подготовка;
20251209;17:41:29;-0,5;0,0;0,0;0,0;50,0;Подготовка;
20251209;17:41:34;-0,5;0,0;0,0;0,0;50,0;Подготовка;
20251209;17:41:39;-0,5;0,0;0,0;0,0;50,0;Подготовка;
20251209;17:41:44;-0,5;0,0;0,0;0,0;50,0;Подготовка;
20251209;17:41:49;-0,5;0,0;0,0;0,0;50,0;Подготовка;
20251209;17:41:54;-0,5;0,0;0,0;0,0;50,0;Подготовка;
20251209;17:41:59;-0,5;0,0;0,0;0,0;50,0;Подготовка;
20251209;17:42:04;-0,5;0,0;0,0;0,0;50,0;Подготовка;
20251209;17:42:09;-0,5;0,0;0,0;0,0;50,0;Подготовка;
20251209;17:42:14;-0,5;0,0;0,0;0,0;50,0;Подготовка;
20251209;17:42:19;-0,5;0,0;0,0;0,0;50,0;Подготовка;
20251209;17:42:24;-0,5;0,0;0,0;0,0;50,0;Подготовка;
20251209;17:42:29;-0,5;0,0;0,0;0,0;50,0;Подготовка;
20251209;17:42:34;-0,5;0,0;0,0;0,0;50,0;Подготовка;
20251209;17:42:40;-0,5;0,0;0,0;0,0;50,0;Подготовка;
20251209;17:42:45;-0,5;0,0;0,0;0,0;50,0;Подготовка;
20251209;17:42:50;-0,5;0,0;0,0;0,0;50,0;Подготовка;
20251209;17:42:55;-0,5;0,0;0,0;0,0;50,0;Подготовка;
20251209;17:43:00;-0,5;0,0;0,0;0,0;50,0;Подготовка;
20251209;17:43:05;-0,5;0,0;0,0;0,0;50,0;Подготовка;
20251209;17:43:10;-0,5;0,0;0,0;0,0;50,0;Подготовка;
20251209;17:43:15;-0,5;0,0;0,0;0,0;50,0;Подготовка;
20251209;17:43:20;-0,5;0,0;0,0;0,0;50,0;Подготовка;
20251209;17:43:25;-0,5;0,0;0,0;0,0;50,0;Подготовка;
20251209;17:43:30;-0,5;0,0;0,0;0,0;50,0;Подготовка;
20251209;17:43:35;-0,5;0,0;0,0;0,0;50,0;Подготовка;
20251209;17:43:40;-0,5;0,0;0,0;0,0;50,0;Подготовка;
20251209;17:43:45;-0,5;0,0;0,0;0,0;50,0;Подготовка;
20251209;17:43:50;-0,5;0,0;0,0;0,0;50,0;Подготовка;
20251209;17:43:55;-0,5;0,0;0,0;0,0;50,0;Подготовка;
20251209;17:44:00;-0,5;0,0;0,0;0,0;50,0;Подготовка;
20251209;17:44:05;-0,5;0,0;0,0;0,0;50,0;Подготовка;
20251209;17:44:10;-0,5;0,0;0,0;0,0;50,0;Подготовка;
20251209;17:44:15;-0,5;0,0;0,0;0,0;50,0;Подготовка;
20251209;17:44:20;-0,5;0,0;0,0;0,0;50,0;Подготовка;
20251209;17:44:25;-0,5;0,0;0,0;0,0;50,0;Подготовка;
20251209;17:44:30;-0,5;0,0;0,0;0,0;50,0;Подготовка;
20251209;17:44:35;-0,5;0,0;0,0;0,0;50,0;Подготовка;
20251209;17:44:40;-0,5;0,0;0,0;0,0;50,0;Подготовка;
20251209;17:44:46;-0,5;0,0;0,0;0,0;50,0;Подготовка;
20251209;17:44:51;-0,5;0,0;0,0;0,0;50,0;Подготовка;
20251209;17:44:56;-0,5;0,0;0,0;0,0;50,0;Подготовка;
20251209;17:45:01;-0,5;0,0;0,0;0,0;50,0;Подготовка;
20251209;17:45:06;-0,5;0,0;0,0;0,0;50,0;Подготовка;
20251209;17:45:11;-0,5;0,0;0,0;0,0;50,0;Подготовка;
20251209;17:45:16;-0,5;0,0;0,0;0,0;50,0;Подготовка;
20251209;17:45:21;-0,5;0,0;0,0;0,0;50,0;Подготовка;
20251209;17:45:26;-0,5;0,0;0,0;0,0;50,0;Подготовка;
20251209;17:45:31;-0,5;0,0;0,0;0,0;50,0;Подготовка;
20251209;17:45:36;-0,5;0,0;0,0;0,0;50,0;Подготовка;
20251209;17:45:41;-0,5;0,0;0,0;0,0;50,0;Подготовка;
20251209;17:45:46;-0,5;0,0;0,0;0,0;50,0;Подготовка;
20251209;17:45:51;-0,5;0,0;0,0;0,0;50,0;Подготовка;
20251209;17:45:56;-0,5;0,0;0,0;0,0;50,0;Подготовка;
20251209;17:46:01;-0,5;0,0;0,0;0,0;50,0;Подготовка;
20251209;17:46:06;-0,5;0,0;0,0;0,0;50,0;Подготовка;
20251209;17:46:11;-0,5;0,0;0,0;0,0;50,0;Подготовка;
20251209;17:46:16;-0,5;0,0;0,0;0,0;50,0;Подготовка;
20251209;17:46:21;-0,5;0,0;0,0;0,0;50,0;Подготовка;
20251209;17:46:26;-0,5;0,0;0,0;0,0;50,0;Подготовка;
20251209;17:46:31;-0,5;0,0;0,0;0,0;50,0;Подготовка;
20251209;17:46:36;-0,5;0,0;0,0;0,0;50,0;Подготовка;
20251209;17:46:41;-0,5;0,0;0,0;0,0;50,0;Подготовка;
20251209;17:46:46;-0,5;0,0;0,0;0,0;50,0;Подготовка;
20251209;17:46:52;-0,5;0,0;0,0;0,0;50,0;Подготовка;
20251209;17:46:57;-0,5;0,0;0,0;0,0;50,0;Подготовка;
20251209;17:47:02;-0,5;0,0;0,0;0,0;50,0;Подготовка;
20251209;17:47:07;-0,5;0,0;0,0;0,0;50,0;Подготовка;
20251209;17:47:12;-0,5;0,0;0,0;0,0;50,0;Подготовка;
20251209;17:47:17;-0,5;0,0;0,0;0,0;50,0;Подготовка;
20251209;17:47:22;-0,5;0,0;0,0;0,0;50,0;Подготовка;
20251209;17:47:27;-0,5;0,0;0,0;0,0;50,0;Подготовка;
20251209;17:47:32;-0,5;0,0;0,0;0,0;50,0;Подготовка;
20251209;17:47:37;-0,5;0,0;0,0;0,0;50,0;Подготовка;
20251209;17:47:42;-0,5;0,0;0,0;0,0;50,0;Подготовка;
20251209;17:47:47;-0,5;0,0;0,0;0,0;50,0;Подготовка;
20251209;17:47:52;-0,5;0,0;0,0;0,0;50,0;Подготовка;
20251209;17:47:57;-0,5;0,0;0,0;0,0;50,0;Подготовка;
20251209;17:48:02;-0,5;0,0;0,0;0,0;50,0;Подготовка;
20251209;17:48:07;-0,5;0,0;0,0;0,0;50,0;Подготовка;
20251209;17:48:12;-0,5;0,0;0,0;0,0;50,0;Подготовка;
20251209;17:48:17;-0,5;0,0;0,0;0,0;50,0;Подготовка;
20251209;17:48:22;-0,5;0,0;0,0;0,0;50,0;Подготовка;
20251209;17:48:27;-0,5;0,0;0,0;0,0;50,0;Подготовка;
20251209;17:48:32;-0,5;0,0;0,0;0,0;50,0;Подготовка;
20251209;17:48:37;-0,5;0,0;0,0;0,0;50,0;Подготовка;
20251209;17:48:42;-0,5;0,0;0,0;0,0;50,0;Подготовка;
20251209;17:48:47;-0,5;0,0;0,0;0,0;50,0;Подготовка;
20251209;17:48:52;-0,5;0,0;0,0;0,0;50,0;Подготовка;
20251209;17:48:58;-0,5;0,0;0,0;0,0;50,0;Подготовка;
20251209;17:49:03;-0,5;0,0;0,0;0,0;50,0;Подготовка;
20251209;17:49:08;-0,5;0,0;0,0;0,0;50,0;Подготовка;
20251209;17:49:13;-0,5;0,0;0,0;0,0;50,0;Подготовка;
20251209;17:49:18;-0,5;0,0;0,0;0,0;50,0;Подготовка;
20251209;17:49:23;-0,5;0,0;0,0;0,0;50,0;Подготовка;
20251209;17:49:28;-0,5;0,0;0,0;0,0;50,0;Подготовка;
20251209;17:49:33;-0,5;0,0;0,0;0,0;50,0;Подготовка;
20251209;17:49:38;-0,5;0,0;0,0;0,0;50,0;Подготовка;
20251209;17:49:43;-0,5;0,0;0,0;0,0;50,0;Подготовка;
20251209;17:49:48;-0,5;0,0;0,0;0,0;50,0;Подготовка;
20251209;17:49:53;-0,5;0,0;0,0;0,0;50,0;Подготовка;
20251209;17:49:58;-0,5;0,0;0,0;0,0;50,0;Подготовка;
20251209;17:50:03;-0,5;0,0;0,0;0,0;50,0;Подготовка;
20251209;17:50:08;-0,5;0,0;0,0;0,0;50,0;Подготовка;
20251209;17:50:13;-0,5;0,0;0,0;0,0;50,0;Подготовка;
20251209;17:50:18;-0,5;0,0;0,0;0,0;50,0;Подготовка;
20251209;17:50:23;-0,5;0,0;0,0;0,0;50,0;Подготовка;
20251209;17:50:28;-0,5;0,0;0,0;0,0;50,0;Подготовка;
20251209;17:50:33;-0,5;0,0;0,0;0,0;50,0;Подготовка;
20251209;17:50:38;-0,5;0,0;0,0;0,0;50,0;Подготовка;
20251209;17:50:43;-0,5;0,0;0,0;0,0;50,0;Подготовка;
20251209;17:50:48;-0,5;0,0;0,0;0,0;50,0;Подготовка;
20251209;17:50:53;-0,5;0,0;0,0;0,0;50,0;Подготовка;
20251209;17:50:58;-0,5;0,0;0,0;0,0;50,0;Подготовка;
20251209;17:51:04;-0,5;0,0;0,0;0,0;50,0;Подготовка;
20251209;17:51:09;-0,5;0,0;0,0;0,0;50,0;Подготовка;
20251209;17:51:14;-0,5;0,0;0,0;0,0;50,0;Подготовка;
20251209;17:51:19;-0,5;0,0;0,0;0,0;50,0;Подготовка;
20251209;17:51:24;-0,5;0,0;0,0;0,0;50,0;Подготовка;
20251209;17:51:29;-0,5;0,0;0,0;0,0;50,0;Подготовка;
20251209;17:51:34;-0,5;0,0;0,0;0,0;50,0;Подготовка;
20251209;17:51:39;-0,5;0,0;0,0;0,0;50,0;Подготовка;
20251209;17:51:44;-0,5;0,0;0,0;0,0;50,0;Подготовка;
20251209;17:51:49;-0,5;0,0;0,0;0,0;50,0;Подготовка;
20251209;17:51:54;-0,5;0,0;0,0;0,0;50,0;Подготовка;
20251209;17:51:59;-0,5;0,0;0,0;0,0;50,0;Подготовка;
20251209;17:52:04;-0,5;0,0;0,0;0,0;50,0;Подготовка;
20251209;17:52:09;-0,5;0,0;0,0;0,0;50,0;Подготовка;
20251209;17:52:14;-0,5;0,0;0,0;0,0;50,0;Подготовка;
20251209;17:52:19;-0,5;0,0;0,0;0,0;50,0;Подготовка;
20251209;17:52:24;-0,5;0,0;0,0;0,0;50,0;Подготовка;
20251209;17:52:29;-0,5;0,0;0,0;0,0;50,0;Подготовка;
20251209;17:52:34;-0,5;0,0;0,0;0,0;50,0;Подготовка;
20251209;17:52:39;-0,5;0,0;0,0;0,0;50,0;Подготовка;
20251209;17:52:44;-0,5;0,0;0,0;0,0;50,0;Подготовка;
20251209;17:52:49;-0,5;0,0;0,0;0,0;50,0;Подготовка;
20251209;17:52:54;-0,5;0,0;0,0;0,0;50,0;Подготовка;
20251209;17:52:59;-0,5;0,0;0,0;0,0;50,0;Подготовка;
20251209;17:53:04;-0,5;0,0;0,0;0,0;50,0;Подготовка;
20251209;17:53:10;-0,5;0,0;0,0;0,0;50,0;Подготовка;
20251209;17:53:15;-0,5;0,0;0,0;0,0;50,0;Подготовка;
20251209;17:53:20;-0,5;0,0;0,0;0,0;50,0;Подготовка;
20251209;17:53:25;-0,5;0,0;0,0;0,0;50,0;Подготовка;
20251209;17:53:30;-0,5;0,0;0,0;0,0;50,0;Подготовка;
20251209;17:53:35;-0,5;0,0;0,0;0,0;50,0;Подготовка;
20251209;17:53:40;-0,5;0,0;0,0;0,0;50,0;Подготовка;
20251209;17:53:45;-0,5;0,0;0,0;0,0;50,0;Подготовка;
20251209;17:53:50;-0,5;0,0;0,0;0,0;50,0;Подготовка;
20251209;17:53:55;-0,5;0,0;0,0;0,0;50,0;Подготовка;
20251209;17:54:00;-0,5;0,0;0,0;0,0;50,0;Подготовка;
20251209;17:54:05;-0,5;0,0;0,0;0,0;50,0;Подготовка;
20251209;17:54:10;-0,5;0,0;0,0;0,0;50,0;Подготовка;
20251209;17:54:15;-0,5;0,0;0,0;0,0;50,0;Подготовка;
20251209;17:54:20;-0,5;0,0;0,0;0,0;50,0;Подготовка;
20251209;17:54:25;-0,5;0,0;0,0;0,0;50,0;Подготовка;
20251209;17:54:30;-0,5;0,0;0,0;0,0;50,0;Подготовка;
20251209;17:54:35;-0,5;0,0;0,0;0,0;50,0;Подготовка;
20251209;17:54:40;-0,5;0,0;0,0;0,0;50,0;Подготовка;
20251209;17:54:45;-0,5;0,0;0,0;0,0;50,0;Подготовка;
20251209;17:54:50;-0,5;0,0;0,0;0,0;50,0;Подготовка;
20251209;17:54:55;-0,5;0,0;0,0;0,0;50,0;Подготовка;
20251209;17:55:00;-0,5;0,0;0,0;0,0;50,0;Подготовка;
20251209;17:55:05;-0,5;0,0;0,0;0,0;50,0;Подготовка;
20251209;17:55:10;-0,5;0,0;0,0;0,0;50,0;Подготовка;
20251209;17:55:16;-0,5;0,0;0,0;0,0;50,0;Подготовка;
20251209;17:55:21;-0,5;0,0;0,0;0,0;50,0;Подготовка;
20251209;17:55:26;-0,5;0,0;0,0;0,0;50,0;Подготовка;
20251209;17:55:31;-0,5;0,0;0,0;0,0;50,0;Подготовка;
20251209;17:55:36;-0,5;0,0;0,0;0,0;50,0;Подготовка;
20251209;17:55:41;-0,5;0,0;0,0;0,0;50,0;Подготовка;
20251209;17:55:46;-0,5;0,0;0,0;0,0;50,0;Подготовка;
20251209;17:55:51;-0,5;0,0;0,0;0,0;50,0;Подготовка;
20251209;17:55:56;-0,5;0,0;0,0;0,0;50,0;Подготовка;
20251209;17:56:01;-0,5;0,0;0,0;0,0;50,0;Подготовка;
20251209;17:56:06;-0,5;0,0;0,0;0,0;50,0;Подготовка;
20251209;17:56:11;-0,5;0,0;0,0;0,0;50,0;Подготовка;
20251209;17:56:16;-0,5;0,0;0,0;0,0;50,0;Подготовка;
20251209;17:56:21;-0,5;0,0;0,0;0,0;50,0;Подготовка;
20251209;17:56:26;-0,5;0,0;0,0;0,0;50,0;Подготовка;
20251209;17:56:31;-0,5;0,0;0,0;0,0;50,0;Подготовка;
20251209;17:56:36;-0,5;0,0;0,0;0,0;50,0;Подготовка;
20251209;17:56:41;-0,5;0,0;0,0;0,0;50,0;Подготовка;
20251209;17:56:46;-0,5;0,0;0,0;0,0;50,0;Подготовка;
20251209;17:56:51;-0,5;0,0;0,0;0,0;50,0;Подготовка;
20251209;17:56:56;-0,5;0,0;0,0;0,0;50,0;Подготовка;
20251209;17:57:01;-0,5;0,0;0,0;0,0;50,0;Подготовка;
20251209;17:57:06;-0,5;0,0;0,0;0,0;50,0;Подготовка;
20251209;17:57:11;-0,5;0,0;0,0;0,0;50,0;Подготовка;
20251209;17:57:16;-0,5;0,0;0,0;0,0;50,0;Подготовка;
20251209;17:57:22;-0,5;0,0;0,0;0,0;50,0;Подготовка;
20251209;17:57:27;-0,5;0,0;0,0;0,0;50,0;Подготовка;
20251209;17:57:32;-0,5;0,0;0,0;0,0;50,0;Подготовка;
20251209;17:57:37;-0,5;0,0;0,0;0,0;50,0;Подготовка;
20251209;17:57:42;-0,5;0,0;0,0;0,0;50,0;Подготовка;
20251209;17:57:47;-0,5;0,0;0,0;0,0;50,0;Подготовка;
20251209;17:57:52;-0,5;0,0;0,0;0,0;50,0;Подготовка;
20251209;17:57:57;-0,5;0,0;0,0;0,0;50,0;Подготовка;
20251209;17:58:02;-0,5;0,0;0,0;0,0;50,0;Подготовка;
20251209;17:58:07;-0,5;0,0;0,0;0,0;50,0;Подготовка;
20251209;17:58:12;-0,5;0,0;0,0;0,0;50,0;Подготовка;
20251209;17:58:17;-0,5;0,0;0,0;0,0;50,0;Подготовка;
20251209;17:58:22;-0,5;0,0;0,0;0,0;50,0;Подготовка;
20251209;17:58:27;-0,5;0,0;0,0;0,0;50,0;Подготовка;
20251209;17:58:32;-0,5;0,0;0,0;0,0;50,0;Подготовка;
20251209;17:58:37;-0,5;0,0;0,0;0,0;50,0;Подготовка;
20251209;17:58:42;-0,5;0,0;0,0;0,0;50,0;Подготовка;
20251209;17:58:47;-0,5;0,0;0,0;0,0;50,0;Подготовка;
20251209;17:58:52;-0,5;0,0;0,0;0,0;50,0;Подготовка;
20251209;17:58:57;-0,5;0,0;0,0;0,0;50,0;Подготовка;
20251209;17:59:02;-0,5;0,0;0,0;0,0;50,0;Подготовка;
20251209;17:59:07;-0,5;0,0;0,0;0,0;50,0;Подготовка;
20251209;17:59:12;-0,5;0,0;0,0;0,0;50,0;Подготовка;
20251209;17:59:17;-0,5;0,0;0,0;0,0;50,0;Подготовка;
20251209;17:59:22;-0,5;0,0;0,0;0,0;50,0;Подготовка;
20251209;17:59:28;-0,5;0,0;0,0;0,0;50,0;Подготовка;
20251209;17:59:33;-0,5;0,0;0,0;0,0;50,0;Подготовка;
20251209;17:59:38;-0,5;0,0;0,0;0,0;50,0;Подготовка;
20251209;17:59:43;-0,5;0,0;0,0;0,0;50,0;Подготовка;
20251209;17:59:48;-0,5;0,0;0,0;0,0;50,0;Подготовка;
20251209;17:59:53;-0,5;0,0;0,0;0,0;50,0;Подготовка;
20251209;17:59:58;-0,5;0,0;0,0;0,0;50,0;Подготовка;
20251209;18:00:03;-0,5;0,0;0,0;0,0;50,0;Подготовка;
20251209;18:00:08;-0,5;0,0;0,0;0,0;50,0;Подготовка;
20251209;18:00:13;-0,5;0,0;0,0;0,0;50,0;Подготовка;
20251209;18:00:18;-0,5;0,0;0,0;0,0;50,0;Подготовка;
20251209;18:00:23;-0,5;0,0;0,0;0,0;50,0;Подготовка;
20251209;18:00:28;-0,5;0,0;0,0;0,0;50,0;Подготовка;
20251209;18:00:33;-0,5;0,0;0,0;0,0;50,0;Подготовка;
20251209;18:00:38;-0,5;0,0;0,0;0,0;50,0;Подготовка;
20251209;18:00:43;-0,5;0,0;0,0;0,0;50,0;Подготовка;
20251209;18:00:48;-0,5;0,0;0,0;0,0;50,0;Подготовка;
20251209;18:00:53;-0,5;0,0;0,0;0,0;50,0;Подготовка;
20251209;18:00:58;-0,5;0,0;0,0;0,0;50,0;Подготовка;
20251209;18:01:03;-0,5;0,0;0,0;0,0;50,0;Подготовка;
20251209;18:01:08;-0,5;0,0;0,0;0,0;50,0;Подготовка;
20251209;18:01:13;-0,5;0,0;0,0;0,0;50,0;Подготовка;
20251209;18:01:18;-0,5;0,0;0,0;0,0;50,0;Подготовка;
20251209;18:01:23;-0,5;0,0;0,0;0,0;50,0;Подготовка;
20251209;18:01:28;-0,5;0,0;0,0;0,0;50,0;Подготовка;
20251209;18:01:34;-0,5;0,0;0,0;0,0;50,0;Подготовка;
20251209;18:01:39;-0,5;0,0;0,0;0,0;50,0;Подготовка;
20251209;18:01:44;-0,5;0,0;0,0;0,0;50,0;Подготовка;
20251209;18:01:49;-0,5;0,0;0,0;0,0;50,0;Подготовка;
20251209;18:01:54;-0,5;0,0;0,0;0,0;50,0;Подготовка;
20251209;18:01:59;-0,5;0,0;0,0;0,0;50,0;Подготовка;
20251209;18:02:04;-0,5;0,0;0,0;0,0;50,0;Подготовка;
20251209;18:02:09;-0,5;0,0;0,0;0,0;50,0;Подготовка;
20251209;18:02:14;-0,5;0,0;0,0;0,0;50,0;Подготовка;
20251209;18:02:19;-0,5;0,0;0,0;0,0;50,0;Подготовка;
20251209;18:02:24;-0,5;0,0;0,0;0,0;50,0;Подготовка;
20251209;18:02:29;-0,5;0,0;0,0;0,0;50,0;Подготовка;
20251209;18:02:34;-0,5;0,0;0,0;0,0;50,0;Подготовка;
20251209;18:02:39;-0,5;0,0;0,0;0,0;50,0;Подготовка;
20251209;18:02:44;-0,5;0,0;0,0;0,0;50,0;Подготовка;
20251209;18:02:49;-0,5;0,0;0,0;0,0;50,0;Подготовка;
20251209;18:02:54;-0,5;0,0;0,0;0,0;50,0;Подготовка;
20251209;18:02:59;-0,5;0,0;0,0;0,0;50,0;Подготовка;
20251209;18:03:04;-0,5;0,0;0,0;0,0;50,0;Подготовка;
20251209;18:03:09;-0,5;0,0;0,0;0,0;50,0;Подготовка;
20251209;18:03:14;-0,5;0,0;0,0;0,0;50,0;Подготовка;
20251209;18:03:19;-0,5;0,0;0,0;0,0;50,0;Подготовка;
20251209;18:03:24;-0,5;0,0;0,0;0,0;50,0;Подготовка;
20251209;18:03:29;-0,5;0,0;0,0;0,0;50,0;Подготовка;
20251209;18:03:34;-0,5;0,0;0,0;0,0;50,0;Подготовка;
20251209;18:03:40;-0,5;0,0;0,0;0,0;50,0;Подготовка;
20251209;18:03:45;-0,5;0,0;0,0;0,0;50,0;Подготовка;
20251209;18:03:50;-0,5;0,0;0,0;0,0;50,0;Подготовка;
20251209;18:03:55;-0,5;0,0;0,0;0,0;50,0;Подготовка;
20251209;18:04:00;-0,5;0,0;0,0;0,0;50,0;Подготовка;
20251209;18:04:05;-0,5;0,0;0,0;0,0;50,0;Подготовка;
20251209;18:04:10;-0,5;0,0;0,0;0,0;50,0;Подготовка;
20251209;18:04:15;-0,5;0,0;0,0;0,0;50,0;Подготовка;
20251209;18:04:20;-0,5;0,0;0,0;0,0;50,0;Подготовка;
20251209;18:04:25;-0,5;0,0;0,0;0,0;50,0;Подготовка;
20251209;18:04:30;-0,5;0,0;0,0;0,0;50,0;Подготовка;
20251209;18:04:35;-0,5;0,0;0,0;0,0;50,0;Подготовка;
20251209;18:04:40;-0,5;0,0;0,0;0,0;50,0;Подготовка;
20251209;18:04:45;-0,5;0,0;0,0;0,0;50,0;Подготовка;
20251209;18:04:50;-0,5;0,0;0,0;0,0;50,0;Подготовка;
20251209;18:04:55;-0,5;0,0;0,0;0,0;50,0;Подготовка;
20251209;18:05:00;-0,5;0,0;0,0;0,0;50,0;Подготовка;
20251209;18:05:05;-0,5;0,0;0,0;0,0;50,0;Подготовка;
20251209;18:05:10;-0,5;0,0;0,0;0,0;50,0;Подготовка;
20251209;18:05:15;-0,5;0,0;0,0;0,0;50,0;Подготовка;
20251209;18:05:20;-0,5;0,0;0,0;0,0;50,0;Подготовка;
20251209;18:05:25;-0,5;0,0;0,0;0,0;50,0;Подготовка;
20251209;18:05:30;-0,5;0,0;0,0;0,0;50,0;Подготовка;
20251209;18:05:35;-0,5;0,0;0,0;0,0;50,0;Подготовка;
20251209;18:05:40;-0,5;0,0;0,0;0,0;50,0;Подготовка;
20251209;18:05:46;-0,5;0,0;0,0;0,0;50,0;Подготовка;
20251209;18:05:51;-0,5;0,0;0,0;0,0;50,0;Подготовка;
20251209;18:05:56;-0,5;0,0;0,0;0,0;50,0;Подготовка;
20251209;18:06:01;-0,5;0,0;0,0;0,0;50,0;Подготовка;
20251209;18:06:06;-0,5;0,0;0,0;0,0;50,0;Подготовка;
20251209;18:06:11;-0,5;0,0;0,0;0,0;50,0;Подготовка;
20251209;18:06:16;-0,5;0,0;0,0;0,0;50,0;Подготовка;
20251209;18:06:21;-0,5;0,0;0,0;0,0;50,0;Подготовка;
20251209;18:06:26;-0,5;0,0;0,0;0,0;50,0;Подготовка;
20251209;18:06:31;-0,5;0,0;0,0;0,0;50,0;Подготовка;
20251209;18:06:36;-0,5;0,0;0,0;0,0;50,0;Подготовка;
20251209;18:06:41;-0,5;0,0;0,0;0,0;50,0;Подготовка;
20251209;18:06:46;-0,5;0,0;0,0;0,0;50,0;Подготовка;
20251209;18:06:51;-0,5;0,0;0,0;0,0;50,0;Подготовка;
20251209;18:06:56;-0,5;0,0;0,0;0,0;50,0;Подготовка;
20251209;18:07:01;-0,5;0,0;0,0;0,0;50,0;Подготовка;
20251209;18:07:06;-0,5;0,0;0,0;0,0;50,0;Подготовка;
20251209;18:07:11;-0,5;0,0;0,0;0,0;50,0;Подготовка;
20251209;18:07:16;-0,5;0,0;0,0;0,0;50,0;Подготовка;
20251209;18:07:21;-0,5;0,0;0,0;0,0;50,0;Подготовка;
20251209;18:07:26;-0,5;0,0;0,0;0,0;50,0;Подготовка;
20251209;18:07:31;-0,5;0,0;0,0;0,0;50,0;Подготовка;
20251209;18:07:36;-0,5;0,0;0,0;0,0;50,0;Подготовка;
20251209;18:07:41;-0,5;0,0;0,0;0,0;50,0;Подготовка;
20251209;18:07:46;-0,5;0,0;0,0;0,0;50,0;Подготовка;
20251209;18:07:52;-0,5;0,0;0,0;0,0;50,0;Подготовка;
20251209;18:07:57;-0,5;0,0;0,0;0,0;50,0;Подготовка;
20251209;18:08:02;-0,5;0,0;0,0;0,0;50,0;Подготовка;
20251209;18:08:07;-0,5;0,0;0,0;0,0;50,0;Подготовка;
20251209;18:08:12;-0,5;0,0;0,0;0,0;50,0;Подготовка;
20251209;18:08:17;-0,5;0,0;0,0;0,0;50,0;Подготовка;
20251209;18:08:22;-0,5;0,0;0,0;0,0;50,0;Подготовка;
20251209;18:08:27;-0,5;0,0;0,0;0,0;50,0;Подготовка;
20251209;18:08:32;-0,5;0,0;0,0;0,0;50,0;Подготовка;
20251209;18:08:37;-0,5;0,0;0,0;0,0;50,0;Подготовка;
20251209;18:08:42;-0,5;0,0;0,0;0,0;50,0;Подготовка;
20251209;18:08:47;-0,5;0,0;0,0;0,0;50,0;Подготовка;
20251209;18:08:52;-0,5;0,0;0,0;0,0;50,0;Подготовка;
20251209;18:08:57;-0,5;0,0;0,0;0,0;50,0;Подготовка;
20251209;18:09:02;-0,5;0,0;0,0;0,0;50,0;Подготовка;
20251209;18:09:07;-0,5;0,0;0,0;0,0;50,0;Подготовка;
20251209;18:09:12;-0,5;0,0;0,0;0,0;50,0;Подготовка;
20251209;18:09:17;-0,5;0,0;0,0;0,0;50,0;Подготовка;
20251209;18:09:22;-0,5;0,0;0,0;0,0;50,0;Подготовка;
20251209;18:09:27;-0,5;0,0;0,0;0,0;50,0;Подготовка;
20251209;18:09:32;-0,5;0,0;0,0;0,0;50,0;Подготовка;
20251209;18:09:37;-0,5;0,0;0,0;0,0;50,0;Подготовка;
20251209;18:09:42;-0,5;0,0;0,0;0,0;50,0;Подготовка;
20251209;18:09:47;-0,5;0,0;0,0;0,0;50,0;Подготовка;
20251209;18:09:52;-0,5;0,0;0,0;0,0;50,0;Подготовка;
20251209;18:09:58;-0,5;0,0;0,0;0,0;50,0;Подготовка;
20251209;18:10:03;-0,5;0,0;0,0;0,0;50,0;Подготовка;
20251209;18:10:08;-0,5;0,0;0,0;0,0;50,0;Подготовка;
20251209;18:10:13;-0,5;0,0;0,0;0,0;50,0;Подготовка;
20251209;18:10:18;-0,5;0,0;0,0;0,0;50,0;Подготовка;
20251209;18:10:23;-0,5;0,0;0,0;0,0;50,0;Подготовка;
20251209;18:10:28;-0,5;0,0;0,0;0,0;50,0;Подготовка;
20251209;18:10:33;-0,5;0,0;0,0;0,0;50,0;Подготовка;
20251209;18:10:38;-0,5;0,0;0,0;0,0;50,0;Подготовка;
20251209;18:10:43;-0,5;0,0;0,0;0,0;50,0;Подготовка;
20251209;18:10:48;-0,5;0,0;0,0;0,0;50,0;Подготовка;
20251209;18:10:53;-0,5;0,0;0,0;0,0;50,0;Подготовка;
20251209;18:10:58;-0,5;0,0;0,0;0,0;50,0;Подготовка;
20251209;18:11:03;-0,5;0,0;0,0;0,0;50,0;Подготовка;
20251209;18:11:08;-0,5;0,0;0,0;0,0;50,0;Подготовка;
20251209;18:11:13;-0,5;0,0;0,0;0,0;50,0;Подготовка;
20251209;18:11:18;-0,5;0,0;0,0;0,0;50,0;Подготовка;
20251209;18:11:23;-0,5;0,0;0,0;0,0;50,0;Подготовка;
20251209;18:11:28;-0,5;0,0;0,0;0,0;50,0;Подготовка;
20251209;18:11:33;-0,5;0,0;0,0;0,0;50,0;Подготовка;
20251209;18:11:38;-0,5;0,0;0,0;0,0;50,0;Подготовка;
20251209;18:11:43;-0,5;0,0;0,0;0,0;50,0;Подготовка;
20251209;18:11:48;-0,5;0,0;0,0;0,0;50,0;Подготовка;
20251209;18:11:53;-0,5;0,0;0,0;0,0;50,0;Подготовка;
20251209;18:11:58;-0,5;0,0;0,0;0,0;50,0;Подготовка;
20251209;18:12:04;-0,5;0,0;0,0;0,0;50,0;Подготовка;
20251209;18:12:09;-0,5;0,0;0,0;0,0;50,0;Подготовка;
20251209;18:12:14;-0,5;0,0;0,0;0,0;50,0;Подготовка;
20251209;18:12:19;-0,5;0,0;0,0;0,0;50,0;Подготовка;
20251209;18:12:24;-0,5;0,0;0,0;0,0;50,0;Подготовка;
20251209;18:12:29;-0,5;0,0;0,0;0,0;50,0;Подготовка;
20251209;18:12:34;-0,5;0,0;0,0;0,0;50,0;Подготовка;
20251209;18:12:39;-0,5;0,0;0,0;0,0;50,0;Подготовка;
20251209;18:12:44;-0,5;0,0;0,0;0,0;50,0;Подготовка;
20251209;18:12:49;-0,5;0,0;0,0;0,0;50,0;Подготовка;
20251209;18:12:54;-0,5;0,0;0,0;0,0;50,0;Подготовка;
20251209;18:12:59;-0,5;0,0;0,0;0,0;50,0;Подготовка;
20251209;18:13:04;-0,5;0,0;0,0;0,0;50,0;Подготовка;
20251209;18:13:09;-0,5;0,0;0,0;0,0;50,0;Подготовка;
20251209;18:13:14;-0,5;0,0;0,0;0,0;50,0;Подготовка;
20251209;18:13:19;-0,5;0,0;0,0;0,0;50,0;Подготовка;
20251209;18:13:24;-0,5;0,0;0,0;0,0;50,0;Подготовка;
20251209;18:13:29;-0,5;0,0;0,0;0,0;50,0;Подготовка;
20251209;18:13:34;-0,5;0,0;0,0;0,0;50,0;Подготовка;
20251209;18:13:39;-0,5;0,0;0,0;0,0;50,0;Подготовка;
20251209;18:13:44;-0,5;0,0;0,0;0,0;50,0;Подготовка;
20251209;18:13:49;-0,5;0,0;0,0;0,0;50,0;Подготовка;
20251209;18:13:54;-0,5;0,0;0,0;0,0;50,0;Подготовка;
20251209;18:13:59;-0,5;0,0;0,0;0,0;50,0;Подготовка;
20251209;18:14:04;-0,5;0,0;0,0;0,0;50,0;Подготовка;
20251209;18:14:10;-0,5;0,0;0,0;0,0;50,0;Подготовка;
20251209;18:14:15;-0,5;0,0;0,0;0,0;50,0;Подготовка;
20251209;18:14:20;-0,5;0,0;0,0;0,0;50,0;Подготовка;
20251209;18:14:25;-0,5;0,0;0,0;0,0;50,0;Подготовка;
20251209;18:14:30;-0,5;0,0;0,0;0,0;50,0;Подготовка;
20251209;18:14:35;-0,5;0,0;0,0;0,0;50,0;Подготовка;
20251209;18:14:40;-0,5;0,0;0,0;0,0;50,0;Подготовка;
20251209;18:14:45;-0,5;0,0;0,0;0,0;50,0;Подготовка;
20251209;18:14:50;-0,5;0,0;0,0;0,0;50,0;Подготовка;
20251209;18:14:55;-0,5;0,0;0,0;0,0;50,0;Подготовка;
20251209;18:15:00;-0,5;0,0;0,0;0,0;50,0;Подготовка;
20251209;18:15:05;-0,5;0,0;0,0;0,0;50,0;Подготовка;
20251209;18:15:10;-0,5;0,0;0,0;0,0;50,0;Подготовка;
20251209;18:15:15;-0,5;0,0;0,0;0,0;50,0;Подготовка;
20251209;18:15:20;-0,5;0,0;0,0;0,0;50,0;Подготовка;
20251209;18:15:25;-0,5;0,0;0,0;0,0;50,0;Подготовка;
20251209;18:15:30;-0,5;0,0;0,0;0,0;50,0;Подготовка;
20251209;18:15:35;-0,5;0,0;0,0;0,0;50,0;Подготовка;
20251209;18:15:40;-0,5;0,0;0,0;0,0;50,0;Подготовка;
20251209;18:15:45;-0,5;0,0;0,0;0,0;50,0;Подготовка;
20251209;18:15:50;-0,5;0,0;0,0;0,0;50,0;Подготовка;
20251209;18:15:55;-0,5;0,0;0,0;0,0;50,0;Подготовка;
20251209;18:16:00;-0,5;0,0;0,0;0,0;50,0;Подготовка;
20251209;18:16:05;-0,5;0,0;0,0;0,0;50,0;Подготовка;
20251209;18:16:10;-0,5;0,0;0,0;0,0;50,0;Подготовка;
20251209;18:16:16;-0,5;0,0;0,0;0,0;50,0;Подготовка;
20251209;18:16:21;-0,5;0,0;0,0;0,0;50,0;Подготовка;
20251209;18:16:26;-0,5;0,0;0,0;0,0;50,0;Подготовка;
20251209;18:16:31;-0,5;0,0;0,0;0,0;50,0;Подготовка;
20251209;18:16:36;-0,5;0,0;0,0;0,0;50,0;Подготовка;
20251209;18:16:41;-0,5;0,0;0,0;0,0;50,0;Подготовка;
20251209;18:16:46;-0,5;0,0;0,0;0,0;50,0;Подготовка;
20251209;18:16:51;-0,5;0,0;0,0;0,0;50,0;Подготовка;
20251209;18:16:56;-0,5;0,0;0,0;0,0;50,0;Подготовка;
20251209;18:17:01;-0,5;0,0;0,0;0,0;50,0;Подготовка;
20251209;18:17:06;-0,5;0,0;0,0;0,0;50,0;Подготовка;
20251209;18:17:11;-0,5;0,0;0,0;0,0;50,0;Подготовка;
20251209;18:17:16;-0,5;0,0;0,0;0,0;50,0;Подготовка;
20251209;18:17:21;-0,5;0,0;0,0;0,0;50,0;Подготовка;
20251209;18:17:26;-0,5;0,0;0,0;0,0;50,0;Подготовка;
20251209;18:17:31;-0,5;0,0;0,0;0,0;50,0;Подготовка;
20251209;18:17:36;-0,5;0,0;0,0;0,0;50,0;Подготовка;
20251209;18:17:41;-0,5;0,0;0,0;0,0;50,0;Подготовка;
20251209;18:17:46;-0,5;0,0;0,0;0,0;50,0;Подготовка;
20251209;18:17:51;-0,5;0,0;0,0;0,0;50,0;Подготовка;
20251209;18:17:56;-0,5;0,0;0,0;0,0;50,0;Подготовка;
20251209;18:18:01;-0,5;0,0;0,0;0,0;50,0;Подготовка;
20251209;18:18:06;-0,5;0,0;0,0;0,0;50,0;Подготовка;
20251209;18:18:11;-0,5;0,0;0,0;0,0;50,0;Подготовка;
20251209;18:18:16;-0,5;0,0;0,0;0,0;50,0;Подготовка;
20251209;18:18:22;-0,5;0,0;0,0;0,0;50,0;Подготовка;
20251209;18:18:27;-0,5;0,0;0,0;0,0;50,0;Подготовка;
20251209;18:18:32;-0,5;0,0;0,0;0,0;50,0;Подготовка;
20251209;18:18:37;-0,5;0,0;0,0;0,0;50,0;Подготовка;
20251209;18:18:42;-0,5;0,0;0,0;0,0;50,0;Подготовка;
20251209;18:18:47;-0,5;0,0;0,0;0,0;50,0;Подготовка;
20251209;18:18:52;-0,5;0,0;0,0;0,0;50,0;Подготовка;
20251209;18:18:57;-0,5;0,0;0,0;0,0;50,0;Подготовка;
20251209;18:19:02;-0,5;0,0;0,0;0,0;50,0;Подготовка;
20251209;18:19:07;-0,5;0,0;0,0;0,0;50,0;Подготовка;
20251209;18:19:12;-0,5;0,0;0,0;0,0;50,0;Подготовка;
20251209;18:19:17;-0,5;0,0;0,0;0,0;50,0;Подготовка;
20251209;18:19:22;-0,5;0,0;0,0;0,0;50,0;Подготовка;
20251209;18:19:27;-0,5;0,0;0,0;0,0;50,0;Подготовка;
20251209;18:19:32;-0,5;0,0;0,0;0,0;50,0;Подготовка;
20251209;18:19:37;-0,5;0,0;0,0;0,0;50,0;Подготовка;
20251209;18:19:42;-0,5;0,0;0,0;0,0;50,0;Подготовка;
20251209;18:19:47;-0,5;0,0;0,0;0,0;50,0;Подготовка;
20251209;18:19:52;-0,5;0,0;0,0;0,0;50,0;Подготовка;
20251209;18:19:57;-0,5;0,0;0,0;0,0;50,0;Подготовка;
20251209;18:20:02;-0,5;0,0;0,0;0,0;50,0;Подготовка;
20251209;18:20:07;-0,5;0,0;0,0;0,0;50,0;Подготовка;
20251209;18:20:12;-0,5;0,0;0,0;0,0;50,0;Подготовка;
20251209;18:20:17;-0,5;0,0;0,0;0,0;50,0;Подготовка;
20251209;18:20:22;-0,5;0,0;0,0;0,0;50,0;Подготовка;
20251209;18:20:28;-0,5;0,0;0,0;0,0;50,0;Подготовка;
20251209;18:20:33;-0,5;0,0;0,0;0,0;50,0;Подготовка;
20251209;18:20:38;-0,5;0,0;0,0;0,0;50,0;Подготовка;
20251209;18:20:43;-0,5;0,0;0,0;0,0;50,0;Подготовка;
20251209;18:20:48;-0,5;0,0;0,0;0,0;50,0;Подготовка;
20251209;18:20:53;-0,5;0,0;0,0;0,0;50,0;Подготовка;
20251209;18:20:58;-0,5;0,0;0,0;0,0;50,0;Подготовка;
20251209;18:21:03;-0,5;0,0;0,0;0,0;50,0;Подготовка;
20251209;18:21:08;-0,5;0,0;0,0;0,0;50,0;Подготовка;
20251209;18:21:13;-0,5;0,0;0,0;0,0;50,0;Подготовка;
20251209;18:21:18;-0,5;0,0;0,0;0,0;50,0;Подготовка;
20251209;18:21:23;-0,5;0,0;0,0;0,0;50,0;Подготовка;
20251209;18:21:28;-0,5;0,0;0,0;0,0;50,0;Подготовка;
20251209;18:21:33;-0,5;0,0;0,0;0,0;50,0;Подготовка;
20251209;18:21:38;-0,5;0,0;0,0;0,0;50,0;Подготовка;
20251209;18:21:43;-0,5;0,0;0,0;0,0;50,0;Подготовка;
20251209;18:21:48;-0,5;0,0;0,0;0,0;50,0;Подготовка;
20251209;18:21:53;-0,5;0,0;0,0;0,0;50,0;Подготовка;
20251209;18:21:58;-0,5;0,0;0,0;0,0;50,0;Подготовка;
20251209;18:22:03;-0,5;0,0;0,0;0,0;50,0;Подготовка;
20251209;18:22:08;-0,5;0,0;0,0;0,0;50,0;Подготовка;
20251209;18:22:13;-0,5;0,0;0,0;0,0;50,0;Подготовка;
20251209;18:22:18;-0,5;0,0;0,0;0,0;50,0;Подготовка;
20251209;18:22:23;-0,5;0,0;0,0;0,0;50,0;Подготовка;
20251209;18:22:28;-0,5;0,0;0,0;0,0;50,0;Подготовка;
20251209;18:22:34;-0,5;0,0;0,0;0,0;50,0;Подготовка;
20251209;18:22:39;-0,5;0,0;0,0;0,0;50,0;Подготовка;
20251209;18:22:44;-0,5;0,0;0,0;0,0;50,0;Подготовка;
20251209;18:22:49;-0,5;0,0;0,0;0,0;50,0;Подготовка;
20251209;18:22:54;-0,5;0,0;0,0;0,0;50,0;Подготовка;
20251209;18:22:59;-0,5;0,0;0,0;0,0;50,0;Подготовка;
20251209;18:23:04;-0,5;0,0;0,0;0,0;50,0;Подготовка;
20251209;18:23:09;-0,5;0,0;0,0;0,0;50,0;Подготовка;
20251209;18:23:14;-0,5;0,0;0,0;0,0;50,0;Подготовка;
20251209;18:23:19;-0,5;0,0;0,0;0,0;50,0;Подготовка;
20251209;18:23:24;-0,5;0,0;0,0;0,0;50,0;Подготовка;
20251209;18:23:29;-0,5;0,0;0,0;0,0;50,0;Подготовка;
20251209;18:23:34;-0,5;0,0;0,0;0,0;50,0;Подготовка;
20251209;18:23:39;-0,5;0,0;0,0;0,0;50,0;Подготовка;
20251209;18:23:44;-0,5;0,0;0,0;0,0;50,0;Подготовка;
20251209;18:23:49;-0,5;0,0;0,0;0,0;50,0;Подготовка;
20251209;18:23:54;-0,5;0,0;0,0;0,0;50,0;Подготовка;
20251209;18:23:59;-0,5;0,0;0,0;0,0;50,0;Подготовка;
20251209;18:24:04;-0,5;0,0;0,0;0,0;50,0;Подготовка;
20251209;18:24:09;-0,5;0,0;0,0;0,0;50,0;Подготовка;
20251209;18:24:14;-0,5;0,0;0,0;0,0;50,0;Подготовка;
20251209;18:24:19;-0,5;0,0;0,0;0,0;50,0;Подготовка;
20251209;18:24:24;-0,5;0,0;0,0;0,0;50,0;Подготовка;
20251209;18:24:29;-0,5;0,0;0,0;0,0;50,0;Подготовка;
20251209;18:24:34;-0,5;0,0;0,0;0,0;50,0;Подготовка;
20251209;18:24:40;-0,5;0,0;0,0;0,0;50,0;Подготовка;
20251209;18:24:45;-0,5;0,0;0,0;0,0;50,0;Подготовка;
20251209;18:24:50;-0,5;0,0;0,0;0,0;50,0;Подготовка;
20251209;18:24:55;-0,5;0,0;0,0;0,0;50,0;Подготовка;
20251209;18:25:00;-0,5;0,0;0,0;0,0;50,0;Подготовка;
20251209;18:25:05;-0,5;0,0;0,0;0,0;50,0;Подготовка;
20251209;18:25:10;-0,5;0,0;0,0;0,0;50,0;Подготовка;
20251209;18:25:15;-0,5;0,0;0,0;0,0;50,0;Подготовка;
20251209;18:25:20;-0,5;0,0;0,0;0,0;50,0;Подготовка;
20251209;18:25:25;-0,5;0,0;0,0;0,0;50,0;Подготовка;
20251209;18:25:30;-0,5;0,0;0,0;0,0;50,0;Подготовка;
20251209;18:25:35;-0,5;0,0;0,0;0,0;50,0;Подготовка;
20251209;18:25:40;-0,5;0,0;0,0;0,0;50,0;Подготовка;
20251209;18:25:45;-0,5;0,0;0,0;0,0;50,0;Подготовка;
20251209;18:25:50;-0,5;0,0;0,0;0,0;50,0;Подготовка;
20251209;18:25:55;-0,5;0,0;0,0;0,0;50,0;Подготовка;
20251209;18:26:00;-0,5;0,0;0,0;0,0;50,0;Подготовка;
20251209;18:26:05;-0,5;0,0;0,0;0,0;50,0;Подготовка;
20251209;18:26:10;-0,5;0,0;0,0;0,0;50,0;Подготовка;
20251209;18:26:15;-0,5;0,0;0,0;0,0;50,0;Подготовка;
20251209;18:26:20;-0,5;0,0;0,0;0,0;50,0;Подготовка;
20251209;18:26:25;-0,5;0,0;0,0;0,0;50,0;Подготовка;
20251209;18:26:30;-0,5;0,0;0,0;0,0;50,0;Подготовка;
20251209;18:26:35;-0,5;0,0;0,0;0,0;50,0;Подготовка;
20251209;18:26:40;-0,5;0,0;0,0;0,0;50,0;Подготовка;
20251209;18:26:46;-0,5;0,0;0,0;0,0;50,0;Подготовка;
20251209;18:26:51;-0,5;0,0;0,0;0,0;50,0;Подготовка;
20251209;18:26:56;-0,5;0,0;0,0;0,0;50,0;Подготовка;
20251209;18:27:01;-0,5;0,0;0,0;0,0;50,0;Подготовка;
20251209;18:27:06;-0,5;0,0;0,0;0,0;50,0;Подготовка;
20251209;18:27:11;-0,5;0,0;0,0;0,0;50,0;Подготовка;
20251209;18:27:16;-0,5;0,0;0,0;0,0;50,0;Подготовка;
20251209;18:27:21;-0,5;0,0;0,0;0,0;50,0;Подготовка;
20251209;18:27:26;-0,5;0,0;0,0;0,0;50,0;Подготовка;
20251209;18:27:31;-0,5;0,0;0,0;0,0;50,0;Подготовка;
20251209;18:27:36;-0,5;0,0;0,0;0,0;50,0;Подготовка;
20251209;18:27:41;-0,5;0,0;0,0;0,0;50,0;Подготовка;
20251209;18:27:46;-0,5;0,0;0,0;0,0;50,0;Подготовка;
20251209;18:27:51;-0,5;0,0;0,0;0,0;50,0;Подготовка;
20251209;18:27:56;-0,5;0,0;0,0;0,0;50,0;Подготовка;
20251209;18:28:01;-0,5;0,0;0,0;0,0;50,0;Подготовка;
20251209;18:28:06;-0,5;0,0;0,0;0,0;50,0;Подготовка;
20251209;18:28:11;-0,5;0,0;0,0;0,0;50,0;Подготовка;
20251209;18:28:16;-0,5;0,0;0,0;0,0;50,0;Подготовка;
20251209;18:28:21;-0,5;0,0;0,0;0,0;50,0;Подготовка;
20251209;18:28:26;-0,5;0,0;0,0;0,0;50,0;Подготовка;
20251209;18:28:31;-0,5;0,0;0,0;0,0;50,0;Подготовка;
20251209;18:28:36;-0,5;0,0;0,0;0,0;50,0;Подготовка;
20251209;18:28:41;-0,5;0,0;0,0;0,0;50,0;Подготовка;
20251209;18:28:46;-0,5;0,0;0,0;0,0;50,0;Подготовка;
20251209;18:28:52;-0,5;0,0;0,0;0,0;50,0;Подготовка;
20251209;18:28:57;-0,5;0,0;0,0;0,0;50,0;Подготовка;
20251209;18:29:02;-0,5;0,0;0,0;0,0;50,0;Подготовка;
20251209;18:29:07;-0,5;0,0;0,0;0,0;50,0;Подготовка;
20251209;18:29:12;-0,5;0,0;0,0;0,0;50,0;Подготовка;
20251209;18:29:17;-0,5;0,0;0,0;0,0;50,0;Подготовка;
20251209;18:29:22;-0,5;0,0;0,0;0,0;50,0;Подготовка;
20251209;18:29:27;-0,5;0,0;0,0;0,0;50,0;Подготовка;
20251209;18:29:32;-0,5;0,0;0,0;0,0;50,0;Подготовка;
20251209;18:29:37;-0,5;0,0;0,0;0,0;50,0;Подготовка;
20251209;18:29:42;-0,5;0,0;0,0;0,0;50,0;Подготовка;
20251209;18:29:47;-0,5;0,0;0,0;0,0;50,0;Подготовка;
20251209;18:29:52;-0,5;0,0;0,0;0,0;50,0;Подготовка;
20251209;18:29:57;-0,5;0,0;0,0;0,0;50,0;Подготовка;
20251209;18:30:02;-0,5;0,0;0,0;0,0;50,0;Подготовка;
20251209;18:30:07;-0,5;0,0;0,0;0,0;50,0;Подготовка;
20251209;18:30:12;-0,5;0,0;0,0;0,0;50,0;Подготовка;
20251209;18:30:17;-0,5;0,0;0,0;0,0;50,0;Подготовка;
20251209;18:30:22;-0,5;0,0;0,0;0,0;50,0;Подготовка;
20251209;18:30:27;-0,5;0,0;0,0;0,0;50,0;Подготовка;
20251209;18:30:32;-0,5;0,0;0,0;0,0;50,0;Подготовка;
20251209;18:30:37;-0,5;0,0;0,0;0,0;50,0;Подготовка;
20251209;18:30:42;-0,5;0,0;0,0;0,0;50,0;Подготовка;
20251209;18:30:47;-0,5;0,0;0,0;0,0;50,0;Подготовка;
20251209;18:30:52;-0,5;0,0;0,0;0,0;50,0;Подготовка;
20251209;18:30:58;-0,5;0,0;0,0;0,0;50,0;Подготовка;
20251209;18:31:03;-0,5;0,0;0,0;0,0;50,0;Подготовка;
20251209;18:31:08;-0,5;0,0;0,0;0,0;50,0;Подготовка;
20251209;18:31:13;-0,5;0,0;0,0;0,0;50,0;Подготовка;
20251209;18:31:18;-0,5;0,0;0,0;0,0;50,0;Подготовка;
20251209;18:31:23;-0,5;0,0;0,0;0,0;50,0;Подготовка;
20251209;18:31:28;-0,5;0,0;0,0;0,0;50,0;Подготовка;
20251209;18:31:33;-0,5;0,0;0,0;0,0;50,0;Подготовка;
20251209;18:31:38;-0,5;0,0;0,0;0,0;50,0;Подготовка;
20251209;18:31:43;-0,5;0,0;0,0;0,0;50,0;Подготовка;
20251209;18:31:48;-0,5;0,0;0,0;0,0;50,0;Подготовка;
20251209;18:31:53;-0,5;0,0;0,0;0,0;50,0;Подготовка;
20251209;18:31:58;-0,5;0,0;0,0;0,0;50,0;Подготовка;
20251209;18:32:03;-0,5;0,0;0,0;0,0;50,0;Подготовка;
20251209;18:32:08;-0,5;0,0;0,0;0,0;50,0;Подготовка;
20251209;18:32:13;-0,5;0,0;0,0;0,0;50,0;Подготовка;
20251209;18:32:18;-0,5;0,0;0,0;0,0;50,0;Подготовка;
20251209;18:32:23;-0,5;0,0;0,0;0,0;50,0;Подготовка;
20251209;18:32:28;-0,5;0,0;0,0;0,0;50,0;Подготовка;
20251209;18:32:33;-0,5;0,0;0,0;0,0;50,0;Подготовка;
20251209;18:32:38;-0,5;0,0;0,0;0,0;50,0;Подготовка;
20251209;18:32:43;-0,5;0,0;0,0;0,0;50,0;Подготовка;
20251209;18:32:48;-0,5;0,0;0,0;0,0;50,0;Подготовка;
20251209;18:32:53;-0,5;0,0;0,0;0,0;50,0;Подготовка;
20251209;18:32:58;-0,5;0,0;0,0;0,0;50,0;Подготовка;
20251209;18:33:04;-0,5;0,0;0,0;0,0;50,0;Подготовка;
20251209;18:33:09;-0,5;0,0;0,0;0,0;50,0;Подготовка;
20251209;18:33:14;-0,5;0,0;0,0;0,0;50,0;Подготовка;
20251209;18:33:19;-0,5;0,0;0,0;0,0;50,0;Подготовка;
20251209;18:33:24;-0,5;0,0;0,0;0,0;50,0;Подготовка;
20251209;18:33:29;-0,5;0,0;0,0;0,0;50,0;Подготовка;
20251209;18:33:34;-0,5;0,0;0,0;0,0;50,0;Подготовка;
20251209;18:33:39;-0,5;0,0;0,0;0,0;50,0;Подготовка;
20251209;18:33:44;-0,5;0,0;0,0;0,0;50,0;Подготовка;
20251209;18:33:49;-0,5;0,0;0,0;0,0;50,0;Подготовка;
20251209;18:33:54;-0,5;0,0;0,0;0,0;50,0;Подготовка;
20251209;18:33:59;-0,5;0,0;0,0;0,0;50,0;Подготовка;
20251209;18:34:04;-0,5;0,0;0,0;0,0;50,0;Подготовка;
20251209;18:34:09;-0,5;0,0;0,0;0,0;50,0;Подготовка;
20251209;18:34:14;-0,5;0,0;0,0;0,0;50,0;Подготовка;
20251209;18:34:19;-0,5;0,0;0,0;0,0;50,0;Подготовка;
20251209;18:34:24;-0,5;0,0;0,0;0,0;50,0;Подготовка;
20251209;18:34:29;-0,5;0,0;0,0;0,0;50,0;Подготовка;
20251209;18:34:34;-0,5;0,0;0,0;0,0;50,0;Подготовка;
20251209;18:34:39;-0,5;0,0;0,0;0,0;50,0;Подготовка;
Предприятие;
Объект;
Вид оборудования;
Дисп. наименование;
Тип;
Зав. номер;
Сер. номер;
Год выпуска;
Год ввода в эксплуатацию;
Дата отбора пробы;
Марка пробы;
Температура пробы;
DATE ;TIME ;TS_TEMP ;PROB_TEMP ;PROB_OTN_VL ;PROBE_VlAGOSOD ;SP ;STATUS ; 
20251209;18:34:56;-0,39;0,0;0,0;0,0;50,0;Включение;
20251209;18:35:01;-0,49;0,0;0,0;0,0;50,0;Включение;
20251209;18:35:06;-0,49;0,0;0,0;0,0;50,0;Подготовка;
20251209;18:35:11;-0,49;0,0;0,0;0,0;50,0;Подготовка;
20251209;18:35:16;-0,49;0,0;0,0;0,0;50,0;Подготовка;
20251209;18:35:22;-0,49;0,0;0,0;0,0;50,0;Подготовка;
20251209;18:35:27;-0,5;0,0;0,0;0,0;50,0;Подготовка;
20251209;18:35:32;-0,5;0,0;0,0;0,0;50,0;Подготовка;
20251209;18:35:37;-0,5;0,0;0,0;0,0;50,0;Подготовка;
20251209;18:35:42;-0,5;0,0;0,0;0,0;50,0;Подготовка;
20251209;18:35:47;-0,5;0,0;0,0;0,0;50,0;Подготовка;
20251209;18:35:52;-0,5;0,0;0,0;0,0;50,0;Подготовка;
20251209;18:35:57;-0,5;0,0;0,0;0,0;50,0;Подготовка;
20251209;18:36:02;-0,5;0,0;0,0;0,0;50,0;Подготовка;
20251209;18:36:07;-0,5;0,0;0,0;0,0;50,0;Подготовка;
20251209;18:36:12;-0,5;0,0;0,0;0,0;50,0;Подготовка;
20251209;18:36:17;-0,5;0,0;0,0;0,0;50,0;Подготовка;
20251209;18:36:22;-0,5;0,0;0,0;0,0;50,0;Подготовка;
20251209;18:36:27;-0,5;0,0;0,0;0,0;50,0;Подготовка;
20251209;18:36:32;-0,5;0,0;0,0;0,0;50,0;Подготовка;
20251209;18:36:37;-0,5;0,0;0,0;0,0;50,0;Подготовка;
20251209;18:36:42;-0,5;0,0;0,0;0,0;50,0;Подготовка;
20251209;18:36:47;-0,5;0,0;0,0;0,0;50,0;Подготовка;
20251209;18:36:52;-0,5;0,0;0,0;0,0;50,0;Подготовка;
20251209;18:36:57;-0,5;0,0;0,0;0,0;50,0;Подготовка;
20251209;18:37:02;-0,5;0,0;0,0;0,0;50,0;Подготовка;
20251209;18:37:07;-0,5;0,0;0,0;0,0;50,0;Подготовка;
20251209;18:37:12;-0,5;0,0;0,0;0,0;50,0;Подготовка;
20251209;18:37:17;-0,5;0,0;0,0;0,0;50,0;Подготовка;
20251209;18:37:22;-0,5;0,0;0,0;0,0;50,0;Подготовка;
20251209;18:37:28;-0,5;0,0;0,0;0,0;50,0;Подготовка;
20251209;18:37:33;-0,5;0,0;0,0;0,0;50,0;Подготовка;
20251209;18:37:38;-0,5;0,0;0,0;0,0;50,0;Подготовка;
20251209;18:37:43;-0,5;0,0;0,0;0,0;50,0;Подготовка;
20251209;18:37:48;-0,5;0,0;0,0;0,0;50,0;Подготовка;
20251209;18:37:53;-0,5;0,0;0,0;0,0;50,0;Подготовка;
20251209;18:37:58;-0,5;0,0;0,0;0,0;50,0;Подготовка;
20251209;18:38:03;-0,5;0,0;0,0;0,0;50,0;Подготовка;
20251209;18:38:08;-0,5;0,0;0,0;0,0;50,0;Подготовка;
20251209;18:38:13;-0,5;0,0;0,0;0,0;50,0;Подготовка;
20251209;18:38:18;-0,5;0,0;0,0;0,0;50,0;Подготовка;
20251209;18:38:23;-0,5;0,0;0,0;0,0;50,0;Подготовка;
20251209;18:38:28;-0,5;0,0;0,0;0,0;50,0;Подготовка;
20251209;18:38:33;-0,5;0,0;0,0;0,0;50,0;Подготовка;
20251209;18:38:38;-0,5;0,0;0,0;0,0;50,0;Подготовка;
20251209;18:38:43;-0,5;0,0;0,0;0,0;50,0;Подготовка;
20251209;18:38:48;-0,5;0,0;0,0;0,0;50,0;Подготовка;
20251209;18:38:53;-0,5;0,0;0,0;0,0;50,0;Подготовка;
20251209;18:38:58;-0,5;0,0;0,0;0,0;50,0;Подготовка;
20251209;18:39:03;-0,5;0,0;0,0;0,0;50,0;Подготовка;
20251209;18:39:08;-0,5;0,0;0,0;0,0;50,0;Подготовка;
20251209;18:39:13;-0,5;0,0;0,0;0,0;50,0;Подготовка;
20251209;18:39:18;-0,5;0,0;0,0;0,0;50,0;Подготовка;
20251209;18:39:23;-0,5;0,0;0,0;0,0;50,0;Подготовка;
20251209;18:39:28;-0,5;0,0;0,0;0,0;50,0;Подготовка;
20251209;18:39:34;-0,5;0,0;0,0;0,0;50,0;Подготовка;
20251209;18:39:39;-0,5;0,0;0,0;0,0;50,0;Подготовка;
20251209;18:39:44;-0,5;0,0;0,0;0,0;50,0;Подготовка;
20251209;18:39:49;-0,5;0,0;0,0;0,0;50,0;Подготовка;
20251209;18:39:54;-0,5;0,0;0,0;0,0;50,0;Подготовка;
20251209;18:39:59;-0,5;0,0;0,0;0,0;50,0;Подготовка;
20251209;18:40:04;-0,5;0,0;0,0;0,0;50,0;Подготовка;
20251209;18:40:09;-0,5;0,0;0,0;0,0;50,0;Подготовка;
20251209;18:40:14;-0,5;0,0;0,0;0,0;50,0;Подготовка;
20251209;18:40:19;-0,5;0,0;0,0;0,0;50,0;Подготовка;
20251209;18:40:24;-0,5;0,0;0,0;0,0;50,0;Подготовка;
20251209;18:40:29;-0,5;0,0;0,0;0,0;50,0;Подготовка;
20251209;18:40:34;-0,5;0,0;0,0;0,0;50,0;Подготовка;
20251209;18:40:39;-0,5;0,0;0,0;0,0;50,0;Подготовка;
20251209;18:40:44;-0,5;0,0;0,0;0,0;50,0;Подготовка;
20251209;18:40:49;-0,5;0,0;0,0;0,0;50,0;Подготовка;
20251209;18:40:54;-0,5;0,0;0,0;0,0;50,0;Подготовка;
20251209;18:40:59;-0,5;0,0;0,0;0,0;50,0;Подготовка;
20251209;18:41:04;-0,5;0,0;0,0;0,0;50,0;Подготовка;
20251209;18:41:09;-0,5;0,0;0,0;0,0;50,0;Подготовка;
20251209;18:41:14;-0,5;0,0;0,0;0,0;50,0;Подготовка;
20251209;18:41:19;-0,5;0,0;0,0;0,0;50,0;Подготовка;
20251209;18:41:24;-0,5;0,0;0,0;0,0;50,0;Подготовка;
20251209;18:41:29;-0,5;0,0;0,0;0,0;50,0;Подготовка;
20251209;18:41:34;-0,5;0,0;0,0;0,0;50,0;Подготовка;
20251209;18:41:40;-0,5;0,0;0,0;0,0;50,0;Подготовка;
20251209;18:41:45;-0,5;0,0;0,0;0,0;50,0;Подготовка;
20251209;18:41:50;-0,5;0,0;0,0;0,0;50,0;Подготовка;
20251209;18:41:55;-0,5;0,0;0,0;0,0;50,0;Подготовка;
20251209;18:42:00;-0,5;0,0;0,0;0,0;50,0;Подготовка;
20251209;18:42:05;-0,5;0,0;0,0;0,0;50,0;Подготовка;
20251209;18:42:10;-0,5;0,0;0,0;0,0;50,0;Подготовка;
20251209;18:42:15;-0,5;0,0;0,0;0,0;50,0;Подготовка;
20251209;18:42:20;-0,5;0,0;0,0;0,0;50,0;Подготовка;
20251209;18:42:25;-0,5;0,0;0,0;0,0;50,0;Подготовка;
20251209;18:42:30;-0,5;0,0;0,0;0,0;50,0;Подготовка;
20251209;18:42:35;-0,5;0,0;0,0;0,0;50,0;Подготовка;
20251209;18:42:40;-0,5;0,0;0,0;0,0;50,0;Подготовка;
20251209;18:42:45;-0,5;0,0;0,0;0,0;50,0;Подготовка;
20251209;18:42:50;-0,5;0,0;0,0;0,0;50,0;Подготовка;
20251209;18:42:55;-0,5;0,0;0,0;0,0;50,0;Подготовка;
20251209;18:43:00;-0,5;0,0;0,0;0,0;50,0;Подготовка;
20251209;18:43:05;-0,5;0,0;0,0;0,0;50,0;Подготовка;
20251209;18:43:10;-0,5;0,0;0,0;0,0;50,0;Подготовка;
20251209;18:43:15;-0,5;0,0;0,0;0,0;50,0;Подготовка;
20251209;18:43:20;-0,5;0,0;0,0;0,0;50,0;Подготовка;
20251209;18:43:25;-0,5;0,0;0,0;0,0;50,0;Подготовка;
20251209;18:43:30;-0,5;0,0;0,0;0,0;50,0;Подготовка;
20251209;18:43:35;-0,5;0,0;0,0;0,0;50,0;Подготовка;
20251209;18:43:40;-0,5;0,0;0,0;0,0;50,0;Подготовка;
20251209;18:43:46;-0,5;0,0;0,0;0,0;50,0;Подготовка;
20251209;18:43:51;-0,5;0,0;0,0;0,0;50,0;Подготовка;
20251209;18:43:56;-0,5;0,0;0,0;0,0;50,0;Подготовка;
20251209;18:44:01;-0,5;0,0;0,0;0,0;50,0;Подготовка;
20251209;18:44:06;-0,5;0,0;0,0;0,0;50,0;Подготовка;
20251209;18:44:11;-0,5;0,0;0,0;0,0;50,0;Подготовка;
20251209;18:44:16;-0,5;0,0;0,0;0,0;50,0;Подготовка;
20251209;18:44:21;-0,5;0,0;0,0;0,0;50,0;Подготовка;
20251209;18:44:26;-0,5;0,0;0,0;0,0;50,0;Подготовка;
20251209;18:44:31;-0,5;0,0;0,0;0,0;50,0;Подготовка;
20251209;18:44:36;-0,5;0,0;0,0;0,0;50,0;Подготовка;
20251209;18:44:41;-0,5;0,0;0,0;0,0;50,0;Подготовка;
20251209;18:44:46;-0,5;0,0;0,0;0,0;50,0;Подготовка;
20251209;18:44:51;-0,5;0,0;0,0;0,0;50,0;Подготовка;
20251209;18:44:56;-0,5;0,0;0,0;0,0;50,0;Подготовка;
20251209;18:45:01;-0,5;0,0;0,0;0,0;50,0;Подготовка;
20251209;18:45:06;-0,5;0,0;0,0;0,0;50,0;Подготовка;
20251209;18:45:11;-0,5;0,0;0,0;0,0;50,0;Подготовка;
20251209;18:45:16;-0,5;0,0;0,0;0,0;50,0;Подготовка;
20251209;18:45:21;-0,5;0,0;0,0;0,0;50,0;Подготовка;
20251209;18:45:26;-0,5;0,0;0,0;0,0;50,0;Подготовка;
20251209;18:45:31;-0,5;0,0;0,0;0,0;50,0;Подготовка;
20251209;18:45:36;-0,5;0,0;0,0;0,0;50,0;Подготовка;
20251209;18:45:41;-0,5;0,0;0,0;0,0;50,0;Подготовка;
20251209;18:45:46;-0,5;0,0;0,0;0,0;50,0;Подготовка;
20251209;18:45:52;-0,5;0,0;0,0;0,0;50,0;Подготовка;
20251209;18:45:57;-0,5;0,0;0,0;0,0;50,0;Подготовка;
20251209;18:46:02;-0,5;0,0;0,0;0,0;50,0;Подготовка;
20251209;18:46:07;-0,5;0,0;0,0;0,0;50,0;Подготовка;
20251209;18:46:12;-0,5;0,0;0,0;0,0;50,0;Подготовка;
20251209;18:46:17;-0,5;0,0;0,0;0,0;50,0;Подготовка;
20251209;18:46:22;-0,5;0,0;0,0;0,0;50,0;Подготовка;
20251209;18:46:27;-0,5;0,0;0,0;0,0;50,0;Подготовка;
20251209;18:46:32;-0,5;0,0;0,0;0,0;50,0;Подготовка;
20251209;18:46:37;-0,5;0,0;0,0;0,0;50,0;Подготовка;
20251209;18:46:42;-0,5;0,0;0,0;0,0;50,0;Подготовка;
20251209;18:46:47;-0,5;0,0;0,0;0,0;50,0;Подготовка;
20251209;18:46:52;-0,5;0,0;0,0;0,0;50,0;Подготовка;
20251209;18:46:57;-0,5;0,0;0,0;0,0;50,0;Подготовка;
20251209;18:47:02;-0,5;0,0;0,0;0,0;50,0;Подготовка;
20251209;18:47:07;-0,5;0,0;0,0;0,0;50,0;Подготовка;
20251209;18:47:12;-0,5;0,0;0,0;0,0;50,0;Подготовка;
20251209;18:47:17;-0,5;0,0;0,0;0,0;50,0;Подготовка;
20251209;18:47:22;-0,5;0,0;0,0;0,0;50,0;Подготовка;
20251209;18:47:27;-0,5;0,0;0,0;0,0;50,0;Подготовка;
20251209;18:47:32;-0,5;0,0;0,0;0,0;50,0;Подготовка;
20251209;18:47:37;-0,5;0,0;0,0;0,0;50,0;Подготовка;
20251209;18:47:42;-0,5;0,0;0,0;0,0;50,0;Подготовка;
20251209;18:47:47;-0,5;0,0;0,0;0,0;50,0;Подготовка;
20251209;18:47:52;-0,5;0,0;0,0;0,0;50,0;Подготовка;
20251209;18:47:58;-0,5;0,0;0,0;0,0;50,0;Подготовка;
20251209;18:48:03;-0,5;0,0;0,0;0,0;50,0;Подготовка;
20251209;18:48:08;-0,5;0,0;0,0;0,0;50,0;Подготовка;
20251209;18:48:13;-0,5;0,0;0,0;0,0;50,0;Подготовка;
20251209;18:48:18;-0,5;0,0;0,0;0,0;50,0;Подготовка;
20251209;18:48:23;-0,5;0,0;0,0;0,0;50,0;Подготовка;
20251209;18:48:28;-0,5;0,0;0,0;0,0;50,0;Подготовка;
20251209;18:48:33;-0,5;0,0;0,0;0,0;50,0;Подготовка;
20251209;18:48:38;-0,5;0,0;0,0;0,0;50,0;Подготовка;
20251209;18:48:43;-0,5;0,0;0,0;0,0;50,0;Подготовка;
20251209;18:48:48;-0,5;0,0;0,0;0,0;50,0;Подготовка;
20251209;18:48:53;-0,5;0,0;0,0;0,0;50,0;Подготовка;
20251209;18:48:58;-0,5;0,0;0,0;0,0;50,0;Подготовка;
20251209;18:49:03;-0,5;0,0;0,0;0,0;50,0;Подготовка;
20251209;18:49:08;-0,5;0,0;0,0;0,0;50,0;Подготовка;
20251209;18:49:13;-0,5;0,0;0,0;0,0;50,0;Подготовка;
20251209;18:49:18;-0,5;0,0;0,0;0,0;50,0;Подготовка;
20251209;18:49:23;-0,5;0,0;0,0;0,0;50,0;Подготовка;
20251209;18:49:28;-0,5;0,0;0,0;0,0;50,0;Подготовка;
20251209;18:49:33;-0,5;0,0;0,0;0,0;50,0;Подготовка;
20251209;18:49:38;-0,5;0,0;0,0;0,0;50,0;Подготовка;
20251209;18:49:43;-0,5;0,0;0,0;0,0;50,0;Подготовка;
20251209;18:49:48;-0,5;0,0;0,0;0,0;50,0;Подготовка;
20251209;18:49:53;-0,5;0,0;0,0;0,0;50,0;Подготовка;
20251209;18:49:58;-0,5;0,0;0,0;0,0;50,0;Подготовка;
20251209;18:50:04;-0,5;0,0;0,0;0,0;50,0;Подготовка;
20251209;18:50:09;-0,5;0,0;0,0;0,0;50,0;Подготовка;
20251209;18:50:14;-0,5;0,0;0,0;0,0;50,0;Подготовка;
20251209;18:50:19;-0,5;0,0;0,0;0,0;50,0;Подготовка;
20251209;18:50:24;-0,5;0,0;0,0;0,0;50,0;Подготовка;
20251209;18:50:29;-0,5;0,0;0,0;0,0;50,0;Подготовка;
20251209;18:50:34;-0,5;0,0;0,0;0,0;50,0;Подготовка;
20251209;18:50:39;-0,5;0,0;0,0;0,0;50,0;Подготовка;
20251209;18:50:44;-0,5;0,0;0,0;0,0;50,0;Подготовка;
20251209;18:50:49;-0,5;0,0;0,0;0,0;50,0;Подготовка;
20251209;18:50:54;-0,5;0,0;0,0;0,0;50,0;Подготовка;
20251209;18:50:59;-0,5;0,0;0,0;0,0;50,0;Подготовка;
20251209;18:51:04;-0,5;0,0;0,0;0,0;50,0;Подготовка;
20251209;18:51:09;-0,5;0,0;0,0;0,0;50,0;Подготовка;
20251209;18:51:14;-0,5;0,0;0,0;0,0;50,0;Подготовка;
20251209;18:51:19;-0,5;0,0;0,0;0,0;50,0;Подготовка;
20251209;18:51:24;-0,5;0,0;0,0;0,0;50,0;Подготовка;
20251209;18:51:29;-0,5;0,0;0,0;0,0;50,0;Подготовка;
20251209;18:51:34;-0,5;0,0;0,0;0,0;50,0;Подготовка;
20251209;18:51:39;-0,5;0,0;0,0;0,0;50,0;Подготовка;
20251209;18:51:44;-0,5;0,0;0,0;0,0;50,0;Подготовка;
20251209;18:51:49;-0,5;0,0;0,0;0,0;50,0;Подготовка;
20251209;18:51:54;-0,5;0,0;0,0;0,0;50,0;Подготовка;
20251209;18:51:59;-0,5;0,0;0,0;0,0;50,0;Подготовка;
20251209;18:52:04;-0,5;0,0;0,0;0,0;50,0;Подготовка;
20251209;18:52:10;-0,5;0,0;0,0;0,0;50,0;Подготовка;
20251209;18:52:15;-0,5;0,0;0,0;0,0;50,0;Подготовка;
20251209;18:52:20;-0,5;0,0;0,0;0,0;50,0;Подготовка;
20251209;18:52:25;-0,5;0,0;0,0;0,0;50,0;Подготовка;
20251209;18:52:30;-0,5;0,0;0,0;0,0;50,0;Подготовка;
20251209;18:52:35;-0,5;0,0;0,0;0,0;50,0;Подготовка;
20251209;18:52:40;-0,5;0,0;0,0;0,0;50,0;Подготовка;
20251209;18:52:45;-0,5;0,0;0,0;0,0;50,0;Подготовка;
20251209;18:52:50;-0,5;0,0;0,0;0,0;50,0;Подготовка;
20251209;18:52:55;-0,5;0,0;0,0;0,0;50,0;Подготовка;
20251209;18:53:00;-0,5;0,0;0,0;0,0;50,0;Подготовка;
20251209;18:53:05;-0,5;0,0;0,0;0,0;50,0;Подготовка;
20251209;18:53:10;-0,5;0,0;0,0;0,0;50,0;Подготовка;
20251209;18:53:15;-0,5;0,0;0,0;0,0;50,0;Подготовка;
20251209;18:53:20;-0,5;0,0;0,0;0,0;50,0;Подготовка;
20251209;18:53:25;-0,5;0,0;0,0;0,0;50,0;Подготовка;
20251209;18:53:30;-0,5;0,0;0,0;0,0;50,0;Подготовка;
20251209;18:53:35;-0,5;0,0;0,0;0,0;50,0;Подготовка;
20251209;18:53:40;-0,5;0,0;0,0;0,0;50,0;Подготовка;
20251209;18:53:45;-0,5;0,0;0,0;0,0;50,0;Подготовка;
20251209;18:53:50;-0,5;0,0;0,0;0,0;50,0;Подготовка;
20251209;18:53:55;-0,5;0,0;0,0;0,0;50,0;Подготовка;
20251209;18:54:00;-0,5;0,0;0,0;0,0;50,0;Подготовка;
20251209;18:54:05;-0,5;0,0;0,0;0,0;50,0;Подготовка;
20251209;18:54:10;-0,5;0,0;0,0;0,0;50,0;Подготовка;
20251209;18:54:16;-0,5;0,0;0,0;0,0;50,0;Подготовка;
20251209;18:54:21;-0,5;0,0;0,0;0,0;50,0;Подготовка;
20251209;18:54:26;-0,5;0,0;0,0;0,0;50,0;Подготовка;
20251209;18:54:31;-0,5;0,0;0,0;0,0;50,0;Подготовка;
20251209;18:54:36;-0,5;0,0;0,0;0,0;50,0;Подготовка;
20251209;18:54:41;-0,5;0,0;0,0;0,0;50,0;Подготовка;
20251209;18:54:46;-0,5;0,0;0,0;0,0;50,0;Подготовка;
20251209;18:54:51;-0,5;0,0;0,0;0,0;50,0;Подготовка;
20251209;18:54:56;-0,5;0,0;0,0;0,0;50,0;Подготовка;
20251209;18:55:01;-0,5;0,0;0,0;0,0;50,0;Подготовка;
20251209;18:55:06;-0,5;0,0;0,0;0,0;50,0;Подготовка;
20251209;18:55:11;-0,5;0,0;0,0;0,0;50,0;Подготовка;
20251209;18:55:16;-0,5;0,0;0,0;0,0;50,0;Подготовка;
20251209;18:55:21;-0,5;0,0;0,0;0,0;50,0;Подготовка;
20251209;18:55:26;-0,5;0,0;0,0;0,0;50,0;Подготовка;
20251209;18:55:31;-0,5;0,0;0,0;0,0;50,0;Подготовка;
20251209;18:55:36;-0,5;0,0;0,0;0,0;50,0;Подготовка;
20251209;18:55:41;-0,5;0,0;0,0;0,0;50,0;Подготовка;
20251209;18:55:46;-0,5;0,0;0,0;0,0;50,0;Подготовка;
20251209;18:55:51;-0,5;0,0;0,0;0,0;50,0;Подготовка;
20251209;18:55:56;-0,5;0,0;0,0;0,0;50,0;Подготовка;
20251209;18:56:01;-0,5;0,0;0,0;0,0;50,0;Подготовка;
20251209;18:56:06;-0,5;0,0;0,0;0,0;50,0;Подготовка;
20251209;18:56:11;-0,5;0,0;0,0;0,0;50,0;Подготовка;
20251209;18:56:16;-0,5;0,0;0,0;0,0;50,0;Подготовка;
20251209;18:56:22;-0,5;0,0;0,0;0,0;50,0;Подготовка;
20251209;18:56:27;-0,5;0,0;0,0;0,0;50,0;Подготовка;
20251209;18:56:32;-0,5;0,0;0,0;0,0;50,0;Подготовка;
20251209;18:56:37;-0,5;0,0;0,0;0,0;50,0;Подготовка;
20251209;18:56:42;-0,5;0,0;0,0;0,0;50,0;Подготовка;
20251209;18:56:47;-0,5;0,0;0,0;0,0;50,0;Подготовка;
20251209;18:56:52;-0,5;0,0;0,0;0,0;50,0;Подготовка;
20251209;18:56:57;-0,5;0,0;0,0;0,0;50,0;Подготовка;
20251209;18:57:02;-0,5;0,0;0,0;0,0;50,0;Подготовка;
20251209;18:57:07;-0,5;0,0;0,0;0,0;50,0;Подготовка;
20251209;18:57:12;-0,5;0,0;0,0;0,0;50,0;Подготовка;
20251209;18:57:17;-0,5;0,0;0,0;0,0;50,0;Подготовка;
20251209;18:57:22;-0,5;0,0;0,0;0,0;50,0;Подготовка;
20251209;18:57:27;-0,5;0,0;0,0;0,0;50,0;Подготовка;
20251209;18:57:32;-0,5;0,0;0,0;0,0;50,0;Подготовка;
20251209;18:57:37;-0,5;0,0;0,0;0,0;50,0;Подготовка;
20251209;18:57:42;-0,5;0,0;0,0;0,0;50,0;Подготовка;
20251209;18:57:47;-0,5;0,0;0,0;0,0;50,0;Подготовка;
20251209;18:57:52;-0,5;0,0;0,0;0,0;50,0;Подготовка;
20251209;18:57:57;-0,5;0,0;0,0;0,0;50,0;Подготовка;
20251209;18:58:02;-0,5;0,0;0,0;0,0;50,0;Подготовка;
20251209;18:58:07;-0,5;0,0;0,0;0,0;50,0;Подготовка;
20251209;18:58:12;-0,5;0,0;0,0;0,0;50,0;Подготовка;
20251209;18:58:17;-0,5;0,0;0,0;0,0;50,0;Подготовка;
20251209;18:58:22;-0,5;0,0;0,0;0,0;50,0;Подготовка;
20251209;18:58:28;-0,5;0,0;0,0;0,0;50,0;Подготовка;
20251209;18:58:33;-0,5;0,0;0,0;0,0;50,0;Подготовка;
20251209;18:58:38;-0,5;0,0;0,0;0,0;50,0;Подготовка;
20251209;18:58:43;-0,5;0,0;0,0;0,0;50,0;Подготовка;
20251209;18:58:48;-0,5;0,0;0,0;0,0;50,0;Подготовка;
20251209;18:58:53;-0,5;0,0;0,0;0,0;50,0;Подготовка;
20251209;18:58:58;-0,5;0,0;0,0;0,0;50,0;Подготовка;
20251209;18:59:03;-0,5;0,0;0,0;0,0;50,0;Подготовка;
20251209;18:59:08;-0,5;0,0;0,0;0,0;50,0;Подготовка;
20251209;18:59:13;-0,5;0,0;0,0;0,0;50,0;Подготовка;
20251209;18:59:18;-0,5;0,0;0,0;0,0;50,0;Подготовка;
20251209;18:59:23;-0,5;0,0;0,0;0,0;50,0;Подготовка;
20251209;18:59:28;-0,5;0,0;0,0;0,0;50,0;Подготовка;
20251209;18:59:33;-0,5;0,0;0,0;0,0;50,0;Подготовка;
20251209;18:59:38;-0,5;0,0;0,0;0,0;50,0;Подготовка;
20251209;18:59:43;-0,5;0,0;0,0;0,0;50,0;Подготовка;
20251209;18:59:48;-0,5;0,0;0,0;0,0;50,0;Подготовка;
20251209;18:59:53;-0,5;0,0;0,0;0,0;50,0;Подготовка;
20251209;18:59:58;-0,5;0,0;0,0;0,0;50,0;Подготовка;
20251209;19:00:03;-0,5;0,0;0,0;0,0;50,0;Подготовка;
20251209;19:00:08;-0,5;0,0;0,0;0,0;50,0;Подготовка;
20251209;19:00:13;-0,5;0,0;0,0;0,0;50,0;Подготовка;
20251209;19:00:18;-0,5;0,0;0,0;0,0;50,0;Подготовка;
20251209;19:00:23;-0,5;0,0;0,0;0,0;50,0;Подготовка;
20251209;19:00:28;-0,5;0,0;0,0;0,0;50,0;Подготовка;
20251209;19:00:34;-0,5;0,0;0,0;0,0;50,0;Подготовка;
20251209;19:00:39;-0,5;0,0;0,0;0,0;50,0;Подготовка;
20251209;19:00:44;-0,5;0,0;0,0;0,0;50,0;Подготовка;
20251209;19:00:49;-0,5;0,0;0,0;0,0;50,0;Подготовка;
20251209;19:00:54;-0,5;0,0;0,0;0,0;50,0;Подготовка;
20251209;19:00:59;-0,5;0,0;0,0;0,0;50,0;Подготовка;
20251209;19:01:04;-0,5;0,0;0,0;0,0;50,0;Подготовка;
20251209;19:01:09;-0,5;0,0;0,0;0,0;50,0;Подготовка;
20251209;19:01:14;-0,5;0,0;0,0;0,0;50,0;Подготовка;
20251209;19:01:19;-0,5;0,0;0,0;0,0;50,0;Подготовка;
20251209;19:01:24;-0,5;0,0;0,0;0,0;50,0;Подготовка;
20251209;19:01:29;-0,5;0,0;0,0;0,0;50,0;Подготовка;
20251209;19:01:34;-0,5;0,0;0,0;0,0;50,0;Подготовка;
20251209;19:01:39;-0,5;0,0;0,0;0,0;50,0;Подготовка;
20251209;19:01:44;-0,5;0,0;0,0;0,0;50,0;Подготовка;
20251209;19:01:49;-0,5;0,0;0,0;0,0;50,0;Подготовка;
20251209;19:01:54;-0,5;0,0;0,0;0,0;50,0;Подготовка;
20251209;19:01:59;-0,5;0,0;0,0;0,0;50,0;Подготовка;
20251209;19:02:04;-0,5;0,0;0,0;0,0;50,0;Подготовка;
20251209;19:02:09;-0,5;0,0;0,0;0,0;50,0;Подготовка;
20251209;19:02:14;-0,5;0,0;0,0;0,0;50,0;Подготовка;
20251209;19:02:19;-0,5;0,0;0,0;0,0;50,0;Подготовка;
20251209;19:02:24;-0,5;0,0;0,0;0,0;50,0;Подготовка;
20251209;19:02:29;-0,5;0,0;0,0;0,0;50,0;Подготовка;
20251209;19:02:34;-0,5;0,0;0,0;0,0;50,0;Подготовка;
20251209;19:02:40;-0,5;0,0;0,0;0,0;50,0;Подготовка;
20251209;19:02:45;-0,5;0,0;0,0;0,0;50,0;Подготовка;
20251209;19:02:50;-0,5;0,0;0,0;0,0;50,0;Подготовка;
20251209;19:02:55;-0,5;0,0;0,0;0,0;50,0;Подготовка;
20251209;19:03:00;-0,5;0,0;0,0;0,0;50,0;Подготовка;
20251209;19:03:05;-0,5;0,0;0,0;0,0;50,0;Подготовка;
20251209;19:03:10;-0,5;0,0;0,0;0,0;50,0;Подготовка;
20251209;19:03:15;-0,5;0,0;0,0;0,0;50,0;Подготовка;
20251209;19:03:20;-0,5;0,0;0,0;0,0;50,0;Подготовка;
20251209;19:03:25;-0,5;0,0;0,0;0,0;50,0;Подготовка;
20251209;19:03:30;-0,5;0,0;0,0;0,0;50,0;Подготовка;
20251209;19:03:35;-0,5;0,0;0,0;0,0;50,0;Подготовка;
20251209;19:03:40;-0,5;0,0;0,0;0,0;50,0;Подготовка;
20251209;19:03:45;-0,5;0,0;0,0;0,0;50,0;Подготовка;
20251209;19:03:50;-0,5;0,0;0,0;0,0;50,0;Подготовка;
20251209;19:03:55;-0,5;0,0;0,0;0,0;50,0;Подготовка;
20251209;19:04:00;-0,5;0,0;0,0;0,0;50,0;Подготовка;
20251209;19:04:05;-0,5;0,0;0,0;0,0;50,0;Подготовка;
20251209;19:04:10;-0,5;0,0;0,0;0,0;50,0;Подготовка;
20251209;19:04:15;-0,5;0,0;0,0;0,0;50,0;Подготовка;
20251209;19:04:20;-0,5;0,0;0,0;0,0;50,0;Подготовка;
20251209;19:04:25;-0,5;0,0;0,0;0,0;50,0;Подготовка;
20251209;19:04:30;-0,5;0,0;0,0;0,0;50,0;Подготовка;
20251209;19:04:35;-0,5;0,0;0,0;0,0;50,0;Подготовка;
20251209;19:04:40;-0,5;0,0;0,0;0,0;50,0;Подготовка;
20251209;19:04:46;-0,5;0,0;0,0;0,0;50,0;Подготовка;
20251209;19:04:51;-0,5;0,0;0,0;0,0;50,0;Подготовка;
20251209;19:04:56;-0,5;0,0;0,0;0,0;50,0;Подготовка;
20251209;19:05:01;-0,5;0,0;0,0;0,0;50,0;Подготовка;
20251209;19:05:06;-0,5;0,0;0,0;0,0;50,0;Подготовка;
20251209;19:05:11;-0,5;0,0;0,0;0,0;50,0;Подготовка;
20251209;19:05:16;-0,5;0,0;0,0;0,0;50,0;Подготовка;
20251209;19:05:21;-0,5;0,0;0,0;0,0;50,0;Подготовка;
20251209;19:05:26;-0,5;0,0;0,0;0,0;50,0;Подготовка;
20251209;19:05:31;-0,5;0,0;0,0;0,0;50,0;Подготовка;
20251209;19:05:36;-0,5;0,0;0,0;0,0;50,0;Подготовка;
20251209;19:05:41;-0,5;0,0;0,0;0,0;50,0;Подготовка;
20251209;19:05:46;-0,5;0,0;0,0;0,0;50,0;Подготовка;
20251209;19:05:51;-0,5;0,0;0,0;0,0;50,0;Подготовка;
20251209;19:05:56;-0,5;0,0;0,0;0,0;50,0;Подготовка;
20251209;19:06:01;-0,5;0,0;0,0;0,0;50,0;Подготовка;
20251209;19:06:06;-0,5;0,0;0,0;0,0;50,0;Подготовка;
20251209;19:06:11;-0,5;0,0;0,0;0,0;50,0;Подготовка;
20251209;19:06:16;-0,5;0,0;0,0;0,0;50,0;Подготовка;
20251209;19:06:21;-0,5;0,0;0,0;0,0;50,0;Подготовка;
20251209;19:06:26;-0,5;0,0;0,0;0,0;50,0;Подготовка;
20251209;19:06:31;-0,5;0,0;0,0;0,0;50,0;Подготовка;
20251209;19:06:36;-0,5;0,0;0,0;0,0;50,0;Подготовка;
20251209;19:06:41;-0,5;0,0;0,0;0,0;50,0;Подготовка;
20251209;19:06:46;-0,5;0,0;0,0;0,0;50,0;Подготовка;
20251209;19:06:52;-0,5;0,0;0,0;0,0;50,0;Подготовка;
20251209;19:06:57;-0,5;0,0;0,0;0,0;50,0;Подготовка;
20251209;19:07:02;-0,5;0,0;0,0;0,0;50,0;Подготовка;
20251209;19:07:07;-0,5;0,0;0,0;0,0;50,0;Подготовка;
20251209;19:07:12;-0,5;0,0;0,0;0,0;50,0;Подготовка;
20251209;19:07:17;-0,5;0,0;0,0;0,0;50,0;Подготовка;
20251209;19:07:22;-0,5;0,0;0,0;0,0;50,0;Подготовка;
20251209;19:07:27;-0,5;0,0;0,0;0,0;50,0;Подготовка;
20251209;19:07:32;-0,5;0,0;0,0;0,0;50,0;Подготовка;
20251209;19:07:37;-0,5;0,0;0,0;0,0;50,0;Подготовка;
20251209;19:07:42;-0,5;0,0;0,0;0,0;50,0;Подготовка;
20251209;19:07:47;-0,5;0,0;0,0;0,0;50,0;Подготовка;
20251209;19:07:52;-0,5;0,0;0,0;0,0;50,0;Подготовка;
20251209;19:07:57;-0,5;0,0;0,0;0,0;50,0;Подготовка;
20251209;19:08:02;-0,5;0,0;0,0;0,0;50,0;Подготовка;
20251209;19:08:07;-0,5;0,0;0,0;0,0;50,0;Подготовка;
20251209;19:08:12;-0,5;0,0;0,0;0,0;50,0;Подготовка;
20251209;19:08:17;-0,5;0,0;0,0;0,0;50,0;Подготовка;
20251209;19:08:22;-0,5;0,0;0,0;0,0;50,0;Подготовка;
20251209;19:08:27;-0,5;0,0;0,0;0,0;50,0;Подготовка;
20251209;19:08:32;-0,5;0,0;0,0;0,0;50,0;Подготовка;
20251209;19:08:37;-0,5;0,0;0,0;0,0;50,0;Подготовка;
20251209;19:08:42;-0,5;0,0;0,0;0,0;50,0;Подготовка;
20251209;19:08:47;-0,5;0,0;0,0;0,0;50,0;Подготовка;
20251209;19:08:52;-0,5;0,0;0,0;0,0;50,0;Подготовка;
20251209;19:08:58;-0,5;0,0;0,0;0,0;50,0;Подготовка;
20251209;19:09:03;-0,5;0,0;0,0;0,0;50,0;Подготовка;
20251209;19:09:08;-0,5;0,0;0,0;0,0;50,0;Подготовка;
20251209;19:09:13;-0,5;0,0;0,0;0,0;50,0;Подготовка;
20251209;19:09:18;-0,5;0,0;0,0;0,0;50,0;Подготовка;
20251209;19:09:23;-0,5;0,0;0,0;0,0;50,0;Подготовка;
20251209;19:09:28;-0,5;0,0;0,0;0,0;50,0;Подготовка;
20251209;19:09:33;-0,5;0,0;0,0;0,0;50,0;Подготовка;
20251209;19:09:38;-0,5;0,0;0,0;0,0;50,0;Подготовка;
20251209;19:09:43;-0,5;0,0;0,0;0,0;50,0;Подготовка;
20251209;19:09:48;-0,5;0,0;0,0;0,0;50,0;Подготовка;
20251209;19:09:53;-0,5;0,0;0,0;0,0;50,0;Подготовка;
20251209;19:09:58;-0,5;0,0;0,0;0,0;50,0;Подготовка;
20251209;19:10:03;-0,5;0,0;0,0;0,0;50,0;Подготовка;
20251209;19:10:08;-0,5;0,0;0,0;0,0;50,0;Подготовка;
20251209;19:10:13;-0,5;0,0;0,0;0,0;50,0;Подготовка;
20251209;19:10:18;-0,5;0,0;0,0;0,0;50,0;Подготовка;
20251209;19:10:23;-0,5;0,0;0,0;0,0;50,0;Подготовка;
20251209;19:10:28;-0,5;0,0;0,0;0,0;50,0;Подготовка;
20251209;19:10:33;-0,5;0,0;0,0;0,0;50,0;Подготовка;
20251209;19:10:38;-0,5;0,0;0,0;0,0;50,0;Подготовка;
20251209;19:10:43;-0,5;0,0;0,0;0,0;50,0;Подготовка;
20251209;19:10:48;-0,5;0,0;0,0;0,0;50,0;Подготовка;
20251209;19:10:53;-0,5;0,0;0,0;0,0;50,0;Подготовка;
20251209;19:10:58;-0,5;0,0;0,0;0,0;50,0;Подготовка;
20251209;19:11:04;-0,5;0,0;0,0;0,0;50,0;Подготовка;
20251209;19:11:09;-0,5;0,0;0,0;0,0;50,0;Подготовка;
20251209;19:11:14;-0,5;0,0;0,0;0,0;50,0;Подготовка;
20251209;19:11:19;-0,5;0,0;0,0;0,0;50,0;Подготовка;
20251209;19:11:24;-0,5;0,0;0,0;0,0;50,0;Подготовка;
20251209;19:11:29;-0,5;0,0;0,0;0,0;50,0;Подготовка;
20251209;19:11:34;-0,5;0,0;0,0;0,0;50,0;Подготовка;
20251209;19:11:39;-0,5;0,0;0,0;0,0;50,0;Подготовка;
20251209;19:11:44;-0,5;0,0;0,0;0,0;50,0;Подготовка;
20251209;19:11:49;-0,5;0,0;0,0;0,0;50,0;Подготовка;
20251209;19:11:54;-0,5;0,0;0,0;0,0;50,0;Подготовка;
20251209;19:11:59;-0,5;0,0;0,0;0,0;50,0;Подготовка;
20251209;19:12:04;-0,5;0,0;0,0;0,0;50,0;Подготовка;
20251209;19:12:09;-0,5;0,0;0,0;0,0;50,0;Подготовка;
20251209;19:12:14;-0,5;0,0;0,0;0,0;50,0;Подготовка;
20251209;19:12:19;-0,5;0,0;0,0;0,0;50,0;Подготовка;
20251209;19:12:24;-0,5;0,0;0,0;0,0;50,0;Подготовка;
20251209;19:12:29;-0,5;0,0;0,0;0,0;50,0;Подготовка;
20251209;19:12:34;-0,5;0,0;0,0;0,0;50,0;Подготовка;
20251209;19:12:39;-0,5;0,0;0,0;0,0;50,0;Подготовка;
20251209;19:12:44;-0,5;0,0;0,0;0,0;50,0;Подготовка;
20251209;19:12:49;-0,5;0,0;0,0;0,0;50,0;Подготовка;
20251209;19:12:54;-0,5;0,0;0,0;0,0;50,0;Подготовка;
20251209;19:12:59;-0,5;0,0;0,0;0,0;50,0;Подготовка;
20251209;19:13:04;-0,5;0,0;0,0;0,0;50,0;Подготовка;
20251209;19:13:10;-0,5;0,0;0,0;0,0;50,0;Подготовка;
20251209;19:13:15;-0,5;0,0;0,0;0,0;50,0;Подготовка;
20251209;19:13:20;-0,5;0,0;0,0;0,0;50,0;Подготовка;
20251209;19:13:25;-0,5;0,0;0,0;0,0;50,0;Подготовка;
20251209;19:13:30;-0,5;0,0;0,0;0,0;50,0;Подготовка;
20251209;19:13:35;-0,5;0,0;0,0;0,0;50,0;Подготовка;
20251209;19:13:40;-0,5;0,0;0,0;0,0;50,0;Подготовка;
20251209;19:13:45;-0,5;0,0;0,0;0,0;50,0;Подготовка;
20251209;19:13:50;-0,5;0,0;0,0;0,0;50,0;Подготовка;
20251209;19:13:55;-0,5;0,0;0,0;0,0;50,0;Подготовка;
20251209;19:14:00;-0,5;0,0;0,0;0,0;50,0;Подготовка;
20251209;19:14:05;-0,5;0,0;0,0;0,0;50,0;Подготовка;
20251209;19:14:10;-0,5;0,0;0,0;0,0;50,0;Подготовка;
20251209;19:14:15;-0,5;0,0;0,0;0,0;50,0;Подготовка;
20251209;19:14:20;-0,5;0,0;0,0;0,0;50,0;Подготовка;
20251209;19:14:25;-0,5;0,0;0,0;0,0;50,0;Подготовка;
20251209;19:14:30;-0,5;0,0;0,0;0,0;50,0;Подготовка;
20251209;19:14:35;-0,5;0,0;0,0;0,0;50,0;Подготовка;
20251209;19:14:40;-0,5;0,0;0,0;0,0;50,0;Подготовка;
20251209;19:14:45;-0,5;0,0;0,0;0,0;50,0;Подготовка;
20251209;19:14:50;-0,5;0,0;0,0;0,0;50,0;Подготовка;
20251209;19:14:55;-0,5;0,0;0,0;0,0;50,0;Подготовка;
20251209;19:15:00;-0,5;0,0;0,0;0,0;50,0;Подготовка;
20251209;19:15:05;-0,5;0,0;0,0;0,0;50,0;Подготовка;
20251209;19:15:10;-0,5;0,0;0,0;0,0;50,0;Подготовка;
20251209;19:15:16;-0,5;0,0;0,0;0,0;50,0;Подготовка;
20251209;19:15:21;-0,5;0,0;0,0;0,0;50,0;Подготовка;
20251209;19:15:26;-0,5;0,0;0,0;0,0;50,0;Подготовка;
20251209;19:15:31;-0,5;0,0;0,0;0,0;50,0;Подготовка;
20251209;19:15:36;-0,5;0,0;0,0;0,0;50,0;Подготовка;
20251209;19:15:41;-0,5;0,0;0,0;0,0;50,0;Подготовка;
20251209;19:15:46;-0,5;0,0;0,0;0,0;50,0;Подготовка;
20251209;19:15:51;-0,5;0,0;0,0;0,0;50,0;Подготовка;
20251209;19:15:56;-0,5;0,0;0,0;0,0;50,0;Подготовка;
20251209;19:16:01;-0,5;0,0;0,0;0,0;50,0;Подготовка;
20251209;19:16:06;-0,5;0,0;0,0;0,0;50,0;Подготовка;
20251209;19:16:11;-0,5;0,0;0,0;0,0;50,0;Подготовка;
20251209;19:16:16;-0,5;0,0;0,0;0,0;50,0;Подготовка;
20251209;19:16:21;-0,5;0,0;0,0;0,0;50,0;Подготовка;
20251209;19:16:26;-0,5;0,0;0,0;0,0;50,0;Подготовка;
20251209;19:16:31;-0,5;0,0;0,0;0,0;50,0;Подготовка;
20251209;19:16:36;-0,5;0,0;0,0;0,0;50,0;Подготовка;
20251209;19:16:41;-0,5;0,0;0,0;0,0;50,0;Подготовка;
20251209;19:16:46;-0,5;0,0;0,0;0,0;50,0;Подготовка;
20251209;19:16:51;-0,5;0,0;0,0;0,0;50,0;Подготовка;
20251209;19:16:56;-0,5;0,0;0,0;0,0;50,0;Подготовка;
20251209;19:17:01;-0,5;0,0;0,0;0,0;50,0;Подготовка;
20251209;19:17:06;-0,5;0,0;0,0;0,0;50,0;Подготовка;
20251209;19:17:11;-0,5;0,0;0,0;0,0;50,0;Подготовка;
20251209;19:17:16;-0,5;0,0;0,0;0,0;50,0;Подготовка;
20251209;19:17:22;-0,5;0,0;0,0;0,0;50,0;Подготовка;
20251209;19:17:27;-0,5;0,0;0,0;0,0;50,0;Подготовка;
20251209;19:17:32;-0,5;0,0;0,0;0,0;50,0;Подготовка;
20251209;19:17:37;-0,5;0,0;0,0;0,0;50,0;Подготовка;
20251209;19:17:42;-0,5;0,0;0,0;0,0;50,0;Подготовка;
20251209;19:17:47;-0,5;0,0;0,0;0,0;50,0;Подготовка;
20251209;19:17:52;-0,5;0,0;0,0;0,0;50,0;Подготовка;
20251209;19:17:57;-0,5;0,0;0,0;0,0;50,0;Подготовка;
20251209;19:18:02;-0,5;0,0;0,0;0,0;50,0;Подготовка;
20251209;19:18:07;-0,5;0,0;0,0;0,0;50,0;Подготовка;
20251209;19:18:12;-0,5;0,0;0,0;0,0;50,0;Подготовка;
20251209;19:18:17;-0,5;0,0;0,0;0,0;50,0;Подготовка;
20251209;19:18:22;-0,5;0,0;0,0;0,0;50,0;Подготовка;
20251209;19:18:27;-0,5;0,0;0,0;0,0;50,0;Подготовка;
20251209;19:18:32;-0,5;0,0;0,0;0,0;50,0;Подготовка;
20251209;19:18:37;-0,5;0,0;0,0;0,0;50,0;Подготовка;
20251209;19:18:42;-0,5;0,0;0,0;0,0;50,0;Подготовка;
20251209;19:18:47;-0,5;0,0;0,0;0,0;50,0;Подготовка;
20251209;19:18:52;-0,5;0,0;0,0;0,0;50,0;Подготовка;
20251209;19:18:57;-0,5;0,0;0,0;0,0;50,0;Подготовка;
20251209;19:19:02;-0,5;0,0;0,0;0,0;50,0;Подготовка;
20251209;19:19:07;-0,5;0,0;0,0;0,0;50,0;Подготовка;
20251209;19:19:12;-0,5;0,0;0,0;0,0;50,0;Подготовка;
20251209;19:19:17;-0,5;0,0;0,0;0,0;50,0;Подготовка;
20251209;19:19:22;-0,5;0,0;0,0;0,0;50,0;Подготовка;
20251209;19:19:28;-0,5;0,0;0,0;0,0;50,0;Подготовка;
20251209;19:19:33;-0,5;0,0;0,0;0,0;50,0;Подготовка;
20251209;19:19:38;-0,5;0,0;0,0;0,0;50,0;Подготовка;
20251209;19:19:43;-0,5;0,0;0,0;0,0;50,0;Подготовка;
20251209;19:19:48;-0,5;0,0;0,0;0,0;50,0;Подготовка;
20251209;19:19:53;-0,5;0,0;0,0;0,0;50,0;Подготовка;
20251209;19:19:58;-0,5;0,0;0,0;0,0;50,0;Подготовка;
20251209;19:20:03;-0,5;0,0;0,0;0,0;50,0;Подготовка;
20251209;19:20:08;-0,5;0,0;0,0;0,0;50,0;Подготовка;
20251209;19:20:13;-0,5;0,0;0,0;0,0;50,0;Подготовка;
20251209;19:20:18;-0,5;0,0;0,0;0,0;50,0;Подготовка;
20251209;19:20:23;-0,5;0,0;0,0;0,0;50,0;Подготовка;
20251209;19:20:28;-0,5;0,0;0,0;0,0;50,0;Подготовка;
20251209;19:20:33;-0,5;0,0;0,0;0,0;50,0;Подготовка;
20251209;19:20:38;-0,5;0,0;0,0;0,0;50,0;Подготовка;
20251209;19:20:43;-0,5;0,0;0,0;0,0;50,0;Подготовка;
20251209;19:20:48;-0,5;0,0;0,0;0,0;50,0;Подготовка;
20251209;19:20:53;-0,5;0,0;0,0;0,0;50,0;Подготовка;
20251209;19:20:58;-0,5;0,0;0,0;0,0;50,0;Подготовка;
20251209;19:21:03;-0,5;0,0;0,0;0,0;50,0;Подготовка;
20251209;19:21:08;-0,5;0,0;0,0;0,0;50,0;Подготовка;
20251209;19:21:13;-0,5;0,0;0,0;0,0;50,0;Подготовка;
20251209;19:21:18;-0,5;0,0;0,0;0,0;50,0;Подготовка;
20251209;19:21:23;-0,5;0,0;0,0;0,0;50,0;Подготовка;
20251209;19:21:28;-0,5;0,0;0,0;0,0;50,0;Подготовка;
20251209;19:21:34;-0,5;0,0;0,0;0,0;50,0;Подготовка;
20251209;19:21:39;-0,5;0,0;0,0;0,0;50,0;Подготовка;
20251209;19:21:44;-0,5;0,0;0,0;0,0;50,0;Подготовка;
20251209;19:21:49;-0,5;0,0;0,0;0,0;50,0;Подготовка;
20251209;19:21:54;-0,5;0,0;0,0;0,0;50,0;Подготовка;
20251209;19:21:59;-0,5;0,0;0,0;0,0;50,0;Подготовка;
20251209;19:22:04;-0,5;0,0;0,0;0,0;50,0;Подготовка;
20251209;19:22:09;-0,5;0,0;0,0;0,0;50,0;Подготовка;
20251209;19:22:14;-0,5;0,0;0,0;0,0;50,0;Подготовка;
20251209;19:22:19;-0,5;0,0;0,0;0,0;50,0;Подготовка;
20251209;19:22:24;-0,5;0,0;0,0;0,0;50,0;Подготовка;
20251209;19:22:29;-0,5;0,0;0,0;0,0;50,0;Подготовка;
20251209;19:22:34;-0,5;0,0;0,0;0,0;50,0;Подготовка;
20251209;19:22:39;-0,5;0,0;0,0;0,0;50,0;Подготовка;
20251209;19:22:44;-0,5;0,0;0,0;0,0;50,0;Подготовка;
20251209;19:22:49;-0,5;0,0;0,0;0,0;50,0;Подготовка;
20251209;19:22:54;-0,5;0,0;0,0;0,0;50,0;Подготовка;
20251209;19:22:59;-0,5;0,0;0,0;0,0;50,0;Подготовка;
20251209;19:23:04;-0,5;0,0;0,0;0,0;50,0;Подготовка;
20251209;19:23:09;-0,5;0,0;0,0;0,0;50,0;Подготовка;
20251209;19:23:14;-0,5;0,0;0,0;0,0;50,0;Подготовка;
20251209;19:23:19;-0,5;0,0;0,0;0,0;50,0;Подготовка;
20251209;19:23:24;-0,5;0,0;0,0;0,0;50,0;Подготовка;
20251209;19:23:29;-0,5;0,0;0,0;0,0;50,0;Подготовка;
20251209;19:23:34;-0,5;0,0;0,0;0,0;50,0;Подготовка;
20251209;19:23:40;-0,5;0,0;0,0;0,0;50,0;Подготовка;
20251209;19:23:45;-0,5;0,0;0,0;0,0;50,0;Подготовка;
20251209;19:23:50;-0,5;0,0;0,0;0,0;50,0;Подготовка;
20251209;19:23:55;-0,5;0,0;0,0;0,0;50,0;Подготовка;
20251209;19:24:00;-0,5;0,0;0,0;0,0;50,0;Подготовка;
20251209;19:24:05;-0,5;0,0;0,0;0,0;50,0;Подготовка;
20251209;19:24:10;-0,5;0,0;0,0;0,0;50,0;Подготовка;
20251209;19:24:15;-0,5;0,0;0,0;0,0;50,0;Подготовка;
20251209;19:24:20;-0,5;0,0;0,0;0,0;50,0;Подготовка;
20251209;19:24:25;-0,5;0,0;0,0;0,0;50,0;Подготовка;
20251209;19:24:30;-0,5;0,0;0,0;0,0;50,0;Подготовка;
20251209;19:24:35;-0,5;0,0;0,0;0,0;50,0;Подготовка;
20251209;19:24:40;-0,5;0,0;0,0;0,0;50,0;Подготовка;
20251209;19:24:45;-0,5;0,0;0,0;0,0;50,0;Подготовка;
20251209;19:24:50;-0,5;0,0;0,0;0,0;50,0;Подготовка;
20251209;19:24:55;-0,5;0,0;0,0;0,0;50,0;Подготовка;
20251209;19:25:00;-0,5;0,0;0,0;0,0;50,0;Подготовка;
20251209;19:25:05;-0,5;0,0;0,0;0,0;50,0;Подготовка;
20251209;19:25:10;-0,5;0,0;0,0;0,0;50,0;Подготовка;
20251209;19:25:15;-0,5;0,0;0,0;0,0;50,0;Подготовка;
20251209;19:25:20;-0,5;0,0;0,0;0,0;50,0;Подготовка;
20251209;19:25:25;-0,5;0,0;0,0;0,0;50,0;Подготовка;
20251209;19:25:30;-0,5;0,0;0,0;0,0;50,0;Подготовка;
20251209;19:25:35;-0,5;0,0;0,0;0,0;50,0;Подготовка;
20251209;19:25:40;-0,5;0,0;0,0;0,0;50,0;Подготовка;
20251209;19:25:46;-0,5;0,0;0,0;0,0;50,0;Подготовка;
20251209;19:25:51;-0,5;0,0;0,0;0,0;50,0;Подготовка;
20251209;19:25:56;-0,5;0,0;0,0;0,0;50,0;Подготовка;
20251209;19:26:01;-0,5;0,0;0,0;0,0;50,0;Подготовка;
20251209;19:26:06;-0,5;0,0;0,0;0,0;50,0;Подготовка;
20251209;19:26:11;-0,5;0,0;0,0;0,0;50,0;Подготовка;
20251209;19:26:16;-0,5;0,0;0,0;0,0;50,0;Подготовка;
20251209;19:26:21;-0,5;0,0;0,0;0,0;50,0;Подготовка;
20251209;19:26:26;-0,5;0,0;0,0;0,0;50,0;Подготовка;
20251209;19:26:31;-0,5;0,0;0,0;0,0;50,0;Подготовка;
20251209;19:26:36;-0,5;0,0;0,0;0,0;50,0;Подготовка;
20251209;19:26:41;-0,5;0,0;0,0;0,0;50,0;Подготовка;
20251209;19:26:46;-0,5;0,0;0,0;0,0;50,0;Подготовка;
20251209;19:26:51;-0,5;0,0;0,0;0,0;50,0;Подготовка;
20251209;19:26:56;-0,5;0,0;0,0;0,0;50,0;Подготовка;
20251209;19:27:01;-0,5;0,0;0,0;0,0;50,0;Подготовка;
20251209;19:27:06;-0,5;0,0;0,0;0,0;50,0;Подготовка;
20251209;19:27:11;-0,5;0,0;0,0;0,0;50,0;Подготовка;
20251209;19:27:16;-0,5;0,0;0,0;0,0;50,0;Подготовка;
20251209;19:27:21;-0,5;0,0;0,0;0,0;50,0;Подготовка;
20251209;19:27:26;-0,5;0,0;0,0;0,0;50,0;Подготовка;
20251209;19:27:31;-0,5;0,0;0,0;0,0;50,0;Подготовка;
20251209;19:27:36;-0,5;0,0;0,0;0,0;50,0;Подготовка;
20251209;19:27:41;-0,5;0,0;0,0;0,0;50,0;Подготовка;
20251209;19:27:46;-0,5;0,0;0,0;0,0;50,0;Подготовка;
20251209;19:27:52;-0,5;0,0;0,0;0,0;50,0;Подготовка;
20251209;19:27:57;-0,5;0,0;0,0;0,0;50,0;Подготовка;
20251209;19:28:02;-0,5;0,0;0,0;0,0;50,0;Подготовка;
20251209;19:28:07;-0,5;0,0;0,0;0,0;50,0;Подготовка;
20251209;19:28:12;-0,5;0,0;0,0;0,0;50,0;Подготовка;
20251209;19:28:17;-0,5;0,0;0,0;0,0;50,0;Подготовка;
20251209;19:28:22;-0,5;0,0;0,0;0,0;50,0;Подготовка;
20251209;19:28:27;-0,5;0,0;0,0;0,0;50,0;Подготовка;
20251209;19:28:32;-0,5;0,0;0,0;0,0;50,0;Подготовка;
20251209;19:28:37;-0,5;0,0;0,0;0,0;50,0;Подготовка;
20251209;19:28:42;-0,5;0,0;0,0;0,0;50,0;Подготовка;
20251209;19:28:47;-0,5;0,0;0,0;0,0;50,0;Подготовка;
20251209;19:28:52;-0,5;0,0;0,0;0,0;50,0;Подготовка;
20251209;19:28:57;-0,5;0,0;0,0;0,0;50,0;Подготовка;
20251209;19:29:02;-0,5;0,0;0,0;0,0;50,0;Подготовка;
20251209;19:29:07;-0,5;0,0;0,0;0,0;50,0;Подготовка;
20251209;19:29:12;-0,5;0,0;0,0;0,0;50,0;Подготовка;
20251209;19:29:17;-0,5;0,0;0,0;0,0;50,0;Подготовка;
20251209;19:29:22;-0,5;0,0;0,0;0,0;50,0;Подготовка;
20251209;19:29:27;-0,5;0,0;0,0;0,0;50,0;Подготовка;
20251209;19:29:32;-0,5;0,0;0,0;0,0;50,0;Подготовка;
20251209;19:29:37;-0,5;0,0;0,0;0,0;50,0;Подготовка;
20251209;19:29:42;-0,5;0,0;0,0;0,0;50,0;Подготовка;
20251209;19:29:47;-0,5;0,0;0,0;0,0;50,0;Подготовка;
20251209;19:29:52;-0,5;0,0;0,0;0,0;50,0;Подготовка;
20251209;19:29:58;-0,5;0,0;0,0;0,0;50,0;Подготовка;
20251209;19:30:03;-0,5;0,0;0,0;0,0;50,0;Подготовка;
20251209;19:30:08;-0,5;0,0;0,0;0,0;50,0;Подготовка;
20251209;19:30:13;-0,5;0,0;0,0;0,0;50,0;Подготовка;
20251209;19:30:18;-0,5;0,0;0,0;0,0;50,0;Подготовка;
20251209;19:30:23;-0,5;0,0;0,0;0,0;50,0;Подготовка;
20251209;19:30:28;-0,5;0,0;0,0;0,0;50,0;Подготовка;
20251209;19:30:33;-0,5;0,0;0,0;0,0;50,0;Подготовка;
20251209;19:30:38;-0,5;0,0;0,0;0,0;50,0;Подготовка;
20251209;19:30:43;-0,5;0,0;0,0;0,0;50,0;Подготовка;
20251209;19:30:48;-0,5;0,0;0,0;0,0;50,0;Подготовка;
20251209;19:30:53;-0,5;0,0;0,0;0,0;50,0;Подготовка;
20251209;19:30:58;-0,5;0,0;0,0;0,0;50,0;Подготовка;
20251209;19:31:03;-0,5;0,0;0,0;0,0;50,0;Подготовка;
20251209;19:31:08;-0,5;0,0;0,0;0,0;50,0;Подготовка;
20251209;19:31:13;-0,5;0,0;0,0;0,0;50,0;Подготовка;
20251209;19:31:18;-0,5;0,0;0,0;0,0;50,0;Подготовка;
20251209;19:31:23;-0,5;0,0;0,0;0,0;50,0;Подготовка;
20251209;19:31:28;-0,5;0,0;0,0;0,0;50,0;Подготовка;
20251209;19:31:33;-0,5;0,0;0,0;0,0;50,0;Подготовка;
20251209;19:31:38;-0,5;0,0;0,0;0,0;50,0;Подготовка;
20251209;19:31:43;-0,5;0,0;0,0;0,0;50,0;Подготовка;
20251209;19:31:48;-0,5;0,0;0,0;0,0;50,0;Подготовка;
20251209;19:31:53;-0,5;0,0;0,0;0,0;50,0;Подготовка;
20251209;19:31:58;-0,5;0,0;0,0;0,0;50,0;Подготовка;
20251209;19:32:04;-0,5;0,0;0,0;0,0;50,0;Подготовка;
20251209;19:32:09;-0,5;0,0;0,0;0,0;50,0;Подготовка;
20251209;19:32:14;-0,5;0,0;0,0;0,0;50,0;Подготовка;
20251209;19:32:19;-0,5;0,0;0,0;0,0;50,0;Подготовка;
20251209;19:32:24;-0,5;0,0;0,0;0,0;50,0;Подготовка;
20251209;19:32:29;-0,5;0,0;0,0;0,0;50,0;Подготовка;
20251209;19:32:34;-0,5;0,0;0,0;0,0;50,0;Подготовка;
20251209;19:32:39;-0,5;0,0;0,0;0,0;50,0;Подготовка;
20251209;19:32:44;-0,5;0,0;0,0;0,0;50,0;Подготовка;
20251209;19:32:49;-0,5;0,0;0,0;0,0;50,0;Подготовка;
20251209;19:32:54;-0,5;0,0;0,0;0,0;50,0;Подготовка;
20251209;19:32:59;-0,5;0,0;0,0;0,0;50,0;Подготовка;
20251209;19:33:04;-0,5;0,0;0,0;0,0;50,0;Подготовка;
20251209;19:33:09;-0,5;0,0;0,0;0,0;50,0;Подготовка;
20251209;19:33:14;-0,5;0,0;0,0;0,0;50,0;Подготовка;
20251209;19:33:19;-0,5;0,0;0,0;0,0;50,0;Подготовка;
20251209;19:33:24;-0,5;0,0;0,0;0,0;50,0;Подготовка;
20251209;19:33:29;-0,5;0,0;0,0;0,0;50,0;Подготовка;
20251209;19:33:34;-0,5;0,0;0,0;0,0;50,0;Подготовка;
20251209;19:33:39;-0,5;0,0;0,0;0,0;50,0;Подготовка;
20251209;19:33:44;-0,5;0,0;0,0;0,0;50,0;Подготовка;
20251209;19:33:49;-0,5;0,0;0,0;0,0;50,0;Подготовка;
20251209;19:33:54;-0,5;0,0;0,0;0,0;50,0;Подготовка;
20251209;19:33:59;-0,5;0,0;0,0;0,0;50,0;Подготовка;
20251209;19:34:04;-0,5;0,0;0,0;0,0;50,0;Подготовка;
20251209;19:34:10;-0,5;0,0;0,0;0,0;50,0;Подготовка;
20251209;19:34:15;-0,5;0,0;0,0;0,0;50,0;Подготовка;
20251209;19:34:20;-0,5;0,0;0,0;0,0;50,0;Подготовка;
20251209;19:34:25;-0,5;0,0;0,0;0,0;50,0;Подготовка;
20251209;19:34:30;-0,5;0,0;0,0;0,0;50,0;Подготовка;
20251209;19:34:35;-0,5;0,0;0,0;0,0;50,0;Подготовка;
20251209;19:34:40;-0,5;0,0;0,0;0,0;50,0;Подготовка;
20251209;19:34:45;-0,5;0,0;0,0;0,0;50,0;Подготовка;
Предприятие;
Объект;
Вид оборудования;
Дисп. наименование;
Тип;
Зав. номер;
Сер. номер;
Год выпуска;
Год ввода в эксплуатацию;
Дата отбора пробы;
Марка пробы;
Температура пробы;
DATE ;TIME ;TS_TEMP ;PROB_TEMP ;PROB_OTN_VL ;PROBE_VlAGOSOD ;SP ;STATUS ; 
20251209;19:35:02;-0,39;0,0;0,0;0,0;50,0;Включение;
20251209;19:35:07;-0,49;0,0;0,0;0,0;50,0;Включение;
20251209;19:35:12;-0,49;0,0;0,0;0,0;50,0;Подготовка;
20251209;19:35:17;-0,49;0,0;0,0;0,0;50,0;Подготовка;
20251209;19:35:22;-0,49;0,0;0,0;0,0;50,0;Подготовка;
20251209;19:35:27;-0,49;0,0;0,0;0,0;50,0;Подготовка;
20251209;19:35:32;-0,5;0,0;0,0;0,0;50,0;Подготовка;
20251209;19:35:37;-0,5;0,0;0,0;0,0;50,0;Подготовка;
20251209;19:35:42;-0,5;0,0;0,0;0,0;50,0;Подготовка;
20251209;19:35:47;-0,5;0,0;0,0;0,0;50,0;Подготовка;
20251209;19:35:52;-0,5;0,0;0,0;0,0;50,0;Подготовка;
20251209;19:35:57;-0,5;0,0;0,0;0,0;50,0;Подготовка;
20251209;19:36:02;-0,5;0,0;0,0;0,0;50,0;Подготовка;
20251209;19:36:07;-0,5;0,0;0,0;0,0;50,0;Подготовка;
20251209;19:36:12;-0,5;0,0;0,0;0,0;50,0;Подготовка;
20251209;19:36:17;-0,5;0,0;0,0;0,0;50,0;Подготовка;
20251209;19:36:22;-0,5;0,0;0,0;0,0;50,0;Подготовка;
20251209;19:36:27;-0,5;0,0;0,0;0,0;50,0;Подготовка;
20251209;19:36:32;-0,5;0,0;0,0;0,0;50,0;Подготовка;
20251209;19:36:37;-0,5;0,0;0,0;0,0;50,0;Подготовка;
20251209;19:36:42;-0,5;0,0;0,0;0,0;50,0;Подготовка;
20251209;19:36:47;-0,5;0,0;0,0;0,0;50,0;Подготовка;
20251209;19:36:52;-0,5;0,0;0,0;0,0;50,0;Подготовка;
20251209;19:36:57;-0,5;0,0;0,0;0,0;50,0;Подготовка;
20251209;19:37:03;-0,5;0,0;0,0;0,0;50,0;Подготовка;
20251209;19:37:08;-0,5;0,0;0,0;0,0;50,0;Подготовка;
20251209;19:37:13;-0,5;0,0;0,0;0,0;50,0;Подготовка;
20251209;19:37:18;-0,5;0,0;0,0;0,0;50,0;Подготовка;
20251209;19:37:23;-0,5;0,0;0,0;0,0;50,0;Подготовка;
20251209;19:37:28;-0,5;0,0;0,0;0,0;50,0;Подготовка;
20251209;19:37:33;-0,5;0,0;0,0;0,0;50,0;Подготовка;
20251209;19:37:38;-0,5;0,0;0,0;0,0;50,0;Подготовка;
20251209;19:37:43;-0,5;0,0;0,0;0,0;50,0;Подготовка;
20251209;19:37:48;-0,5;0,0;0,0;0,0;50,0;Подготовка;
20251209;19:37:53;-0,5;0,0;0,0;0,0;50,0;Подготовка;
20251209;19:37:58;-0,5;0,0;0,0;0,0;50,0;Подготовка;
20251209;19:38:03;-0,5;0,0;0,0;0,0;50,0;Подготовка;
20251209;19:38:08;-0,5;0,0;0,0;0,0;50,0;Подготовка;
20251209;19:38:13;-0,5;0,0;0,0;0,0;50,0;Подготовка;
20251209;19:38:18;-0,5;0,0;0,0;0,0;50,0;Подготовка;
20251209;19:38:23;-0,5;0,0;0,0;0,0;50,0;Подготовка;
20251209;19:38:28;-0,5;0,0;0,0;0,0;50,0;Подготовка;
20251209;19:38:33;-0,5;0,0;0,0;0,0;50,0;Подготовка;
20251209;19:38:38;-0,5;0,0;0,0;0,0;50,0;Подготовка;
20251209;19:38:43;-0,5;0,0;0,0;0,0;50,0;Подготовка;
20251209;19:38:48;-0,5;0,0;0,0;0,0;50,0;Подготовка;
20251209;19:38:53;-0,5;0,0;0,0;0,0;50,0;Подготовка;
20251209;19:38:58;-0,5;0,0;0,0;0,0;50,0;Подготовка;
20251209;19:39:03;-0,5;0,0;0,0;0,0;50,0;Подготовка;
20251209;19:39:09;-0,5;0,0;0,0;0,0;50,0;Подготовка;
20251209;19:39:14;-0,5;0,0;0,0;0,0;50,0;Подготовка;
20251209;19:39:19;-0,5;0,0;0,0;0,0;50,0;Подготовка;
20251209;19:39:24;-0,5;0,0;0,0;0,0;50,0;Подготовка;
20251209;19:39:29;-0,5;0,0;0,0;0,0;50,0;Подготовка;
20251209;19:39:34;-0,5;0,0;0,0;0,0;50,0;Подготовка;
20251209;19:39:39;-0,5;0,0;0,0;0,0;50,0;Подготовка;
20251209;19:39:44;-0,5;0,0;0,0;0,0;50,0;Подготовка;
20251209;19:39:49;-0,5;0,0;0,0;0,0;50,0;Подготовка;
20251209;19:39:54;-0,5;0,0;0,0;0,0;50,0;Подготовка;
20251209;19:39:59;-0,5;0,0;0,0;0,0;50,0;Подготовка;
20251209;19:40:04;-0,5;0,0;0,0;0,0;50,0;Подготовка;
20251209;19:40:09;-0,5;0,0;0,0;0,0;50,0;Подготовка;
20251209;19:40:14;-0,5;0,0;0,0;0,0;50,0;Подготовка;
20251209;19:40:19;-0,5;0,0;0,0;0,0;50,0;Подготовка;
20251209;19:40:24;-0,5;0,0;0,0;0,0;50,0;Подготовка;
20251209;19:40:29;-0,5;0,0;0,0;0,0;50,0;Подготовка;
20251209;19:40:34;-0,5;0,0;0,0;0,0;50,0;Подготовка;
20251209;19:40:39;-0,5;0,0;0,0;0,0;50,0;Подготовка;
20251209;19:40:44;-0,5;0,0;0,0;0,0;50,0;Подготовка;
20251209;19:40:49;-0,5;0,0;0,0;0,0;50,0;Подготовка;
20251209;19:40:54;-0,5;0,0;0,0;0,0;50,0;Подготовка;
20251209;19:40:59;-0,5;0,0;0,0;0,0;50,0;Подготовка;
20251209;19:41:04;-0,5;0,0;0,0;0,0;50,0;Подготовка;
20251209;19:41:09;-0,5;0,0;0,0;0,0;50,0;Подготовка;
20251209;19:41:15;-0,5;0,0;0,0;0,0;50,0;Подготовка;
20251209;19:41:20;-0,5;0,0;0,0;0,0;50,0;Подготовка;
20251209;19:41:25;-0,5;0,0;0,0;0,0;50,0;Подготовка;
20251209;19:41:30;-0,5;0,0;0,0;0,0;50,0;Подготовка;
20251209;19:41:35;-0,5;0,0;0,0;0,0;50,0;Подготовка;
20251209;19:41:40;-0,5;0,0;0,0;0,0;50,0;Подготовка;
20251209;19:41:45;-0,5;0,0;0,0;0,0;50,0;Подготовка;
20251209;19:41:50;-0,5;0,0;0,0;0,0;50,0;Подготовка;
20251209;19:41:55;-0,5;0,0;0,0;0,0;50,0;Подготовка;
20251209;19:42:00;-0,5;0,0;0,0;0,0;50,0;Подготовка;
20251209;19:42:05;-0,5;0,0;0,0;0,0;50,0;Подготовка;
20251209;19:42:10;-0,5;0,0;0,0;0,0;50,0;Подготовка;
20251209;19:42:15;-0,5;0,0;0,0;0,0;50,0;Подготовка;
20251209;19:42:20;-0,5;0,0;0,0;0,0;50,0;Подготовка;
20251209;19:42:25;-0,5;0,0;0,0;0,0;50,0;Подготовка;
20251209;19:42:30;-0,5;0,0;0,0;0,0;50,0;Подготовка;
20251209;19:42:35;-0,5;0,0;0,0;0,0;50,0;Подготовка;
20251209;19:42:40;-0,5;0,0;0,0;0,0;50,0;Подготовка;
20251209;19:42:45;-0,5;0,0;0,0;0,0;50,0;Подготовка;
20251209;19:42:50;-0,5;0,0;0,0;0,0;50,0;Подготовка;
20251209;19:42:55;-0,5;0,0;0,0;0,0;50,0;Подготовка;
20251209;19:43:00;-0,5;0,0;0,0;0,0;50,0;Подготовка;
20251209;19:43:05;-0,5;0,0;0,0;0,0;50,0;Подготовка;
20251209;19:43:10;-0,5;0,0;0,0;0,0;50,0;Подготовка;
20251209;19:43:15;-0,5;0,0;0,0;0,0;50,0;Подготовка;
20251209;19:43:21;-0,5;0,0;0,0;0,0;50,0;Подготовка;
20251209;19:43:26;-0,5;0,0;0,0;0,0;50,0;Подготовка;
20251209;19:43:31;-0,5;0,0;0,0;0,0;50,0;Подготовка;
20251209;19:43:36;-0,5;0,0;0,0;0,0;50,0;Подготовка;
20251209;19:43:41;-0,5;0,0;0,0;0,0;50,0;Подготовка;
20251209;19:43:46;-0,5;0,0;0,0;0,0;50,0;Подготовка;
20251209;19:43:51;-0,5;0,0;0,0;0,0;50,0;Подготовка;
20251209;19:43:56;-0,5;0,0;0,0;0,0;50,0;Подготовка;
20251209;19:44:01;-0,5;0,0;0,0;0,0;50,0;Подготовка;
20251209;19:44:06;-0,5;0,0;0,0;0,0;50,0;Подготовка;
20251209;19:44:11;-0,5;0,0;0,0;0,0;50,0;Подготовка;
20251209;19:44:16;-0,5;0,0;0,0;0,0;50,0;Подготовка;
20251209;19:44:21;-0,5;0,0;0,0;0,0;50,0;Подготовка;
20251209;19:44:26;-0,5;0,0;0,0;0,0;50,0;Подготовка;
20251209;19:44:31;-0,5;0,0;0,0;0,0;50,0;Подготовка;
20251209;19:44:36;-0,5;0,0;0,0;0,0;50,0;Подготовка;
20251209;19:44:41;-0,5;0,0;0,0;0,0;50,0;Подготовка;
20251209;19:44:46;-0,5;0,0;0,0;0,0;50,0;Подготовка;
20251209;19:44:51;-0,5;0,0;0,0;0,0;50,0;Подготовка;
20251209;19:44:56;-0,5;0,0;0,0;0,0;50,0;Подготовка;
20251209;19:45:01;-0,5;0,0;0,0;0,0;50,0;Подготовка;
20251209;19:45:06;-0,5;0,0;0,0;0,0;50,0;Подготовка;
20251209;19:45:11;-0,5;0,0;0,0;0,0;50,0;Подготовка;
20251209;19:45:16;-0,5;0,0;0,0;0,0;50,0;Подготовка;
20251209;19:45:21;-0,5;0,0;0,0;0,0;50,0;Подготовка;
20251209;19:45:27;-0,5;0,0;0,0;0,0;50,0;Подготовка;
20251209;19:45:32;-0,5;0,0;0,0;0,0;50,0;Подготовка;
20251209;19:45:37;-0,5;0,0;0,0;0,0;50,0;Подготовка;
20251209;19:45:42;-0,5;0,0;0,0;0,0;50,0;Подготовка;
20251209;19:45:47;-0,5;0,0;0,0;0,0;50,0;Подготовка;
20251209;19:45:52;-0,5;0,0;0,0;0,0;50,0;Подготовка;
20251209;19:45:57;-0,5;0,0;0,0;0,0;50,0;Подготовка;
20251209;19:46:02;-0,5;0,0;0,0;0,0;50,0;Подготовка;
20251209;19:46:07;-0,5;0,0;0,0;0,0;50,0;Подготовка;
20251209;19:46:12;-0,5;0,0;0,0;0,0;50,0;Подготовка;
20251209;19:46:17;-0,5;0,0;0,0;0,0;50,0;Подготовка;
20251209;19:46:22;-0,5;0,0;0,0;0,0;50,0;Подготовка;
20251209;19:46:27;-0,5;0,0;0,0;0,0;50,0;Подготовка;
20251209;19:46:32;-0,5;0,0;0,0;0,0;50,0;Подготовка;
20251209;19:46:37;-0,5;0,0;0,0;0,0;50,0;Подготовка;
20251209;19:46:42;-0,5;0,0;0,0;0,0;50,0;Подготовка;
20251209;19:46:47;-0,5;0,0;0,0;0,0;50,0;Подготовка;
20251209;19:46:52;-0,5;0,0;0,0;0,0;50,0;Подготовка;
20251209;19:46:57;-0,5;0,0;0,0;0,0;50,0;Подготовка;
20251209;19:47:02;-0,5;0,0;0,0;0,0;50,0;Подготовка;
20251209;19:47:07;-0,5;0,0;0,0;0,0;50,0;Подготовка;
20251209;19:47:12;-0,5;0,0;0,0;0,0;50,0;Подготовка;
20251209;19:47:17;-0,5;0,0;0,0;0,0;50,0;Подготовка;
20251209;19:47:22;-0,5;0,0;0,0;0,0;50,0;Подготовка;
20251209;19:47:27;-0,5;0,0;0,0;0,0;50,0;Подготовка;
20251209;19:47:33;-0,5;0,0;0,0;0,0;50,0;Подготовка;
20251209;19:47:38;-0,5;0,0;0,0;0,0;50,0;Подготовка;
20251209;19:47:43;-0,5;0,0;0,0;0,0;50,0;Подготовка;
20251209;19:47:48;-0,5;0,0;0,0;0,0;50,0;Подготовка;
20251209;19:47:53;-0,5;0,0;0,0;0,0;50,0;Подготовка;
20251209;19:47:58;-0,5;0,0;0,0;0,0;50,0;Подготовка;
20251209;19:48:03;-0,5;0,0;0,0;0,0;50,0;Подготовка;
20251209;19:48:08;-0,5;0,0;0,0;0,0;50,0;Подготовка;
20251209;19:48:13;-0,5;0,0;0,0;0,0;50,0;Подготовка;
20251209;19:48:18;-0,5;0,0;0,0;0,0;50,0;Подготовка;
20251209;19:48:23;-0,5;0,0;0,0;0,0;50,0;Подготовка;
20251209;19:48:28;-0,5;0,0;0,0;0,0;50,0;Подготовка;
20251209;19:48:33;-0,5;0,0;0,0;0,0;50,0;Подготовка;
20251209;19:48:38;-0,5;0,0;0,0;0,0;50,0;Подготовка;
20251209;19:48:43;-0,5;0,0;0,0;0,0;50,0;Подготовка;
20251209;19:48:48;-0,5;0,0;0,0;0,0;50,0;Подготовка;
20251209;19:48:53;-0,5;0,0;0,0;0,0;50,0;Подготовка;
20251209;19:48:58;-0,5;0,0;0,0;0,0;50,0;Подготовка;
20251209;19:49:03;-0,5;0,0;0,0;0,0;50,0;Подготовка;
20251209;19:49:08;-0,5;0,0;0,0;0,0;50,0;Подготовка;
20251209;19:49:13;-0,5;0,0;0,0;0,0;50,0;Подготовка;
20251209;19:49:18;-0,5;0,0;0,0;0,0;50,0;Подготовка;
20251209;19:49:23;-0,5;0,0;0,0;0,0;50,0;Подготовка;
20251209;19:49:28;-0,5;0,0;0,0;0,0;50,0;Подготовка;
20251209;19:49:33;-0,5;0,0;0,0;0,0;50,0;Подготовка;
20251209;19:49:39;-0,5;0,0;0,0;0,0;50,0;Подготовка;
20251209;19:49:44;-0,5;0,0;0,0;0,0;50,0;Подготовка;
20251209;19:49:49;-0,5;0,0;0,0;0,0;50,0;Подготовка;
20251209;19:49:54;-0,5;0,0;0,0;0,0;50,0;Подготовка;
20251209;19:49:59;-0,5;0,0;0,0;0,0;50,0;Подготовка;
20251209;19:50:04;-0,5;0,0;0,0;0,0;50,0;Подготовка;
20251209;19:50:09;-0,5;0,0;0,0;0,0;50,0;Подготовка;
20251209;19:50:14;-0,5;0,0;0,0;0,0;50,0;Подготовка;
20251209;19:50:19;-0,5;0,0;0,0;0,0;50,0;Подготовка;
20251209;19:50:24;-0,5;0,0;0,0;0,0;50,0;Подготовка;
20251209;19:50:29;-0,5;0,0;0,0;0,0;50,0;Подготовка;
20251209;19:50:34;-0,5;0,0;0,0;0,0;50,0;Подготовка;
20251209;19:50:39;-0,5;0,0;0,0;0,0;50,0;Подготовка;
20251209;19:50:44;-0,5;0,0;0,0;0,0;50,0;Подготовка;
20251209;19:50:49;-0,5;0,0;0,0;0,0;50,0;Подготовка;
20251209;19:50:54;-0,5;0,0;0,0;0,0;50,0;Подготовка;
20251209;19:50:59;-0,5;0,0;0,0;0,0;50,0;Подготовка;
20251209;19:51:04;-0,5;0,0;0,0;0,0;50,0;Подготовка;
20251209;19:51:09;-0,5;0,0;0,0;0,0;50,0;Подготовка;
20251209;19:51:14;-0,5;0,0;0,0;0,0;50,0;Подготовка;
20251209;19:51:19;-0,5;0,0;0,0;0,0;50,0;Подготовка;
20251209;19:51:24;-0,5;0,0;0,0;0,0;50,0;Подготовка;
20251209;19:51:29;-0,5;0,0;0,0;0,0;50,0;Подготовка;
20251209;19:51:34;-0,5;0,0;0,0;0,0;50,0;Подготовка;
20251209;19:51:39;-0,5;0,0;0,0;0,0;50,0;Подготовка;
20251209;19:51:45;-0,5;0,0;0,0;0,0;50,0;Подготовка;
20251209;19:51:50;-0,5;0,0;0,0;0,0;50,0;Подготовка;
20251209;19:51:55;-0,5;0,0;0,0;0,0;50,0;Подготовка;
20251209;19:52:00;-0,5;0,0;0,0;0,0;50,0;Подготовка;
20251209;19:52:05;-0,5;0,0;0,0;0,0;50,0;Подготовка;
20251209;19:52:10;-0,5;0,0;0,0;0,0;50,0;Подготовка;
20251209;19:52:15;-0,5;0,0;0,0;0,0;50,0;Подготовка;
20251209;19:52:20;-0,5;0,0;0,0;0,0;50,0;Подготовка;
20251209;19:52:25;-0,5;0,0;0,0;0,0;50,0;Подготовка;
20251209;19:52:30;-0,5;0,0;0,0;0,0;50,0;Подготовка;
20251209;19:52:35;-0,5;0,0;0,0;0,0;50,0;Подготовка;
20251209;19:52:40;-0,5;0,0;0,0;0,0;50,0;Подготовка;
20251209;19:52:45;-0,5;0,0;0,0;0,0;50,0;Подготовка;
20251209;19:52:50;-0,5;0,0;0,0;0,0;50,0;Подготовка;
20251209;19:52:55;-0,5;0,0;0,0;0,0;50,0;Подготовка;
20251209;19:53:00;-0,5;0,0;0,0;0,0;50,0;Подготовка;
20251209;19:53:05;-0,5;0,0;0,0;0,0;50,0;Подготовка;
20251209;19:53:10;-0,5;0,0;0,0;0,0;50,0;Подготовка;
20251209;19:53:15;-0,5;0,0;0,0;0,0;50,0;Подготовка;
20251209;19:53:20;-0,5;0,0;0,0;0,0;50,0;Подготовка;
20251209;19:53:25;-0,5;0,0;0,0;0,0;50,0;Подготовка;
20251209;19:53:30;-0,5;0,0;0,0;0,0;50,0;Подготовка;
20251209;19:53:35;-0,5;0,0;0,0;0,0;50,0;Подготовка;
20251209;19:53:40;-0,5;0,0;0,0;0,0;50,0;Подготовка;
20251209;19:53:45;-0,5;0,0;0,0;0,0;50,0;Подготовка;
20251209;19:53:51;-0,5;0,0;0,0;0,0;50,0;Подготовка;
20251209;19:53:56;-0,5;0,0;0,0;0,0;50,0;Подготовка;
20251209;19:54:01;-0,5;0,0;0,0;0,0;50,0;Подготовка;
20251209;19:54:06;-0,5;0,0;0,0;0,0;50,0;Подготовка;
20251209;19:54:11;-0,5;0,0;0,0;0,0;50,0;Подготовка;
20251209;19:54:16;-0,5;0,0;0,0;0,0;50,0;Подготовка;
20251209;19:54:21;-0,5;0,0;0,0;0,0;50,0;Подготовка;
20251209;19:54:26;-0,5;0,0;0,0;0,0;50,0;Подготовка;
20251209;19:54:31;-0,5;0,0;0,0;0,0;50,0;Подготовка;
20251209;19:54:36;-0,5;0,0;0,0;0,0;50,0;Подготовка;
20251209;19:54:41;-0,5;0,0;0,0;0,0;50,0;Подготовка;
20251209;19:54:46;-0,5;0,0;0,0;0,0;50,0;Подготовка;
20251209;19:54:51;-0,5;0,0;0,0;0,0;50,0;Подготовка;
20251209;19:54:56;-0,5;0,0;0,0;0,0;50,0;Подготовка;
20251209;19:55:01;-0,5;0,0;0,0;0,0;50,0;Подготовка;
20251209;19:55:06;-0,5;0,0;0,0;0,0;50,0;Подготовка;
20251209;19:55:11;-0,5;0,0;0,0;0,0;50,0;Подготовка;
20251209;19:55:16;-0,5;0,0;0,0;0,0;50,0;Подготовка;
20251209;19:55:21;-0,5;0,0;0,0;0,0;50,0;Подготовка;
20251209;19:55:26;-0,5;0,0;0,0;0,0;50,0;Подготовка;
20251209;19:55:31;-0,5;0,0;0,0;0,0;50,0;Подготовка;
20251209;19:55:36;-0,5;0,0;0,0;0,0;50,0;Подготовка;
20251209;19:55:41;-0,5;0,0;0,0;0,0;50,0;Подготовка;
20251209;19:55:46;-0,5;0,0;0,0;0,0;50,0;Подготовка;
20251209;19:55:51;-0,5;0,0;0,0;0,0;50,0;Подготовка;
20251209;19:55:57;-0,5;0,0;0,0;0,0;50,0;Подготовка;
20251209;19:56:02;-0,5;0,0;0,0;0,0;50,0;Подготовка;
20251209;19:56:07;-0,5;0,0;0,0;0,0;50,0;Подготовка;
20251209;19:56:12;-0,5;0,0;0,0;0,0;50,0;Подготовка;
20251209;19:56:17;-0,5;0,0;0,0;0,0;50,0;Подготовка;
20251209;19:56:22;-0,5;0,0;0,0;0,0;50,0;Подготовка;
20251209;19:56:27;-0,5;0,0;0,0;0,0;50,0;Подготовка;
20251209;19:56:32;-0,5;0,0;0,0;0,0;50,0;Подготовка;
20251209;19:56:37;-0,5;0,0;0,0;0,0;50,0;Подготовка;
20251209;19:56:42;-0,5;0,0;0,0;0,0;50,0;Подготовка;
20251209;19:56:47;-0,5;0,0;0,0;0,0;50,0;Подготовка;
20251209;19:56:52;-0,5;0,0;0,0;0,0;50,0;Подготовка;
20251209;19:56:57;-0,5;0,0;0,0;0,0;50,0;Подготовка;
20251209;19:57:02;-0,5;0,0;0,0;0,0;50,0;Подготовка;
20251209;19:57:07;-0,5;0,0;0,0;0,0;50,0;Подготовка;
20251209;19:57:12;-0,5;0,0;0,0;0,0;50,0;Подготовка;
20251209;19:57:17;-0,5;0,0;0,0;0,0;50,0;Подготовка;
20251209;19:57:22;-0,5;0,0;0,0;0,0;50,0;Подготовка;
20251209;19:57:27;-0,5;0,0;0,0;0,0;50,0;Подготовка;
20251209;19:57:32;-0,5;0,0;0,0;0,0;50,0;Подготовка;
20251209;19:57:37;-0,5;0,0;0,0;0,0;50,0;Подготовка;
20251209;19:57:42;-0,5;0,0;0,0;0,0;50,0;Подготовка;
20251209;19:57:47;-0,5;0,0;0,0;0,0;50,0;Подготовка;
20251209;19:57:52;-0,5;0,0;0,0;0,0;50,0;Подготовка;
20251209;19:57:57;-0,5;0,0;0,0;0,0;50,0;Подготовка;
20251209;19:58:03;-0,5;0,0;0,0;0,0;50,0;Подготовка;
20251209;19:58:08;-0,5;0,0;0,0;0,0;50,0;Подготовка;
20251209;19:58:13;-0,5;0,0;0,0;0,0;50,0;Подготовка;
20251209;19:58:18;-0,5;0,0;0,0;0,0;50,0;Подготовка;
20251209;19:58:23;-0,5;0,0;0,0;0,0;50,0;Подготовка;
20251209;19:58:28;-0,5;0,0;0,0;0,0;50,0;Подготовка;
20251209;19:58:33;-0,5;0,0;0,0;0,0;50,0;Подготовка;
20251209;19:58:38;-0,5;0,0;0,0;0,0;50,0;Подготовка;
20251209;19:58:43;-0,5;0,0;0,0;0,0;50,0;Подготовка;
20251209;19:58:48;-0,5;0,0;0,0;0,0;50,0;Подготовка;
20251209;19:58:53;-0,5;0,0;0,0;0,0;50,0;Подготовка;
20251209;19:58:58;-0,5;0,0;0,0;0,0;50,0;Подготовка;
20251209;19:59:03;-0,5;0,0;0,0;0,0;50,0;Подготовка;
20251209;19:59:08;-0,5;0,0;0,0;0,0;50,0;Подготовка;
20251209;19:59:13;-0,5;0,0;0,0;0,0;50,0;Подготовка;
20251209;19:59:18;-0,5;0,0;0,0;0,0;50,0;Подготовка;
20251209;19:59:23;-0,5;0,0;0,0;0,0;50,0;Подготовка;
20251209;19:59:28;-0,5;0,0;0,0;0,0;50,0;Подготовка;
20251209;19:59:33;-0,5;0,0;0,0;0,0;50,0;Подготовка;
20251209;19:59:38;-0,5;0,0;0,0;0,0;50,0;Подготовка;
20251209;19:59:43;-0,5;0,0;0,0;0,0;50,0;Подготовка;
20251209;19:59:48;-0,5;0,0;0,0;0,0;50,0;Подготовка;
20251209;19:59:53;-0,5;0,0;0,0;0,0;50,0;Подготовка;
20251209;19:59:58;-0,5;0,0;0,0;0,0;50,0;Подготовка;
20251209;20:00:03;-0,5;0,0;0,0;0,0;50,0;Подготовка;
20251209;20:00:09;-0,5;0,0;0,0;0,0;50,0;Подготовка;
20251209;20:00:14;-0,5;0,0;0,0;0,0;50,0;Подготовка;
20251209;20:00:19;-0,5;0,0;0,0;0,0;50,0;Подготовка;
20251209;20:00:24;-0,5;0,0;0,0;0,0;50,0;Подготовка;
20251209;20:00:29;-0,5;0,0;0,0;0,0;50,0;Подготовка;
20251209;20:00:34;-0,5;0,0;0,0;0,0;50,0;Подготовка;
20251209;20:00:39;-0,5;0,0;0,0;0,0;50,0;Подготовка;
20251209;20:00:44;-0,5;0,0;0,0;0,0;50,0;Подготовка;
20251209;20:00:49;-0,5;0,0;0,0;0,0;50,0;Подготовка;
20251209;20:00:54;-0,5;0,0;0,0;0,0;50,0;Подготовка;
20251209;20:00:59;-0,5;0,0;0,0;0,0;50,0;Подготовка;
20251209;20:01:04;-0,5;0,0;0,0;0,0;50,0;Подготовка;
20251209;20:01:09;-0,5;0,0;0,0;0,0;50,0;Подготовка;
20251209;20:01:14;-0,5;0,0;0,0;0,0;50,0;Подготовка;
20251209;20:01:19;-0,5;0,0;0,0;0,0;50,0;Подготовка;
20251209;20:01:24;-0,5;0,0;0,0;0,0;50,0;Подготовка;
20251209;20:01:29;-0,5;0,0;0,0;0,0;50,0;Подготовка;
20251209;20:01:34;-0,5;0,0;0,0;0,0;50,0;Подготовка;
20251209;20:01:39;-0,5;0,0;0,0;0,0;50,0;Подготовка;
20251209;20:01:44;-0,5;0,0;0,0;0,0;50,0;Подготовка;
20251209;20:01:49;-0,5;0,0;0,0;0,0;50,0;Подготовка;
20251209;20:01:54;-0,5;0,0;0,0;0,0;50,0;Подготовка;
20251209;20:01:59;-0,5;0,0;0,0;0,0;50,0;Подготовка;
20251209;20:02:04;-0,5;0,0;0,0;0,0;50,0;Подготовка;
20251209;20:02:09;-0,5;0,0;0,0;0,0;50,0;Подготовка;
20251209;20:02:15;-0,5;0,0;0,0;0,0;50,0;Подготовка;
20251209;20:02:20;-0,5;0,0;0,0;0,0;50,0;Подготовка;
20251209;20:02:25;-0,5;0,0;0,0;0,0;50,0;Подготовка;
20251209;20:02:30;-0,5;0,0;0,0;0,0;50,0;Подготовка;
20251209;20:02:35;-0,5;0,0;0,0;0,0;50,0;Подготовка;
20251209;20:02:40;-0,5;0,0;0,0;0,0;50,0;Подготовка;
20251209;20:02:45;-0,5;0,0;0,0;0,0;50,0;Подготовка;
20251209;20:02:50;-0,5;0,0;0,0;0,0;50,0;Подготовка;
20251209;20:02:55;-0,5;0,0;0,0;0,0;50,0;Подготовка;
20251209;20:03:00;-0,5;0,0;0,0;0,0;50,0;Подготовка;
20251209;20:03:05;-0,5;0,0;0,0;0,0;50,0;Подготовка;
20251209;20:03:10;-0,5;0,0;0,0;0,0;50,0;Подготовка;
20251209;20:03:15;-0,5;0,0;0,0;0,0;50,0;Подготовка;
20251209;20:03:20;-0,5;0,0;0,0;0,0;50,0;Подготовка;
20251209;20:03:25;-0,5;0,0;0,0;0,0;50,0;Подготовка;
20251209;20:03:30;-0,5;0,0;0,0;0,0;50,0;Подготовка;
20251209;20:03:35;-0,5;0,0;0,0;0,0;50,0;Подготовка;
20251209;20:03:40;-0,5;0,0;0,0;0,0;50,0;Подготовка;
20251209;20:03:45;-0,5;0,0;0,0;0,0;50,0;Подготовка;
20251209;20:03:50;-0,5;0,0;0,0;0,0;50,0;Подготовка;
20251209;20:03:55;-0,5;0,0;0,0;0,0;50,0;Подготовка;
20251209;20:04:00;-0,5;0,0;0,0;0,0;50,0;Подготовка;
20251209;20:04:05;-0,5;0,0;0,0;0,0;50,0;Подготовка;
20251209;20:04:10;-0,5;0,0;0,0;0,0;50,0;Подготовка;
20251209;20:04:15;-0,5;0,0;0,0;0,0;50,0;Подготовка;
20251209;20:04:21;-0,5;0,0;0,0;0,0;50,0;Подготовка;
20251209;20:04:26;-0,5;0,0;0,0;0,0;50,0;Подготовка;
20251209;20:04:31;-0,5;0,0;0,0;0,0;50,0;Подготовка;
20251209;20:04:36;-0,5;0,0;0,0;0,0;50,0;Подготовка;
20251209;20:04:41;-0,5;0,0;0,0;0,0;50,0;Подготовка;
20251209;20:04:46;-0,5;0,0;0,0;0,0;50,0;Подготовка;
20251209;20:04:51;-0,5;0,0;0,0;0,0;50,0;Подготовка;
20251209;20:04:56;-0,5;0,0;0,0;0,0;50,0;Подготовка;
20251209;20:05:01;-0,5;0,0;0,0;0,0;50,0;Подготовка;
20251209;20:05:06;-0,5;0,0;0,0;0,0;50,0;Подготовка;
20251209;20:05:11;-0,5;0,0;0,0;0,0;50,0;Подготовка;
20251209;20:05:16;-0,5;0,0;0,0;0,0;50,0;Подготовка;
20251209;20:05:21;-0,5;0,0;0,0;0,0;50,0;Подготовка;
20251209;20:05:26;-0,5;0,0;0,0;0,0;50,0;Подготовка;
20251209;20:05:31;-0,5;0,0;0,0;0,0;50,0;Подготовка;
20251209;20:05:36;-0,5;0,0;0,0;0,0;50,0;Подготовка;
20251209;20:05:41;-0,5;0,0;0,0;0,0;50,0;Подготовка;
20251209;20:05:46;-0,5;0,0;0,0;0,0;50,0;Подготовка;
20251209;20:05:51;-0,5;0,0;0,0;0,0;50,0;Подготовка;
20251209;20:05:56;-0,5;0,0;0,0;0,0;50,0;Подготовка;
20251209;20:06:01;-0,5;0,0;0,0;0,0;50,0;Подготовка;
20251209;20:06:06;-0,5;0,0;0,0;0,0;50,0;Подготовка;
20251209;20:06:11;-0,5;0,0;0,0;0,0;50,0;Подготовка;
20251209;20:06:16;-0,5;0,0;0,0;0,0;50,0;Подготовка;
20251209;20:06:21;-0,5;0,0;0,0;0,0;50,0;Подготовка;
20251209;20:06:27;-0,5;0,0;0,0;0,0;50,0;Подготовка;
20251209;20:06:32;-0,5;0,0;0,0;0,0;50,0;Подготовка;
20251209;20:06:37;-0,5;0,0;0,0;0,0;50,0;Подготовка;
20251209;20:06:42;-0,5;0,0;0,0;0,0;50,0;Подготовка;
20251209;20:06:47;-0,5;0,0;0,0;0,0;50,0;Подготовка;
20251209;20:06:52;-0,5;0,0;0,0;0,0;50,0;Подготовка;
20251209;20:06:57;-0,5;0,0;0,0;0,0;50,0;Подготовка;
20251209;20:07:02;-0,5;0,0;0,0;0,0;50,0;Подготовка;
20251209;20:07:07;-0,5;0,0;0,0;0,0;50,0;Подготовка;
20251209;20:07:12;-0,5;0,0;0,0;0,0;50,0;Подготовка;
20251209;20:07:17;-0,5;0,0;0,0;0,0;50,0;Подготовка;
20251209;20:07:22;-0,5;0,0;0,0;0,0;50,0;Подготовка;
20251209;20:07:27;-0,5;0,0;0,0;0,0;50,0;Подготовка;
20251209;20:07:32;-0,5;0,0;0,0;0,0;50,0;Подготовка;
20251209;20:07:37;-0,5;0,0;0,0;0,0;50,0;Подготовка;
20251209;20:07:42;-0,5;0,0;0,0;0,0;50,0;Подготовка;
20251209;20:07:47;-0,5;0,0;0,0;0,0;50,0;Подготовка;
20251209;20:07:52;-0,5;0,0;0,0;0,0;50,0;Подготовка;
20251209;20:07:57;-0,5;0,0;0,0;0,0;50,0;Подготовка;
20251209;20:08:02;-0,5;0,0;0,0;0,0;50,0;Подготовка;
20251209;20:08:07;-0,5;0,0;0,0;0,0;50,0;Подготовка;
20251209;20:08:12;-0,5;0,0;0,0;0,0;50,0;Подготовка;
20251209;20:08:17;-0,5;0,0;0,0;0,0;50,0;Подготовка;
20251209;20:08:22;-0,5;0,0;0,0;0,0;50,0;Подготовка;
20251209;20:08:27;-0,5;0,0;0,0;0,0;50,0;Подготовка;
20251209;20:08:33;-0,5;0,0;0,0;0,0;50,0;Подготовка;
20251209;20:08:38;-0,5;0,0;0,0;0,0;50,0;Подготовка;
20251209;20:08:43;-0,5;0,0;0,0;0,0;50,0;Подготовка;
20251209;20:08:48;-0,5;0,0;0,0;0,0;50,0;Подготовка;
20251209;20:08:53;-0,5;0,0;0,0;0,0;50,0;Подготовка;
20251209;20:08:58;-0,5;0,0;0,0;0,0;50,0;Подготовка;
20251209;20:09:03;-0,5;0,0;0,0;0,0;50,0;Подготовка;
20251209;20:09:08;-0,5;0,0;0,0;0,0;50,0;Подготовка;
20251209;20:09:13;-0,5;0,0;0,0;0,0;50,0;Подготовка;
20251209;20:09:18;-0,5;0,0;0,0;0,0;50,0;Подготовка;
20251209;20:09:23;-0,5;0,0;0,0;0,0;50,0;Подготовка;
20251209;20:09:28;-0,5;0,0;0,0;0,0;50,0;Подготовка;
20251209;20:09:33;-0,5;0,0;0,0;0,0;50,0;Подготовка;
20251209;20:09:38;-0,5;0,0;0,0;0,0;50,0;Подготовка;
20251209;20:09:43;-0,5;0,0;0,0;0,0;50,0;Подготовка;
20251209;20:09:48;-0,5;0,0;0,0;0,0;50,0;Подготовка;
20251209;20:09:53;-0,5;0,0;0,0;0,0;50,0;Подготовка;
20251209;20:09:58;-0,5;0,0;0,0;0,0;50,0;Подготовка;
20251209;20:10:03;-0,5;0,0;0,0;0,0;50,0;Подготовка;
20251209;20:10:08;-0,5;0,0;0,0;0,0;50,0;Подготовка;
20251209;20:10:13;-0,5;0,0;0,0;0,0;50,0;Подготовка;
20251209;20:10:18;-0,5;0,0;0,0;0,0;50,0;Подготовка;
20251209;20:10:23;-0,5;0,0;0,0;0,0;50,0;Подготовка;
20251209;20:10:28;-0,5;0,0;0,0;0,0;50,0;Подготовка;
20251209;20:10:33;-0,5;0,0;0,0;0,0;50,0;Подготовка;
20251209;20:10:39;-0,5;0,0;0,0;0,0;50,0;Подготовка;
20251209;20:10:44;-0,5;0,0;0,0;0,0;50,0;Подготовка;
20251209;20:10:49;-0,5;0,0;0,0;0,0;50,0;Подготовка;
20251209;20:10:54;-0,5;0,0;0,0;0,0;50,0;Подготовка;
20251209;20:10:59;-0,5;0,0;0,0;0,0;50,0;Подготовка;
20251209;20:11:04;-0,5;0,0;0,0;0,0;50,0;Подготовка;
20251209;20:11:09;-0,5;0,0;0,0;0,0;50,0;Подготовка;
20251209;20:11:14;-0,5;0,0;0,0;0,0;50,0;Подготовка;
20251209;20:11:19;-0,5;0,0;0,0;0,0;50,0;Подготовка;
20251209;20:11:24;-0,5;0,0;0,0;0,0;50,0;Подготовка;
20251209;20:11:29;-0,5;0,0;0,0;0,0;50,0;Подготовка;
20251209;20:11:34;-0,5;0,0;0,0;0,0;50,0;Подготовка;
20251209;20:11:39;-0,5;0,0;0,0;0,0;50,0;Подготовка;
20251209;20:11:44;-0,5;0,0;0,0;0,0;50,0;Подготовка;
20251209;20:11:49;-0,5;0,0;0,0;0,0;50,0;Подготовка;
20251209;20:11:54;-0,5;0,0;0,0;0,0;50,0;Подготовка;
20251209;20:11:59;-0,5;0,0;0,0;0,0;50,0;Подготовка;
20251209;20:12:04;-0,5;0,0;0,0;0,0;50,0;Подготовка;
20251209;20:12:09;-0,5;0,0;0,0;0,0;50,0;Подготовка;
20251209;20:12:14;-0,5;0,0;0,0;0,0;50,0;Подготовка;
20251209;20:12:19;-0,5;0,0;0,0;0,0;50,0;Подготовка;
20251209;20:12:24;-0,5;0,0;0,0;0,0;50,0;Подготовка;
20251209;20:12:29;-0,5;0,0;0,0;0,0;50,0;Подготовка;
20251209;20:12:34;-0,5;0,0;0,0;0,0;50,0;Подготовка;
20251209;20:12:39;-0,5;0,0;0,0;0,0;50,0;Подготовка;
20251209;20:12:45;-0,5;0,0;0,0;0,0;50,0;Подготовка;
20251209;20:12:50;-0,5;0,0;0,0;0,0;50,0;Подготовка;
20251209;20:12:55;-0,5;0,0;0,0;0,0;50,0;Подготовка;
20251209;20:13:00;-0,5;0,0;0,0;0,0;50,0;Подготовка;
20251209;20:13:05;-0,5;0,0;0,0;0,0;50,0;Подготовка;
20251209;20:13:10;-0,5;0,0;0,0;0,0;50,0;Подготовка;
20251209;20:13:15;-0,5;0,0;0,0;0,0;50,0;Подготовка;
20251209;20:13:20;-0,5;0,0;0,0;0,0;50,0;Подготовка;
20251209;20:13:25;-0,5;0,0;0,0;0,0;50,0;Подготовка;
20251209;20:13:30;-0,5;0,0;0,0;0,0;50,0;Подготовка;
20251209;20:13:35;-0,5;0,0;0,0;0,0;50,0;Подготовка;
20251209;20:13:40;-0,5;0,0;0,0;0,0;50,0;Подготовка;
20251209;20:13:45;-0,5;0,0;0,0;0,0;50,0;Подготовка;
20251209;20:13:50;-0,5;0,0;0,0;0,0;50,0;Подготовка;
20251209;20:13:55;-0,5;0,0;0,0;0,0;50,0;Подготовка;
20251209;20:14:00;-0,5;0,0;0,0;0,0;50,0;Подготовка;
20251209;20:14:05;-0,5;0,0;0,0;0,0;50,0;Подготовка;
20251209;20:14:10;-0,5;0,0;0,0;0,0;50,0;Подготовка;
20251209;20:14:15;-0,5;0,0;0,0;0,0;50,0;Подготовка;
20251209;20:14:20;-0,5;0,0;0,0;0,0;50,0;Подготовка;
20251209;20:14:25;-0,5;0,0;0,0;0,0;50,0;Подготовка;
20251209;20:14:30;-0,5;0,0;0,0;0,0;50,0;Подготовка;
20251209;20:14:35;-0,5;0,0;0,0;0,0;50,0;Подготовка;
20251209;20:14:40;-0,5;0,0;0,0;0,0;50,0;Подготовка;
20251209;20:14:45;-0,5;0,0;0,0;0,0;50,0;Подготовка;
20251209;20:14:51;-0,5;0,0;0,0;0,0;50,0;Подготовка;
20251209;20:14:56;-0,5;0,0;0,0;0,0;50,0;Подготовка;
20251209;20:15:01;-0,5;0,0;0,0;0,0;50,0;Подготовка;
20251209;20:15:06;-0,5;0,0;0,0;0,0;50,0;Подготовка;
20251209;20:15:11;-0,5;0,0;0,0;0,0;50,0;Подготовка;
20251209;20:15:16;-0,5;0,0;0,0;0,0;50,0;Подготовка;
20251209;20:15:21;-0,5;0,0;0,0;0,0;50,0;Подготовка;
20251209;20:15:26;-0,5;0,0;0,0;0,0;50,0;Подготовка;
20251209;20:15:31;-0,5;0,0;0,0;0,0;50,0;Подготовка;
20251209;20:15:36;-0,5;0,0;0,0;0,0;50,0;Подготовка;
20251209;20:15:41;-0,5;0,0;0,0;0,0;50,0;Подготовка;
20251209;20:15:46;-0,5;0,0;0,0;0,0;50,0;Подготовка;
20251209;20:15:51;-0,5;0,0;0,0;0,0;50,0;Подготовка;
20251209;20:15:56;-0,5;0,0;0,0;0,0;50,0;Подготовка;
20251209;20:16:01;-0,5;0,0;0,0;0,0;50,0;Подготовка;
20251209;20:16:06;-0,5;0,0;0,0;0,0;50,0;Подготовка;
20251209;20:16:11;-0,5;0,0;0,0;0,0;50,0;Подготовка;
20251209;20:16:16;-0,5;0,0;0,0;0,0;50,0;Подготовка;
20251209;20:16:21;-0,5;0,0;0,0;0,0;50,0;Подготовка;
20251209;20:16:26;-0,5;0,0;0,0;0,0;50,0;Подготовка;
20251209;20:16:31;-0,5;0,0;0,0;0,0;50,0;Подготовка;
20251209;20:16:36;-0,5;0,0;0,0;0,0;50,0;Подготовка;
20251209;20:16:41;-0,5;0,0;0,0;0,0;50,0;Подготовка;
20251209;20:16:46;-0,5;0,0;0,0;0,0;50,0;Подготовка;
20251209;20:16:51;-0,5;0,0;0,0;0,0;50,0;Подготовка;
20251209;20:16:57;-0,5;0,0;0,0;0,0;50,0;Подготовка;
20251209;20:17:02;-0,5;0,0;0,0;0,0;50,0;Подготовка;
20251209;20:17:07;-0,5;0,0;0,0;0,0;50,0;Подготовка;
20251209;20:17:12;-0,5;0,0;0,0;0,0;50,0;Подготовка;
20251209;20:17:17;-0,5;0,0;0,0;0,0;50,0;Подготовка;
20251209;20:17:22;-0,5;0,0;0,0;0,0;50,0;Подготовка;
20251209;20:17:27;-0,5;0,0;0,0;0,0;50,0;Подготовка;
20251209;20:17:32;-0,5;0,0;0,0;0,0;50,0;Подготовка;
20251209;20:17:37;-0,5;0,0;0,0;0,0;50,0;Подготовка;
20251209;20:17:42;-0,5;0,0;0,0;0,0;50,0;Подготовка;
20251209;20:17:47;-0,5;0,0;0,0;0,0;50,0;Подготовка;
20251209;20:17:52;-0,5;0,0;0,0;0,0;50,0;Подготовка;
20251209;20:17:57;-0,5;0,0;0,0;0,0;50,0;Подготовка;
20251209;20:18:02;-0,5;0,0;0,0;0,0;50,0;Подготовка;
20251209;20:18:07;-0,5;0,0;0,0;0,0;50,0;Подготовка;
20251209;20:18:12;-0,5;0,0;0,0;0,0;50,0;Подготовка;
20251209;20:18:17;-0,5;0,0;0,0;0,0;50,0;Подготовка;
20251209;20:18:22;-0,5;0,0;0,0;0,0;50,0;Подготовка;
20251209;20:18:27;-0,5;0,0;0,0;0,0;50,0;Подготовка;
20251209;20:18:32;-0,5;0,0;0,0;0,0;50,0;Подготовка;
20251209;20:18:37;-0,5;0,0;0,0;0,0;50,0;Подготовка;
20251209;20:18:42;-0,5;0,0;0,0;0,0;50,0;Подготовка;
20251209;20:18:47;-0,5;0,0;0,0;0,0;50,0;Подготовка;
20251209;20:18:52;-0,5;0,0;0,0;0,0;50,0;Подготовка;
20251209;20:18:57;-0,5;0,0;0,0;0,0;50,0;Подготовка;
20251209;20:19:03;-0,5;0,0;0,0;0,0;50,0;Подготовка;
20251209;20:19:08;-0,5;0,0;0,0;0,0;50,0;Подготовка;
20251209;20:19:13;-0,5;0,0;0,0;0,0;50,0;Подготовка;
20251209;20:19:18;-0,5;0,0;0,0;0,0;50,0;Подготовка;
20251209;20:19:23;-0,5;0,0;0,0;0,0;50,0;Подготовка;
20251209;20:19:28;-0,5;0,0;0,0;0,0;50,0;Подготовка;
20251209;20:19:33;-0,5;0,0;0,0;0,0;50,0;Подготовка;
20251209;20:19:38;-0,5;0,0;0,0;0,0;50,0;Подготовка;
20251209;20:19:43;-0,5;0,0;0,0;0,0;50,0;Подготовка;
20251209;20:19:48;-0,5;0,0;0,0;0,0;50,0;Подготовка;
20251209;20:19:53;-0,5;0,0;0,0;0,0;50,0;Подготовка;
20251209;20:19:58;-0,5;0,0;0,0;0,0;50,0;Подготовка;
20251209;20:20:03;-0,5;0,0;0,0;0,0;50,0;Подготовка;
20251209;20:20:08;-0,5;0,0;0,0;0,0;50,0;Подготовка;
20251209;20:20:13;-0,5;0,0;0,0;0,0;50,0;Подготовка;
20251209;20:20:18;-0,5;0,0;0,0;0,0;50,0;Подготовка;
20251209;20:20:23;-0,5;0,0;0,0;0,0;50,0;Подготовка;
20251209;20:20:28;-0,5;0,0;0,0;0,0;50,0;Подготовка;
20251209;20:20:33;-0,5;0,0;0,0;0,0;50,0;Подготовка;
20251209;20:20:38;-0,5;0,0;0,0;0,0;50,0;Подготовка;
20251209;20:20:43;-0,5;0,0;0,0;0,0;50,0;Подготовка;
20251209;20:20:48;-0,5;0,0;0,0;0,0;50,0;Подготовка;
20251209;20:20:53;-0,5;0,0;0,0;0,0;50,0;Подготовка;
20251209;20:20:58;-0,5;0,0;0,0;0,0;50,0;Подготовка;
20251209;20:21:03;-0,5;0,0;0,0;0,0;50,0;Подготовка;
20251209;20:21:09;-0,5;0,0;0,0;0,0;50,0;Подготовка;
20251209;20:21:14;-0,5;0,0;0,0;0,0;50,0;Подготовка;
20251209;20:21:19;-0,5;0,0;0,0;0,0;50,0;Подготовка;
20251209;20:21:24;-0,5;0,0;0,0;0,0;50,0;Подготовка;
20251209;20:21:29;-0,5;0,0;0,0;0,0;50,0;Подготовка;
20251209;20:21:34;-0,5;0,0;0,0;0,0;50,0;Подготовка;
20251209;20:21:39;-0,5;0,0;0,0;0,0;50,0;Подготовка;
20251209;20:21:44;-0,5;0,0;0,0;0,0;50,0;Подготовка;
20251209;20:21:49;-0,5;0,0;0,0;0,0;50,0;Подготовка;
20251209;20:21:54;-0,5;0,0;0,0;0,0;50,0;Подготовка;
20251209;20:21:59;-0,5;0,0;0,0;0,0;50,0;Подготовка;
20251209;20:22:04;-0,5;0,0;0,0;0,0;50,0;Подготовка;
20251209;20:22:09;-0,5;0,0;0,0;0,0;50,0;Подготовка;
20251209;20:22:14;-0,5;0,0;0,0;0,0;50,0;Подготовка;
20251209;20:22:19;-0,5;0,0;0,0;0,0;50,0;Подготовка;
20251209;20:22:24;-0,5;0,0;0,0;0,0;50,0;Подготовка;
20251209;20:22:29;-0,5;0,0;0,0;0,0;50,0;Подготовка;
20251209;20:22:34;-0,5;0,0;0,0;0,0;50,0;Подготовка;
20251209;20:22:39;-0,5;0,0;0,0;0,0;50,0;Подготовка;
20251209;20:22:44;-0,5;0,0;0,0;0,0;50,0;Подготовка;
20251209;20:22:49;-0,5;0,0;0,0;0,0;50,0;Подготовка;
20251209;20:22:54;-0,5;0,0;0,0;0,0;50,0;Подготовка;
20251209;20:22:59;-0,5;0,0;0,0;0,0;50,0;Подготовка;
20251209;20:23:04;-0,5;0,0;0,0;0,0;50,0;Подготовка;
20251209;20:23:09;-0,5;0,0;0,0;0,0;50,0;Подготовка;
20251209;20:23:15;-0,5;0,0;0,0;0,0;50,0;Подготовка;
20251209;20:23:20;-0,5;0,0;0,0;0,0;50,0;Подготовка;
20251209;20:23:25;-0,5;0,0;0,0;0,0;50,0;Подготовка;
20251209;20:23:30;-0,5;0,0;0,0;0,0;50,0;Подготовка;
20251209;20:23:35;-0,5;0,0;0,0;0,0;50,0;Подготовка;
20251209;20:23:40;-0,5;0,0;0,0;0,0;50,0;Подготовка;
20251209;20:23:45;-0,5;0,0;0,0;0,0;50,0;Подготовка;
20251209;20:23:50;-0,5;0,0;0,0;0,0;50,0;Подготовка;
20251209;20:23:55;-0,5;0,0;0,0;0,0;50,0;Подготовка;
20251209;20:24:00;-0,5;0,0;0,0;0,0;50,0;Подготовка;
20251209;20:24:05;-0,5;0,0;0,0;0,0;50,0;Подготовка;
20251209;20:24:10;-0,5;0,0;0,0;0,0;50,0;Подготовка;
20251209;20:24:15;-0,5;0,0;0,0;0,0;50,0;Подготовка;
20251209;20:24:20;-0,5;0,0;0,0;0,0;50,0;Подготовка;
20251209;20:24:25;-0,5;0,0;0,0;0,0;50,0;Подготовка;
20251209;20:24:30;-0,5;0,0;0,0;0,0;50,0;Подготовка;
20251209;20:24:35;-0,5;0,0;0,0;0,0;50,0;Подготовка;
20251209;20:24:40;-0,5;0,0;0,0;0,0;50,0;Подготовка;
20251209;20:24:45;-0,5;0,0;0,0;0,0;50,0;Подготовка;
20251209;20:24:50;-0,5;0,0;0,0;0,0;50,0;Подготовка;
20251209;20:24:55;-0,5;0,0;0,0;0,0;50,0;Подготовка;
20251209;20:25:00;-0,5;0,0;0,0;0,0;50,0;Подготовка;
20251209;20:25:05;-0,5;0,0;0,0;0,0;50,0;Подготовка;
20251209;20:25:10;-0,5;0,0;0,0;0,0;50,0;Подготовка;
20251209;20:25:15;-0,5;0,0;0,0;0,0;50,0;Подготовка;
20251209;20:25:21;-0,5;0,0;0,0;0,0;50,0;Подготовка;
20251209;20:25:26;-0,5;0,0;0,0;0,0;50,0;Подготовка;
20251209;20:25:31;-0,5;0,0;0,0;0,0;50,0;Подготовка;
20251209;20:25:36;-0,5;0,0;0,0;0,0;50,0;Подготовка;
20251209;20:25:41;-0,5;0,0;0,0;0,0;50,0;Подготовка;
20251209;20:25:46;-0,5;0,0;0,0;0,0;50,0;Подготовка;
20251209;20:25:51;-0,5;0,0;0,0;0,0;50,0;Подготовка;
20251209;20:25:56;-0,5;0,0;0,0;0,0;50,0;Подготовка;
20251209;20:26:01;-0,5;0,0;0,0;0,0;50,0;Подготовка;
20251209;20:26:06;-0,5;0,0;0,0;0,0;50,0;Подготовка;
20251209;20:26:11;-0,5;0,0;0,0;0,0;50,0;Подготовка;
20251209;20:26:16;-0,5;0,0;0,0;0,0;50,0;Подготовка;
20251209;20:26:21;-0,5;0,0;0,0;0,0;50,0;Подготовка;
20251209;20:26:26;-0,5;0,0;0,0;0,0;50,0;Подготовка;
20251209;20:26:31;-0,5;0,0;0,0;0,0;50,0;Подготовка;
20251209;20:26:36;-0,5;0,0;0,0;0,0;50,0;Подготовка;
20251209;20:26:41;-0,5;0,0;0,0;0,0;50,0;Подготовка;
20251209;20:26:46;-0,5;0,0;0,0;0,0;50,0;Подготовка;
20251209;20:26:51;-0,5;0,0;0,0;0,0;50,0;Подготовка;
20251209;20:26:56;-0,5;0,0;0,0;0,0;50,0;Подготовка;
20251209;20:27:01;-0,5;0,0;0,0;0,0;50,0;Подготовка;
20251209;20:27:06;-0,5;0,0;0,0;0,0;50,0;Подготовка;
20251209;20:27:11;-0,5;0,0;0,0;0,0;50,0;Подготовка;
20251209;20:27:16;-0,5;0,0;0,0;0,0;50,0;Подготовка;
20251209;20:27:21;-0,5;0,0;0,0;0,0;50,0;Подготовка;
20251209;20:27:27;-0,5;0,0;0,0;0,0;50,0;Подготовка;
20251209;20:27:32;-0,5;0,0;0,0;0,0;50,0;Подготовка;
20251209;20:27:37;-0,5;0,0;0,0;0,0;50,0;Подготовка;
20251209;20:27:42;-0,5;0,0;0,0;0,0;50,0;Подготовка;
20251209;20:27:47;-0,5;0,0;0,0;0,0;50,0;Подготовка;
20251209;20:27:52;-0,5;0,0;0,0;0,0;50,0;Подготовка;
20251209;20:27:57;-0,5;0,0;0,0;0,0;50,0;Подготовка;
20251209;20:28:02;-0,5;0,0;0,0;0,0;50,0;Подготовка;
20251209;20:28:07;-0,5;0,0;0,0;0,0;50,0;Подготовка;
20251209;20:28:12;-0,5;0,0;0,0;0,0;50,0;Подготовка;
20251209;20:28:17;-0,5;0,0;0,0;0,0;50,0;Подготовка;
20251209;20:28:22;-0,5;0,0;0,0;0,0;50,0;Подготовка;
20251209;20:28:27;-0,5;0,0;0,0;0,0;50,0;Подготовка;
20251209;20:28:32;-0,5;0,0;0,0;0,0;50,0;Подготовка;
20251209;20:28:37;-0,5;0,0;0,0;0,0;50,0;Подготовка;
20251209;20:28:42;-0,5;0,0;0,0;0,0;50,0;Подготовка;
20251209;20:28:47;-0,5;0,0;0,0;0,0;50,0;Подготовка;
20251209;20:28:52;-0,5;0,0;0,0;0,0;50,0;Подготовка;
20251209;20:28:57;-0,5;0,0;0,0;0,0;50,0;Подготовка;
20251209;20:29:02;-0,5;0,0;0,0;0,0;50,0;Подготовка;
20251209;20:29:07;-0,5;0,0;0,0;0,0;50,0;Подготовка;
20251209;20:29:12;-0,5;0,0;0,0;0,0;50,0;Подготовка;
20251209;20:29:17;-0,5;0,0;0,0;0,0;50,0;Подготовка;
20251209;20:29:22;-0,5;0,0;0,0;0,0;50,0;Подготовка;
20251209;20:29:27;-0,5;0,0;0,0;0,0;50,0;Подготовка;
20251209;20:29:33;-0,5;0,0;0,0;0,0;50,0;Подготовка;
20251209;20:29:38;-0,5;0,0;0,0;0,0;50,0;Подготовка;
20251209;20:29:43;-0,5;0,0;0,0;0,0;50,0;Подготовка;
20251209;20:29:48;-0,5;0,0;0,0;0,0;50,0;Подготовка;
20251209;20:29:53;-0,5;0,0;0,0;0,0;50,0;Подготовка;
20251209;20:29:58;-0,5;0,0;0,0;0,0;50,0;Подготовка;
20251209;20:30:03;-0,5;0,0;0,0;0,0;50,0;Подготовка;
20251209;20:30:08;-0,5;0,0;0,0;0,0;50,0;Подготовка;
20251209;20:30:13;-0,5;0,0;0,0;0,0;50,0;Подготовка;
20251209;20:30:18;-0,5;0,0;0,0;0,0;50,0;Подготовка;
20251209;20:30:23;-0,5;0,0;0,0;0,0;50,0;Подготовка;
20251209;20:30:28;-0,5;0,0;0,0;0,0;50,0;Подготовка;
20251209;20:30:33;-0,5;0,0;0,0;0,0;50,0;Подготовка;
20251209;20:30:38;-0,5;0,0;0,0;0,0;50,0;Подготовка;
20251209;20:30:43;-0,5;0,0;0,0;0,0;50,0;Подготовка;
20251209;20:30:48;-0,5;0,0;0,0;0,0;50,0;Подготовка;
20251209;20:30:53;-0,5;0,0;0,0;0,0;50,0;Подготовка;
20251209;20:30:58;-0,5;0,0;0,0;0,0;50,0;Подготовка;
20251209;20:31:03;-0,5;0,0;0,0;0,0;50,0;Подготовка;
20251209;20:31:08;-0,5;0,0;0,0;0,0;50,0;Подготовка;
20251209;20:31:13;-0,5;0,0;0,0;0,0;50,0;Подготовка;
20251209;20:31:18;-0,5;0,0;0,0;0,0;50,0;Подготовка;
20251209;20:31:23;-0,5;0,0;0,0;0,0;50,0;Подготовка;
20251209;20:31:28;-0,5;0,0;0,0;0,0;50,0;Подготовка;
20251209;20:31:33;-0,5;0,0;0,0;0,0;50,0;Подготовка;
20251209;20:31:39;-0,5;0,0;0,0;0,0;50,0;Подготовка;
20251209;20:31:44;-0,5;0,0;0,0;0,0;50,0;Подготовка;
20251209;20:31:49;-0,5;0,0;0,0;0,0;50,0;Подготовка;
20251209;20:31:54;-0,5;0,0;0,0;0,0;50,0;Подготовка;
20251209;20:31:59;-0,5;0,0;0,0;0,0;50,0;Подготовка;
20251209;20:32:04;-0,5;0,0;0,0;0,0;50,0;Подготовка;
20251209;20:32:09;-0,5;0,0;0,0;0,0;50,0;Подготовка;
20251209;20:32:14;-0,5;0,0;0,0;0,0;50,0;Подготовка;
20251209;20:32:19;-0,5;0,0;0,0;0,0;50,0;Подготовка;
20251209;20:32:24;-0,5;0,0;0,0;0,0;50,0;Подготовка;
20251209;20:32:29;-0,5;0,0;0,0;0,0;50,0;Подготовка;
20251209;20:32:34;-0,5;0,0;0,0;0,0;50,0;Подготовка;
20251209;20:32:39;-0,5;0,0;0,0;0,0;50,0;Подготовка;
20251209;20:32:44;-0,5;0,0;0,0;0,0;50,0;Подготовка;
20251209;20:32:49;-0,5;0,0;0,0;0,0;50,0;Подготовка;
20251209;20:32:54;-0,5;0,0;0,0;0,0;50,0;Подготовка;
20251209;20:32:59;-0,5;0,0;0,0;0,0;50,0;Подготовка;
20251209;20:33:04;-0,5;0,0;0,0;0,0;50,0;Подготовка;
20251209;20:33:09;-0,5;0,0;0,0;0,0;50,0;Подготовка;
20251209;20:33:14;-0,5;0,0;0,0;0,0;50,0;Подготовка;
20251209;20:33:19;-0,5;0,0;0,0;0,0;50,0;Подготовка;
20251209;20:33:24;-0,5;0,0;0,0;0,0;50,0;Подготовка;
20251209;20:33:29;-0,5;0,0;0,0;0,0;50,0;Подготовка;
20251209;20:33:34;-0,5;0,0;0,0;0,0;50,0;Подготовка;
20251209;20:33:39;-0,5;0,0;0,0;0,0;50,0;Подготовка;
20251209;20:33:45;-0,5;0,0;0,0;0,0;50,0;Подготовка;
20251209;20:33:50;-0,5;0,0;0,0;0,0;50,0;Подготовка;
20251209;20:33:55;-0,5;0,0;0,0;0,0;50,0;Подготовка;
20251209;20:34:00;-0,5;0,0;0,0;0,0;50,0;Подготовка;
20251209;20:34:05;-0,5;0,0;0,0;0,0;50,0;Подготовка;
20251209;20:34:10;-0,5;0,0;0,0;0,0;50,0;Подготовка;
20251209;20:34:15;-0,5;0,0;0,0;0,0;50,0;Подготовка;
20251209;20:34:20;-0,5;0,0;0,0;0,0;50,0;Подготовка;
20251209;20:34:25;-0,5;0,0;0,0;0,0;50,0;Подготовка;
20251209;20:34:30;-0,5;0,0;0,0;0,0;50,0;Подготовка;
20251209;20:34:35;-0,5;0,0;0,0;0,0;50,0;Подготовка;
20251209;20:34:40;-0,5;0,0;0,0;0,0;50,0;Подготовка;
20251209;20:34:45;-0,5;0,0;0,0;0,0;50,0;Подготовка;
20251209;20:34:50;-0,5;0,0;0,0;0,0;50,0;Подготовка;
Предприятие;
Объект;
Вид оборудования;
Дисп. наименование;
Тип;
Зав. номер;
Сер. номер;
Год выпуска;
Год ввода в эксплуатацию;
Дата отбора пробы;
Марка пробы;
Температура пробы;
DATE ;TIME ;TS_TEMP ;PROB_TEMP ;PROB_OTN_VL ;PROBE_VlAGOSOD ;SP ;STATUS ; 
20251209;20:35:07;-0,39;0,0;0,0;0,0;50,0;Включение;
20251209;20:35:12;-0,49;0,0;0,0;0,0;50,0;Включение;
20251209;20:35:17;-0,49;0,0;0,0;0,0;50,0;Подготовка;
20251209;20:35:22;-0,49;0,0;0,0;0,0;50,0;Подготовка;
20251209;20:35:27;-0,49;0,0;0,0;0,0;50,0;Подготовка;
20251209;20:35:33;-0,49;0,0;0,0;0,0;50,0;Подготовка;
20251209;20:35:38;-0,5;0,0;0,0;0,0;50,0;Подготовка;
20251209;20:35:43;-0,5;0,0;0,0;0,0;50,0;Подготовка;
20251209;20:35:48;-0,5;0,0;0,0;0,0;50,0;Подготовка;
20251209;20:35:53;-0,5;0,0;0,0;0,0;50,0;Подготовка;
20251209;20:35:58;-0,5;0,0;0,0;0,0;50,0;Подготовка;
20251209;20:36:03;-0,5;0,0;0,0;0,0;50,0;Подготовка;
20251209;20:36:08;-0,5;0,0;0,0;0,0;50,0;Подготовка;
20251209;20:36:13;-0,5;0,0;0,0;0,0;50,0;Подготовка;
20251209;20:36:18;-0,5;0,0;0,0;0,0;50,0;Подготовка;
20251209;20:36:23;-0,5;0,0;0,0;0,0;50,0;Подготовка;
20251209;20:36:28;-0,5;0,0;0,0;0,0;50,0;Подготовка;
20251209;20:36:33;-0,5;0,0;0,0;0,0;50,0;Подготовка;
20251209;20:36:38;-0,5;0,0;0,0;0,0;50,0;Подготовка;
20251209;20:36:43;-0,5;0,0;0,0;0,0;50,0;Подготовка;
20251209;20:36:48;-0,5;0,0;0,0;0,0;50,0;Подготовка;
20251209;20:36:53;-0,5;0,0;0,0;0,0;50,0;Подготовка;
20251209;20:36:58;-0,5;0,0;0,0;0,0;50,0;Подготовка;
20251209;20:37:03;-0,5;0,0;0,0;0,0;50,0;Подготовка;
20251209;20:37:08;-0,5;0,0;0,0;0,0;50,0;Подготовка;
20251209;20:37:13;-0,5;0,0;0,0;0,0;50,0;Подготовка;
20251209;20:37:18;-0,5;0,0;0,0;0,0;50,0;Подготовка;
20251209;20:37:23;-0,5;0,0;0,0;0,0;50,0;Подготовка;
20251209;20:37:28;-0,5;0,0;0,0;0,0;50,0;Подготовка;
20251209;20:37:34;-0,5;0,0;0,0;0,0;50,0;Подготовка;
20251209;20:37:39;-0,5;0,0;0,0;0,0;50,0;Подготовка;
20251209;20:37:44;-0,5;0,0;0,0;0,0;50,0;Подготовка;
20251209;20:37:49;-0,5;0,0;0,0;0,0;50,0;Подготовка;
20251209;20:37:54;-0,5;0,0;0,0;0,0;50,0;Подготовка;
20251209;20:37:59;-0,5;0,0;0,0;0,0;50,0;Подготовка;
20251209;20:38:04;-0,5;0,0;0,0;0,0;50,0;Подготовка;
20251209;20:38:09;-0,5;0,0;0,0;0,0;50,0;Подготовка;
20251209;20:38:14;-0,5;0,0;0,0;0,0;50,0;Подготовка;
20251209;20:38:19;-0,5;0,0;0,0;0,0;50,0;Подготовка;
20251209;20:38:24;-0,5;0,0;0,0;0,0;50,0;Подготовка;
20251209;20:38:29;-0,5;0,0;0,0;0,0;50,0;Подготовка;
20251209;20:38:34;-0,5;0,0;0,0;0,0;50,0;Подготовка;
20251209;20:38:39;-0,5;0,0;0,0;0,0;50,0;Подготовка;
20251209;20:38:44;-0,5;0,0;0,0;0,0;50,0;Подготовка;
20251209;20:38:49;-0,5;0,0;0,0;0,0;50,0;Подготовка;
20251209;20:38:54;-0,5;0,0;0,0;0,0;50,0;Подготовка;
20251209;20:38:59;-0,5;0,0;0,0;0,0;50,0;Подготовка;
20251209;20:39:04;-0,5;0,0;0,0;0,0;50,0;Подготовка;
20251209;20:39:09;-0,5;0,0;0,0;0,0;50,0;Подготовка;
20251209;20:39:14;-0,5;0,0;0,0;0,0;50,0;Подготовка;
20251209;20:39:19;-0,5;0,0;0,0;0,0;50,0;Подготовка;
20251209;20:39:24;-0,5;0,0;0,0;0,0;50,0;Подготовка;
20251209;20:39:29;-0,5;0,0;0,0;0,0;50,0;Подготовка;
20251209;20:39:34;-0,5;0,0;0,0;0,0;50,0;Подготовка;
20251209;20:39:40;-0,5;0,0;0,0;0,0;50,0;Подготовка;
20251209;20:39:45;-0,5;0,0;0,0;0,0;50,0;Подготовка;
20251209;20:39:50;-0,5;0,0;0,0;0,0;50,0;Подготовка;
20251209;20:39:55;-0,5;0,0;0,0;0,0;50,0;Подготовка;
20251209;20:40:00;-0,5;0,0;0,0;0,0;50,0;Подготовка;
20251209;20:40:05;-0,5;0,0;0,0;0,0;50,0;Подготовка;
20251209;20:40:10;-0,5;0,0;0,0;0,0;50,0;Подготовка;
20251209;20:40:15;-0,5;0,0;0,0;0,0;50,0;Подготовка;
20251209;20:40:20;-0,5;0,0;0,0;0,0;50,0;Подготовка;
20251209;20:40:25;-0,5;0,0;0,0;0,0;50,0;Подготовка;
20251209;20:40:30;-0,5;0,0;0,0;0,0;50,0;Подготовка;
20251209;20:40:35;-0,5;0,0;0,0;0,0;50,0;Подготовка;
20251209;20:40:40;-0,5;0,0;0,0;0,0;50,0;Подготовка;
20251209;20:40:45;-0,5;0,0;0,0;0,0;50,0;Подготовка;
20251209;20:40:50;-0,5;0,0;0,0;0,0;50,0;Подготовка;
20251209;20:40:55;-0,5;0,0;0,0;0,0;50,0;Подготовка;
20251209;20:41:00;-0,5;0,0;0,0;0,0;50,0;Подготовка;
20251209;20:41:05;-0,5;0,0;0,0;0,0;50,0;Подготовка;
20251209;20:41:10;-0,5;0,0;0,0;0,0;50,0;Подготовка;
20251209;20:41:15;-0,5;0,0;0,0;0,0;50,0;Подготовка;
20251209;20:41:20;-0,5;0,0;0,0;0,0;50,0;Подготовка;
20251209;20:41:25;-0,5;0,0;0,0;0,0;50,0;Подготовка;
20251209;20:41:30;-0,5;0,0;0,0;0,0;50,0;Подготовка;
20251209;20:41:35;-0,5;0,0;0,0;0,0;50,0;Подготовка;
20251209;20:41:40;-0,5;0,0;0,0;0,0;50,0;Подготовка;
20251209;20:41:46;-0,5;0,0;0,0;0,0;50,0;Подготовка;
20251209;20:41:51;-0,5;0,0;0,0;0,0;50,0;Подготовка;
20251209;20:41:56;-0,5;0,0;0,0;0,0;50,0;Подготовка;
20251209;20:42:01;-0,5;0,0;0,0;0,0;50,0;Подготовка;
20251209;20:42:06;-0,5;0,0;0,0;0,0;50,0;Подготовка;
20251209;20:42:11;-0,5;0,0;0,0;0,0;50,0;Подготовка;
20251209;20:42:16;-0,5;0,0;0,0;0,0;50,0;Подготовка;
20251209;20:42:21;-0,5;0,0;0,0;0,0;50,0;Подготовка;
20251209;20:42:26;-0,5;0,0;0,0;0,0;50,0;Подготовка;
20251209;20:42:31;-0,5;0,0;0,0;0,0;50,0;Подготовка;
20251209;20:42:36;-0,5;0,0;0,0;0,0;50,0;Подготовка;
20251209;20:42:41;-0,5;0,0;0,0;0,0;50,0;Подготовка;
20251209;20:42:46;-0,5;0,0;0,0;0,0;50,0;Подготовка;
20251209;20:42:51;-0,5;0,0;0,0;0,0;50,0;Подготовка;
20251209;20:42:56;-0,5;0,0;0,0;0,0;50,0;Подготовка;
20251209;20:43:01;-0,5;0,0;0,0;0,0;50,0;Подготовка;
20251209;20:43:06;-0,5;0,0;0,0;0,0;50,0;Подготовка;
20251209;20:43:11;-0,5;0,0;0,0;0,0;50,0;Подготовка;
20251209;20:43:16;-0,5;0,0;0,0;0,0;50,0;Подготовка;
20251209;20:43:21;-0,5;0,0;0,0;0,0;50,0;Подготовка;
20251209;20:43:26;-0,5;0,0;0,0;0,0;50,0;Подготовка;
20251209;20:43:31;-0,5;0,0;0,0;0,0;50,0;Подготовка;
20251209;20:43:36;-0,5;0,0;0,0;0,0;50,0;Подготовка;
20251209;20:43:41;-0,5;0,0;0,0;0,0;50,0;Подготовка;
20251209;20:43:46;-0,5;0,0;0,0;0,0;50,0;Подготовка;
20251209;20:43:52;-0,5;0,0;0,0;0,0;50,0;Подготовка;
20251209;20:43:57;-0,5;0,0;0,0;0,0;50,0;Подготовка;
20251209;20:44:02;-0,5;0,0;0,0;0,0;50,0;Подготовка;
20251209;20:44:07;-0,5;0,0;0,0;0,0;50,0;Подготовка;
20251209;20:44:12;-0,5;0,0;0,0;0,0;50,0;Подготовка;
20251209;20:44:17;-0,5;0,0;0,0;0,0;50,0;Подготовка;
20251209;20:44:22;-0,5;0,0;0,0;0,0;50,0;Подготовка;
20251209;20:44:27;-0,5;0,0;0,0;0,0;50,0;Подготовка;
20251209;20:44:32;-0,5;0,0;0,0;0,0;50,0;Подготовка;
20251209;20:44:37;-0,5;0,0;0,0;0,0;50,0;Подготовка;
20251209;20:44:42;-0,5;0,0;0,0;0,0;50,0;Подготовка;
20251209;20:44:47;-0,5;0,0;0,0;0,0;50,0;Подготовка;
20251209;20:44:52;-0,5;0,0;0,0;0,0;50,0;Подготовка;
20251209;20:44:57;-0,5;0,0;0,0;0,0;50,0;Подготовка;
20251209;20:45:02;-0,5;0,0;0,0;0,0;50,0;Подготовка;
20251209;20:45:07;-0,5;0,0;0,0;0,0;50,0;Подготовка;
20251209;20:45:12;-0,5;0,0;0,0;0,0;50,0;Подготовка;
20251209;20:45:17;-0,5;0,0;0,0;0,0;50,0;Подготовка;
20251209;20:45:22;-0,5;0,0;0,0;0,0;50,0;Подготовка;
20251209;20:45:27;-0,5;0,0;0,0;0,0;50,0;Подготовка;
20251209;20:45:32;-0,5;0,0;0,0;0,0;50,0;Подготовка;
20251209;20:45:37;-0,5;0,0;0,0;0,0;50,0;Подготовка;
20251209;20:45:42;-0,5;0,0;0,0;0,0;50,0;Подготовка;
20251209;20:45:47;-0,5;0,0;0,0;0,0;50,0;Подготовка;
20251209;20:45:52;-0,5;0,0;0,0;0,0;50,0;Подготовка;
20251209;20:45:58;-0,5;0,0;0,0;0,0;50,0;Подготовка;
20251209;20:46:03;-0,5;0,0;0,0;0,0;50,0;Подготовка;
20251209;20:46:08;-0,5;0,0;0,0;0,0;50,0;Подготовка;
20251209;20:46:13;-0,5;0,0;0,0;0,0;50,0;Подготовка;
20251209;20:46:18;-0,5;0,0;0,0;0,0;50,0;Подготовка;
20251209;20:46:23;-0,5;0,0;0,0;0,0;50,0;Подготовка;
20251209;20:46:28;-0,5;0,0;0,0;0,0;50,0;Подготовка;
20251209;20:46:33;-0,5;0,0;0,0;0,0;50,0;Подготовка;
20251209;20:46:38;-0,5;0,0;0,0;0,0;50,0;Подготовка;
20251209;20:46:43;-0,5;0,0;0,0;0,0;50,0;Подготовка;
20251209;20:46:48;-0,5;0,0;0,0;0,0;50,0;Подготовка;
20251209;20:46:53;-0,5;0,0;0,0;0,0;50,0;Подготовка;
20251209;20:46:58;-0,5;0,0;0,0;0,0;50,0;Подготовка;
20251209;20:47:03;-0,5;0,0;0,0;0,0;50,0;Подготовка;
20251209;20:47:08;-0,5;0,0;0,0;0,0;50,0;Подготовка;
20251209;20:47:13;-0,5;0,0;0,0;0,0;50,0;Подготовка;
20251209;20:47:18;-0,5;0,0;0,0;0,0;50,0;Подготовка;
20251209;20:47:23;-0,5;0,0;0,0;0,0;50,0;Подготовка;
20251209;20:47:28;-0,5;0,0;0,0;0,0;50,0;Подготовка;
20251209;20:47:33;-0,5;0,0;0,0;0,0;50,0;Подготовка;
20251209;20:47:38;-0,5;0,0;0,0;0,0;50,0;Подготовка;
20251209;20:47:43;-0,5;0,0;0,0;0,0;50,0;Подготовка;
20251209;20:47:48;-0,5;0,0;0,0;0,0;50,0;Подготовка;
20251209;20:47:53;-0,5;0,0;0,0;0,0;50,0;Подготовка;
20251209;20:47:58;-0,5;0,0;0,0;0,0;50,0;Подготовка;
20251209;20:48:04;-0,5;0,0;0,0;0,0;50,0;Подготовка;
20251209;20:48:09;-0,5;0,0;0,0;0,0;50,0;Подготовка;
20251209;20:48:14;-0,5;0,0;0,0;0,0;50,0;Подготовка;
20251209;20:48:19;-0,5;0,0;0,0;0,0;50,0;Подготовка;
20251209;20:48:24;-0,5;0,0;0,0;0,0;50,0;Подготовка;
20251209;20:48:29;-0,5;0,0;0,0;0,0;50,0;Подготовка;
20251209;20:48:34;-0,5;0,0;0,0;0,0;50,0;Подготовка;
20251209;20:48:39;-0,5;0,0;0,0;0,0;50,0;Подготовка;
20251209;20:48:44;-0,5;0,0;0,0;0,0;50,0;Подготовка;
20251209;20:48:49;-0,5;0,0;0,0;0,0;50,0;Подготовка;
20251209;20:48:54;-0,5;0,0;0,0;0,0;50,0;Подготовка;
20251209;20:48:59;-0,5;0,0;0,0;0,0;50,0;Подготовка;
20251209;20:49:04;-0,5;0,0;0,0;0,0;50,0;Подготовка;
20251209;20:49:09;-0,5;0,0;0,0;0,0;50,0;Подготовка;
20251209;20:49:14;-0,5;0,0;0,0;0,0;50,0;Подготовка;
20251209;20:49:19;-0,5;0,0;0,0;0,0;50,0;Подготовка;
20251209;20:49:24;-0,5;0,0;0,0;0,0;50,0;Подготовка;
20251209;20:49:29;-0,5;0,0;0,0;0,0;50,0;Подготовка;
20251209;20:49:34;-0,5;0,0;0,0;0,0;50,0;Подготовка;
20251209;20:49:39;-0,5;0,0;0,0;0,0;50,0;Подготовка;
20251209;20:49:44;-0,5;0,0;0,0;0,0;50,0;Подготовка;
20251209;20:49:49;-0,5;0,0;0,0;0,0;50,0;Подготовка;
20251209;20:49:54;-0,5;0,0;0,0;0,0;50,0;Подготовка;
20251209;20:49:59;-0,5;0,0;0,0;0,0;50,0;Подготовка;
20251209;20:50:04;-0,5;0,0;0,0;0,0;50,0;Подготовка;
20251209;20:50:10;-0,5;0,0;0,0;0,0;50,0;Подготовка;
20251209;20:50:15;-0,5;0,0;0,0;0,0;50,0;Подготовка;
20251209;20:50:20;-0,5;0,0;0,0;0,0;50,0;Подготовка;
20251209;20:50:25;-0,5;0,0;0,0;0,0;50,0;Подготовка;
20251209;20:50:30;-0,5;0,0;0,0;0,0;50,0;Подготовка;
20251209;20:50:35;-0,5;0,0;0,0;0,0;50,0;Подготовка;
20251209;20:50:40;-0,5;0,0;0,0;0,0;50,0;Подготовка;
20251209;20:50:45;-0,5;0,0;0,0;0,0;50,0;Подготовка;
20251209;20:50:50;-0,5;0,0;0,0;0,0;50,0;Подготовка;
20251209;20:50:55;-0,5;0,0;0,0;0,0;50,0;Подготовка;
20251209;20:51:00;-0,5;0,0;0,0;0,0;50,0;Подготовка;
20251209;20:51:05;-0,5;0,0;0,0;0,0;50,0;Подготовка;
20251209;20:51:10;-0,5;0,0;0,0;0,0;50,0;Подготовка;
20251209;20:51:15;-0,5;0,0;0,0;0,0;50,0;Подготовка;
20251209;20:51:20;-0,5;0,0;0,0;0,0;50,0;Подготовка;
20251209;20:51:25;-0,5;0,0;0,0;0,0;50,0;Подготовка;
20251209;20:51:30;-0,5;0,0;0,0;0,0;50,0;Подготовка;
20251209;20:51:35;-0,5;0,0;0,0;0,0;50,0;Подготовка;
20251209;20:51:40;-0,5;0,0;0,0;0,0;50,0;Подготовка;
20251209;20:51:45;-0,5;0,0;0,0;0,0;50,0;Подготовка;
20251209;20:51:50;-0,5;0,0;0,0;0,0;50,0;Подготовка;
20251209;20:51:55;-0,5;0,0;0,0;0,0;50,0;Подготовка;
20251209;20:52:00;-0,5;0,0;0,0;0,0;50,0;Подготовка;
20251209;20:52:05;-0,5;0,0;0,0;0,0;50,0;Подготовка;
20251209;20:52:10;-0,5;0,0;0,0;0,0;50,0;Подготовка;
20251209;20:52:16;-0,5;0,0;0,0;0,0;50,0;Подготовка;
20251209;20:52:21;-0,5;0,0;0,0;0,0;50,0;Подготовка;
20251209;20:52:26;-0,5;0,0;0,0;0,0;50,0;Подготовка;
20251209;20:52:31;-0,5;0,0;0,0;0,0;50,0;Подготовка;
20251209;20:52:36;-0,5;0,0;0,0;0,0;50,0;Подготовка;
20251209;20:52:41;-0,5;0,0;0,0;0,0;50,0;Подготовка;
20251209;20:52:46;-0,5;0,0;0,0;0,0;50,0;Подготовка;
20251209;20:52:51;-0,5;0,0;0,0;0,0;50,0;Подготовка;
20251209;20:52:56;-0,5;0,0;0,0;0,0;50,0;Подготовка;
20251209;20:53:01;-0,5;0,0;0,0;0,0;50,0;Подготовка;
20251209;20:53:06;-0,5;0,0;0,0;0,0;50,0;Подготовка;
20251209;20:53:11;-0,5;0,0;0,0;0,0;50,0;Подготовка;
20251209;20:53:16;-0,5;0,0;0,0;0,0;50,0;Подготовка;
20251209;20:53:21;-0,5;0,0;0,0;0,0;50,0;Подготовка;
20251209;20:53:26;-0,5;0,0;0,0;0,0;50,0;Подготовка;
20251209;20:53:31;-0,5;0,0;0,0;0,0;50,0;Подготовка;
20251209;20:53:36;-0,5;0,0;0,0;0,0;50,0;Подготовка;
20251209;20:53:41;-0,5;0,0;0,0;0,0;50,0;Подготовка;
20251209;20:53:46;-0,5;0,0;0,0;0,0;50,0;Подготовка;
20251209;20:53:51;-0,5;0,0;0,0;0,0;50,0;Подготовка;
20251209;20:53:56;-0,5;0,0;0,0;0,0;50,0;Подготовка;
20251209;20:54:01;-0,5;0,0;0,0;0,0;50,0;Подготовка;
20251209;20:54:06;-0,5;0,0;0,0;0,0;50,0;Подготовка;
20251209;20:54:11;-0,5;0,0;0,0;0,0;50,0;Подготовка;
20251209;20:54:16;-0,5;0,0;0,0;0,0;50,0;Подготовка;
20251209;20:54:22;-0,5;0,0;0,0;0,0;50,0;Подготовка;
20251209;20:54:27;-0,5;0,0;0,0;0,0;50,0;Подготовка;
20251209;20:54:32;-0,5;0,0;0,0;0,0;50,0;Подготовка;
20251209;20:54:37;-0,5;0,0;0,0;0,0;50,0;Подготовка;
20251209;20:54:42;-0,5;0,0;0,0;0,0;50,0;Подготовка;
20251209;20:54:47;-0,5;0,0;0,0;0,0;50,0;Подготовка;
20251209;20:54:52;-0,5;0,0;0,0;0,0;50,0;Подготовка;
20251209;20:54:57;-0,5;0,0;0,0;0,0;50,0;Подготовка;
20251209;20:55:02;-0,5;0,0;0,0;0,0;50,0;Подготовка;
20251209;20:55:07;-0,5;0,0;0,0;0,0;50,0;Подготовка;
20251209;20:55:12;-0,5;0,0;0,0;0,0;50,0;Подготовка;
20251209;20:55:17;-0,5;0,0;0,0;0,0;50,0;Подготовка;
20251209;20:55:22;-0,5;0,0;0,0;0,0;50,0;Подготовка;
20251209;20:55:27;-0,5;0,0;0,0;0,0;50,0;Подготовка;
20251209;20:55:32;-0,5;0,0;0,0;0,0;50,0;Подготовка;
20251209;20:55:37;-0,5;0,0;0,0;0,0;50,0;Подготовка;
20251209;20:55:42;-0,5;0,0;0,0;0,0;50,0;Подготовка;
20251209;20:55:47;-0,5;0,0;0,0;0,0;50,0;Подготовка;
20251209;20:55:52;-0,5;0,0;0,0;0,0;50,0;Подготовка;
20251209;20:55:57;-0,5;0,0;0,0;0,0;50,0;Подготовка;
20251209;20:56:02;-0,5;0,0;0,0;0,0;50,0;Подготовка;
20251209;20:56:07;-0,5;0,0;0,0;0,0;50,0;Подготовка;
20251209;20:56:12;-0,5;0,0;0,0;0,0;50,0;Подготовка;
20251209;20:56:17;-0,5;0,0;0,0;0,0;50,0;Подготовка;
20251209;20:56:22;-0,5;0,0;0,0;0,0;50,0;Подготовка;
20251209;20:56:28;-0,5;0,0;0,0;0,0;50,0;Подготовка;
20251209;20:56:33;-0,5;0,0;0,0;0,0;50,0;Подготовка;
20251209;20:56:38;-0,5;0,0;0,0;0,0;50,0;Подготовка;
20251209;20:56:43;-0,5;0,0;0,0;0,0;50,0;Подготовка;
20251209;20:56:48;-0,5;0,0;0,0;0,0;50,0;Подготовка;
20251209;20:56:53;-0,5;0,0;0,0;0,0;50,0;Подготовка;
20251209;20:56:58;-0,5;0,0;0,0;0,0;50,0;Подготовка;
20251209;20:57:03;-0,5;0,0;0,0;0,0;50,0;Подготовка;
20251209;20:57:08;-0,5;0,0;0,0;0,0;50,0;Подготовка;
20251209;20:57:13;-0,5;0,0;0,0;0,0;50,0;Подготовка;
20251209;20:57:18;-0,5;0,0;0,0;0,0;50,0;Подготовка;
20251209;20:57:23;-0,5;0,0;0,0;0,0;50,0;Подготовка;
20251209;20:57:28;-0,5;0,0;0,0;0,0;50,0;Подготовка;
20251209;20:57:33;-0,5;0,0;0,0;0,0;50,0;Подготовка;
20251209;20:57:38;-0,5;0,0;0,0;0,0;50,0;Подготовка;
20251209;20:57:43;-0,5;0,0;0,0;0,0;50,0;Подготовка;
20251209;20:57:48;-0,5;0,0;0,0;0,0;50,0;Подготовка;
20251209;20:57:53;-0,5;0,0;0,0;0,0;50,0;Подготовка;
20251209;20:57:58;-0,5;0,0;0,0;0,0;50,0;Подготовка;
20251209;20:58:03;-0,5;0,0;0,0;0,0;50,0;Подготовка;
20251209;20:58:08;-0,5;0,0;0,0;0,0;50,0;Подготовка;
20251209;20:58:13;-0,5;0,0;0,0;0,0;50,0;Подготовка;
20251209;20:58:18;-0,5;0,0;0,0;0,0;50,0;Подготовка;
20251209;20:58:23;-0,5;0,0;0,0;0,0;50,0;Подготовка;
20251209;20:58:28;-0,5;0,0;0,0;0,0;50,0;Подготовка;
20251209;20:58:34;-0,5;0,0;0,0;0,0;50,0;Подготовка;
20251209;20:58:39;-0,5;0,0;0,0;0,0;50,0;Подготовка;
20251209;20:58:44;-0,5;0,0;0,0;0,0;50,0;Подготовка;
20251209;20:58:49;-0,5;0,0;0,0;0,0;50,0;Подготовка;
20251209;20:58:54;-0,5;0,0;0,0;0,0;50,0;Подготовка;
20251209;20:58:59;-0,5;0,0;0,0;0,0;50,0;Подготовка;
20251209;20:59:04;-0,5;0,0;0,0;0,0;50,0;Подготовка;
20251209;20:59:09;-0,5;0,0;0,0;0,0;50,0;Подготовка;
20251209;20:59:14;-0,5;0,0;0,0;0,0;50,0;Подготовка;
20251209;20:59:19;-0,5;0,0;0,0;0,0;50,0;Подготовка;
20251209;20:59:24;-0,5;0,0;0,0;0,0;50,0;Подготовка;
20251209;20:59:29;-0,5;0,0;0,0;0,0;50,0;Подготовка;
20251209;20:59:34;-0,5;0,0;0,0;0,0;50,0;Подготовка;
20251209;20:59:39;-0,5;0,0;0,0;0,0;50,0;Подготовка;
20251209;20:59:44;-0,5;0,0;0,0;0,0;50,0;Подготовка;
20251209;20:59:49;-0,5;0,0;0,0;0,0;50,0;Подготовка;
20251209;20:59:54;-0,5;0,0;0,0;0,0;50,0;Подготовка;
20251209;20:59:59;-0,5;0,0;0,0;0,0;50,0;Подготовка;
20251209;21:00:04;-0,5;0,0;0,0;0,0;50,0;Подготовка;
20251209;21:00:09;-0,5;0,0;0,0;0,0;50,0;Подготовка;
20251209;21:00:14;-0,5;0,0;0,0;0,0;50,0;Подготовка;
20251209;21:00:19;-0,5;0,0;0,0;0,0;50,0;Подготовка;
20251209;21:00:24;-0,5;0,0;0,0;0,0;50,0;Подготовка;
20251209;21:00:29;-0,5;0,0;0,0;0,0;50,0;Подготовка;
20251209;21:00:34;-0,5;0,0;0,0;0,0;50,0;Подготовка;
20251209;21:00:40;-0,5;0,0;0,0;0,0;50,0;Подготовка;
20251209;21:00:45;-0,5;0,0;0,0;0,0;50,0;Подготовка;
20251209;21:00:50;-0,5;0,0;0,0;0,0;50,0;Подготовка;
20251209;21:00:55;-0,5;0,0;0,0;0,0;50,0;Подготовка;
20251209;21:01:00;-0,5;0,0;0,0;0,0;50,0;Подготовка;
20251209;21:01:05;-0,5;0,0;0,0;0,0;50,0;Подготовка;
20251209;21:01:10;-0,5;0,0;0,0;0,0;50,0;Подготовка;
20251209;21:01:15;-0,5;0,0;0,0;0,0;50,0;Подготовка;
20251209;21:01:20;-0,5;0,0;0,0;0,0;50,0;Подготовка;
20251209;21:01:25;-0,5;0,0;0,0;0,0;50,0;Подготовка;
20251209;21:01:30;-0,5;0,0;0,0;0,0;50,0;Подготовка;
20251209;21:01:35;-0,5;0,0;0,0;0,0;50,0;Подготовка;
20251209;21:01:40;-0,5;0,0;0,0;0,0;50,0;Подготовка;
20251209;21:01:45;-0,5;0,0;0,0;0,0;50,0;Подготовка;
20251209;21:01:50;-0,5;0,0;0,0;0,0;50,0;Подготовка;
20251209;21:01:55;-0,5;0,0;0,0;0,0;50,0;Подготовка;
20251209;21:02:00;-0,5;0,0;0,0;0,0;50,0;Подготовка;
20251209;21:02:05;-0,5;0,0;0,0;0,0;50,0;Подготовка;
20251209;21:02:10;-0,5;0,0;0,0;0,0;50,0;Подготовка;
20251209;21:02:15;-0,5;0,0;0,0;0,0;50,0;Подготовка;
20251209;21:02:20;-0,5;0,0;0,0;0,0;50,0;Подготовка;
20251209;21:02:25;-0,5;0,0;0,0;0,0;50,0;Подготовка;
20251209;21:02:30;-0,5;0,0;0,0;0,0;50,0;Подготовка;
20251209;21:02:35;-0,5;0,0;0,0;0,0;50,0;Подготовка;
20251209;21:02:40;-0,5;0,0;0,0;0,0;50,0;Подготовка;
20251209;21:02:46;-0,5;0,0;0,0;0,0;50,0;Подготовка;
20251209;21:02:51;-0,5;0,0;0,0;0,0;50,0;Подготовка;
20251209;21:02:56;-0,5;0,0;0,0;0,0;50,0;Подготовка;
20251209;21:03:01;-0,5;0,0;0,0;0,0;50,0;Подготовка;
20251209;21:03:06;-0,5;0,0;0,0;0,0;50,0;Подготовка;
20251209;21:03:11;-0,5;0,0;0,0;0,0;50,0;Подготовка;
20251209;21:03:16;-0,5;0,0;0,0;0,0;50,0;Подготовка;
20251209;21:03:21;-0,5;0,0;0,0;0,0;50,0;Подготовка;
20251209;21:03:26;-0,5;0,0;0,0;0,0;50,0;Подготовка;
20251209;21:03:31;-0,5;0,0;0,0;0,0;50,0;Подготовка;
20251209;21:03:36;-0,5;0,0;0,0;0,0;50,0;Подготовка;
20251209;21:03:41;-0,5;0,0;0,0;0,0;50,0;Подготовка;
20251209;21:03:46;-0,5;0,0;0,0;0,0;50,0;Подготовка;
20251209;21:03:51;-0,5;0,0;0,0;0,0;50,0;Подготовка;
20251209;21:03:56;-0,5;0,0;0,0;0,0;50,0;Подготовка;
20251209;21:04:01;-0,5;0,0;0,0;0,0;50,0;Подготовка;
20251209;21:04:06;-0,5;0,0;0,0;0,0;50,0;Подготовка;
20251209;21:04:11;-0,5;0,0;0,0;0,0;50,0;Подготовка;
20251209;21:04:16;-0,5;0,0;0,0;0,0;50,0;Подготовка;
20251209;21:04:21;-0,5;0,0;0,0;0,0;50,0;Подготовка;
20251209;21:04:26;-0,5;0,0;0,0;0,0;50,0;Подготовка;
20251209;21:04:31;-0,5;0,0;0,0;0,0;50,0;Подготовка;
20251209;21:04:36;-0,5;0,0;0,0;0,0;50,0;Подготовка;
20251209;21:04:41;-0,5;0,0;0,0;0,0;50,0;Подготовка;
20251209;21:04:46;-0,5;0,0;0,0;0,0;50,0;Подготовка;
20251209;21:04:52;-0,5;0,0;0,0;0,0;50,0;Подготовка;
20251209;21:04:57;-0,5;0,0;0,0;0,0;50,0;Подготовка;
20251209;21:05:02;-0,5;0,0;0,0;0,0;50,0;Подготовка;
20251209;21:05:07;-0,5;0,0;0,0;0,0;50,0;Подготовка;
20251209;21:05:12;-0,5;0,0;0,0;0,0;50,0;Подготовка;
20251209;21:05:17;-0,5;0,0;0,0;0,0;50,0;Подготовка;
20251209;21:05:22;-0,5;0,0;0,0;0,0;50,0;Подготовка;
20251209;21:05:27;-0,5;0,0;0,0;0,0;50,0;Подготовка;
20251209;21:05:32;-0,5;0,0;0,0;0,0;50,0;Подготовка;
20251209;21:05:37;-0,5;0,0;0,0;0,0;50,0;Подготовка;
20251209;21:05:42;-0,5;0,0;0,0;0,0;50,0;Подготовка;
20251209;21:05:47;-0,5;0,0;0,0;0,0;50,0;Подготовка;
20251209;21:05:52;-0,5;0,0;0,0;0,0;50,0;Подготовка;
20251209;21:05:57;-0,5;0,0;0,0;0,0;50,0;Подготовка;
20251209;21:06:02;-0,5;0,0;0,0;0,0;50,0;Подготовка;
20251209;21:06:07;-0,5;0,0;0,0;0,0;50,0;Подготовка;
20251209;21:06:12;-0,5;0,0;0,0;0,0;50,0;Подготовка;
20251209;21:06:17;-0,5;0,0;0,0;0,0;50,0;Подготовка;
20251209;21:06:22;-0,5;0,0;0,0;0,0;50,0;Подготовка;
20251209;21:06:27;-0,5;0,0;0,0;0,0;50,0;Подготовка;
20251209;21:06:32;-0,5;0,0;0,0;0,0;50,0;Подготовка;
20251209;21:06:37;-0,5;0,0;0,0;0,0;50,0;Подготовка;
20251209;21:06:42;-0,5;0,0;0,0;0,0;50,0;Подготовка;
20251209;21:06:47;-0,5;0,0;0,0;0,0;50,0;Подготовка;
20251209;21:06:52;-0,5;0,0;0,0;0,0;50,0;Подготовка;
20251209;21:06:58;-0,5;0,0;0,0;0,0;50,0;Подготовка;
20251209;21:07:03;-0,5;0,0;0,0;0,0;50,0;Подготовка;
20251209;21:07:08;-0,5;0,0;0,0;0,0;50,0;Подготовка;
20251209;21:07:13;-0,5;0,0;0,0;0,0;50,0;Подготовка;
20251209;21:07:18;-0,5;0,0;0,0;0,0;50,0;Подготовка;
20251209;21:07:23;-0,5;0,0;0,0;0,0;50,0;Подготовка;
20251209;21:07:28;-0,5;0,0;0,0;0,0;50,0;Подготовка;
20251209;21:07:33;-0,5;0,0;0,0;0,0;50,0;Подготовка;
20251209;21:07:38;-0,5;0,0;0,0;0,0;50,0;Подготовка;
20251209;21:07:43;-0,5;0,0;0,0;0,0;50,0;Подготовка;
20251209;21:07:48;-0,5;0,0;0,0;0,0;50,0;Подготовка;
20251209;21:07:53;-0,5;0,0;0,0;0,0;50,0;Подготовка;
20251209;21:07:58;-0,5;0,0;0,0;0,0;50,0;Подготовка;
20251209;21:08:03;-0,5;0,0;0,0;0,0;50,0;Подготовка;
20251209;21:08:08;-0,5;0,0;0,0;0,0;50,0;Подготовка;
20251209;21:08:13;-0,5;0,0;0,0;0,0;50,0;Подготовка;
20251209;21:08:18;-0,5;0,0;0,0;0,0;50,0;Подготовка;
20251209;21:08:23;-0,5;0,0;0,0;0,0;50,0;Подготовка;
20251209;21:08:28;-0,5;0,0;0,0;0,0;50,0;Подготовка;
20251209;21:08:33;-0,5;0,0;0,0;0,0;50,0;Подготовка;
20251209;21:08:38;-0,5;0,0;0,0;0,0;50,0;Подготовка;
20251209;21:08:43;-0,5;0,0;0,0;0,0;50,0;Подготовка;
20251209;21:08:48;-0,5;0,0;0,0;0,0;50,0;Подготовка;
20251209;21:08:53;-0,5;0,0;0,0;0,0;50,0;Подготовка;
20251209;21:08:58;-0,5;0,0;0,0;0,0;50,0;Подготовка;
20251209;21:09:04;-0,5;0,0;0,0;0,0;50,0;Подготовка;
20251209;21:09:09;-0,5;0,0;0,0;0,0;50,0;Подготовка;
20251209;21:09:14;-0,5;0,0;0,0;0,0;50,0;Подготовка;
20251209;21:09:19;-0,5;0,0;0,0;0,0;50,0;Подготовка;
20251209;21:09:24;-0,5;0,0;0,0;0,0;50,0;Подготовка;
20251209;21:09:29;-0,5;0,0;0,0;0,0;50,0;Подготовка;
20251209;21:09:34;-0,5;0,0;0,0;0,0;50,0;Подготовка;
20251209;21:09:39;-0,5;0,0;0,0;0,0;50,0;Подготовка;
20251209;21:09:44;-0,5;0,0;0,0;0,0;50,0;Подготовка;
20251209;21:09:49;-0,5;0,0;0,0;0,0;50,0;Подготовка;
20251209;21:09:54;-0,5;0,0;0,0;0,0;50,0;Подготовка;
20251209;21:09:59;-0,5;0,0;0,0;0,0;50,0;Подготовка;
20251209;21:10:04;-0,5;0,0;0,0;0,0;50,0;Подготовка;
20251209;21:10:09;-0,5;0,0;0,0;0,0;50,0;Подготовка;
20251209;21:10:14;-0,5;0,0;0,0;0,0;50,0;Подготовка;
20251209;21:10:19;-0,5;0,0;0,0;0,0;50,0;Подготовка;
20251209;21:10:24;-0,5;0,0;0,0;0,0;50,0;Подготовка;
20251209;21:10:29;-0,5;0,0;0,0;0,0;50,0;Подготовка;
20251209;21:10:34;-0,5;0,0;0,0;0,0;50,0;Подготовка;
20251209;21:10:39;-0,5;0,0;0,0;0,0;50,0;Подготовка;
20251209;21:10:44;-0,5;0,0;0,0;0,0;50,0;Подготовка;
20251209;21:10:49;-0,5;0,0;0,0;0,0;50,0;Подготовка;
20251209;21:10:54;-0,5;0,0;0,0;0,0;50,0;Подготовка;
20251209;21:10:59;-0,5;0,0;0,0;0,0;50,0;Подготовка;
20251209;21:11:04;-0,5;0,0;0,0;0,0;50,0;Подготовка;
20251209;21:11:10;-0,5;0,0;0,0;0,0;50,0;Подготовка;
20251209;21:11:15;-0,5;0,0;0,0;0,0;50,0;Подготовка;
20251209;21:11:20;-0,5;0,0;0,0;0,0;50,0;Подготовка;
20251209;21:11:25;-0,5;0,0;0,0;0,0;50,0;Подготовка;
20251209;21:11:30;-0,5;0,0;0,0;0,0;50,0;Подготовка;
20251209;21:11:35;-0,5;0,0;0,0;0,0;50,0;Подготовка;
20251209;21:11:40;-0,5;0,0;0,0;0,0;50,0;Подготовка;
20251209;21:11:45;-0,5;0,0;0,0;0,0;50,0;Подготовка;
20251209;21:11:50;-0,5;0,0;0,0;0,0;50,0;Подготовка;
20251209;21:11:55;-0,5;0,0;0,0;0,0;50,0;Подготовка;
20251209;21:12:00;-0,5;0,0;0,0;0,0;50,0;Подготовка;
20251209;21:12:05;-0,5;0,0;0,0;0,0;50,0;Подготовка;
20251209;21:12:10;-0,5;0,0;0,0;0,0;50,0;Подготовка;
20251209;21:12:15;-0,5;0,0;0,0;0,0;50,0;Подготовка;
20251209;21:12:20;-0,5;0,0;0,0;0,0;50,0;Подготовка;
20251209;21:12:25;-0,5;0,0;0,0;0,0;50,0;Подготовка;
20251209;21:12:30;-0,5;0,0;0,0;0,0;50,0;Подготовка;
20251209;21:12:35;-0,5;0,0;0,0;0,0;50,0;Подготовка;
20251209;21:12:40;-0,5;0,0;0,0;0,0;50,0;Подготовка;
20251209;21:12:45;-0,5;0,0;0,0;0,0;50,0;Подготовка;
20251209;21:12:50;-0,5;0,0;0,0;0,0;50,0;Подготовка;
20251209;21:12:55;-0,5;0,0;0,0;0,0;50,0;Подготовка;
20251209;21:13:00;-0,5;0,0;0,0;0,0;50,0;Подготовка;
20251209;21:13:05;-0,5;0,0;0,0;0,0;50,0;Подготовка;
20251209;21:13:10;-0,5;0,0;0,0;0,0;50,0;Подготовка;
20251209;21:13:16;-0,5;0,0;0,0;0,0;50,0;Подготовка;
20251209;21:13:21;-0,5;0,0;0,0;0,0;50,0;Подготовка;
20251209;21:13:26;-0,5;0,0;0,0;0,0;50,0;Подготовка;
20251209;21:13:31;-0,5;0,0;0,0;0,0;50,0;Подготовка;
20251209;21:13:36;-0,5;0,0;0,0;0,0;50,0;Подготовка;
20251209;21:13:41;-0,5;0,0;0,0;0,0;50,0;Подготовка;
20251209;21:13:46;-0,5;0,0;0,0;0,0;50,0;Подготовка;
20251209;21:13:51;-0,5;0,0;0,0;0,0;50,0;Подготовка;
20251209;21:13:56;-0,5;0,0;0,0;0,0;50,0;Подготовка;
20251209;21:14:01;-0,5;0,0;0,0;0,0;50,0;Подготовка;
20251209;21:14:06;-0,5;0,0;0,0;0,0;50,0;Подготовка;
20251209;21:14:11;-0,5;0,0;0,0;0,0;50,0;Подготовка;
20251209;21:14:16;-0,5;0,0;0,0;0,0;50,0;Подготовка;
20251209;21:14:21;-0,5;0,0;0,0;0,0;50,0;Подготовка;
20251209;21:14:26;-0,5;0,0;0,0;0,0;50,0;Подготовка;
20251209;21:14:31;-0,5;0,0;0,0;0,0;50,0;Подготовка;
20251209;21:14:36;-0,5;0,0;0,0;0,0;50,0;Подготовка;
20251209;21:14:41;-0,5;0,0;0,0;0,0;50,0;Подготовка;
20251209;21:14:46;-0,5;0,0;0,0;0,0;50,0;Подготовка;
20251209;21:14:51;-0,5;0,0;0,0;0,0;50,0;Подготовка;
20251209;21:14:56;-0,5;0,0;0,0;0,0;50,0;Подготовка;
20251209;21:15:01;-0,5;0,0;0,0;0,0;50,0;Подготовка;
20251209;21:15:06;-0,5;0,0;0,0;0,0;50,0;Подготовка;
20251209;21:15:11;-0,5;0,0;0,0;0,0;50,0;Подготовка;
20251209;21:15:16;-0,5;0,0;0,0;0,0;50,0;Подготовка;
20251209;21:15:22;-0,5;0,0;0,0;0,0;50,0;Подготовка;
20251209;21:15:27;-0,5;0,0;0,0;0,0;50,0;Подготовка;
20251209;21:15:32;-0,5;0,0;0,0;0,0;50,0;Подготовка;
20251209;21:15:37;-0,5;0,0;0,0;0,0;50,0;Подготовка;
20251209;21:15:42;-0,5;0,0;0,0;0,0;50,0;Подготовка;
20251209;21:15:47;-0,5;0,0;0,0;0,0;50,0;Подготовка;
20251209;21:15:52;-0,5;0,0;0,0;0,0;50,0;Подготовка;
20251209;21:15:57;-0,5;0,0;0,0;0,0;50,0;Подготовка;
20251209;21:16:02;-0,5;0,0;0,0;0,0;50,0;Подготовка;
20251209;21:16:07;-0,5;0,0;0,0;0,0;50,0;Подготовка;
20251209;21:16:12;-0,5;0,0;0,0;0,0;50,0;Подготовка;
20251209;21:16:17;-0,5;0,0;0,0;0,0;50,0;Подготовка;
20251209;21:16:22;-0,5;0,0;0,0;0,0;50,0;Подготовка;
20251209;21:16:27;-0,5;0,0;0,0;0,0;50,0;Подготовка;
20251209;21:16:32;-0,5;0,0;0,0;0,0;50,0;Подготовка;
20251209;21:16:37;-0,5;0,0;0,0;0,0;50,0;Подготовка;
20251209;21:16:42;-0,5;0,0;0,0;0,0;50,0;Подготовка;
20251209;21:16:47;-0,5;0,0;0,0;0,0;50,0;Подготовка;
20251209;21:16:52;-0,5;0,0;0,0;0,0;50,0;Подготовка;
20251209;21:16:57;-0,5;0,0;0,0;0,0;50,0;Подготовка;
20251209;21:17:02;-0,5;0,0;0,0;0,0;50,0;Подготовка;
20251209;21:17:07;-0,5;0,0;0,0;0,0;50,0;Подготовка;
20251209;21:17:12;-0,5;0,0;0,0;0,0;50,0;Подготовка;
20251209;21:17:17;-0,5;0,0;0,0;0,0;50,0;Подготовка;
20251209;21:17:22;-0,5;0,0;0,0;0,0;50,0;Подготовка;
20251209;21:17:28;-0,5;0,0;0,0;0,0;50,0;Подготовка;
20251209;21:17:33;-0,5;0,0;0,0;0,0;50,0;Подготовка;
20251209;21:17:38;-0,5;0,0;0,0;0,0;50,0;Подготовка;
20251209;21:17:43;-0,5;0,0;0,0;0,0;50,0;Подготовка;
20251209;21:17:48;-0,5;0,0;0,0;0,0;50,0;Подготовка;
20251209;21:17:53;-0,5;0,0;0,0;0,0;50,0;Подготовка;
20251209;21:17:58;-0,5;0,0;0,0;0,0;50,0;Подготовка;
20251209;21:18:03;-0,5;0,0;0,0;0,0;50,0;Подготовка;
20251209;21:18:08;-0,5;0,0;0,0;0,0;50,0;Подготовка;
20251209;21:18:13;-0,5;0,0;0,0;0,0;50,0;Подготовка;
20251209;21:18:18;-0,5;0,0;0,0;0,0;50,0;Подготовка;
20251209;21:18:23;-0,5;0,0;0,0;0,0;50,0;Подготовка;
20251209;21:18:28;-0,5;0,0;0,0;0,0;50,0;Подготовка;
20251209;21:18:33;-0,5;0,0;0,0;0,0;50,0;Подготовка;
20251209;21:18:38;-0,5;0,0;0,0;0,0;50,0;Подготовка;
20251209;21:18:43;-0,5;0,0;0,0;0,0;50,0;Подготовка;
20251209;21:18:48;-0,5;0,0;0,0;0,0;50,0;Подготовка;
20251209;21:18:53;-0,5;0,0;0,0;0,0;50,0;Подготовка;
20251209;21:18:58;-0,5;0,0;0,0;0,0;50,0;Подготовка;
20251209;21:19:03;-0,5;0,0;0,0;0,0;50,0;Подготовка;
20251209;21:19:08;-0,5;0,0;0,0;0,0;50,0;Подготовка;
20251209;21:19:13;-0,5;0,0;0,0;0,0;50,0;Подготовка;
20251209;21:19:18;-0,5;0,0;0,0;0,0;50,0;Подготовка;
20251209;21:19:23;-0,5;0,0;0,0;0,0;50,0;Подготовка;
20251209;21:19:28;-0,5;0,0;0,0;0,0;50,0;Подготовка;
20251209;21:19:34;-0,5;0,0;0,0;0,0;50,0;Подготовка;
20251209;21:19:39;-0,5;0,0;0,0;0,0;50,0;Подготовка;
20251209;21:19:44;-0,5;0,0;0,0;0,0;50,0;Подготовка;
20251209;21:19:49;-0,5;0,0;0,0;0,0;50,0;Подготовка;
20251209;21:19:54;-0,5;0,0;0,0;0,0;50,0;Подготовка;
20251209;21:19:59;-0,5;0,0;0,0;0,0;50,0;Подготовка;
20251209;21:20:04;-0,5;0,0;0,0;0,0;50,0;Подготовка;
20251209;21:20:09;-0,5;0,0;0,0;0,0;50,0;Подготовка;
20251209;21:20:14;-0,5;0,0;0,0;0,0;50,0;Подготовка;
20251209;21:20:19;-0,5;0,0;0,0;0,0;50,0;Подготовка;
20251209;21:20:24;-0,5;0,0;0,0;0,0;50,0;Подготовка;
20251209;21:20:29;-0,5;0,0;0,0;0,0;50,0;Подготовка;
20251209;21:20:34;-0,5;0,0;0,0;0,0;50,0;Подготовка;
20251209;21:20:39;-0,5;0,0;0,0;0,0;50,0;Подготовка;
20251209;21:20:44;-0,5;0,0;0,0;0,0;50,0;Подготовка;
20251209;21:20:49;-0,5;0,0;0,0;0,0;50,0;Подготовка;
20251209;21:20:54;-0,5;0,0;0,0;0,0;50,0;Подготовка;
20251209;21:20:59;-0,5;0,0;0,0;0,0;50,0;Подготовка;
20251209;21:21:04;-0,5;0,0;0,0;0,0;50,0;Подготовка;
20251209;21:21:09;-0,5;0,0;0,0;0,0;50,0;Подготовка;
20251209;21:21:14;-0,5;0,0;0,0;0,0;50,0;Подготовка;
20251209;21:21:19;-0,5;0,0;0,0;0,0;50,0;Подготовка;
20251209;21:21:24;-0,5;0,0;0,0;0,0;50,0;Подготовка;
20251209;21:21:29;-0,5;0,0;0,0;0,0;50,0;Подготовка;
20251209;21:21:34;-0,5;0,0;0,0;0,0;50,0;Подготовка;
20251209;21:21:40;-0,5;0,0;0,0;0,0;50,0;Подготовка;
20251209;21:21:45;-0,5;0,0;0,0;0,0;50,0;Подготовка;
20251209;21:21:50;-0,5;0,0;0,0;0,0;50,0;Подготовка;
20251209;21:21:55;-0,5;0,0;0,0;0,0;50,0;Подготовка;
20251209;21:22:00;-0,5;0,0;0,0;0,0;50,0;Подготовка;
20251209;21:22:05;-0,5;0,0;0,0;0,0;50,0;Подготовка;
20251209;21:22:10;-0,5;0,0;0,0;0,0;50,0;Подготовка;
20251209;21:22:15;-0,5;0,0;0,0;0,0;50,0;Подготовка;
20251209;21:22:20;-0,5;0,0;0,0;0,0;50,0;Подготовка;
20251209;21:22:25;-0,5;0,0;0,0;0,0;50,0;Подготовка;
20251209;21:22:30;-0,5;0,0;0,0;0,0;50,0;Подготовка;
20251209;21:22:35;-0,5;0,0;0,0;0,0;50,0;Подготовка;
20251209;21:22:40;-0,5;0,0;0,0;0,0;50,0;Подготовка;
20251209;21:22:45;-0,5;0,0;0,0;0,0;50,0;Подготовка;
20251209;21:22:50;-0,5;0,0;0,0;0,0;50,0;Подготовка;
20251209;21:22:55;-0,5;0,0;0,0;0,0;50,0;Подготовка;
20251209;21:23:00;-0,5;0,0;0,0;0,0;50,0;Подготовка;
20251209;21:23:05;-0,5;0,0;0,0;0,0;50,0;Подготовка;
20251209;21:23:10;-0,5;0,0;0,0;0,0;50,0;Подготовка;
20251209;21:23:15;-0,5;0,0;0,0;0,0;50,0;Подготовка;
20251209;21:23:20;-0,5;0,0;0,0;0,0;50,0;Подготовка;
20251209;21:23:25;-0,5;0,0;0,0;0,0;50,0;Подготовка;
20251209;21:23:30;-0,5;0,0;0,0;0,0;50,0;Подготовка;
20251209;21:23:35;-0,5;0,0;0,0;0,0;50,0;Подготовка;
20251209;21:23:40;-0,5;0,0;0,0;0,0;50,0;Подготовка;
20251209;21:23:46;-0,5;0,0;0,0;0,0;50,0;Подготовка;
20251209;21:23:51;-0,5;0,0;0,0;0,0;50,0;Подготовка;
20251209;21:23:56;-0,5;0,0;0,0;0,0;50,0;Подготовка;
20251209;21:24:01;-0,5;0,0;0,0;0,0;50,0;Подготовка;
20251209;21:24:06;-0,5;0,0;0,0;0,0;50,0;Подготовка;
20251209;21:24:11;-0,5;0,0;0,0;0,0;50,0;Подготовка;
20251209;21:24:16;-0,5;0,0;0,0;0,0;50,0;Подготовка;
20251209;21:24:21;-0,5;0,0;0,0;0,0;50,0;Подготовка;
20251209;21:24:26;-0,5;0,0;0,0;0,0;50,0;Подготовка;
20251209;21:24:31;-0,5;0,0;0,0;0,0;50,0;Подготовка;
20251209;21:24:36;-0,5;0,0;0,0;0,0;50,0;Подготовка;
20251209;21:24:41;-0,5;0,0;0,0;0,0;50,0;Подготовка;
20251209;21:24:46;-0,5;0,0;0,0;0,0;50,0;Подготовка;
20251209;21:24:51;-0,5;0,0;0,0;0,0;50,0;Подготовка;
20251209;21:24:56;-0,5;0,0;0,0;0,0;50,0;Подготовка;
20251209;21:25:01;-0,5;0,0;0,0;0,0;50,0;Подготовка;
20251209;21:25:06;-0,5;0,0;0,0;0,0;50,0;Подготовка;
20251209;21:25:11;-0,5;0,0;0,0;0,0;50,0;Подготовка;
20251209;21:25:16;-0,5;0,0;0,0;0,0;50,0;Подготовка;
20251209;21:25:21;-0,5;0,0;0,0;0,0;50,0;Подготовка;
20251209;21:25:26;-0,5;0,0;0,0;0,0;50,0;Подготовка;
20251209;21:25:31;-0,5;0,0;0,0;0,0;50,0;Подготовка;
20251209;21:25:36;-0,5;0,0;0,0;0,0;50,0;Подготовка;
20251209;21:25:41;-0,5;0,0;0,0;0,0;50,0;Подготовка;
20251209;21:25:46;-0,5;0,0;0,0;0,0;50,0;Подготовка;
20251209;21:25:52;-0,5;0,0;0,0;0,0;50,0;Подготовка;
20251209;21:25:57;-0,5;0,0;0,0;0,0;50,0;Подготовка;
20251209;21:26:02;-0,5;0,0;0,0;0,0;50,0;Подготовка;
20251209;21:26:07;-0,5;0,0;0,0;0,0;50,0;Подготовка;
20251209;21:26:12;-0,5;0,0;0,0;0,0;50,0;Подготовка;
20251209;21:26:17;-0,5;0,0;0,0;0,0;50,0;Подготовка;
20251209;21:26:22;-0,5;0,0;0,0;0,0;50,0;Подготовка;
20251209;21:26:27;-0,5;0,0;0,0;0,0;50,0;Подготовка;
20251209;21:26:32;-0,5;0,0;0,0;0,0;50,0;Подготовка;
20251209;21:26:37;-0,5;0,0;0,0;0,0;50,0;Подготовка;
20251209;21:26:42;-0,5;0,0;0,0;0,0;50,0;Подготовка;
20251209;21:26:47;-0,5;0,0;0,0;0,0;50,0;Подготовка;
20251209;21:26:52;-0,5;0,0;0,0;0,0;50,0;Подготовка;
20251209;21:26:57;-0,5;0,0;0,0;0,0;50,0;Подготовка;
20251209;21:27:02;-0,5;0,0;0,0;0,0;50,0;Подготовка;
20251209;21:27:07;-0,5;0,0;0,0;0,0;50,0;Подготовка;
20251209;21:27:12;-0,5;0,0;0,0;0,0;50,0;Подготовка;
20251209;21:27:17;-0,5;0,0;0,0;0,0;50,0;Подготовка;
20251209;21:27:22;-0,5;0,0;0,0;0,0;50,0;Подготовка;
20251209;21:27:27;-0,5;0,0;0,0;0,0;50,0;Подготовка;
20251209;21:27:32;-0,5;0,0;0,0;0,0;50,0;Подготовка;
20251209;21:27:37;-0,5;0,0;0,0;0,0;50,0;Подготовка;
20251209;21:27:42;-0,5;0,0;0,0;0,0;50,0;Подготовка;
20251209;21:27:47;-0,5;0,0;0,0;0,0;50,0;Подготовка;
20251209;21:27:52;-0,5;0,0;0,0;0,0;50,0;Подготовка;
20251209;21:27:58;-0,5;0,0;0,0;0,0;50,0;Подготовка;
20251209;21:28:03;-0,5;0,0;0,0;0,0;50,0;Подготовка;
20251209;21:28:08;-0,5;0,0;0,0;0,0;50,0;Подготовка;
20251209;21:28:13;-0,5;0,0;0,0;0,0;50,0;Подготовка;
20251209;21:28:18;-0,5;0,0;0,0;0,0;50,0;Подготовка;
20251209;21:28:23;-0,5;0,0;0,0;0,0;50,0;Подготовка;
20251209;21:28:28;-0,5;0,0;0,0;0,0;50,0;Подготовка;
20251209;21:28:33;-0,5;0,0;0,0;0,0;50,0;Подготовка;
20251209;21:28:38;-0,5;0,0;0,0;0,0;50,0;Подготовка;
20251209;21:28:43;-0,5;0,0;0,0;0,0;50,0;Подготовка;
20251209;21:28:48;-0,5;0,0;0,0;0,0;50,0;Подготовка;
20251209;21:28:53;-0,5;0,0;0,0;0,0;50,0;Подготовка;
20251209;21:28:58;-0,5;0,0;0,0;0,0;50,0;Подготовка;
20251209;21:29:03;-0,5;0,0;0,0;0,0;50,0;Подготовка;
20251209;21:29:08;-0,5;0,0;0,0;0,0;50,0;Подготовка;
20251209;21:29:13;-0,5;0,0;0,0;0,0;50,0;Подготовка;
20251209;21:29:18;-0,5;0,0;0,0;0,0;50,0;Подготовка;
20251209;21:29:23;-0,5;0,0;0,0;0,0;50,0;Подготовка;
20251209;21:29:28;-0,5;0,0;0,0;0,0;50,0;Подготовка;
20251209;21:29:33;-0,5;0,0;0,0;0,0;50,0;Подготовка;
20251209;21:29:38;-0,5;0,0;0,0;0,0;50,0;Подготовка;
20251209;21:29:43;-0,5;0,0;0,0;0,0;50,0;Подготовка;
20251209;21:29:48;-0,5;0,0;0,0;0,0;50,0;Подготовка;
20251209;21:29:53;-0,5;0,0;0,0;0,0;50,0;Подготовка;
20251209;21:29:58;-0,5;0,0;0,0;0,0;50,0;Подготовка;
20251209;21:30:04;-0,5;0,0;0,0;0,0;50,0;Подготовка;
20251209;21:30:09;-0,5;0,0;0,0;0,0;50,0;Подготовка;
20251209;21:30:14;-0,5;0,0;0,0;0,0;50,0;Подготовка;
20251209;21:30:19;-0,5;0,0;0,0;0,0;50,0;Подготовка;
20251209;21:30:24;-0,5;0,0;0,0;0,0;50,0;Подготовка;
20251209;21:30:29;-0,5;0,0;0,0;0,0;50,0;Подготовка;
20251209;21:30:34;-0,5;0,0;0,0;0,0;50,0;Подготовка;
20251209;21:30:39;-0,5;0,0;0,0;0,0;50,0;Подготовка;
20251209;21:30:44;-0,5;0,0;0,0;0,0;50,0;Подготовка;
20251209;21:30:49;-0,5;0,0;0,0;0,0;50,0;Подготовка;
20251209;21:30:54;-0,5;0,0;0,0;0,0;50,0;Подготовка;
20251209;21:30:59;-0,5;0,0;0,0;0,0;50,0;Подготовка;
20251209;21:31:04;-0,5;0,0;0,0;0,0;50,0;Подготовка;
20251209;21:31:09;-0,5;0,0;0,0;0,0;50,0;Подготовка;
20251209;21:31:14;-0,5;0,0;0,0;0,0;50,0;Подготовка;
20251209;21:31:19;-0,5;0,0;0,0;0,0;50,0;Подготовка;
20251209;21:31:24;-0,5;0,0;0,0;0,0;50,0;Подготовка;
20251209;21:31:29;-0,5;0,0;0,0;0,0;50,0;Подготовка;
20251209;21:31:34;-0,5;0,0;0,0;0,0;50,0;Подготовка;
20251209;21:31:39;-0,5;0,0;0,0;0,0;50,0;Подготовка;
20251209;21:31:44;-0,5;0,0;0,0;0,0;50,0;Подготовка;
20251209;21:31:49;-0,5;0,0;0,0;0,0;50,0;Подготовка;
20251209;21:31:54;-0,5;0,0;0,0;0,0;50,0;Подготовка;
20251209;21:31:59;-0,5;0,0;0,0;0,0;50,0;Подготовка;
20251209;21:32:04;-0,5;0,0;0,0;0,0;50,0;Подготовка;
20251209;21:32:10;-0,5;0,0;0,0;0,0;50,0;Подготовка;
20251209;21:32:15;-0,5;0,0;0,0;0,0;50,0;Подготовка;
20251209;21:32:20;-0,5;0,0;0,0;0,0;50,0;Подготовка;
20251209;21:32:25;-0,5;0,0;0,0;0,0;50,0;Подготовка;
20251209;21:32:30;-0,5;0,0;0,0;0,0;50,0;Подготовка;
20251209;21:32:35;-0,5;0,0;0,0;0,0;50,0;Подготовка;
20251209;21:32:40;-0,5;0,0;0,0;0,0;50,0;Подготовка;
20251209;21:32:45;-0,5;0,0;0,0;0,0;50,0;Подготовка;
20251209;21:32:50;-0,5;0,0;0,0;0,0;50,0;Подготовка;
20251209;21:32:55;-0,5;0,0;0,0;0,0;50,0;Подготовка;
20251209;21:33:00;-0,5;0,0;0,0;0,0;50,0;Подготовка;
20251209;21:33:05;-0,5;0,0;0,0;0,0;50,0;Подготовка;
20251209;21:33:10;-0,5;0,0;0,0;0,0;50,0;Подготовка;
20251209;21:33:15;-0,5;0,0;0,0;0,0;50,0;Подготовка;
20251209;21:33:20;-0,5;0,0;0,0;0,0;50,0;Подготовка;
20251209;21:33:25;-0,5;0,0;0,0;0,0;50,0;Подготовка;
20251209;21:33:30;-0,5;0,0;0,0;0,0;50,0;Подготовка;
20251209;21:33:35;-0,5;0,0;0,0;0,0;50,0;Подготовка;
20251209;21:33:40;-0,5;0,0;0,0;0,0;50,0;Подготовка;
20251209;21:33:45;-0,5;0,0;0,0;0,0;50,0;Подготовка;
20251209;21:33:50;-0,5;0,0;0,0;0,0;50,0;Подготовка;
20251209;21:33:55;-0,5;0,0;0,0;0,0;50,0;Подготовка;
20251209;21:34:00;-0,5;0,0;0,0;0,0;50,0;Подготовка;
20251209;21:34:05;-0,5;0,0;0,0;0,0;50,0;Подготовка;
20251209;21:34:10;-0,5;0,0;0,0;0,0;50,0;Подготовка;
20251209;21:34:16;-0,5;0,0;0,0;0,0;50,0;Подготовка;
20251209;21:34:21;-0,5;0,0;0,0;0,0;50,0;Подготовка;
20251209;21:34:26;-0,5;0,0;0,0;0,0;50,0;Подготовка;
20251209;21:34:31;-0,5;0,0;0,0;0,0;50,0;Подготовка;
20251209;21:34:36;-0,5;0,0;0,0;0,0;50,0;Подготовка;
20251209;21:34:41;-0,5;0,0;0,0;0,0;50,0;Подготовка;
20251209;21:34:46;-0,5;0,0;0,0;0,0;50,0;Подготовка;
20251209;21:34:51;-0,5;0,0;0,0;0,0;50,0;Подготовка;
20251209;21:34:56;-0,5;0,0;0,0;0,0;50,0;Подготовка;
Предприятие;
Объект;
Вид оборудования;
Дисп. наименование;
Тип;
Зав. номер;
Сер. номер;
Год выпуска;
Год ввода в эксплуатацию;
Дата отбора пробы;
Марка пробы;
Температура пробы;
DATE ;TIME ;TS_TEMP ;PROB_TEMP ;PROB_OTN_VL ;PROBE_VlAGOSOD ;SP ;STATUS ; 
20251209;21:35:13;-0,39;0,0;0,0;0,0;50,0;Включение;
20251209;21:35:18;-0,49;0,0;0,0;0,0;50,0;Включение;
20251209;21:35:23;-0,49;0,0;0,0;0,0;50,0;Подготовка;
20251209;21:35:28;-0,49;0,0;0,0;0,0;50,0;Подготовка;
20251209;21:35:33;-0,49;0,0;0,0;0,0;50,0;Подготовка;
20251209;21:35:38;-0,49;0,0;0,0;0,0;50,0;Подготовка;
20251209;21:35:43;-0,5;0,0;0,0;0,0;50,0;Подготовка;
20251209;21:35:48;-0,5;0,0;0,0;0,0;50,0;Подготовка;
20251209;21:35:53;-0,5;0,0;0,0;0,0;50,0;Подготовка;
20251209;21:35:58;-0,5;0,0;0,0;0,0;50,0;Подготовка;
20251209;21:36:03;-0,5;0,0;0,0;0,0;50,0;Подготовка;
20251209;21:36:08;-0,5;0,0;0,0;0,0;50,0;Подготовка;
20251209;21:36:13;-0,5;0,0;0,0;0,0;50,0;Подготовка;
20251209;21:36:18;-0,5;0,0;0,0;0,0;50,0;Подготовка;
20251209;21:36:23;-0,5;0,0;0,0;0,0;50,0;Подготовка;
20251209;21:36:28;-0,5;0,0;0,0;0,0;50,0;Подготовка;
20251209;21:36:33;-0,5;0,0;0,0;0,0;50,0;Подготовка;
20251209;21:36:38;-0,5;0,0;0,0;0,0;50,0;Подготовка;
20251209;21:36:44;-0,5;0,0;0,0;0,0;50,0;Подготовка;
20251209;21:36:49;-0,5;0,0;0,0;0,0;50,0;Подготовка;
20251209;21:36:54;-0,5;0,0;0,0;0,0;50,0;Подготовка;
20251209;21:36:59;-0,5;0,0;0,0;0,0;50,0;Подготовка;
20251209;21:37:04;-0,5;0,0;0,0;0,0;50,0;Подготовка;
20251209;21:37:09;-0,5;0,0;0,0;0,0;50,0;Подготовка;
20251209;21:37:14;-0,5;0,0;0,0;0,0;50,0;Подготовка;
20251209;21:37:19;-0,5;0,0;0,0;0,0;50,0;Подготовка;
20251209;21:37:24;-0,5;0,0;0,0;0,0;50,0;Подготовка;
20251209;21:37:29;-0,5;0,0;0,0;0,0;50,0;Подготовка;
20251209;21:37:34;-0,5;0,0;0,0;0,0;50,0;Подготовка;
20251209;21:37:39;-0,5;0,0;0,0;0,0;50,0;Подготовка;
20251209;21:37:44;-0,5;0,0;0,0;0,0;50,0;Подготовка;
20251209;21:37:49;-0,5;0,0;0,0;0,0;50,0;Подготовка;
20251209;21:37:54;-0,5;0,0;0,0;0,0;50,0;Подготовка;
20251209;21:37:59;-0,5;0,0;0,0;0,0;50,0;Подготовка;
20251209;21:38:04;-0,5;0,0;0,0;0,0;50,0;Подготовка;
20251209;21:38:09;-0,5;0,0;0,0;0,0;50,0;Подготовка;
20251209;21:38:14;-0,5;0,0;0,0;0,0;50,0;Подготовка;
20251209;21:38:19;-0,5;0,0;0,0;0,0;50,0;Подготовка;
20251209;21:38:24;-0,5;0,0;0,0;0,0;50,0;Подготовка;
20251209;21:38:29;-0,5;0,0;0,0;0,0;50,0;Подготовка;
20251209;21:38:34;-0,5;0,0;0,0;0,0;50,0;Подготовка;
20251209;21:38:39;-0,5;0,0;0,0;0,0;50,0;Подготовка;
20251209;21:38:44;-0,5;0,0;0,0;0,0;50,0;Подготовка;
20251209;21:38:50;-0,5;0,0;0,0;0,0;50,0;Подготовка;
20251209;21:38:55;-0,5;0,0;0,0;0,0;50,0;Подготовка;
20251209;21:39:00;-0,5;0,0;0,0;0,0;50,0;Подготовка;
20251209;21:39:05;-0,5;0,0;0,0;0,0;50,0;Подготовка;
20251209;21:39:10;-0,5;0,0;0,0;0,0;50,0;Подготовка;
20251209;21:39:15;-0,5;0,0;0,0;0,0;50,0;Подготовка;
20251209;21:39:20;-0,5;0,0;0,0;0,0;50,0;Подготовка;
20251209;21:39:25;-0,5;0,0;0,0;0,0;50,0;Подготовка;
20251209;21:39:30;-0,5;0,0;0,0;0,0;50,0;Подготовка;
20251209;21:39:35;-0,5;0,0;0,0;0,0;50,0;Подготовка;
20251209;21:39:40;-0,5;0,0;0,0;0,0;50,0;Подготовка;
20251209;21:39:45;-0,5;0,0;0,0;0,0;50,0;Подготовка;
20251209;21:39:50;-0,5;0,0;0,0;0,0;50,0;Подготовка;
20251209;21:39:55;-0,5;0,0;0,0;0,0;50,0;Подготовка;
20251209;21:40:00;-0,5;0,0;0,0;0,0;50,0;Подготовка;
20251209;21:40:05;-0,5;0,0;0,0;0,0;50,0;Подготовка;
20251209;21:40:10;-0,5;0,0;0,0;0,0;50,0;Подготовка;
20251209;21:40:15;-0,5;0,0;0,0;0,0;50,0;Подготовка;
20251209;21:40:20;-0,5;0,0;0,0;0,0;50,0;Подготовка;
20251209;21:40:25;-0,5;0,0;0,0;0,0;50,0;Подготовка;
20251209;21:40:30;-0,5;0,0;0,0;0,0;50,0;Подготовка;
20251209;21:40:35;-0,5;0,0;0,0;0,0;50,0;Подготовка;
20251209;21:40:40;-0,5;0,0;0,0;0,0;50,0;Подготовка;
20251209;21:40:45;-0,5;0,0;0,0;0,0;50,0;Подготовка;
20251209;21:40:50;-0,5;0,0;0,0;0,0;50,0;Подготовка;
20251209;21:40:56;-0,5;0,0;0,0;0,0;50,0;Подготовка;
20251209;21:41:01;-0,5;0,0;0,0;0,0;50,0;Подготовка;
20251209;21:41:06;-0,5;0,0;0,0;0,0;50,0;Подготовка;
20251209;21:41:11;-0,5;0,0;0,0;0,0;50,0;Подготовка;
20251209;21:41:16;-0,5;0,0;0,0;0,0;50,0;Подготовка;
20251209;21:41:21;-0,5;0,0;0,0;0,0;50,0;Подготовка;
20251209;21:41:26;-0,5;0,0;0,0;0,0;50,0;Подготовка;
20251209;21:41:31;-0,5;0,0;0,0;0,0;50,0;Подготовка;
20251209;21:41:36;-0,5;0,0;0,0;0,0;50,0;Подготовка;
20251209;21:41:41;-0,5;0,0;0,0;0,0;50,0;Подготовка;
20251209;21:41:46;-0,5;0,0;0,0;0,0;50,0;Подготовка;
20251209;21:41:51;-0,5;0,0;0,0;0,0;50,0;Подготовка;
20251209;21:41:56;-0,5;0,0;0,0;0,0;50,0;Подготовка;
20251209;21:42:01;-0,5;0,0;0,0;0,0;50,0;Подготовка;
20251209;21:42:06;-0,5;0,0;0,0;0,0;50,0;Подготовка;
20251209;21:42:11;-0,5;0,0;0,0;0,0;50,0;Подготовка;
20251209;21:42:16;-0,5;0,0;0,0;0,0;50,0;Подготовка;
20251209;21:42:21;-0,5;0,0;0,0;0,0;50,0;Подготовка;
20251209;21:42:26;-0,5;0,0;0,0;0,0;50,0;Подготовка;
20251209;21:42:31;-0,5;0,0;0,0;0,0;50,0;Подготовка;
20251209;21:42:36;-0,5;0,0;0,0;0,0;50,0;Подготовка;
20251209;21:42:41;-0,5;0,0;0,0;0,0;50,0;Подготовка;
20251209;21:42:46;-0,5;0,0;0,0;0,0;50,0;Подготовка;
20251209;21:42:51;-0,5;0,0;0,0;0,0;50,0;Подготовка;
20251209;21:42:56;-0,5;0,0;0,0;0,0;50,0;Подготовка;
20251209;21:43:02;-0,5;0,0;0,0;0,0;50,0;Подготовка;
20251209;21:43:07;-0,5;0,0;0,0;0,0;50,0;Подготовка;
20251209;21:43:12;-0,5;0,0;0,0;0,0;50,0;Подготовка;
20251209;21:43:17;-0,5;0,0;0,0;0,0;50,0;Подготовка;
20251209;21:43:22;-0,5;0,0;0,0;0,0;50,0;Подготовка;
20251209;21:43:27;-0,5;0,0;0,0;0,0;50,0;Подготовка;
20251209;21:43:32;-0,5;0,0;0,0;0,0;50,0;Подготовка;
20251209;21:43:37;-0,5;0,0;0,0;0,0;50,0;Подготовка;
20251209;21:43:42;-0,5;0,0;0,0;0,0;50,0;Подготовка;
20251209;21:43:47;-0,5;0,0;0,0;0,0;50,0;Подготовка;
20251209;21:43:52;-0,5;0,0;0,0;0,0;50,0;Подготовка;
20251209;21:43:57;-0,5;0,0;0,0;0,0;50,0;Подготовка;
20251209;21:44:02;-0,5;0,0;0,0;0,0;50,0;Подготовка;
20251209;21:44:07;-0,5;0,0;0,0;0,0;50,0;Подготовка;
20251209;21:44:12;-0,5;0,0;0,0;0,0;50,0;Подготовка;
20251209;21:44:17;-0,5;0,0;0,0;0,0;50,0;Подготовка;
20251209;21:44:22;-0,5;0,0;0,0;0,0;50,0;Подготовка;
20251209;21:44:27;-0,5;0,0;0,0;0,0;50,0;Подготовка;
20251209;21:44:32;-0,5;0,0;0,0;0,0;50,0;Подготовка;
20251209;21:44:37;-0,5;0,0;0,0;0,0;50,0;Подготовка;
20251209;21:44:42;-0,5;0,0;0,0;0,0;50,0;Подготовка;
20251209;21:44:47;-0,5;0,0;0,0;0,0;50,0;Подготовка;
20251209;21:44:52;-0,5;0,0;0,0;0,0;50,0;Подготовка;
20251209;21:44:57;-0,5;0,0;0,0;0,0;50,0;Подготовка;
20251209;21:45:02;-0,5;0,0;0,0;0,0;50,0;Подготовка;
20251209;21:45:08;-0,5;0,0;0,0;0,0;50,0;Подготовка;
20251209;21:45:13;-0,5;0,0;0,0;0,0;50,0;Подготовка;
20251209;21:45:18;-0,5;0,0;0,0;0,0;50,0;Подготовка;
20251209;21:45:23;-0,5;0,0;0,0;0,0;50,0;Подготовка;
20251209;21:45:28;-0,5;0,0;0,0;0,0;50,0;Подготовка;
20251209;21:45:33;-0,5;0,0;0,0;0,0;50,0;Подготовка;
20251209;21:45:38;-0,5;0,0;0,0;0,0;50,0;Подготовка;
20251209;21:45:43;-0,5;0,0;0,0;0,0;50,0;Подготовка;
20251209;21:45:48;-0,5;0,0;0,0;0,0;50,0;Подготовка;
20251209;21:45:53;-0,5;0,0;0,0;0,0;50,0;Подготовка;
20251209;21:45:58;-0,5;0,0;0,0;0,0;50,0;Подготовка;
20251209;21:46:03;-0,5;0,0;0,0;0,0;50,0;Подготовка;
20251209;21:46:08;-0,5;0,0;0,0;0,0;50,0;Подготовка;
20251209;21:46:13;-0,5;0,0;0,0;0,0;50,0;Подготовка;
20251209;21:46:18;-0,5;0,0;0,0;0,0;50,0;Подготовка;
20251209;21:46:23;-0,5;0,0;0,0;0,0;50,0;Подготовка;
20251209;21:46:28;-0,5;0,0;0,0;0,0;50,0;Подготовка;
20251209;21:46:33;-0,5;0,0;0,0;0,0;50,0;Подготовка;
20251209;21:46:38;-0,5;0,0;0,0;0,0;50,0;Подготовка;
20251209;21:46:43;-0,5;0,0;0,0;0,0;50,0;Подготовка;
20251209;21:46:48;-0,5;0,0;0,0;0,0;50,0;Подготовка;
20251209;21:46:53;-0,5;0,0;0,0;0,0;50,0;Подготовка;
20251209;21:46:58;-0,5;0,0;0,0;0,0;50,0;Подготовка;
20251209;21:47:03;-0,5;0,0;0,0;0,0;50,0;Подготовка;
20251209;21:47:08;-0,5;0,0;0,0;0,0;50,0;Подготовка;
20251209;21:47:14;-0,5;0,0;0,0;0,0;50,0;Подготовка;
20251209;21:47:19;-0,5;0,0;0,0;0,0;50,0;Подготовка;
20251209;21:47:24;-0,5;0,0;0,0;0,0;50,0;Подготовка;
20251209;21:47:29;-0,5;0,0;0,0;0,0;50,0;Подготовка;
20251209;21:47:34;-0,5;0,0;0,0;0,0;50,0;Подготовка;
20251209;21:47:39;-0,5;0,0;0,0;0,0;50,0;Подготовка;
20251209;21:47:44;-0,5;0,0;0,0;0,0;50,0;Подготовка;
20251209;21:47:49;-0,5;0,0;0,0;0,0;50,0;Подготовка;
20251209;21:47:54;-0,5;0,0;0,0;0,0;50,0;Подготовка;
20251209;21:47:59;-0,5;0,0;0,0;0,0;50,0;Подготовка;
20251209;21:48:04;-0,5;0,0;0,0;0,0;50,0;Подготовка;
20251209;21:48:09;-0,5;0,0;0,0;0,0;50,0;Подготовка;
20251209;21:48:14;-0,5;0,0;0,0;0,0;50,0;Подготовка;
20251209;21:48:19;-0,5;0,0;0,0;0,0;50,0;Подготовка;
20251209;21:48:24;-0,5;0,0;0,0;0,0;50,0;Подготовка;
20251209;21:48:29;-0,5;0,0;0,0;0,0;50,0;Подготовка;
20251209;21:48:34;-0,5;0,0;0,0;0,0;50,0;Подготовка;
20251209;21:48:39;-0,5;0,0;0,0;0,0;50,0;Подготовка;
20251209;21:48:44;-0,5;0,0;0,0;0,0;50,0;Подготовка;
20251209;21:48:49;-0,5;0,0;0,0;0,0;50,0;Подготовка;
20251209;21:48:54;-0,5;0,0;0,0;0,0;50,0;Подготовка;
20251209;21:48:59;-0,5;0,0;0,0;0,0;50,0;Подготовка;
20251209;21:49:04;-0,5;0,0;0,0;0,0;50,0;Подготовка;
20251209;21:49:09;-0,5;0,0;0,0;0,0;50,0;Подготовка;
20251209;21:49:14;-0,5;0,0;0,0;0,0;50,0;Подготовка;
20251209;21:49:20;-0,5;0,0;0,0;0,0;50,0;Подготовка;
20251209;21:49:25;-0,5;0,0;0,0;0,0;50,0;Подготовка;
20251209;21:49:30;-0,5;0,0;0,0;0,0;50,0;Подготовка;
20251209;21:49:35;-0,5;0,0;0,0;0,0;50,0;Подготовка;
20251209;21:49:40;-0,5;0,0;0,0;0,0;50,0;Подготовка;
20251209;21:49:45;-0,5;0,0;0,0;0,0;50,0;Подготовка;
20251209;21:49:50;-0,5;0,0;0,0;0,0;50,0;Подготовка;
20251209;21:49:55;-0,5;0,0;0,0;0,0;50,0;Подготовка;
20251209;21:50:00;-0,5;0,0;0,0;0,0;50,0;Подготовка;
20251209;21:50:05;-0,5;0,0;0,0;0,0;50,0;Подготовка;
20251209;21:50:10;-0,5;0,0;0,0;0,0;50,0;Подготовка;
20251209;21:50:15;-0,5;0,0;0,0;0,0;50,0;Подготовка;
20251209;21:50:20;-0,5;0,0;0,0;0,0;50,0;Подготовка;
20251209;21:50:25;-0,5;0,0;0,0;0,0;50,0;Подготовка;
20251209;21:50:30;-0,5;0,0;0,0;0,0;50,0;Подготовка;
20251209;21:50:35;-0,5;0,0;0,0;0,0;50,0;Подготовка;
20251209;21:50:40;-0,5;0,0;0,0;0,0;50,0;Подготовка;
20251209;21:50:45;-0,5;0,0;0,0;0,0;50,0;Подготовка;
20251209;21:50:50;-0,5;0,0;0,0;0,0;50,0;Подготовка;
20251209;21:50:55;-0,5;0,0;0,0;0,0;50,0;Подготовка;
20251209;21:51:00;-0,5;0,0;0,0;0,0;50,0;Подготовка;
20251209;21:51:05;-0,5;0,0;0,0;0,0;50,0;Подготовка;
20251209;21:51:10;-0,5;0,0;0,0;0,0;50,0;Подготовка;
20251209;21:51:15;-0,5;0,0;0,0;0,0;50,0;Подготовка;
20251209;21:51:20;-0,5;0,0;0,0;0,0;50,0;Подготовка;
20251209;21:51:26;-0,5;0,0;0,0;0,0;50,0;Подготовка;
20251209;21:51:31;-0,5;0,0;0,0;0,0;50,0;Подготовка;
20251209;21:51:36;-0,5;0,0;0,0;0,0;50,0;Подготовка;
20251209;21:51:41;-0,5;0,0;0,0;0,0;50,0;Подготовка;
20251209;21:51:46;-0,5;0,0;0,0;0,0;50,0;Подготовка;
20251209;21:51:51;-0,5;0,0;0,0;0,0;50,0;Подготовка;
20251209;21:51:56;-0,5;0,0;0,0;0,0;50,0;Подготовка;
20251209;21:52:01;-0,5;0,0;0,0;0,0;50,0;Подготовка;
20251209;21:52:06;-0,5;0,0;0,0;0,0;50,0;Подготовка;
20251209;21:52:11;-0,5;0,0;0,0;0,0;50,0;Подготовка;
20251209;21:52:16;-0,5;0,0;0,0;0,0;50,0;Подготовка;
20251209;21:52:21;-0,5;0,0;0,0;0,0;50,0;Подготовка;
20251209;21:52:26;-0,5;0,0;0,0;0,0;50,0;Подготовка;
20251209;21:52:31;-0,5;0,0;0,0;0,0;50,0;Подготовка;
20251209;21:52:36;-0,5;0,0;0,0;0,0;50,0;Подготовка;
20251209;21:52:41;-0,5;0,0;0,0;0,0;50,0;Подготовка;
20251209;21:52:46;-0,5;0,0;0,0;0,0;50,0;Подготовка;
20251209;21:52:51;-0,5;0,0;0,0;0,0;50,0;Подготовка;
20251209;21:52:56;-0,5;0,0;0,0;0,0;50,0;Подготовка;
20251209;21:53:01;-0,5;0,0;0,0;0,0;50,0;Подготовка;
20251209;21:53:06;-0,5;0,0;0,0;0,0;50,0;Подготовка;
20251209;21:53:11;-0,5;0,0;0,0;0,0;50,0;Подготовка;
20251209;21:53:16;-0,5;0,0;0,0;0,0;50,0;Подготовка;
20251209;21:53:21;-0,5;0,0;0,0;0,0;50,0;Подготовка;
20251209;21:53:26;-0,5;0,0;0,0;0,0;50,0;Подготовка;
20251209;21:53:32;-0,5;0,0;0,0;0,0;50,0;Подготовка;
20251209;21:53:37;-0,5;0,0;0,0;0,0;50,0;Подготовка;
20251209;21:53:42;-0,5;0,0;0,0;0,0;50,0;Подготовка;
20251209;21:53:47;-0,5;0,0;0,0;0,0;50,0;Подготовка;
20251209;21:53:52;-0,5;0,0;0,0;0,0;50,0;Подготовка;
20251209;21:53:57;-0,5;0,0;0,0;0,0;50,0;Подготовка;
20251209;21:54:02;-0,5;0,0;0,0;0,0;50,0;Подготовка;
20251209;21:54:07;-0,5;0,0;0,0;0,0;50,0;Подготовка;
20251209;21:54:12;-0,5;0,0;0,0;0,0;50,0;Подготовка;
20251209;21:54:17;-0,5;0,0;0,0;0,0;50,0;Подготовка;
20251209;21:54:22;-0,5;0,0;0,0;0,0;50,0;Подготовка;
20251209;21:54:27;-0,5;0,0;0,0;0,0;50,0;Подготовка;
20251209;21:54:32;-0,5;0,0;0,0;0,0;50,0;Подготовка;
20251209;21:54:37;-0,5;0,0;0,0;0,0;50,0;Подготовка;
20251209;21:54:42;-0,5;0,0;0,0;0,0;50,0;Подготовка;
20251209;21:54:47;-0,5;0,0;0,0;0,0;50,0;Подготовка;
20251209;21:54:52;-0,5;0,0;0,0;0,0;50,0;Подготовка;
20251209;21:54:57;-0,5;0,0;0,0;0,0;50,0;Подготовка;
20251209;21:55:02;-0,5;0,0;0,0;0,0;50,0;Подготовка;
20251209;21:55:07;-0,5;0,0;0,0;0,0;50,0;Подготовка;
20251209;21:55:12;-0,5;0,0;0,0;0,0;50,0;Подготовка;
20251209;21:55:17;-0,5;0,0;0,0;0,0;50,0;Подготовка;
20251209;21:55:22;-0,5;0,0;0,0;0,0;50,0;Подготовка;
20251209;21:55:27;-0,5;0,0;0,0;0,0;50,0;Подготовка;
20251209;21:55:32;-0,5;0,0;0,0;0,0;50,0;Подготовка;
20251209;21:55:38;-0,5;0,0;0,0;0,0;50,0;Подготовка;
20251209;21:55:43;-0,5;0,0;0,0;0,0;50,0;Подготовка;
20251209;21:55:48;-0,5;0,0;0,0;0,0;50,0;Подготовка;
20251209;21:55:53;-0,5;0,0;0,0;0,0;50,0;Подготовка;
20251209;21:55:58;-0,5;0,0;0,0;0,0;50,0;Подготовка;
20251209;21:56:03;-0,5;0,0;0,0;0,0;50,0;Подготовка;
20251209;21:56:08;-0,5;0,0;0,0;0,0;50,0;Подготовка;
20251209;21:56:13;-0,5;0,0;0,0;0,0;50,0;Подготовка;
20251209;21:56:18;-0,5;0,0;0,0;0,0;50,0;Подготовка;
20251209;21:56:23;-0,5;0,0;0,0;0,0;50,0;Подготовка;
20251209;21:56:28;-0,5;0,0;0,0;0,0;50,0;Подготовка;
20251209;21:56:33;-0,5;0,0;0,0;0,0;50,0;Подготовка;
20251209;21:56:38;-0,5;0,0;0,0;0,0;50,0;Подготовка;
20251209;21:56:43;-0,5;0,0;0,0;0,0;50,0;Подготовка;
20251209;21:56:48;-0,5;0,0;0,0;0,0;50,0;Подготовка;
20251209;21:56:53;-0,5;0,0;0,0;0,0;50,0;Подготовка;
20251209;21:56:58;-0,5;0,0;0,0;0,0;50,0;Подготовка;
20251209;21:57:03;-0,5;0,0;0,0;0,0;50,0;Подготовка;
20251209;21:57:08;-0,5;0,0;0,0;0,0;50,0;Подготовка;
20251209;21:57:13;-0,5;0,0;0,0;0,0;50,0;Подготовка;
20251209;21:57:18;-0,5;0,0;0,0;0,0;50,0;Подготовка;
20251209;21:57:23;-0,5;0,0;0,0;0,0;50,0;Подготовка;
20251209;21:57:28;-0,5;0,0;0,0;0,0;50,0;Подготовка;
20251209;21:57:33;-0,5;0,0;0,0;0,0;50,0;Подготовка;
20251209;21:57:38;-0,5;0,0;0,0;0,0;50,0;Подготовка;
20251209;21:57:44;-0,5;0,0;0,0;0,0;50,0;Подготовка;
20251209;21:57:49;-0,5;0,0;0,0;0,0;50,0;Подготовка;
20251209;21:57:54;-0,5;0,0;0,0;0,0;50,0;Подготовка;
20251209;21:57:59;-0,5;0,0;0,0;0,0;50,0;Подготовка;
20251209;21:58:04;-0,5;0,0;0,0;0,0;50,0;Подготовка;
20251209;21:58:09;-0,5;0,0;0,0;0,0;50,0;Подготовка;
20251209;21:58:14;-0,5;0,0;0,0;0,0;50,0;Подготовка;
20251209;21:58:19;-0,5;0,0;0,0;0,0;50,0;Подготовка;
20251209;21:58:24;-0,5;0,0;0,0;0,0;50,0;Подготовка;
20251209;21:58:29;-0,5;0,0;0,0;0,0;50,0;Подготовка;
20251209;21:58:34;-0,5;0,0;0,0;0,0;50,0;Подготовка;
20251209;21:58:39;-0,5;0,0;0,0;0,0;50,0;Подготовка;
20251209;21:58:44;-0,5;0,0;0,0;0,0;50,0;Подготовка;
20251209;21:58:49;-0,5;0,0;0,0;0,0;50,0;Подготовка;
20251209;21:58:54;-0,5;0,0;0,0;0,0;50,0;Подготовка;
20251209;21:58:59;-0,5;0,0;0,0;0,0;50,0;Подготовка;
20251209;21:59:04;-0,5;0,0;0,0;0,0;50,0;Подготовка;
20251209;21:59:09;-0,5;0,0;0,0;0,0;50,0;Подготовка;
20251209;21:59:14;-0,5;0,0;0,0;0,0;50,0;Подготовка;
20251209;21:59:19;-0,5;0,0;0,0;0,0;50,0;Подготовка;
20251209;21:59:24;-0,5;0,0;0,0;0,0;50,0;Подготовка;
20251209;21:59:29;-0,5;0,0;0,0;0,0;50,0;Подготовка;
20251209;21:59:34;-0,5;0,0;0,0;0,0;50,0;Подготовка;
20251209;21:59:39;-0,5;0,0;0,0;0,0;50,0;Подготовка;
20251209;21:59:44;-0,5;0,0;0,0;0,0;50,0;Подготовка;
20251209;21:59:50;-0,5;0,0;0,0;0,0;50,0;Подготовка;
20251209;21:59:55;-0,5;0,0;0,0;0,0;50,0;Подготовка;
20251209;22:00:00;-0,5;0,0;0,0;0,0;50,0;Подготовка;
20251209;22:00:05;-0,5;0,0;0,0;0,0;50,0;Подготовка;
20251209;22:00:10;-0,5;0,0;0,0;0,0;50,0;Подготовка;
20251209;22:00:15;-0,5;0,0;0,0;0,0;50,0;Подготовка;
20251209;22:00:20;-0,5;0,0;0,0;0,0;50,0;Подготовка;
20251209;22:00:25;-0,5;0,0;0,0;0,0;50,0;Подготовка;
20251209;22:00:30;-0,5;0,0;0,0;0,0;50,0;Подготовка;
20251209;22:00:35;-0,5;0,0;0,0;0,0;50,0;Подготовка;
20251209;22:00:40;-0,5;0,0;0,0;0,0;50,0;Подготовка;
20251209;22:00:45;-0,5;0,0;0,0;0,0;50,0;Подготовка;
20251209;22:00:50;-0,5;0,0;0,0;0,0;50,0;Подготовка;
20251209;22:00:55;-0,5;0,0;0,0;0,0;50,0;Подготовка;
20251209;22:01:00;-0,5;0,0;0,0;0,0;50,0;Подготовка;
20251209;22:01:05;-0,5;0,0;0,0;0,0;50,0;Подготовка;
20251209;22:01:10;-0,5;0,0;0,0;0,0;50,0;Подготовка;
20251209;22:01:15;-0,5;0,0;0,0;0,0;50,0;Подготовка;
20251209;22:01:20;-0,5;0,0;0,0;0,0;50,0;Подготовка;
20251209;22:01:25;-0,5;0,0;0,0;0,0;50,0;Подготовка;
20251209;22:01:30;-0,5;0,0;0,0;0,0;50,0;Подготовка;
20251209;22:01:35;-0,5;0,0;0,0;0,0;50,0;Подготовка;
20251209;22:01:40;-0,5;0,0;0,0;0,0;50,0;Подготовка;
20251209;22:01:45;-0,5;0,0;0,0;0,0;50,0;Подготовка;
20251209;22:01:50;-0,5;0,0;0,0;0,0;50,0;Подготовка;
20251209;22:01:56;-0,5;0,0;0,0;0,0;50,0;Подготовка;
20251209;22:02:01;-0,5;0,0;0,0;0,0;50,0;Подготовка;
20251209;22:02:06;-0,5;0,0;0,0;0,0;50,0;Подготовка;
20251209;22:02:11;-0,5;0,0;0,0;0,0;50,0;Подготовка;
20251209;22:02:16;-0,5;0,0;0,0;0,0;50,0;Подготовка;
20251209;22:02:21;-0,5;0,0;0,0;0,0;50,0;Подготовка;
20251209;22:02:26;-0,5;0,0;0,0;0,0;50,0;Подготовка;
20251209;22:02:31;-0,5;0,0;0,0;0,0;50,0;Подготовка;
20251209;22:02:36;-0,5;0,0;0,0;0,0;50,0;Подготовка;
20251209;22:02:41;-0,5;0,0;0,0;0,0;50,0;Подготовка;
20251209;22:02:46;-0,5;0,0;0,0;0,0;50,0;Подготовка;
20251209;22:02:51;-0,5;0,0;0,0;0,0;50,0;Подготовка;
20251209;22:02:56;-0,5;0,0;0,0;0,0;50,0;Подготовка;
20251209;22:03:01;-0,5;0,0;0,0;0,0;50,0;Подготовка;
20251209;22:03:06;-0,5;0,0;0,0;0,0;50,0;Подготовка;
20251209;22:03:11;-0,5;0,0;0,0;0,0;50,0;Подготовка;
20251209;22:03:16;-0,5;0,0;0,0;0,0;50,0;Подготовка;
20251209;22:03:21;-0,5;0,0;0,0;0,0;50,0;Подготовка;
20251209;22:03:26;-0,5;0,0;0,0;0,0;50,0;Подготовка;
20251209;22:03:31;-0,5;0,0;0,0;0,0;50,0;Подготовка;
20251209;22:03:36;-0,5;0,0;0,0;0,0;50,0;Подготовка;
20251209;22:03:41;-0,5;0,0;0,0;0,0;50,0;Подготовка;
20251209;22:03:46;-0,5;0,0;0,0;0,0;50,0;Подготовка;
20251209;22:03:51;-0,5;0,0;0,0;0,0;50,0;Подготовка;
20251209;22:03:56;-0,5;0,0;0,0;0,0;50,0;Подготовка;
20251209;22:04:02;-0,5;0,0;0,0;0,0;50,0;Подготовка;
20251209;22:04:07;-0,5;0,0;0,0;0,0;50,0;Подготовка;
20251209;22:04:12;-0,5;0,0;0,0;0,0;50,0;Подготовка;
20251209;22:04:17;-0,5;0,0;0,0;0,0;50,0;Подготовка;
20251209;22:04:22;-0,5;0,0;0,0;0,0;50,0;Подготовка;
20251209;22:04:27;-0,5;0,0;0,0;0,0;50,0;Подготовка;
20251209;22:04:32;-0,5;0,0;0,0;0,0;50,0;Подготовка;
20251209;22:04:37;-0,5;0,0;0,0;0,0;50,0;Подготовка;
20251209;22:04:42;-0,5;0,0;0,0;0,0;50,0;Подготовка;
20251209;22:04:47;-0,5;0,0;0,0;0,0;50,0;Подготовка;
20251209;22:04:52;-0,5;0,0;0,0;0,0;50,0;Подготовка;
20251209;22:04:57;-0,5;0,0;0,0;0,0;50,0;Подготовка;
20251209;22:05:02;-0,5;0,0;0,0;0,0;50,0;Подготовка;
20251209;22:05:07;-0,5;0,0;0,0;0,0;50,0;Подготовка;
20251209;22:05:12;-0,5;0,0;0,0;0,0;50,0;Подготовка;
20251209;22:05:17;-0,5;0,0;0,0;0,0;50,0;Подготовка;
20251209;22:05:22;-0,5;0,0;0,0;0,0;50,0;Подготовка;
20251209;22:05:27;-0,5;0,0;0,0;0,0;50,0;Подготовка;
20251209;22:05:32;-0,5;0,0;0,0;0,0;50,0;Подготовка;
20251209;22:05:37;-0,5;0,0;0,0;0,0;50,0;Подготовка;
20251209;22:05:42;-0,5;0,0;0,0;0,0;50,0;Подготовка;
20251209;22:05:47;-0,5;0,0;0,0;0,0;50,0;Подготовка;
20251209;22:05:52;-0,5;0,0;0,0;0,0;50,0;Подготовка;
20251209;22:05:57;-0,5;0,0;0,0;0,0;50,0;Подготовка;
20251209;22:06:02;-0,5;0,0;0,0;0,0;50,0;Подготовка;
20251209;22:06:08;-0,5;0,0;0,0;0,0;50,0;Подготовка;
20251209;22:06:13;-0,5;0,0;0,0;0,0;50,0;Подготовка;
20251209;22:06:18;-0,5;0,0;0,0;0,0;50,0;Подготовка;
20251209;22:06:23;-0,5;0,0;0,0;0,0;50,0;Подготовка;
20251209;22:06:28;-0,5;0,0;0,0;0,0;50,0;Подготовка;
20251209;22:06:33;-0,5;0,0;0,0;0,0;50,0;Подготовка;
20251209;22:06:38;-0,5;0,0;0,0;0,0;50,0;Подготовка;
20251209;22:06:43;-0,5;0,0;0,0;0,0;50,0;Подготовка;
20251209;22:06:48;-0,5;0,0;0,0;0,0;50,0;Подготовка;
20251209;22:06:53;-0,5;0,0;0,0;0,0;50,0;Подготовка;
20251209;22:06:58;-0,5;0,0;0,0;0,0;50,0;Подготовка;
20251209;22:07:03;-0,5;0,0;0,0;0,0;50,0;Подготовка;
20251209;22:07:08;-0,5;0,0;0,0;0,0;50,0;Подготовка;
20251209;22:07:13;-0,5;0,0;0,0;0,0;50,0;Подготовка;
20251209;22:07:18;-0,5;0,0;0,0;0,0;50,0;Подготовка;
20251209;22:07:23;-0,5;0,0;0,0;0,0;50,0;Подготовка;
20251209;22:07:28;-0,5;0,0;0,0;0,0;50,0;Подготовка;
20251209;22:07:33;-0,5;0,0;0,0;0,0;50,0;Подготовка;
20251209;22:07:38;-0,5;0,0;0,0;0,0;50,0;Подготовка;
20251209;22:07:43;-0,5;0,0;0,0;0,0;50,0;Подготовка;
20251209;22:07:48;-0,5;0,0;0,0;0,0;50,0;Подготовка;
20251209;22:07:53;-0,5;0,0;0,0;0,0;50,0;Подготовка;
20251209;22:07:58;-0,5;0,0;0,0;0,0;50,0;Подготовка;
20251209;22:08:03;-0,5;0,0;0,0;0,0;50,0;Подготовка;
20251209;22:08:08;-0,5;0,0;0,0;0,0;50,0;Подготовка;
20251209;22:08:14;-0,5;0,0;0,0;0,0;50,0;Подготовка;
20251209;22:08:19;-0,5;0,0;0,0;0,0;50,0;Подготовка;
20251209;22:08:24;-0,5;0,0;0,0;0,0;50,0;Подготовка;
20251209;22:08:29;-0,5;0,0;0,0;0,0;50,0;Подготовка;
20251209;22:08:34;-0,5;0,0;0,0;0,0;50,0;Подготовка;
20251209;22:08:39;-0,5;0,0;0,0;0,0;50,0;Подготовка;
20251209;22:08:44;-0,5;0,0;0,0;0,0;50,0;Подготовка;
20251209;22:08:49;-0,5;0,0;0,0;0,0;50,0;Подготовка;
20251209;22:08:54;-0,5;0,0;0,0;0,0;50,0;Подготовка;
20251209;22:08:59;-0,5;0,0;0,0;0,0;50,0;Подготовка;
20251209;22:09:04;-0,5;0,0;0,0;0,0;50,0;Подготовка;
20251209;22:09:09;-0,5;0,0;0,0;0,0;50,0;Подготовка;
20251209;22:09:14;-0,5;0,0;0,0;0,0;50,0;Подготовка;
20251209;22:09:19;-0,5;0,0;0,0;0,0;50,0;Подготовка;
20251209;22:09:24;-0,5;0,0;0,0;0,0;50,0;Подготовка;
20251209;22:09:29;-0,5;0,0;0,0;0,0;50,0;Подготовка;
20251209;22:09:34;-0,5;0,0;0,0;0,0;50,0;Подготовка;
20251209;22:09:39;-0,5;0,0;0,0;0,0;50,0;Подготовка;
20251209;22:09:44;-0,5;0,0;0,0;0,0;50,0;Подготовка;
20251209;22:09:49;-0,5;0,0;0,0;0,0;50,0;Подготовка;
20251209;22:09:54;-0,5;0,0;0,0;0,0;50,0;Подготовка;
20251209;22:09:59;-0,5;0,0;0,0;0,0;50,0;Подготовка;
20251209;22:10:04;-0,5;0,0;0,0;0,0;50,0;Подготовка;
20251209;22:10:09;-0,5;0,0;0,0;0,0;50,0;Подготовка;
20251209;22:10:14;-0,5;0,0;0,0;0,0;50,0;Подготовка;
20251209;22:10:20;-0,5;0,0;0,0;0,0;50,0;Подготовка;
20251209;22:10:25;-0,5;0,0;0,0;0,0;50,0;Подготовка;
20251209;22:10:30;-0,5;0,0;0,0;0,0;50,0;Подготовка;
20251209;22:10:35;-0,5;0,0;0,0;0,0;50,0;Подготовка;
20251209;22:10:40;-0,5;0,0;0,0;0,0;50,0;Подготовка;
20251209;22:10:45;-0,5;0,0;0,0;0,0;50,0;Подготовка;
20251209;22:10:50;-0,5;0,0;0,0;0,0;50,0;Подготовка;
20251209;22:10:55;-0,5;0,0;0,0;0,0;50,0;Подготовка;
20251209;22:11:00;-0,5;0,0;0,0;0,0;50,0;Подготовка;
20251209;22:11:05;-0,5;0,0;0,0;0,0;50,0;Подготовка;
20251209;22:11:10;-0,5;0,0;0,0;0,0;50,0;Подготовка;
20251209;22:11:15;-0,5;0,0;0,0;0,0;50,0;Подготовка;
20251209;22:11:20;-0,5;0,0;0,0;0,0;50,0;Подготовка;
20251209;22:11:25;-0,5;0,0;0,0;0,0;50,0;Подготовка;
20251209;22:11:30;-0,5;0,0;0,0;0,0;50,0;Подготовка;
20251209;22:11:35;-0,5;0,0;0,0;0,0;50,0;Подготовка;
20251209;22:11:40;-0,5;0,0;0,0;0,0;50,0;Подготовка;
20251209;22:11:45;-0,5;0,0;0,0;0,0;50,0;Подготовка;
20251209;22:11:50;-0,5;0,0;0,0;0,0;50,0;Подготовка;
20251209;22:11:55;-0,5;0,0;0,0;0,0;50,0;Подготовка;
20251209;22:12:00;-0,5;0,0;0,0;0,0;50,0;Подготовка;
20251209;22:12:05;-0,5;0,0;0,0;0,0;50,0;Подготовка;
20251209;22:12:10;-0,5;0,0;0,0;0,0;50,0;Подготовка;
20251209;22:12:15;-0,5;0,0;0,0;0,0;50,0;Подготовка;
20251209;22:12:20;-0,5;0,0;0,0;0,0;50,0;Подготовка;
20251209;22:12:26;-0,5;0,0;0,0;0,0;50,0;Подготовка;
20251209;22:12:31;-0,5;0,0;0,0;0,0;50,0;Подготовка;
20251209;22:12:36;-0,5;0,0;0,0;0,0;50,0;Подготовка;
20251209;22:12:41;-0,5;0,0;0,0;0,0;50,0;Подготовка;
20251209;22:12:46;-0,5;0,0;0,0;0,0;50,0;Подготовка;
20251209;22:12:51;-0,5;0,0;0,0;0,0;50,0;Подготовка;
20251209;22:12:56;-0,5;0,0;0,0;0,0;50,0;Подготовка;
20251209;22:13:01;-0,5;0,0;0,0;0,0;50,0;Подготовка;
20251209;22:13:06;-0,5;0,0;0,0;0,0;50,0;Подготовка;
20251209;22:13:11;-0,5;0,0;0,0;0,0;50,0;Подготовка;
20251209;22:13:16;-0,5;0,0;0,0;0,0;50,0;Подготовка;
20251209;22:13:21;-0,5;0,0;0,0;0,0;50,0;Подготовка;
20251209;22:13:26;-0,5;0,0;0,0;0,0;50,0;Подготовка;
20251209;22:13:31;-0,5;0,0;0,0;0,0;50,0;Подготовка;
20251209;22:13:36;-0,5;0,0;0,0;0,0;50,0;Подготовка;
20251209;22:13:41;-0,5;0,0;0,0;0,0;50,0;Подготовка;
20251209;22:13:46;-0,5;0,0;0,0;0,0;50,0;Подготовка;
20251209;22:13:51;-0,5;0,0;0,0;0,0;50,0;Подготовка;
20251209;22:13:56;-0,5;0,0;0,0;0,0;50,0;Подготовка;
20251209;22:14:01;-0,5;0,0;0,0;0,0;50,0;Подготовка;
20251209;22:14:06;-0,5;0,0;0,0;0,0;50,0;Подготовка;
20251209;22:14:11;-0,5;0,0;0,0;0,0;50,0;Подготовка;
20251209;22:14:16;-0,5;0,0;0,0;0,0;50,0;Подготовка;
20251209;22:14:21;-0,5;0,0;0,0;0,0;50,0;Подготовка;
20251209;22:14:26;-0,5;0,0;0,0;0,0;50,0;Подготовка;
20251209;22:14:32;-0,5;0,0;0,0;0,0;50,0;Подготовка;
20251209;22:14:37;-0,5;0,0;0,0;0,0;50,0;Подготовка;
20251209;22:14:42;-0,5;0,0;0,0;0,0;50,0;Подготовка;
20251209;22:14:47;-0,5;0,0;0,0;0,0;50,0;Подготовка;
20251209;22:14:52;-0,5;0,0;0,0;0,0;50,0;Подготовка;
20251209;22:14:57;-0,5;0,0;0,0;0,0;50,0;Подготовка;
20251209;22:15:02;-0,5;0,0;0,0;0,0;50,0;Подготовка;
20251209;22:15:07;-0,5;0,0;0,0;0,0;50,0;Подготовка;
20251209;22:15:12;-0,5;0,0;0,0;0,0;50,0;Подготовка;
20251209;22:15:17;-0,5;0,0;0,0;0,0;50,0;Подготовка;
20251209;22:15:22;-0,5;0,0;0,0;0,0;50,0;Подготовка;
20251209;22:15:27;-0,5;0,0;0,0;0,0;50,0;Подготовка;
20251209;22:15:32;-0,5;0,0;0,0;0,0;50,0;Подготовка;
20251209;22:15:37;-0,5;0,0;0,0;0,0;50,0;Подготовка;
20251209;22:15:42;-0,5;0,0;0,0;0,0;50,0;Подготовка;
20251209;22:15:47;-0,5;0,0;0,0;0,0;50,0;Подготовка;
20251209;22:15:52;-0,5;0,0;0,0;0,0;50,0;Подготовка;
20251209;22:15:57;-0,5;0,0;0,0;0,0;50,0;Подготовка;
20251209;22:16:02;-0,5;0,0;0,0;0,0;50,0;Подготовка;
20251209;22:16:07;-0,5;0,0;0,0;0,0;50,0;Подготовка;
20251209;22:16:12;-0,5;0,0;0,0;0,0;50,0;Подготовка;
20251209;22:16:17;-0,5;0,0;0,0;0,0;50,0;Подготовка;
20251209;22:16:22;-0,5;0,0;0,0;0,0;50,0;Подготовка;
20251209;22:16:27;-0,5;0,0;0,0;0,0;50,0;Подготовка;
20251209;22:16:32;-0,5;0,0;0,0;0,0;50,0;Подготовка;
20251209;22:16:38;-0,5;0,0;0,0;0,0;50,0;Подготовка;
20251209;22:16:43;-0,5;0,0;0,0;0,0;50,0;Подготовка;
20251209;22:16:48;-0,5;0,0;0,0;0,0;50,0;Подготовка;
20251209;22:16:53;-0,5;0,0;0,0;0,0;50,0;Подготовка;
20251209;22:16:58;-0,5;0,0;0,0;0,0;50,0;Подготовка;
20251209;22:17:03;-0,5;0,0;0,0;0,0;50,0;Подготовка;
20251209;22:17:08;-0,5;0,0;0,0;0,0;50,0;Подготовка;
20251209;22:17:13;-0,5;0,0;0,0;0,0;50,0;Подготовка;
20251209;22:17:18;-0,5;0,0;0,0;0,0;50,0;Подготовка;
20251209;22:17:23;-0,5;0,0;0,0;0,0;50,0;Подготовка;
20251209;22:17:28;-0,5;0,0;0,0;0,0;50,0;Подготовка;
20251209;22:17:33;-0,5;0,0;0,0;0,0;50,0;Подготовка;
20251209;22:17:38;-0,5;0,0;0,0;0,0;50,0;Подготовка;
20251209;22:17:43;-0,5;0,0;0,0;0,0;50,0;Подготовка;
20251209;22:17:48;-0,5;0,0;0,0;0,0;50,0;Подготовка;
20251209;22:17:53;-0,5;0,0;0,0;0,0;50,0;Подготовка;
20251209;22:17:58;-0,5;0,0;0,0;0,0;50,0;Подготовка;
20251209;22:18:03;-0,5;0,0;0,0;0,0;50,0;Подготовка;
20251209;22:18:08;-0,5;0,0;0,0;0,0;50,0;Подготовка;
20251209;22:18:13;-0,5;0,0;0,0;0,0;50,0;Подготовка;
20251209;22:18:18;-0,5;0,0;0,0;0,0;50,0;Подготовка;
20251209;22:18:23;-0,5;0,0;0,0;0,0;50,0;Подготовка;
20251209;22:18:28;-0,5;0,0;0,0;0,0;50,0;Подготовка;
20251209;22:18:33;-0,5;0,0;0,0;0,0;50,0;Подготовка;
20251209;22:18:38;-0,5;0,0;0,0;0,0;50,0;Подготовка;
20251209;22:18:44;-0,5;0,0;0,0;0,0;50,0;Подготовка;
20251209;22:18:49;-0,5;0,0;0,0;0,0;50,0;Подготовка;
20251209;22:18:54;-0,5;0,0;0,0;0,0;50,0;Подготовка;
20251209;22:18:59;-0,5;0,0;0,0;0,0;50,0;Подготовка;
20251209;22:19:04;-0,5;0,0;0,0;0,0;50,0;Подготовка;
20251209;22:19:09;-0,5;0,0;0,0;0,0;50,0;Подготовка;
20251209;22:19:14;-0,5;0,0;0,0;0,0;50,0;Подготовка;
20251209;22:19:19;-0,5;0,0;0,0;0,0;50,0;Подготовка;
20251209;22:19:24;-0,5;0,0;0,0;0,0;50,0;Подготовка;
20251209;22:19:29;-0,5;0,0;0,0;0,0;50,0;Подготовка;
20251209;22:19:34;-0,5;0,0;0,0;0,0;50,0;Подготовка;
20251209;22:19:39;-0,5;0,0;0,0;0,0;50,0;Подготовка;
20251209;22:19:44;-0,5;0,0;0,0;0,0;50,0;Подготовка;
20251209;22:19:49;-0,5;0,0;0,0;0,0;50,0;Подготовка;
20251209;22:19:54;-0,5;0,0;0,0;0,0;50,0;Подготовка;
20251209;22:19:59;-0,5;0,0;0,0;0,0;50,0;Подготовка;
20251209;22:20:04;-0,5;0,0;0,0;0,0;50,0;Подготовка;
20251209;22:20:09;-0,5;0,0;0,0;0,0;50,0;Подготовка;
20251209;22:20:14;-0,5;0,0;0,0;0,0;50,0;Подготовка;
20251209;22:20:19;-0,5;0,0;0,0;0,0;50,0;Подготовка;
20251209;22:20:24;-0,5;0,0;0,0;0,0;50,0;Подготовка;
20251209;22:20:29;-0,5;0,0;0,0;0,0;50,0;Подготовка;
20251209;22:20:34;-0,5;0,0;0,0;0,0;50,0;Подготовка;
20251209;22:20:39;-0,5;0,0;0,0;0,0;50,0;Подготовка;
20251209;22:20:44;-0,5;0,0;0,0;0,0;50,0;Подготовка;
20251209;22:20:50;-0,5;0,0;0,0;0,0;50,0;Подготовка;
20251209;22:20:55;-0,5;0,0;0,0;0,0;50,0;Подготовка;
20251209;22:21:00;-0,5;0,0;0,0;0,0;50,0;Подготовка;
20251209;22:21:05;-0,5;0,0;0,0;0,0;50,0;Подготовка;
20251209;22:21:10;-0,5;0,0;0,0;0,0;50,0;Подготовка;
20251209;22:21:15;-0,5;0,0;0,0;0,0;50,0;Подготовка;
20251209;22:21:20;-0,5;0,0;0,0;0,0;50,0;Подготовка;
20251209;22:21:25;-0,5;0,0;0,0;0,0;50,0;Подготовка;
20251209;22:21:30;-0,5;0,0;0,0;0,0;50,0;Подготовка;
20251209;22:21:35;-0,5;0,0;0,0;0,0;50,0;Подготовка;
20251209;22:21:40;-0,5;0,0;0,0;0,0;50,0;Подготовка;
20251209;22:21:45;-0,5;0,0;0,0;0,0;50,0;Подготовка;
20251209;22:21:50;-0,5;0,0;0,0;0,0;50,0;Подготовка;
20251209;22:21:55;-0,5;0,0;0,0;0,0;50,0;Подготовка;
20251209;22:22:00;-0,5;0,0;0,0;0,0;50,0;Подготовка;
20251209;22:22:05;-0,5;0,0;0,0;0,0;50,0;Подготовка;
20251209;22:22:10;-0,5;0,0;0,0;0,0;50,0;Подготовка;
20251209;22:22:15;-0,5;0,0;0,0;0,0;50,0;Подготовка;
20251209;22:22:20;-0,5;0,0;0,0;0,0;50,0;Подготовка;
20251209;22:22:25;-0,5;0,0;0,0;0,0;50,0;Подготовка;
20251209;22:22:30;-0,5;0,0;0,0;0,0;50,0;Подготовка;
20251209;22:22:35;-0,5;0,0;0,0;0,0;50,0;Подготовка;
20251209;22:22:40;-0,5;0,0;0,0;0,0;50,0;Подготовка;
20251209;22:22:45;-0,5;0,0;0,0;0,0;50,0;Подготовка;
20251209;22:22:50;-0,5;0,0;0,0;0,0;50,0;Подготовка;
20251209;22:22:56;-0,5;0,0;0,0;0,0;50,0;Подготовка;
20251209;22:23:01;-0,5;0,0;0,0;0,0;50,0;Подготовка;
20251209;22:23:06;-0,5;0,0;0,0;0,0;50,0;Подготовка;
20251209;22:23:11;-0,5;0,0;0,0;0,0;50,0;Подготовка;
20251209;22:23:16;-0,5;0,0;0,0;0,0;50,0;Подготовка;
20251209;22:23:21;-0,5;0,0;0,0;0,0;50,0;Подготовка;
20251209;22:23:26;-0,5;0,0;0,0;0,0;50,0;Подготовка;
20251209;22:23:31;-0,5;0,0;0,0;0,0;50,0;Подготовка;
20251209;22:23:36;-0,5;0,0;0,0;0,0;50,0;Подготовка;
20251209;22:23:41;-0,5;0,0;0,0;0,0;50,0;Подготовка;
20251209;22:23:46;-0,5;0,0;0,0;0,0;50,0;Подготовка;
20251209;22:23:51;-0,5;0,0;0,0;0,0;50,0;Подготовка;
20251209;22:23:56;-0,5;0,0;0,0;0,0;50,0;Подготовка;
20251209;22:24:01;-0,5;0,0;0,0;0,0;50,0;Подготовка;
20251209;22:24:06;-0,5;0,0;0,0;0,0;50,0;Подготовка;
20251209;22:24:11;-0,5;0,0;0,0;0,0;50,0;Подготовка;
20251209;22:24:16;-0,5;0,0;0,0;0,0;50,0;Подготовка;
20251209;22:24:21;-0,5;0,0;0,0;0,0;50,0;Подготовка;
20251209;22:24:26;-0,5;0,0;0,0;0,0;50,0;Подготовка;
20251209;22:24:31;-0,5;0,0;0,0;0,0;50,0;Подготовка;
20251209;22:24:36;-0,5;0,0;0,0;0,0;50,0;Подготовка;
20251209;22:24:41;-0,5;0,0;0,0;0,0;50,0;Подготовка;
20251209;22:24:46;-0,5;0,0;0,0;0,0;50,0;Подготовка;
20251209;22:24:51;-0,5;0,0;0,0;0,0;50,0;Подготовка;
20251209;22:24:56;-0,5;0,0;0,0;0,0;50,0;Подготовка;
20251209;22:25:02;-0,5;0,0;0,0;0,0;50,0;Подготовка;
20251209;22:25:07;-0,5;0,0;0,0;0,0;50,0;Подготовка;
20251209;22:25:12;-0,5;0,0;0,0;0,0;50,0;Подготовка;
20251209;22:25:17;-0,5;0,0;0,0;0,0;50,0;Подготовка;
20251209;22:25:22;-0,5;0,0;0,0;0,0;50,0;Подготовка;
20251209;22:25:27;-0,5;0,0;0,0;0,0;50,0;Подготовка;
20251209;22:25:32;-0,5;0,0;0,0;0,0;50,0;Подготовка;
20251209;22:25:37;-0,5;0,0;0,0;0,0;50,0;Подготовка;
20251209;22:25:42;-0,5;0,0;0,0;0,0;50,0;Подготовка;
20251209;22:25:47;-0,5;0,0;0,0;0,0;50,0;Подготовка;
20251209;22:25:52;-0,5;0,0;0,0;0,0;50,0;Подготовка;
20251209;22:25:57;-0,5;0,0;0,0;0,0;50,0;Подготовка;
20251209;22:26:02;-0,5;0,0;0,0;0,0;50,0;Подготовка;
20251209;22:26:07;-0,5;0,0;0,0;0,0;50,0;Подготовка;
20251209;22:26:12;-0,5;0,0;0,0;0,0;50,0;Подготовка;
20251209;22:26:17;-0,5;0,0;0,0;0,0;50,0;Подготовка;
20251209;22:26:22;-0,5;0,0;0,0;0,0;50,0;Подготовка;
20251209;22:26:27;-0,5;0,0;0,0;0,0;50,0;Подготовка;
20251209;22:26:32;-0,5;0,0;0,0;0,0;50,0;Подготовка;
20251209;22:26:37;-0,5;0,0;0,0;0,0;50,0;Подготовка;
20251209;22:26:42;-0,5;0,0;0,0;0,0;50,0;Подготовка;
20251209;22:26:47;-0,5;0,0;0,0;0,0;50,0;Подготовка;
20251209;22:26:52;-0,5;0,0;0,0;0,0;50,0;Подготовка;
20251209;22:26:57;-0,5;0,0;0,0;0,0;50,0;Подготовка;
20251209;22:27:02;-0,5;0,0;0,0;0,0;50,0;Подготовка;
20251209;22:27:08;-0,5;0,0;0,0;0,0;50,0;Подготовка;
20251209;22:27:13;-0,5;0,0;0,0;0,0;50,0;Подготовка;
20251209;22:27:18;-0,5;0,0;0,0;0,0;50,0;Подготовка;
20251209;22:27:23;-0,5;0,0;0,0;0,0;50,0;Подготовка;
20251209;22:27:28;-0,5;0,0;0,0;0,0;50,0;Подготовка;
20251209;22:27:33;-0,5;0,0;0,0;0,0;50,0;Подготовка;
20251209;22:27:38;-0,5;0,0;0,0;0,0;50,0;Подготовка;
20251209;22:27:43;-0,5;0,0;0,0;0,0;50,0;Подготовка;
20251209;22:27:48;-0,5;0,0;0,0;0,0;50,0;Подготовка;
20251209;22:27:53;-0,5;0,0;0,0;0,0;50,0;Подготовка;
20251209;22:27:58;-0,5;0,0;0,0;0,0;50,0;Подготовка;
20251209;22:28:03;-0,5;0,0;0,0;0,0;50,0;Подготовка;
20251209;22:28:08;-0,5;0,0;0,0;0,0;50,0;Подготовка;
20251209;22:28:13;-0,5;0,0;0,0;0,0;50,0;Подготовка;
20251209;22:28:18;-0,5;0,0;0,0;0,0;50,0;Подготовка;
20251209;22:28:23;-0,5;0,0;0,0;0,0;50,0;Подготовка;
20251209;22:28:28;-0,5;0,0;0,0;0,0;50,0;Подготовка;
20251209;22:28:33;-0,5;0,0;0,0;0,0;50,0;Подготовка;
20251209;22:28:38;-0,5;0,0;0,0;0,0;50,0;Подготовка;
20251209;22:28:43;-0,5;0,0;0,0;0,0;50,0;Подготовка;
20251209;22:28:48;-0,5;0,0;0,0;0,0;50,0;Подготовка;
20251209;22:28:53;-0,5;0,0;0,0;0,0;50,0;Подготовка;
20251209;22:28:58;-0,5;0,0;0,0;0,0;50,0;Подготовка;
20251209;22:29:03;-0,5;0,0;0,0;0,0;50,0;Подготовка;
20251209;22:29:08;-0,5;0,0;0,0;0,0;50,0;Подготовка;
20251209;22:29:14;-0,5;0,0;0,0;0,0;50,0;Подготовка;
20251209;22:29:19;-0,5;0,0;0,0;0,0;50,0;Подготовка;
20251209;22:29:24;-0,5;0,0;0,0;0,0;50,0;Подготовка;
20251209;22:29:29;-0,5;0,0;0,0;0,0;50,0;Подготовка;
20251209;22:29:34;-0,5;0,0;0,0;0,0;50,0;Подготовка;
20251209;22:29:39;-0,5;0,0;0,0;0,0;50,0;Подготовка;
20251209;22:29:44;-0,5;0,0;0,0;0,0;50,0;Подготовка;
20251209;22:29:49;-0,5;0,0;0,0;0,0;50,0;Подготовка;
20251209;22:29:54;-0,5;0,0;0,0;0,0;50,0;Подготовка;
20251209;22:29:59;-0,5;0,0;0,0;0,0;50,0;Подготовка;
20251209;22:30:04;-0,5;0,0;0,0;0,0;50,0;Подготовка;
20251209;22:30:09;-0,5;0,0;0,0;0,0;50,0;Подготовка;
20251209;22:30:14;-0,5;0,0;0,0;0,0;50,0;Подготовка;
20251209;22:30:19;-0,5;0,0;0,0;0,0;50,0;Подготовка;
20251209;22:30:24;-0,5;0,0;0,0;0,0;50,0;Подготовка;
20251209;22:30:29;-0,5;0,0;0,0;0,0;50,0;Подготовка;
20251209;22:30:34;-0,5;0,0;0,0;0,0;50,0;Подготовка;
20251209;22:30:39;-0,5;0,0;0,0;0,0;50,0;Подготовка;
20251209;22:30:44;-0,5;0,0;0,0;0,0;50,0;Подготовка;
20251209;22:30:49;-0,5;0,0;0,0;0,0;50,0;Подготовка;
20251209;22:30:54;-0,5;0,0;0,0;0,0;50,0;Подготовка;
20251209;22:30:59;-0,5;0,0;0,0;0,0;50,0;Подготовка;
20251209;22:31:04;-0,5;0,0;0,0;0,0;50,0;Подготовка;
20251209;22:31:09;-0,5;0,0;0,0;0,0;50,0;Подготовка;
20251209;22:31:14;-0,5;0,0;0,0;0,0;50,0;Подготовка;
20251209;22:31:20;-0,5;0,0;0,0;0,0;50,0;Подготовка;
20251209;22:31:25;-0,5;0,0;0,0;0,0;50,0;Подготовка;
20251209;22:31:30;-0,5;0,0;0,0;0,0;50,0;Подготовка;
20251209;22:31:35;-0,5;0,0;0,0;0,0;50,0;Подготовка;
20251209;22:31:40;-0,5;0,0;0,0;0,0;50,0;Подготовка;
20251209;22:31:45;-0,5;0,0;0,0;0,0;50,0;Подготовка;
20251209;22:31:50;-0,5;0,0;0,0;0,0;50,0;Подготовка;
20251209;22:31:55;-0,5;0,0;0,0;0,0;50,0;Подготовка;
20251209;22:32:00;-0,5;0,0;0,0;0,0;50,0;Подготовка;
20251209;22:32:05;-0,5;0,0;0,0;0,0;50,0;Подготовка;
20251209;22:32:10;-0,5;0,0;0,0;0,0;50,0;Подготовка;
20251209;22:32:15;-0,5;0,0;0,0;0,0;50,0;Подготовка;
20251209;22:32:20;-0,5;0,0;0,0;0,0;50,0;Подготовка;
20251209;22:32:25;-0,5;0,0;0,0;0,0;50,0;Подготовка;
20251209;22:32:30;-0,5;0,0;0,0;0,0;50,0;Подготовка;
20251209;22:32:35;-0,5;0,0;0,0;0,0;50,0;Подготовка;
20251209;22:32:40;-0,5;0,0;0,0;0,0;50,0;Подготовка;
20251209;22:32:45;-0,5;0,0;0,0;0,0;50,0;Подготовка;
20251209;22:32:50;-0,5;0,0;0,0;0,0;50,0;Подготовка;
20251209;22:32:55;-0,5;0,0;0,0;0,0;50,0;Подготовка;
20251209;22:33:00;-0,5;0,0;0,0;0,0;50,0;Подготовка;
20251209;22:33:05;-0,5;0,0;0,0;0,0;50,0;Подготовка;
20251209;22:33:10;-0,5;0,0;0,0;0,0;50,0;Подготовка;
20251209;22:33:15;-0,5;0,0;0,0;0,0;50,0;Подготовка;
20251209;22:33:20;-0,5;0,0;0,0;0,0;50,0;Подготовка;
20251209;22:33:26;-0,5;0,0;0,0;0,0;50,0;Подготовка;
20251209;22:33:31;-0,5;0,0;0,0;0,0;50,0;Подготовка;
20251209;22:33:36;-0,5;0,0;0,0;0,0;50,0;Подготовка;
20251209;22:33:41;-0,5;0,0;0,0;0,0;50,0;Подготовка;
20251209;22:33:46;-0,5;0,0;0,0;0,0;50,0;Подготовка;
20251209;22:33:51;-0,5;0,0;0,0;0,0;50,0;Подготовка;
20251209;22:33:56;-0,5;0,0;0,0;0,0;50,0;Подготовка;
20251209;22:34:01;-0,5;0,0;0,0;0,0;50,0;Подготовка;
20251209;22:34:06;-0,5;0,0;0,0;0,0;50,0;Подготовка;
20251209;22:34:11;-0,5;0,0;0,0;0,0;50,0;Подготовка;
20251209;22:34:16;-0,5;0,0;0,0;0,0;50,0;Подготовка;
20251209;22:34:21;-0,5;0,0;0,0;0,0;50,0;Подготовка;
20251209;22:34:26;-0,5;0,0;0,0;0,0;50,0;Подготовка;
20251209;22:34:31;-0,5;0,0;0,0;0,0;50,0;Подготовка;
20251209;22:34:36;-0,5;0,0;0,0;0,0;50,0;Подготовка;
20251209;22:34:41;-0,5;0,0;0,0;0,0;50,0;Подготовка;
20251209;22:34:46;-0,5;0,0;0,0;0,0;50,0;Подготовка;
20251209;22:34:51;-0,5;0,0;0,0;0,0;50,0;Подготовка;
20251209;22:34:56;-0,5;0,0;0,0;0,0;50,0;Подготовка;
20251209;22:35:01;-0,5;0,0;0,0;0,0;50,0;Подготовка;
Предприятие;
Объект;
Вид оборудования;
Дисп. наименование;
Тип;
Зав. номер;
Сер. номер;
Год выпуска;
Год ввода в эксплуатацию;
Дата отбора пробы;
Марка пробы;
Температура пробы;
DATE ;TIME ;TS_TEMP ;PROB_TEMP ;PROB_OTN_VL ;PROBE_VlAGOSOD ;SP ;STATUS ; 
20251209;22:35:18;-0,39;0,0;0,0;0,0;50,0;Включение;
20251209;22:35:23;-0,49;0,0;0,0;0,0;50,0;Включение;
20251209;22:35:28;-0,49;0,0;0,0;0,0;50,0;Подготовка;
20251209;22:35:33;-0,49;0,0;0,0;0,0;50,0;Подготовка;
20251209;22:35:38;-0,49;0,0;0,0;0,0;50,0;Подготовка;
20251209;22:35:44;-0,49;0,0;0,0;0,0;50,0;Подготовка;
20251209;22:35:49;-0,5;0,0;0,0;0,0;50,0;Подготовка;
20251209;22:35:54;-0,5;0,0;0,0;0,0;50,0;Подготовка;
20251209;22:35:59;-0,5;0,0;0,0;0,0;50,0;Подготовка;
20251209;22:36:04;-0,5;0,0;0,0;0,0;50,0;Подготовка;
20251209;22:36:09;-0,5;0,0;0,0;0,0;50,0;Подготовка;
20251209;22:36:14;-0,5;0,0;0,0;0,0;50,0;Подготовка;
20251209;22:36:19;-0,5;0,0;0,0;0,0;50,0;Подготовка;
20251209;22:36:24;-0,5;0,0;0,0;0,0;50,0;Подготовка;
20251209;22:36:29;-0,5;0,0;0,0;0,0;50,0;Подготовка;
20251209;22:36:34;-0,5;0,0;0,0;0,0;50,0;Подготовка;
20251209;22:36:39;-0,5;0,0;0,0;0,0;50,0;Подготовка;
20251209;22:36:44;-0,5;0,0;0,0;0,0;50,0;Подготовка;
20251209;22:36:49;-0,5;0,0;0,0;0,0;50,0;Подготовка;
20251209;22:36:54;-0,5;0,0;0,0;0,0;50,0;Подготовка;
20251209;22:36:59;-0,5;0,0;0,0;0,0;50,0;Подготовка;
20251209;22:37:04;-0,5;0,0;0,0;0,0;50,0;Подготовка;
20251209;22:37:09;-0,5;0,0;0,0;0,0;50,0;Подготовка;
20251209;22:37:14;-0,5;0,0;0,0;0,0;50,0;Подготовка;
20251209;22:37:19;-0,5;0,0;0,0;0,0;50,0;Подготовка;
20251209;22:37:24;-0,5;0,0;0,0;0,0;50,0;Подготовка;
20251209;22:37:29;-0,5;0,0;0,0;0,0;50,0;Подготовка;
20251209;22:37:34;-0,5;0,0;0,0;0,0;50,0;Подготовка;
20251209;22:37:39;-0,5;0,0;0,0;0,0;50,0;Подготовка;
20251209;22:37:44;-0,5;0,0;0,0;0,0;50,0;Подготовка;
20251209;22:37:50;-0,5;0,0;0,0;0,0;50,0;Подготовка;
20251209;22:37:55;-0,5;0,0;0,0;0,0;50,0;Подготовка;
20251209;22:38:00;-0,5;0,0;0,0;0,0;50,0;Подготовка;
20251209;22:38:05;-0,5;0,0;0,0;0,0;50,0;Подготовка;
20251209;22:38:10;-0,5;0,0;0,0;0,0;50,0;Подготовка;
20251209;22:38:15;-0,5;0,0;0,0;0,0;50,0;Подготовка;
20251209;22:38:20;-0,5;0,0;0,0;0,0;50,0;Подготовка;
20251209;22:38:25;-0,5;0,0;0,0;0,0;50,0;Подготовка;
20251209;22:38:30;-0,5;0,0;0,0;0,0;50,0;Подготовка;
20251209;22:38:35;-0,5;0,0;0,0;0,0;50,0;Подготовка;
20251209;22:38:40;-0,5;0,0;0,0;0,0;50,0;Подготовка;
20251209;22:38:45;-0,5;0,0;0,0;0,0;50,0;Подготовка;
20251209;22:38:50;-0,5;0,0;0,0;0,0;50,0;Подготовка;
20251209;22:38:55;-0,5;0,0;0,0;0,0;50,0;Подготовка;
20251209;22:39:00;-0,5;0,0;0,0;0,0;50,0;Подготовка;
20251209;22:39:05;-0,5;0,0;0,0;0,0;50,0;Подготовка;
20251209;22:39:10;-0,5;0,0;0,0;0,0;50,0;Подготовка;
20251209;22:39:15;-0,5;0,0;0,0;0,0;50,0;Подготовка;
20251209;22:39:20;-0,5;0,0;0,0;0,0;50,0;Подготовка;
20251209;22:39:25;-0,5;0,0;0,0;0,0;50,0;Подготовка;
20251209;22:39:30;-0,5;0,0;0,0;0,0;50,0;Подготовка;
20251209;22:39:35;-0,5;0,0;0,0;0,0;50,0;Подготовка;
20251209;22:39:40;-0,5;0,0;0,0;0,0;50,0;Подготовка;
20251209;22:39:45;-0,5;0,0;0,0;0,0;50,0;Подготовка;
20251209;22:39:50;-0,5;0,0;0,0;0,0;50,0;Подготовка;
20251209;22:39:56;-0,5;0,0;0,0;0,0;50,0;Подготовка;
20251209;22:40:01;-0,5;0,0;0,0;0,0;50,0;Подготовка;
20251209;22:40:06;-0,5;0,0;0,0;0,0;50,0;Подготовка;
20251209;22:40:11;-0,5;0,0;0,0;0,0;50,0;Подготовка;
20251209;22:40:16;-0,5;0,0;0,0;0,0;50,0;Подготовка;
20251209;22:40:21;-0,5;0,0;0,0;0,0;50,0;Подготовка;
20251209;22:40:26;-0,5;0,0;0,0;0,0;50,0;Подготовка;
20251209;22:40:31;-0,5;0,0;0,0;0,0;50,0;Подготовка;
20251209;22:40:36;-0,5;0,0;0,0;0,0;50,0;Подготовка;
20251209;22:40:41;-0,5;0,0;0,0;0,0;50,0;Подготовка;
20251209;22:40:46;-0,5;0,0;0,0;0,0;50,0;Подготовка;
20251209;22:40:51;-0,5;0,0;0,0;0,0;50,0;Подготовка;
20251209;22:40:56;-0,5;0,0;0,0;0,0;50,0;Подготовка;
20251209;22:41:01;-0,5;0,0;0,0;0,0;50,0;Подготовка;
20251209;22:41:06;-0,5;0,0;0,0;0,0;50,0;Подготовка;
20251209;22:41:11;-0,5;0,0;0,0;0,0;50,0;Подготовка;
20251209;22:41:16;-0,5;0,0;0,0;0,0;50,0;Подготовка;
20251209;22:41:21;-0,5;0,0;0,0;0,0;50,0;Подготовка;
20251209;22:41:26;-0,5;0,0;0,0;0,0;50,0;Подготовка;
20251209;22:41:31;-0,5;0,0;0,0;0,0;50,0;Подготовка;
20251209;22:41:36;-0,5;0,0;0,0;0,0;50,0;Подготовка;
20251209;22:41:41;-0,5;0,0;0,0;0,0;50,0;Подготовка;
20251209;22:41:46;-0,5;0,0;0,0;0,0;50,0;Подготовка;
20251209;22:41:51;-0,5;0,0;0,0;0,0;50,0;Подготовка;
20251209;22:41:56;-0,5;0,0;0,0;0,0;50,0;Подготовка;
20251209;22:42:02;-0,5;0,0;0,0;0,0;50,0;Подготовка;
20251209;22:42:07;-0,5;0,0;0,0;0,0;50,0;Подготовка;
20251209;22:42:12;-0,5;0,0;0,0;0,0;50,0;Подготовка;
20251209;22:42:17;-0,5;0,0;0,0;0,0;50,0;Подготовка;
20251209;22:42:22;-0,5;0,0;0,0;0,0;50,0;Подготовка;
20251209;22:42:27;-0,5;0,0;0,0;0,0;50,0;Подготовка;
20251209;22:42:32;-0,5;0,0;0,0;0,0;50,0;Подготовка;
20251209;22:42:37;-0,5;0,0;0,0;0,0;50,0;Подготовка;
20251209;22:42:42;-0,5;0,0;0,0;0,0;50,0;Подготовка;
20251209;22:42:47;-0,5;0,0;0,0;0,0;50,0;Подготовка;
20251209;22:42:52;-0,5;0,0;0,0;0,0;50,0;Подготовка;
20251209;22:42:57;-0,5;0,0;0,0;0,0;50,0;Подготовка;
20251209;22:43:02;-0,5;0,0;0,0;0,0;50,0;Подготовка;
20251209;22:43:07;-0,5;0,0;0,0;0,0;50,0;Подготовка;
20251209;22:43:12;-0,5;0,0;0,0;0,0;50,0;Подготовка;
20251209;22:43:17;-0,5;0,0;0,0;0,0;50,0;Подготовка;
20251209;22:43:22;-0,5;0,0;0,0;0,0;50,0;Подготовка;
20251209;22:43:27;-0,5;0,0;0,0;0,0;50,0;Подготовка;
20251209;22:43:32;-0,5;0,0;0,0;0,0;50,0;Подготовка;
20251209;22:43:37;-0,5;0,0;0,0;0,0;50,0;Подготовка;
20251209;22:43:42;-0,5;0,0;0,0;0,0;50,0;Подготовка;
20251209;22:43:47;-0,5;0,0;0,0;0,0;50,0;Подготовка;
20251209;22:43:52;-0,5;0,0;0,0;0,0;50,0;Подготовка;
20251209;22:43:57;-0,5;0,0;0,0;0,0;50,0;Подготовка;
20251209;22:44:02;-0,5;0,0;0,0;0,0;50,0;Подготовка;
20251209;22:44:08;-0,5;0,0;0,0;0,0;50,0;Подготовка;
20251209;22:44:13;-0,5;0,0;0,0;0,0;50,0;Подготовка;
20251209;22:44:18;-0,5;0,0;0,0;0,0;50,0;Подготовка;
20251209;22:44:23;-0,5;0,0;0,0;0,0;50,0;Подготовка;
20251209;22:44:28;-0,5;0,0;0,0;0,0;50,0;Подготовка;
20251209;22:44:33;-0,5;0,0;0,0;0,0;50,0;Подготовка;
20251209;22:44:38;-0,5;0,0;0,0;0,0;50,0;Подготовка;
20251209;22:44:43;-0,5;0,0;0,0;0,0;50,0;Подготовка;
20251209;22:44:48;-0,5;0,0;0,0;0,0;50,0;Подготовка;
20251209;22:44:53;-0,5;0,0;0,0;0,0;50,0;Подготовка;
20251209;22:44:58;-0,5;0,0;0,0;0,0;50,0;Подготовка;
20251209;22:45:03;-0,5;0,0;0,0;0,0;50,0;Подготовка;
20251209;22:45:08;-0,5;0,0;0,0;0,0;50,0;Подготовка;
20251209;22:45:13;-0,5;0,0;0,0;0,0;50,0;Подготовка;
20251209;22:45:18;-0,5;0,0;0,0;0,0;50,0;Подготовка;
20251209;22:45:23;-0,5;0,0;0,0;0,0;50,0;Подготовка;
20251209;22:45:28;-0,5;0,0;0,0;0,0;50,0;Подготовка;
20251209;22:45:33;-0,5;0,0;0,0;0,0;50,0;Подготовка;
20251209;22:45:38;-0,5;0,0;0,0;0,0;50,0;Подготовка;
20251209;22:45:43;-0,5;0,0;0,0;0,0;50,0;Подготовка;
20251209;22:45:48;-0,5;0,0;0,0;0,0;50,0;Подготовка;
20251209;22:45:53;-0,5;0,0;0,0;0,0;50,0;Подготовка;
20251209;22:45:58;-0,5;0,0;0,0;0,0;50,0;Подготовка;
20251209;22:46:03;-0,5;0,0;0,0;0,0;50,0;Подготовка;
20251209;22:46:08;-0,5;0,0;0,0;0,0;50,0;Подготовка;
20251209;22:46:14;-0,5;0,0;0,0;0,0;50,0;Подготовка;
20251209;22:46:19;-0,5;0,0;0,0;0,0;50,0;Подготовка;
20251209;22:46:24;-0,5;0,0;0,0;0,0;50,0;Подготовка;
20251209;22:46:29;-0,5;0,0;0,0;0,0;50,0;Подготовка;
20251209;22:46:34;-0,5;0,0;0,0;0,0;50,0;Подготовка;
20251209;22:46:39;-0,5;0,0;0,0;0,0;50,0;Подготовка;
20251209;22:46:44;-0,5;0,0;0,0;0,0;50,0;Подготовка;
20251209;22:46:49;-0,5;0,0;0,0;0,0;50,0;Подготовка;
20251209;22:46:54;-0,5;0,0;0,0;0,0;50,0;Подготовка;
20251209;22:46:59;-0,5;0,0;0,0;0,0;50,0;Подготовка;
20251209;22:47:04;-0,5;0,0;0,0;0,0;50,0;Подготовка;
20251209;22:47:09;-0,5;0,0;0,0;0,0;50,0;Подготовка;
20251209;22:47:14;-0,5;0,0;0,0;0,0;50,0;Подготовка;
20251209;22:47:19;-0,5;0,0;0,0;0,0;50,0;Подготовка;
20251209;22:47:24;-0,5;0,0;0,0;0,0;50,0;Подготовка;
20251209;22:47:29;-0,5;0,0;0,0;0,0;50,0;Подготовка;
20251209;22:47:34;-0,5;0,0;0,0;0,0;50,0;Подготовка;
20251209;22:47:39;-0,5;0,0;0,0;0,0;50,0;Подготовка;
20251209;22:47:44;-0,5;0,0;0,0;0,0;50,0;Подготовка;
20251209;22:47:49;-0,5;0,0;0,0;0,0;50,0;Подготовка;
20251209;22:47:54;-0,5;0,0;0,0;0,0;50,0;Подготовка;
20251209;22:47:59;-0,5;0,0;0,0;0,0;50,0;Подготовка;
20251209;22:48:04;-0,5;0,0;0,0;0,0;50,0;Подготовка;
20251209;22:48:09;-0,5;0,0;0,0;0,0;50,0;Подготовка;
20251209;22:48:14;-0,5;0,0;0,0;0,0;50,0;Подготовка;
20251209;22:48:20;-0,5;0,0;0,0;0,0;50,0;Подготовка;
20251209;22:48:25;-0,5;0,0;0,0;0,0;50,0;Подготовка;
20251209;22:48:30;-0,5;0,0;0,0;0,0;50,0;Подготовка;
20251209;22:48:35;-0,5;0,0;0,0;0,0;50,0;Подготовка;
20251209;22:48:40;-0,5;0,0;0,0;0,0;50,0;Подготовка;
20251209;22:48:45;-0,5;0,0;0,0;0,0;50,0;Подготовка;
20251209;22:48:50;-0,5;0,0;0,0;0,0;50,0;Подготовка;
20251209;22:48:55;-0,5;0,0;0,0;0,0;50,0;Подготовка;
20251209;22:49:00;-0,5;0,0;0,0;0,0;50,0;Подготовка;
20251209;22:49:05;-0,5;0,0;0,0;0,0;50,0;Подготовка;
20251209;22:49:10;-0,5;0,0;0,0;0,0;50,0;Подготовка;
20251209;22:49:15;-0,5;0,0;0,0;0,0;50,0;Подготовка;
20251209;22:49:20;-0,5;0,0;0,0;0,0;50,0;Подготовка;
20251209;22:49:25;-0,5;0,0;0,0;0,0;50,0;Подготовка;
20251209;22:49:30;-0,5;0,0;0,0;0,0;50,0;Подготовка;
20251209;22:49:35;-0,5;0,0;0,0;0,0;50,0;Подготовка;
20251209;22:49:40;-0,5;0,0;0,0;0,0;50,0;Подготовка;
20251209;22:49:45;-0,5;0,0;0,0;0,0;50,0;Подготовка;
20251209;22:49:50;-0,5;0,0;0,0;0,0;50,0;Подготовка;
20251209;22:49:55;-0,5;0,0;0,0;0,0;50,0;Подготовка;
20251209;22:50:00;-0,5;0,0;0,0;0,0;50,0;Подготовка;
20251209;22:50:05;-0,5;0,0;0,0;0,0;50,0;Подготовка;
20251209;22:50:10;-0,5;0,0;0,0;0,0;50,0;Подготовка;
20251209;22:50:15;-0,5;0,0;0,0;0,0;50,0;Подготовка;
20251209;22:50:20;-0,5;0,0;0,0;0,0;50,0;Подготовка;
20251209;22:50:26;-0,5;0,0;0,0;0,0;50,0;Подготовка;
20251209;22:50:31;-0,5;0,0;0,0;0,0;50,0;Подготовка;
20251209;22:50:36;-0,5;0,0;0,0;0,0;50,0;Подготовка;
20251209;22:50:41;-0,5;0,0;0,0;0,0;50,0;Подготовка;
20251209;22:50:46;-0,5;0,0;0,0;0,0;50,0;Подготовка;
20251209;22:50:51;-0,5;0,0;0,0;0,0;50,0;Подготовка;
20251209;22:50:56;-0,5;0,0;0,0;0,0;50,0;Подготовка;
20251209;22:51:01;-0,5;0,0;0,0;0,0;50,0;Подготовка;
20251209;22:51:06;-0,5;0,0;0,0;0,0;50,0;Подготовка;
20251209;22:51:11;-0,5;0,0;0,0;0,0;50,0;Подготовка;
20251209;22:51:16;-0,5;0,0;0,0;0,0;50,0;Подготовка;
20251209;22:51:21;-0,5;0,0;0,0;0,0;50,0;Подготовка;
20251209;22:51:26;-0,5;0,0;0,0;0,0;50,0;Подготовка;
20251209;22:51:31;-0,5;0,0;0,0;0,0;50,0;Подготовка;
20251209;22:51:36;-0,5;0,0;0,0;0,0;50,0;Подготовка;
20251209;22:51:41;-0,5;0,0;0,0;0,0;50,0;Подготовка;
20251209;22:51:46;-0,5;0,0;0,0;0,0;50,0;Подготовка;
20251209;22:51:51;-0,5;0,0;0,0;0,0;50,0;Подготовка;
20251209;22:51:56;-0,5;0,0;0,0;0,0;50,0;Подготовка;
20251209;22:52:01;-0,5;0,0;0,0;0,0;50,0;Подготовка;
20251209;22:52:06;-0,5;0,0;0,0;0,0;50,0;Подготовка;
20251209;22:52:11;-0,5;0,0;0,0;0,0;50,0;Подготовка;
20251209;22:52:16;-0,5;0,0;0,0;0,0;50,0;Подготовка;
20251209;22:52:21;-0,5;0,0;0,0;0,0;50,0;Подготовка;
20251209;22:52:26;-0,5;0,0;0,0;0,0;50,0;Подготовка;
20251209;22:52:32;-0,5;0,0;0,0;0,0;50,0;Подготовка;
20251209;22:52:37;-0,5;0,0;0,0;0,0;50,0;Подготовка;
20251209;22:52:42;-0,5;0,0;0,0;0,0;50,0;Подготовка;
20251209;22:52:47;-0,5;0,0;0,0;0,0;50,0;Подготовка;
20251209;22:52:52;-0,5;0,0;0,0;0,0;50,0;Подготовка;
20251209;22:52:57;-0,5;0,0;0,0;0,0;50,0;Подготовка;
20251209;22:53:02;-0,5;0,0;0,0;0,0;50,0;Подготовка;
20251209;22:53:07;-0,5;0,0;0,0;0,0;50,0;Подготовка;
20251209;22:53:12;-0,5;0,0;0,0;0,0;50,0;Подготовка;
20251209;22:53:17;-0,5;0,0;0,0;0,0;50,0;Подготовка;
20251209;22:53:22;-0,5;0,0;0,0;0,0;50,0;Подготовка;
20251209;22:53:27;-0,5;0,0;0,0;0,0;50,0;Подготовка;
20251209;22:53:32;-0,5;0,0;0,0;0,0;50,0;Подготовка;
20251209;22:53:37;-0,5;0,0;0,0;0,0;50,0;Подготовка;
20251209;22:53:42;-0,5;0,0;0,0;0,0;50,0;Подготовка;
20251209;22:53:47;-0,5;0,0;0,0;0,0;50,0;Подготовка;
20251209;22:53:52;-0,5;0,0;0,0;0,0;50,0;Подготовка;
20251209;22:53:57;-0,5;0,0;0,0;0,0;50,0;Подготовка;
20251209;22:54:02;-0,5;0,0;0,0;0,0;50,0;Подготовка;
20251209;22:54:07;-0,5;0,0;0,0;0,0;50,0;Подготовка;
20251209;22:54:12;-0,5;0,0;0,0;0,0;50,0;Подготовка;
20251209;22:54:17;-0,5;0,0;0,0;0,0;50,0;Подготовка;
20251209;22:54:22;-0,5;0,0;0,0;0,0;50,0;Подготовка;
20251209;22:54:27;-0,5;0,0;0,0;0,0;50,0;Подготовка;
20251209;22:54:32;-0,5;0,0;0,0;0,0;50,0;Подготовка;
20251209;22:54:38;-0,5;0,0;0,0;0,0;50,0;Подготовка;
20251209;22:54:43;-0,5;0,0;0,0;0,0;50,0;Подготовка;
20251209;22:54:48;-0,5;0,0;0,0;0,0;50,0;Подготовка;
20251209;22:54:53;-0,5;0,0;0,0;0,0;50,0;Подготовка;
20251209;22:54:58;-0,5;0,0;0,0;0,0;50,0;Подготовка;
20251209;22:55:03;-0,5;0,0;0,0;0,0;50,0;Подготовка;
20251209;22:55:08;-0,5;0,0;0,0;0,0;50,0;Подготовка;
20251209;22:55:13;-0,5;0,0;0,0;0,0;50,0;Подготовка;
20251209;22:55:18;-0,5;0,0;0,0;0,0;50,0;Подготовка;
20251209;22:55:23;-0,5;0,0;0,0;0,0;50,0;Подготовка;
20251209;22:55:28;-0,5;0,0;0,0;0,0;50,0;Подготовка;
20251209;22:55:33;-0,5;0,0;0,0;0,0;50,0;Подготовка;
20251209;22:55:38;-0,5;0,0;0,0;0,0;50,0;Подготовка;
20251209;22:55:43;-0,5;0,0;0,0;0,0;50,0;Подготовка;
20251209;22:55:48;-0,5;0,0;0,0;0,0;50,0;Подготовка;
20251209;22:55:53;-0,5;0,0;0,0;0,0;50,0;Подготовка;
20251209;22:55:58;-0,5;0,0;0,0;0,0;50,0;Подготовка;
20251209;22:56:03;-0,5;0,0;0,0;0,0;50,0;Подготовка;
20251209;22:56:08;-0,5;0,0;0,0;0,0;50,0;Подготовка;
20251209;22:56:13;-0,5;0,0;0,0;0,0;50,0;Подготовка;
20251209;22:56:18;-0,5;0,0;0,0;0,0;50,0;Подготовка;
20251209;22:56:23;-0,5;0,0;0,0;0,0;50,0;Подготовка;
20251209;22:56:28;-0,5;0,0;0,0;0,0;50,0;Подготовка;
20251209;22:56:33;-0,5;0,0;0,0;0,0;50,0;Подготовка;
20251209;22:56:38;-0,5;0,0;0,0;0,0;50,0;Подготовка;
20251209;22:56:44;-0,5;0,0;0,0;0,0;50,0;Подготовка;
20251209;22:56:49;-0,5;0,0;0,0;0,0;50,0;Подготовка;
20251209;22:56:54;-0,5;0,0;0,0;0,0;50,0;Подготовка;
20251209;22:56:59;-0,5;0,0;0,0;0,0;50,0;Подготовка;
20251209;22:57:04;-0,5;0,0;0,0;0,0;50,0;Подготовка;
20251209;22:57:09;-0,5;0,0;0,0;0,0;50,0;Подготовка;
20251209;22:57:14;-0,5;0,0;0,0;0,0;50,0;Подготовка;
20251209;22:57:19;-0,5;0,0;0,0;0,0;50,0;Подготовка;
20251209;22:57:24;-0,5;0,0;0,0;0,0;50,0;Подготовка;
20251209;22:57:29;-0,5;0,0;0,0;0,0;50,0;Подготовка;
20251209;22:57:34;-0,5;0,0;0,0;0,0;50,0;Подготовка;
20251209;22:57:39;-0,5;0,0;0,0;0,0;50,0;Подготовка;
20251209;22:57:44;-0,5;0,0;0,0;0,0;50,0;Подготовка;
20251209;22:57:49;-0,5;0,0;0,0;0,0;50,0;Подготовка;
20251209;22:57:54;-0,5;0,0;0,0;0,0;50,0;Подготовка;
20251209;22:57:59;-0,5;0,0;0,0;0,0;50,0;Подготовка;
20251209;22:58:04;-0,5;0,0;0,0;0,0;50,0;Подготовка;
20251209;22:58:09;-0,5;0,0;0,0;0,0;50,0;Подготовка;
20251209;22:58:14;-0,5;0,0;0,0;0,0;50,0;Подготовка;
20251209;22:58:19;-0,5;0,0;0,0;0,0;50,0;Подготовка;
20251209;22:58:24;-0,5;0,0;0,0;0,0;50,0;Подготовка;
20251209;22:58:29;-0,5;0,0;0,0;0,0;50,0;Подготовка;
20251209;22:58:34;-0,5;0,0;0,0;0,0;50,0;Подготовка;
20251209;22:58:39;-0,5;0,0;0,0;0,0;50,0;Подготовка;
20251209;22:58:44;-0,5;0,0;0,0;0,0;50,0;Подготовка;
20251209;22:58:50;-0,5;0,0;0,0;0,0;50,0;Подготовка;
20251209;22:58:55;-0,5;0,0;0,0;0,0;50,0;Подготовка;
20251209;22:59:00;-0,5;0,0;0,0;0,0;50,0;Подготовка;
20251209;22:59:05;-0,5;0,0;0,0;0,0;50,0;Подготовка;
20251209;22:59:10;-0,5;0,0;0,0;0,0;50,0;Подготовка;
20251209;22:59:15;-0,5;0,0;0,0;0,0;50,0;Подготовка;
20251209;22:59:20;-0,5;0,0;0,0;0,0;50,0;Подготовка;
20251209;22:59:25;-0,5;0,0;0,0;0,0;50,0;Подготовка;
20251209;22:59:30;-0,5;0,0;0,0;0,0;50,0;Подготовка;
20251209;22:59:35;-0,5;0,0;0,0;0,0;50,0;Подготовка;
20251209;22:59:40;-0,5;0,0;0,0;0,0;50,0;Подготовка;
20251209;22:59:45;-0,5;0,0;0,0;0,0;50,0;Подготовка;
20251209;22:59:50;-0,5;0,0;0,0;0,0;50,0;Подготовка;
20251209;22:59:55;-0,5;0,0;0,0;0,0;50,0;Подготовка;
20251209;23:00:00;-0,5;0,0;0,0;0,0;50,0;Подготовка;
20251209;23:00:05;-0,5;0,0;0,0;0,0;50,0;Подготовка;
20251209;23:00:10;-0,5;0,0;0,0;0,0;50,0;Подготовка;
20251209;23:00:15;-0,5;0,0;0,0;0,0;50,0;Подготовка;
20251209;23:00:20;-0,5;0,0;0,0;0,0;50,0;Подготовка;
20251209;23:00:25;-0,5;0,0;0,0;0,0;50,0;Подготовка;
20251209;23:00:30;-0,5;0,0;0,0;0,0;50,0;Подготовка;
20251209;23:00:35;-0,5;0,0;0,0;0,0;50,0;Подготовка;
20251209;23:00:40;-0,5;0,0;0,0;0,0;50,0;Подготовка;
20251209;23:00:45;-0,5;0,0;0,0;0,0;50,0;Подготовка;
20251209;23:00:50;-0,5;0,0;0,0;0,0;50,0;Подготовка;
20251209;23:00:56;-0,5;0,0;0,0;0,0;50,0;Подготовка;
20251209;23:01:01;-0,5;0,0;0,0;0,0;50,0;Подготовка;
20251209;23:01:06;-0,5;0,0;0,0;0,0;50,0;Подготовка;
20251209;23:01:11;-0,5;0,0;0,0;0,0;50,0;Подготовка;
20251209;23:01:16;-0,5;0,0;0,0;0,0;50,0;Подготовка;
20251209;23:01:21;-0,5;0,0;0,0;0,0;50,0;Подготовка;
20251209;23:01:26;-0,5;0,0;0,0;0,0;50,0;Подготовка;
20251209;23:01:31;-0,5;0,0;0,0;0,0;50,0;Подготовка;
20251209;23:01:36;-0,5;0,0;0,0;0,0;50,0;Подготовка;
20251209;23:01:41;-0,5;0,0;0,0;0,0;50,0;Подготовка;
20251209;23:01:46;-0,5;0,0;0,0;0,0;50,0;Подготовка;
20251209;23:01:51;-0,5;0,0;0,0;0,0;50,0;Подготовка;
20251209;23:01:56;-0,5;0,0;0,0;0,0;50,0;Подготовка;
20251209;23:02:01;-0,5;0,0;0,0;0,0;50,0;Подготовка;
20251209;23:02:06;-0,5;0,0;0,0;0,0;50,0;Подготовка;
20251209;23:02:11;-0,5;0,0;0,0;0,0;50,0;Подготовка;
20251209;23:02:16;-0,5;0,0;0,0;0,0;50,0;Подготовка;
20251209;23:02:21;-0,5;0,0;0,0;0,0;50,0;Подготовка;
20251209;23:02:26;-0,5;0,0;0,0;0,0;50,0;Подготовка;
20251209;23:02:31;-0,5;0,0;0,0;0,0;50,0;Подготовка;
20251209;23:02:36;-0,5;0,0;0,0;0,0;50,0;Подготовка;
20251209;23:02:41;-0,5;0,0;0,0;0,0;50,0;Подготовка;
20251209;23:02:46;-0,5;0,0;0,0;0,0;50,0;Подготовка;
20251209;23:02:51;-0,5;0,0;0,0;0,0;50,0;Подготовка;
20251209;23:02:56;-0,5;0,0;0,0;0,0;50,0;Подготовка;
20251209;23:03:02;-0,5;0,0;0,0;0,0;50,0;Подготовка;
20251209;23:03:07;-0,5;0,0;0,0;0,0;50,0;Подготовка;
20251209;23:03:12;-0,5;0,0;0,0;0,0;50,0;Подготовка;
20251209;23:03:17;-0,5;0,0;0,0;0,0;50,0;Подготовка;
20251209;23:03:22;-0,5;0,0;0,0;0,0;50,0;Подготовка;
20251209;23:03:27;-0,5;0,0;0,0;0,0;50,0;Подготовка;
20251209;23:03:32;-0,5;0,0;0,0;0,0;50,0;Подготовка;
20251209;23:03:37;-0,5;0,0;0,0;0,0;50,0;Подготовка;
20251209;23:03:42;-0,5;0,0;0,0;0,0;50,0;Подготовка;
20251209;23:03:47;-0,5;0,0;0,0;0,0;50,0;Подготовка;
20251209;23:03:52;-0,5;0,0;0,0;0,0;50,0;Подготовка;
20251209;23:03:57;-0,5;0,0;0,0;0,0;50,0;Подготовка;
20251209;23:04:02;-0,5;0,0;0,0;0,0;50,0;Подготовка;
20251209;23:04:07;-0,5;0,0;0,0;0,0;50,0;Подготовка;
20251209;23:04:12;-0,5;0,0;0,0;0,0;50,0;Подготовка;
20251209;23:04:17;-0,5;0,0;0,0;0,0;50,0;Подготовка;
20251209;23:04:22;-0,5;0,0;0,0;0,0;50,0;Подготовка;
20251209;23:04:27;-0,5;0,0;0,0;0,0;50,0;Подготовка;
20251209;23:04:32;-0,5;0,0;0,0;0,0;50,0;Подготовка;
20251209;23:04:37;-0,5;0,0;0,0;0,0;50,0;Подготовка;
20251209;23:04:42;-0,5;0,0;0,0;0,0;50,0;Подготовка;
20251209;23:04:47;-0,5;0,0;0,0;0,0;50,0;Подготовка;
20251209;23:04:52;-0,5;0,0;0,0;0,0;50,0;Подготовка;
20251209;23:04:57;-0,5;0,0;0,0;0,0;50,0;Подготовка;
20251209;23:05:02;-0,5;0,0;0,0;0,0;50,0;Подготовка;
20251209;23:05:08;-0,5;0,0;0,0;0,0;50,0;Подготовка;
20251209;23:05:13;-0,5;0,0;0,0;0,0;50,0;Подготовка;
20251209;23:05:18;-0,5;0,0;0,0;0,0;50,0;Подготовка;
20251209;23:05:23;-0,5;0,0;0,0;0,0;50,0;Подготовка;
20251209;23:05:28;-0,5;0,0;0,0;0,0;50,0;Подготовка;
20251209;23:05:33;-0,5;0,0;0,0;0,0;50,0;Подготовка;
20251209;23:05:38;-0,5;0,0;0,0;0,0;50,0;Подготовка;
20251209;23:05:43;-0,5;0,0;0,0;0,0;50,0;Подготовка;
20251209;23:05:48;-0,5;0,0;0,0;0,0;50,0;Подготовка;
20251209;23:05:53;-0,5;0,0;0,0;0,0;50,0;Подготовка;
20251209;23:05:58;-0,5;0,0;0,0;0,0;50,0;Подготовка;
20251209;23:06:03;-0,5;0,0;0,0;0,0;50,0;Подготовка;
20251209;23:06:08;-0,5;0,0;0,0;0,0;50,0;Подготовка;
20251209;23:06:13;-0,5;0,0;0,0;0,0;50,0;Подготовка;
20251209;23:06:18;-0,5;0,0;0,0;0,0;50,0;Подготовка;
20251209;23:06:23;-0,5;0,0;0,0;0,0;50,0;Подготовка;
20251209;23:06:28;-0,5;0,0;0,0;0,0;50,0;Подготовка;
20251209;23:06:33;-0,5;0,0;0,0;0,0;50,0;Подготовка;
20251209;23:06:38;-0,5;0,0;0,0;0,0;50,0;Подготовка;
20251209;23:06:43;-0,5;0,0;0,0;0,0;50,0;Подготовка;
20251209;23:06:48;-0,5;0,0;0,0;0,0;50,0;Подготовка;
20251209;23:06:53;-0,5;0,0;0,0;0,0;50,0;Подготовка;
20251209;23:06:58;-0,5;0,0;0,0;0,0;50,0;Подготовка;
20251209;23:07:03;-0,5;0,0;0,0;0,0;50,0;Подготовка;
20251209;23:07:08;-0,5;0,0;0,0;0,0;50,0;Подготовка;
20251209;23:07:14;-0,5;0,0;0,0;0,0;50,0;Подготовка;
20251209;23:07:19;-0,5;0,0;0,0;0,0;50,0;Подготовка;
20251209;23:07:24;-0,5;0,0;0,0;0,0;50,0;Подготовка;
20251209;23:07:29;-0,5;0,0;0,0;0,0;50,0;Подготовка;
20251209;23:07:34;-0,5;0,0;0,0;0,0;50,0;Подготовка;
20251209;23:07:39;-0,5;0,0;0,0;0,0;50,0;Подготовка;
20251209;23:07:44;-0,5;0,0;0,0;0,0;50,0;Подготовка;
20251209;23:07:49;-0,5;0,0;0,0;0,0;50,0;Подготовка;
20251209;23:07:54;-0,5;0,0;0,0;0,0;50,0;Подготовка;
20251209;23:07:59;-0,5;0,0;0,0;0,0;50,0;Подготовка;
20251209;23:08:04;-0,5;0,0;0,0;0,0;50,0;Подготовка;
20251209;23:08:09;-0,5;0,0;0,0;0,0;50,0;Подготовка;
20251209;23:08:14;-0,5;0,0;0,0;0,0;50,0;Подготовка;
20251209;23:08:19;-0,5;0,0;0,0;0,0;50,0;Подготовка;
20251209;23:08:24;-0,5;0,0;0,0;0,0;50,0;Подготовка;
20251209;23:08:29;-0,5;0,0;0,0;0,0;50,0;Подготовка;
20251209;23:08:34;-0,5;0,0;0,0;0,0;50,0;Подготовка;
20251209;23:08:39;-0,5;0,0;0,0;0,0;50,0;Подготовка;
20251209;23:08:44;-0,5;0,0;0,0;0,0;50,0;Подготовка;
20251209;23:08:49;-0,5;0,0;0,0;0,0;50,0;Подготовка;
20251209;23:08:54;-0,5;0,0;0,0;0,0;50,0;Подготовка;
20251209;23:08:59;-0,5;0,0;0,0;0,0;50,0;Подготовка;
20251209;23:09:04;-0,5;0,0;0,0;0,0;50,0;Подготовка;
20251209;23:09:09;-0,5;0,0;0,0;0,0;50,0;Подготовка;
20251209;23:09:14;-0,5;0,0;0,0;0,0;50,0;Подготовка;
20251209;23:09:20;-0,5;0,0;0,0;0,0;50,0;Подготовка;
20251209;23:09:25;-0,5;0,0;0,0;0,0;50,0;Подготовка;
20251209;23:09:30;-0,5;0,0;0,0;0,0;50,0;Подготовка;
20251209;23:09:35;-0,5;0,0;0,0;0,0;50,0;Подготовка;
20251209;23:09:40;-0,5;0,0;0,0;0,0;50,0;Подготовка;
20251209;23:09:45;-0,5;0,0;0,0;0,0;50,0;Подготовка;
20251209;23:09:50;-0,5;0,0;0,0;0,0;50,0;Подготовка;
20251209;23:09:55;-0,5;0,0;0,0;0,0;50,0;Подготовка;
20251209;23:10:00;-0,5;0,0;0,0;0,0;50,0;Подготовка;
20251209;23:10:05;-0,5;0,0;0,0;0,0;50,0;Подготовка;
20251209;23:10:10;-0,5;0,0;0,0;0,0;50,0;Подготовка;
20251209;23:10:15;-0,5;0,0;0,0;0,0;50,0;Подготовка;
20251209;23:10:20;-0,5;0,0;0,0;0,0;50,0;Подготовка;
20251209;23:10:25;-0,5;0,0;0,0;0,0;50,0;Подготовка;
20251209;23:10:30;-0,5;0,0;0,0;0,0;50,0;Подготовка;
20251209;23:10:35;-0,5;0,0;0,0;0,0;50,0;Подготовка;
20251209;23:10:40;-0,5;0,0;0,0;0,0;50,0;Подготовка;
20251209;23:10:45;-0,5;0,0;0,0;0,0;50,0;Подготовка;
20251209;23:10:50;-0,5;0,0;0,0;0,0;50,0;Подготовка;
20251209;23:10:55;-0,5;0,0;0,0;0,0;50,0;Подготовка;
20251209;23:11:00;-0,5;0,0;0,0;0,0;50,0;Подготовка;
20251209;23:11:05;-0,5;0,0;0,0;0,0;50,0;Подготовка;
20251209;23:11:10;-0,5;0,0;0,0;0,0;50,0;Подготовка;
20251209;23:11:15;-0,5;0,0;0,0;0,0;50,0;Подготовка;
20251209;23:11:20;-0,5;0,0;0,0;0,0;50,0;Подготовка;
20251209;23:11:26;-0,5;0,0;0,0;0,0;50,0;Подготовка;
20251209;23:11:31;-0,5;0,0;0,0;0,0;50,0;Подготовка;
20251209;23:11:36;-0,5;0,0;0,0;0,0;50,0;Подготовка;
20251209;23:11:41;-0,5;0,0;0,0;0,0;50,0;Подготовка;
20251209;23:11:46;-0,5;0,0;0,0;0,0;50,0;Подготовка;
20251209;23:11:51;-0,5;0,0;0,0;0,0;50,0;Подготовка;
20251209;23:11:56;-0,5;0,0;0,0;0,0;50,0;Подготовка;
20251209;23:12:01;-0,5;0,0;0,0;0,0;50,0;Подготовка;
20251209;23:12:06;-0,5;0,0;0,0;0,0;50,0;Подготовка;
20251209;23:12:11;-0,5;0,0;0,0;0,0;50,0;Подготовка;
20251209;23:12:16;-0,5;0,0;0,0;0,0;50,0;Подготовка;
20251209;23:12:21;-0,5;0,0;0,0;0,0;50,0;Подготовка;
20251209;23:12:26;-0,5;0,0;0,0;0,0;50,0;Подготовка;
20251209;23:12:31;-0,5;0,0;0,0;0,0;50,0;Подготовка;
20251209;23:12:36;-0,5;0,0;0,0;0,0;50,0;Подготовка;
20251209;23:12:41;-0,5;0,0;0,0;0,0;50,0;Подготовка;
20251209;23:12:46;-0,5;0,0;0,0;0,0;50,0;Подготовка;
20251209;23:12:51;-0,5;0,0;0,0;0,0;50,0;Подготовка;
20251209;23:12:56;-0,5;0,0;0,0;0,0;50,0;Подготовка;
20251209;23:13:01;-0,5;0,0;0,0;0,0;50,0;Подготовка;
20251209;23:13:06;-0,5;0,0;0,0;0,0;50,0;Подготовка;
20251209;23:13:11;-0,5;0,0;0,0;0,0;50,0;Подготовка;
20251209;23:13:16;-0,5;0,0;0,0;0,0;50,0;Подготовка;
20251209;23:13:21;-0,5;0,0;0,0;0,0;50,0;Подготовка;
20251209;23:13:26;-0,5;0,0;0,0;0,0;50,0;Подготовка;
20251209;23:13:32;-0,5;0,0;0,0;0,0;50,0;Подготовка;
20251209;23:13:37;-0,5;0,0;0,0;0,0;50,0;Подготовка;
20251209;23:13:42;-0,5;0,0;0,0;0,0;50,0;Подготовка;
20251209;23:13:47;-0,5;0,0;0,0;0,0;50,0;Подготовка;
20251209;23:13:52;-0,5;0,0;0,0;0,0;50,0;Подготовка;
20251209;23:13:57;-0,5;0,0;0,0;0,0;50,0;Подготовка;
20251209;23:14:02;-0,5;0,0;0,0;0,0;50,0;Подготовка;
20251209;23:14:07;-0,5;0,0;0,0;0,0;50,0;Подготовка;
20251209;23:14:12;-0,5;0,0;0,0;0,0;50,0;Подготовка;
20251209;23:14:17;-0,5;0,0;0,0;0,0;50,0;Подготовка;
20251209;23:14:22;-0,5;0,0;0,0;0,0;50,0;Подготовка;
20251209;23:14:27;-0,5;0,0;0,0;0,0;50,0;Подготовка;
20251209;23:14:32;-0,5;0,0;0,0;0,0;50,0;Подготовка;
20251209;23:14:37;-0,5;0,0;0,0;0,0;50,0;Подготовка;
20251209;23:14:42;-0,5;0,0;0,0;0,0;50,0;Подготовка;
20251209;23:14:47;-0,5;0,0;0,0;0,0;50,0;Подготовка;
20251209;23:14:52;-0,5;0,0;0,0;0,0;50,0;Подготовка;
20251209;23:14:57;-0,5;0,0;0,0;0,0;50,0;Подготовка;
20251209;23:15:02;-0,5;0,0;0,0;0,0;50,0;Подготовка;
20251209;23:15:07;-0,5;0,0;0,0;0,0;50,0;Подготовка;
20251209;23:15:12;-0,5;0,0;0,0;0,0;50,0;Подготовка;
20251209;23:15:17;-0,5;0,0;0,0;0,0;50,0;Подготовка;
20251209;23:15:22;-0,5;0,0;0,0;0,0;50,0;Подготовка;
20251209;23:15:27;-0,5;0,0;0,0;0,0;50,0;Подготовка;
20251209;23:15:32;-0,5;0,0;0,0;0,0;50,0;Подготовка;
20251209;23:15:38;-0,5;0,0;0,0;0,0;50,0;Подготовка;
20251209;23:15:43;-0,5;0,0;0,0;0,0;50,0;Подготовка;
20251209;23:15:48;-0,5;0,0;0,0;0,0;50,0;Подготовка;
20251209;23:15:53;-0,5;0,0;0,0;0,0;50,0;Подготовка;
20251209;23:15:58;-0,5;0,0;0,0;0,0;50,0;Подготовка;
20251209;23:16:03;-0,5;0,0;0,0;0,0;50,0;Подготовка;
20251209;23:16:08;-0,5;0,0;0,0;0,0;50,0;Подготовка;
20251209;23:16:13;-0,5;0,0;0,0;0,0;50,0;Подготовка;
20251209;23:16:18;-0,5;0,0;0,0;0,0;50,0;Подготовка;
20251209;23:16:23;-0,5;0,0;0,0;0,0;50,0;Подготовка;
20251209;23:16:28;-0,5;0,0;0,0;0,0;50,0;Подготовка;
20251209;23:16:33;-0,5;0,0;0,0;0,0;50,0;Подготовка;
20251209;23:16:38;-0,5;0,0;0,0;0,0;50,0;Подготовка;
20251209;23:16:43;-0,5;0,0;0,0;0,0;50,0;Подготовка;
20251209;23:16:48;-0,5;0,0;0,0;0,0;50,0;Подготовка;
20251209;23:16:53;-0,5;0,0;0,0;0,0;50,0;Подготовка;
20251209;23:16:58;-0,5;0,0;0,0;0,0;50,0;Подготовка;
20251209;23:17:03;-0,5;0,0;0,0;0,0;50,0;Подготовка;
20251209;23:17:08;-0,5;0,0;0,0;0,0;50,0;Подготовка;
20251209;23:17:13;-0,5;0,0;0,0;0,0;50,0;Подготовка;
20251209;23:17:18;-0,5;0,0;0,0;0,0;50,0;Подготовка;
20251209;23:17:23;-0,5;0,0;0,0;0,0;50,0;Подготовка;
20251209;23:17:28;-0,5;0,0;0,0;0,0;50,0;Подготовка;
20251209;23:17:33;-0,5;0,0;0,0;0,0;50,0;Подготовка;
20251209;23:17:38;-0,5;0,0;0,0;0,0;50,0;Подготовка;
20251209;23:17:44;-0,5;0,0;0,0;0,0;50,0;Подготовка;
20251209;23:17:49;-0,5;0,0;0,0;0,0;50,0;Подготовка;
20251209;23:17:54;-0,5;0,0;0,0;0,0;50,0;Подготовка;
20251209;23:17:59;-0,5;0,0;0,0;0,0;50,0;Подготовка;
20251209;23:18:04;-0,5;0,0;0,0;0,0;50,0;Подготовка;
20251209;23:18:09;-0,5;0,0;0,0;0,0;50,0;Подготовка;
20251209;23:18:14;-0,5;0,0;0,0;0,0;50,0;Подготовка;
20251209;23:18:19;-0,5;0,0;0,0;0,0;50,0;Подготовка;
20251209;23:18:24;-0,5;0,0;0,0;0,0;50,0;Подготовка;
20251209;23:18:29;-0,5;0,0;0,0;0,0;50,0;Подготовка;
20251209;23:18:34;-0,5;0,0;0,0;0,0;50,0;Подготовка;
20251209;23:18:39;-0,5;0,0;0,0;0,0;50,0;Подготовка;
20251209;23:18:44;-0,5;0,0;0,0;0,0;50,0;Подготовка;
20251209;23:18:49;-0,5;0,0;0,0;0,0;50,0;Подготовка;
20251209;23:18:54;-0,5;0,0;0,0;0,0;50,0;Подготовка;
20251209;23:18:59;-0,5;0,0;0,0;0,0;50,0;Подготовка;
20251209;23:19:04;-0,5;0,0;0,0;0,0;50,0;Подготовка;
20251209;23:19:09;-0,5;0,0;0,0;0,0;50,0;Подготовка;
20251209;23:19:14;-0,5;0,0;0,0;0,0;50,0;Подготовка;
20251209;23:19:19;-0,5;0,0;0,0;0,0;50,0;Подготовка;
20251209;23:19:24;-0,5;0,0;0,0;0,0;50,0;Подготовка;
20251209;23:19:29;-0,5;0,0;0,0;0,0;50,0;Подготовка;
20251209;23:19:34;-0,5;0,0;0,0;0,0;50,0;Подготовка;
20251209;23:19:39;-0,5;0,0;0,0;0,0;50,0;Подготовка;
20251209;23:19:44;-0,5;0,0;0,0;0,0;50,0;Подготовка;
20251209;23:19:50;-0,5;0,0;0,0;0,0;50,0;Подготовка;
20251209;23:19:55;-0,5;0,0;0,0;0,0;50,0;Подготовка;
20251209;23:20:00;-0,5;0,0;0,0;0,0;50,0;Подготовка;
20251209;23:20:05;-0,5;0,0;0,0;0,0;50,0;Подготовка;
20251209;23:20:10;-0,5;0,0;0,0;0,0;50,0;Подготовка;
20251209;23:20:15;-0,5;0,0;0,0;0,0;50,0;Подготовка;
20251209;23:20:20;-0,5;0,0;0,0;0,0;50,0;Подготовка;
20251209;23:20:25;-0,5;0,0;0,0;0,0;50,0;Подготовка;
20251209;23:20:30;-0,5;0,0;0,0;0,0;50,0;Подготовка;
20251209;23:20:35;-0,5;0,0;0,0;0,0;50,0;Подготовка;
20251209;23:20:40;-0,5;0,0;0,0;0,0;50,0;Подготовка;
20251209;23:20:45;-0,5;0,0;0,0;0,0;50,0;Подготовка;
20251209;23:20:50;-0,5;0,0;0,0;0,0;50,0;Подготовка;
20251209;23:20:55;-0,5;0,0;0,0;0,0;50,0;Подготовка;
20251209;23:21:00;-0,5;0,0;0,0;0,0;50,0;Подготовка;
20251209;23:21:05;-0,5;0,0;0,0;0,0;50,0;Подготовка;
20251209;23:21:10;-0,5;0,0;0,0;0,0;50,0;Подготовка;
20251209;23:21:15;-0,5;0,0;0,0;0,0;50,0;Подготовка;
20251209;23:21:20;-0,5;0,0;0,0;0,0;50,0;Подготовка;
20251209;23:21:25;-0,5;0,0;0,0;0,0;50,0;Подготовка;
20251209;23:21:30;-0,5;0,0;0,0;0,0;50,0;Подготовка;
20251209;23:21:35;-0,5;0,0;0,0;0,0;50,0;Подготовка;
20251209;23:21:40;-0,5;0,0;0,0;0,0;50,0;Подготовка;
20251209;23:21:45;-0,5;0,0;0,0;0,0;50,0;Подготовка;
20251209;23:21:50;-0,5;0,0;0,0;0,0;50,0;Подготовка;
20251209;23:21:56;-0,5;0,0;0,0;0,0;50,0;Подготовка;
20251209;23:22:01;-0,5;0,0;0,0;0,0;50,0;Подготовка;
20251209;23:22:06;-0,5;0,0;0,0;0,0;50,0;Подготовка;
20251209;23:22:11;-0,5;0,0;0,0;0,0;50,0;Подготовка;
20251209;23:22:16;-0,5;0,0;0,0;0,0;50,0;Подготовка;
20251209;23:22:21;-0,5;0,0;0,0;0,0;50,0;Подготовка;
20251209;23:22:26;-0,5;0,0;0,0;0,0;50,0;Подготовка;
20251209;23:22:31;-0,5;0,0;0,0;0,0;50,0;Подготовка;
20251209;23:22:36;-0,5;0,0;0,0;0,0;50,0;Подготовка;
20251209;23:22:41;-0,5;0,0;0,0;0,0;50,0;Подготовка;
20251209;23:22:46;-0,5;0,0;0,0;0,0;50,0;Подготовка;
20251209;23:22:51;-0,5;0,0;0,0;0,0;50,0;Подготовка;
20251209;23:22:56;-0,5;0,0;0,0;0,0;50,0;Подготовка;
20251209;23:23:01;-0,5;0,0;0,0;0,0;50,0;Подготовка;
20251209;23:23:06;-0,5;0,0;0,0;0,0;50,0;Подготовка;
20251209;23:23:11;-0,5;0,0;0,0;0,0;50,0;Подготовка;
20251209;23:23:16;-0,5;0,0;0,0;0,0;50,0;Подготовка;
20251209;23:23:21;-0,5;0,0;0,0;0,0;50,0;Подготовка;
20251209;23:23:26;-0,5;0,0;0,0;0,0;50,0;Подготовка;
20251209;23:23:31;-0,5;0,0;0,0;0,0;50,0;Подготовка;
20251209;23:23:36;-0,5;0,0;0,0;0,0;50,0;Подготовка;
20251209;23:23:41;-0,5;0,0;0,0;0,0;50,0;Подготовка;
20251209;23:23:46;-0,5;0,0;0,0;0,0;50,0;Подготовка;
20251209;23:23:51;-0,5;0,0;0,0;0,0;50,0;Подготовка;
20251209;23:23:56;-0,5;0,0;0,0;0,0;50,0;Подготовка;
20251209;23:24:02;-0,5;0,0;0,0;0,0;50,0;Подготовка;
20251209;23:24:07;-0,5;0,0;0,0;0,0;50,0;Подготовка;
20251209;23:24:12;-0,5;0,0;0,0;0,0;50,0;Подготовка;
20251209;23:24:17;-0,5;0,0;0,0;0,0;50,0;Подготовка;
20251209;23:24:22;-0,5;0,0;0,0;0,0;50,0;Подготовка;
20251209;23:24:27;-0,5;0,0;0,0;0,0;50,0;Подготовка;
20251209;23:24:32;-0,5;0,0;0,0;0,0;50,0;Подготовка;
20251209;23:24:37;-0,5;0,0;0,0;0,0;50,0;Подготовка;
20251209;23:24:42;-0,5;0,0;0,0;0,0;50,0;Подготовка;
20251209;23:24:47;-0,5;0,0;0,0;0,0;50,0;Подготовка;
20251209;23:24:52;-0,5;0,0;0,0;0,0;50,0;Подготовка;
20251209;23:24:57;-0,5;0,0;0,0;0,0;50,0;Подготовка;
20251209;23:25:02;-0,5;0,0;0,0;0,0;50,0;Подготовка;
20251209;23:25:07;-0,5;0,0;0,0;0,0;50,0;Подготовка;
20251209;23:25:12;-0,5;0,0;0,0;0,0;50,0;Подготовка;
20251209;23:25:17;-0,5;0,0;0,0;0,0;50,0;Подготовка;
20251209;23:25:22;-0,5;0,0;0,0;0,0;50,0;Подготовка;
20251209;23:25:27;-0,5;0,0;0,0;0,0;50,0;Подготовка;
20251209;23:25:32;-0,5;0,0;0,0;0,0;50,0;Подготовка;
20251209;23:25:37;-0,5;0,0;0,0;0,0;50,0;Подготовка;
20251209;23:25:42;-0,5;0,0;0,0;0,0;50,0;Подготовка;
20251209;23:25:47;-0,5;0,0;0,0;0,0;50,0;Подготовка;
20251209;23:25:52;-0,5;0,0;0,0;0,0;50,0;Подготовка;
20251209;23:25:57;-0,5;0,0;0,0;0,0;50,0;Подготовка;
20251209;23:26:02;-0,5;0,0;0,0;0,0;50,0;Подготовка;
20251209;23:26:08;-0,5;0,0;0,0;0,0;50,0;Подготовка;
20251209;23:26:13;-0,5;0,0;0,0;0,0;50,0;Подготовка;
20251209;23:26:18;-0,5;0,0;0,0;0,0;50,0;Подготовка;
20251209;23:26:23;-0,5;0,0;0,0;0,0;50,0;Подготовка;
20251209;23:26:28;-0,5;0,0;0,0;0,0;50,0;Подготовка;
20251209;23:26:33;-0,5;0,0;0,0;0,0;50,0;Подготовка;
20251209;23:26:38;-0,5;0,0;0,0;0,0;50,0;Подготовка;
20251209;23:26:43;-0,5;0,0;0,0;0,0;50,0;Подготовка;
20251209;23:26:48;-0,5;0,0;0,0;0,0;50,0;Подготовка;
20251209;23:26:53;-0,5;0,0;0,0;0,0;50,0;Подготовка;
20251209;23:26:58;-0,5;0,0;0,0;0,0;50,0;Подготовка;
20251209;23:27:03;-0,5;0,0;0,0;0,0;50,0;Подготовка;
20251209;23:27:08;-0,5;0,0;0,0;0,0;50,0;Подготовка;
20251209;23:27:13;-0,5;0,0;0,0;0,0;50,0;Подготовка;
20251209;23:27:18;-0,5;0,0;0,0;0,0;50,0;Подготовка;
20251209;23:27:23;-0,5;0,0;0,0;0,0;50,0;Подготовка;
20251209;23:27:28;-0,5;0,0;0,0;0,0;50,0;Подготовка;
20251209;23:27:33;-0,5;0,0;0,0;0,0;50,0;Подготовка;
20251209;23:27:38;-0,5;0,0;0,0;0,0;50,0;Подготовка;
20251209;23:27:43;-0,5;0,0;0,0;0,0;50,0;Подготовка;
20251209;23:27:48;-0,5;0,0;0,0;0,0;50,0;Подготовка;
20251209;23:27:53;-0,5;0,0;0,0;0,0;50,0;Подготовка;
20251209;23:27:58;-0,5;0,0;0,0;0,0;50,0;Подготовка;
20251209;23:28:03;-0,5;0,0;0,0;0,0;50,0;Подготовка;
20251209;23:28:08;-0,5;0,0;0,0;0,0;50,0;Подготовка;
20251209;23:28:14;-0,5;0,0;0,0;0,0;50,0;Подготовка;
20251209;23:28:19;-0,5;0,0;0,0;0,0;50,0;Подготовка;
20251209;23:28:24;-0,5;0,0;0,0;0,0;50,0;Подготовка;
20251209;23:28:29;-0,5;0,0;0,0;0,0;50,0;Подготовка;
20251209;23:28:34;-0,5;0,0;0,0;0,0;50,0;Подготовка;
20251209;23:28:39;-0,5;0,0;0,0;0,0;50,0;Подготовка;
20251209;23:28:44;-0,5;0,0;0,0;0,0;50,0;Подготовка;
20251209;23:28:49;-0,5;0,0;0,0;0,0;50,0;Подготовка;
20251209;23:28:54;-0,5;0,0;0,0;0,0;50,0;Подготовка;
20251209;23:28:59;-0,5;0,0;0,0;0,0;50,0;Подготовка;
20251209;23:29:04;-0,5;0,0;0,0;0,0;50,0;Подготовка;
20251209;23:29:09;-0,5;0,0;0,0;0,0;50,0;Подготовка;
20251209;23:29:14;-0,5;0,0;0,0;0,0;50,0;Подготовка;
20251209;23:29:19;-0,5;0,0;0,0;0,0;50,0;Подготовка;
20251209;23:29:24;-0,5;0,0;0,0;0,0;50,0;Подготовка;
20251209;23:29:29;-0,5;0,0;0,0;0,0;50,0;Подготовка;
20251209;23:29:34;-0,5;0,0;0,0;0,0;50,0;Подготовка;
20251209;23:29:39;-0,5;0,0;0,0;0,0;50,0;Подготовка;
20251209;23:29:44;-0,5;0,0;0,0;0,0;50,0;Подготовка;
20251209;23:29:49;-0,5;0,0;0,0;0,0;50,0;Подготовка;
20251209;23:29:54;-0,5;0,0;0,0;0,0;50,0;Подготовка;
20251209;23:29:59;-0,5;0,0;0,0;0,0;50,0;Подготовка;
20251209;23:30:04;-0,5;0,0;0,0;0,0;50,0;Подготовка;
20251209;23:30:09;-0,5;0,0;0,0;0,0;50,0;Подготовка;
20251209;23:30:14;-0,5;0,0;0,0;0,0;50,0;Подготовка;
20251209;23:30:20;-0,5;0,0;0,0;0,0;50,0;Подготовка;
20251209;23:30:25;-0,5;0,0;0,0;0,0;50,0;Подготовка;
20251209;23:30:30;-0,5;0,0;0,0;0,0;50,0;Подготовка;
20251209;23:30:35;-0,5;0,0;0,0;0,0;50,0;Подготовка;
20251209;23:30:40;-0,5;0,0;0,0;0,0;50,0;Подготовка;
20251209;23:30:45;-0,5;0,0;0,0;0,0;50,0;Подготовка;
20251209;23:30:50;-0,5;0,0;0,0;0,0;50,0;Подготовка;
20251209;23:30:55;-0,5;0,0;0,0;0,0;50,0;Подготовка;
20251209;23:31:00;-0,5;0,0;0,0;0,0;50,0;Подготовка;
20251209;23:31:05;-0,5;0,0;0,0;0,0;50,0;Подготовка;
20251209;23:31:10;-0,5;0,0;0,0;0,0;50,0;Подготовка;
20251209;23:31:15;-0,5;0,0;0,0;0,0;50,0;Подготовка;
20251209;23:31:20;-0,5;0,0;0,0;0,0;50,0;Подготовка;
20251209;23:31:25;-0,5;0,0;0,0;0,0;50,0;Подготовка;
20251209;23:31:30;-0,5;0,0;0,0;0,0;50,0;Подготовка;
20251209;23:31:35;-0,5;0,0;0,0;0,0;50,0;Подготовка;
20251209;23:31:40;-0,5;0,0;0,0;0,0;50,0;Подготовка;
20251209;23:31:45;-0,5;0,0;0,0;0,0;50,0;Подготовка;
20251209;23:31:50;-0,5;0,0;0,0;0,0;50,0;Подготовка;
20251209;23:31:55;-0,5;0,0;0,0;0,0;50,0;Подготовка;
20251209;23:32:00;-0,5;0,0;0,0;0,0;50,0;Подготовка;
20251209;23:32:05;-0,5;0,0;0,0;0,0;50,0;Подготовка;
20251209;23:32:10;-0,5;0,0;0,0;0,0;50,0;Подготовка;
20251209;23:32:15;-0,5;0,0;0,0;0,0;50,0;Подготовка;
20251209;23:32:20;-0,5;0,0;0,0;0,0;50,0;Подготовка;
20251209;23:32:26;-0,5;0,0;0,0;0,0;50,0;Подготовка;
20251209;23:32:31;-0,5;0,0;0,0;0,0;50,0;Подготовка;
20251209;23:32:36;-0,5;0,0;0,0;0,0;50,0;Подготовка;
20251209;23:32:41;-0,5;0,0;0,0;0,0;50,0;Подготовка;
20251209;23:32:46;-0,5;0,0;0,0;0,0;50,0;Подготовка;
20251209;23:32:51;-0,5;0,0;0,0;0,0;50,0;Подготовка;
20251209;23:32:56;-0,5;0,0;0,0;0,0;50,0;Подготовка;
20251209;23:33:01;-0,5;0,0;0,0;0,0;50,0;Подготовка;
20251209;23:33:06;-0,5;0,0;0,0;0,0;50,0;Подготовка;
20251209;23:33:11;-0,5;0,0;0,0;0,0;50,0;Подготовка;
20251209;23:33:16;-0,5;0,0;0,0;0,0;50,0;Подготовка;
20251209;23:33:21;-0,5;0,0;0,0;0,0;50,0;Подготовка;
20251209;23:33:26;-0,5;0,0;0,0;0,0;50,0;Подготовка;
20251209;23:33:31;-0,5;0,0;0,0;0,0;50,0;Подготовка;
20251209;23:33:36;-0,5;0,0;0,0;0,0;50,0;Подготовка;
20251209;23:33:41;-0,5;0,0;0,0;0,0;50,0;Подготовка;
20251209;23:33:46;-0,5;0,0;0,0;0,0;50,0;Подготовка;
20251209;23:33:51;-0,5;0,0;0,0;0,0;50,0;Подготовка;
20251209;23:33:56;-0,5;0,0;0,0;0,0;50,0;Подготовка;
20251209;23:34:01;-0,5;0,0;0,0;0,0;50,0;Подготовка;
20251209;23:34:06;-0,5;0,0;0,0;0,0;50,0;Подготовка;
20251209;23:34:11;-0,5;0,0;0,0;0,0;50,0;Подготовка;
20251209;23:34:16;-0,5;0,0;0,0;0,0;50,0;Подготовка;
20251209;23:34:21;-0,5;0,0;0,0;0,0;50,0;Подготовка;
20251209;23:34:26;-0,5;0,0;0,0;0,0;50,0;Подготовка;
20251209;23:34:32;-0,5;0,0;0,0;0,0;50,0;Подготовка;
20251209;23:34:37;-0,5;0,0;0,0;0,0;50,0;Подготовка;
20251209;23:34:42;-0,5;0,0;0,0;0,0;50,0;Подготовка;
20251209;23:34:47;-0,5;0,0;0,0;0,0;50,0;Подготовка;
20251209;23:34:52;-0,5;0,0;0,0;0,0;50,0;Подготовка;
20251209;23:34:57;-0,5;0,0;0,0;0,0;50,0;Подготовка;
20251209;23:35:02;-0,5;0,0;0,0;0,0;50,0;Подготовка;
20251209;23:35:07;-0,5;0,0;0,0;0,0;50,0;Подготовка;
Предприятие;
Объект;
Вид оборудования;
Дисп. наименование;
Тип;
Зав. номер;
Сер. номер;
Год выпуска;
Год ввода в эксплуатацию;
Дата отбора пробы;
Марка пробы;
Температура пробы;
DATE ;TIME ;TS_TEMP ;PROB_TEMP ;PROB_OTN_VL ;PROBE_VlAGOSOD ;SP ;STATUS ; 
20251209;23:35:24;-0,39;0,0;0,0;0,0;50,0;Включение;
20251209;23:35:29;-0,49;0,0;0,0;0,0;50,0;Включение;
20251209;23:35:34;-0,49;0,0;0,0;0,0;50,0;Подготовка;
20251209;23:35:39;-0,49;0,0;0,0;0,0;50,0;Подготовка;
20251209;23:35:44;-0,49;0,0;0,0;0,0;50,0;Подготовка;
20251209;23:35:49;-0,49;0,0;0,0;0,0;50,0;Подготовка;
20251209;23:35:54;-0,5;0,0;0,0;0,0;50,0;Подготовка;
20251209;23:35:59;-0,5;0,0;0,0;0,0;50,0;Подготовка;
20251209;23:36:04;-0,5;0,0;0,0;0,0;50,0;Подготовка;
20251209;23:36:09;-0,5;0,0;0,0;0,0;50,0;Подготовка;
20251209;23:36:14;-0,5;0,0;0,0;0,0;50,0;Подготовка;
20251209;23:36:19;-0,5;0,0;0,0;0,0;50,0;Подготовка;
20251209;23:36:24;-0,5;0,0;0,0;0,0;50,0;Подготовка;
20251209;23:36:29;-0,5;0,0;0,0;0,0;50,0;Подготовка;
20251209;23:36:34;-0,5;0,0;0,0;0,0;50,0;Подготовка;
20251209;23:36:39;-0,5;0,0;0,0;0,0;50,0;Подготовка;
20251209;23:36:44;-0,5;0,0;0,0;0,0;50,0;Подготовка;
20251209;23:36:49;-0,5;0,0;0,0;0,0;50,0;Подготовка;
20251209;23:36:54;-0,5;0,0;0,0;0,0;50,0;Подготовка;
20251209;23:36:59;-0,5;0,0;0,0;0,0;50,0;Подготовка;
20251209;23:37:04;-0,5;0,0;0,0;0,0;50,0;Подготовка;
20251209;23:37:09;-0,5;0,0;0,0;0,0;50,0;Подготовка;
20251209;23:37:14;-0,5;0,0;0,0;0,0;50,0;Подготовка;
20251209;23:37:20;-0,5;0,0;0,0;0,0;50,0;Подготовка;
20251209;23:37:25;-0,5;0,0;0,0;0,0;50,0;Подготовка;
20251209;23:37:30;-0,5;0,0;0,0;0,0;50,0;Подготовка;
20251209;23:37:35;-0,5;0,0;0,0;0,0;50,0;Подготовка;
20251209;23:37:40;-0,5;0,0;0,0;0,0;50,0;Подготовка;
20251209;23:37:45;-0,5;0,0;0,0;0,0;50,0;Подготовка;
20251209;23:37:50;-0,5;0,0;0,0;0,0;50,0;Подготовка;
20251209;23:37:55;-0,5;0,0;0,0;0,0;50,0;Подготовка;
20251209;23:38:00;-0,5;0,0;0,0;0,0;50,0;Подготовка;
20251209;23:38:05;-0,5;0,0;0,0;0,0;50,0;Подготовка;
20251209;23:38:10;-0,5;0,0;0,0;0,0;50,0;Подготовка;
20251209;23:38:15;-0,5;0,0;0,0;0,0;50,0;Подготовка;
20251209;23:38:20;-0,5;0,0;0,0;0,0;50,0;Подготовка;
20251209;23:38:25;-0,5;0,0;0,0;0,0;50,0;Подготовка;
20251209;23:38:30;-0,5;0,0;0,0;0,0;50,0;Подготовка;
20251209;23:38:35;-0,5;0,0;0,0;0,0;50,0;Подготовка;
20251209;23:38:40;-0,5;0,0;0,0;0,0;50,0;Подготовка;
20251209;23:38:45;-0,5;0,0;0,0;0,0;50,0;Подготовка;
20251209;23:38:50;-0,5;0,0;0,0;0,0;50,0;Подготовка;
20251209;23:38:55;-0,5;0,0;0,0;0,0;50,0;Подготовка;
20251209;23:39:00;-0,5;0,0;0,0;0,0;50,0;Подготовка;
20251209;23:39:05;-0,5;0,0;0,0;0,0;50,0;Подготовка;
20251209;23:39:10;-0,5;0,0;0,0;0,0;50,0;Подготовка;
20251209;23:39:15;-0,5;0,0;0,0;0,0;50,0;Подготовка;
20251209;23:39:20;-0,5;0,0;0,0;0,0;50,0;Подготовка;
20251209;23:39:26;-0,5;0,0;0,0;0,0;50,0;Подготовка;
20251209;23:39:31;-0,5;0,0;0,0;0,0;50,0;Подготовка;
20251209;23:39:36;-0,5;0,0;0,0;0,0;50,0;Подготовка;
20251209;23:39:41;-0,5;0,0;0,0;0,0;50,0;Подготовка;
20251209;23:39:46;-0,5;0,0;0,0;0,0;50,0;Подготовка;
20251209;23:39:51;-0,5;0,0;0,0;0,0;50,0;Подготовка;
20251209;23:39:56;-0,5;0,0;0,0;0,0;50,0;Подготовка;
20251209;23:40:01;-0,5;0,0;0,0;0,0;50,0;Подготовка;
20251209;23:40:06;-0,5;0,0;0,0;0,0;50,0;Подготовка;
20251209;23:40:11;-0,5;0,0;0,0;0,0;50,0;Подготовка;
20251209;23:40:16;-0,5;0,0;0,0;0,0;50,0;Подготовка;
20251209;23:40:21;-0,5;0,0;0,0;0,0;50,0;Подготовка;
20251209;23:40:26;-0,5;0,0;0,0;0,0;50,0;Подготовка;
20251209;23:40:31;-0,5;0,0;0,0;0,0;50,0;Подготовка;
20251209;23:40:36;-0,5;0,0;0,0;0,0;50,0;Подготовка;
20251209;23:40:41;-0,5;0,0;0,0;0,0;50,0;Подготовка;
20251209;23:40:46;-0,5;0,0;0,0;0,0;50,0;Подготовка;
20251209;23:40:51;-0,5;0,0;0,0;0,0;50,0;Подготовка;
20251209;23:40:56;-0,5;0,0;0,0;0,0;50,0;Подготовка;
20251209;23:41:01;-0,5;0,0;0,0;0,0;50,0;Подготовка;
20251209;23:41:06;-0,5;0,0;0,0;0,0;50,0;Подготовка;
20251209;23:41:11;-0,5;0,0;0,0;0,0;50,0;Подготовка;
20251209;23:41:16;-0,5;0,0;0,0;0,0;50,0;Подготовка;
20251209;23:41:21;-0,5;0,0;0,0;0,0;50,0;Подготовка;
20251209;23:41:26;-0,5;0,0;0,0;0,0;50,0;Подготовка;
20251209;23:41:32;-0,5;0,0;0,0;0,0;50,0;Подготовка;
20251209;23:41:37;-0,5;0,0;0,0;0,0;50,0;Подготовка;
20251209;23:41:42;-0,5;0,0;0,0;0,0;50,0;Подготовка;
20251209;23:41:47;-0,5;0,0;0,0;0,0;50,0;Подготовка;
20251209;23:41:52;-0,5;0,0;0,0;0,0;50,0;Подготовка;
20251209;23:41:57;-0,5;0,0;0,0;0,0;50,0;Подготовка;
20251209;23:42:02;-0,5;0,0;0,0;0,0;50,0;Подготовка;
20251209;23:42:07;-0,5;0,0;0,0;0,0;50,0;Подготовка;
20251209;23:42:12;-0,5;0,0;0,0;0,0;50,0;Подготовка;
20251209;23:42:17;-0,5;0,0;0,0;0,0;50,0;Подготовка;
20251209;23:42:22;-0,5;0,0;0,0;0,0;50,0;Подготовка;
20251209;23:42:27;-0,5;0,0;0,0;0,0;50,0;Подготовка;
20251209;23:42:32;-0,5;0,0;0,0;0,0;50,0;Подготовка;
20251209;23:42:37;-0,5;0,0;0,0;0,0;50,0;Подготовка;
20251209;23:42:42;-0,5;0,0;0,0;0,0;50,0;Подготовка;
20251209;23:42:47;-0,5;0,0;0,0;0,0;50,0;Подготовка;
20251209;23:42:52;-0,5;0,0;0,0;0,0;50,0;Подготовка;
20251209;23:42:57;-0,5;0,0;0,0;0,0;50,0;Подготовка;
20251209;23:43:02;-0,5;0,0;0,0;0,0;50,0;Подготовка;
20251209;23:43:07;-0,5;0,0;0,0;0,0;50,0;Подготовка;
20251209;23:43:12;-0,5;0,0;0,0;0,0;50,0;Подготовка;
20251209;23:43:17;-0,5;0,0;0,0;0,0;50,0;Подготовка;
20251209;23:43:22;-0,5;0,0;0,0;0,0;50,0;Подготовка;
20251209;23:43:27;-0,5;0,0;0,0;0,0;50,0;Подготовка;
20251209;23:43:32;-0,5;0,0;0,0;0,0;50,0;Подготовка;
20251209;23:43:38;-0,5;0,0;0,0;0,0;50,0;Подготовка;
20251209;23:43:43;-0,5;0,0;0,0;0,0;50,0;Подготовка;
20251209;23:43:48;-0,5;0,0;0,0;0,0;50,0;Подготовка;
20251209;23:43:53;-0,5;0,0;0,0;0,0;50,0;Подготовка;
20251209;23:43:58;-0,5;0,0;0,0;0,0;50,0;Подготовка;
20251209;23:44:03;-0,5;0,0;0,0;0,0;50,0;Подготовка;
20251209;23:44:08;-0,5;0,0;0,0;0,0;50,0;Подготовка;
20251209;23:44:13;-0,5;0,0;0,0;0,0;50,0;Подготовка;
20251209;23:44:18;-0,5;0,0;0,0;0,0;50,0;Подготовка;
20251209;23:44:23;-0,5;0,0;0,0;0,0;50,0;Подготовка;
20251209;23:44:28;-0,5;0,0;0,0;0,0;50,0;Подготовка;
20251209;23:44:33;-0,5;0,0;0,0;0,0;50,0;Подготовка;
20251209;23:44:38;-0,5;0,0;0,0;0,0;50,0;Подготовка;
20251209;23:44:43;-0,5;0,0;0,0;0,0;50,0;Подготовка;
20251209;23:44:48;-0,5;0,0;0,0;0,0;50,0;Подготовка;
20251209;23:44:53;-0,5;0,0;0,0;0,0;50,0;Подготовка;
20251209;23:44:58;-0,5;0,0;0,0;0,0;50,0;Подготовка;
20251209;23:45:03;-0,5;0,0;0,0;0,0;50,0;Подготовка;
20251209;23:45:08;-0,5;0,0;0,0;0,0;50,0;Подготовка;
20251209;23:45:13;-0,5;0,0;0,0;0,0;50,0;Подготовка;
20251209;23:45:18;-0,5;0,0;0,0;0,0;50,0;Подготовка;
20251209;23:45:23;-0,5;0,0;0,0;0,0;50,0;Подготовка;
20251209;23:45:28;-0,5;0,0;0,0;0,0;50,0;Подготовка;
20251209;23:45:33;-0,5;0,0;0,0;0,0;50,0;Подготовка;
20251209;23:45:38;-0,5;0,0;0,0;0,0;50,0;Подготовка;
20251209;23:45:44;-0,5;0,0;0,0;0,0;50,0;Подготовка;
20251209;23:45:49;-0,5;0,0;0,0;0,0;50,0;Подготовка;
20251209;23:45:54;-0,5;0,0;0,0;0,0;50,0;Подготовка;
20251209;23:45:59;-0,5;0,0;0,0;0,0;50,0;Подготовка;
20251209;23:46:04;-0,5;0,0;0,0;0,0;50,0;Подготовка;
20251209;23:46:09;-0,5;0,0;0,0;0,0;50,0;Подготовка;
20251209;23:46:14;-0,5;0,0;0,0;0,0;50,0;Подготовка;
20251209;23:46:19;-0,5;0,0;0,0;0,0;50,0;Подготовка;
20251209;23:46:24;-0,5;0,0;0,0;0,0;50,0;Подготовка;
20251209;23:46:29;-0,5;0,0;0,0;0,0;50,0;Подготовка;
20251209;23:46:34;-0,5;0,0;0,0;0,0;50,0;Подготовка;
20251209;23:46:39;-0,5;0,0;0,0;0,0;50,0;Подготовка;
20251209;23:46:44;-0,5;0,0;0,0;0,0;50,0;Подготовка;
20251209;23:46:49;-0,5;0,0;0,0;0,0;50,0;Подготовка;
20251209;23:46:54;-0,5;0,0;0,0;0,0;50,0;Подготовка;
20251209;23:46:59;-0,5;0,0;0,0;0,0;50,0;Подготовка;
20251209;23:47:04;-0,5;0,0;0,0;0,0;50,0;Подготовка;
20251209;23:47:09;-0,5;0,0;0,0;0,0;50,0;Подготовка;
20251209;23:47:14;-0,5;0,0;0,0;0,0;50,0;Подготовка;
20251209;23:47:19;-0,5;0,0;0,0;0,0;50,0;Подготовка;
20251209;23:47:24;-0,5;0,0;0,0;0,0;50,0;Подготовка;
20251209;23:47:29;-0,5;0,0;0,0;0,0;50,0;Подготовка;
20251209;23:47:34;-0,5;0,0;0,0;0,0;50,0;Подготовка;
20251209;23:47:39;-0,5;0,0;0,0;0,0;50,0;Подготовка;
20251209;23:47:44;-0,5;0,0;0,0;0,0;50,0;Подготовка;
20251209;23:47:50;-0,5;0,0;0,0;0,0;50,0;Подготовка;
20251209;23:47:55;-0,5;0,0;0,0;0,0;50,0;Подготовка;
20251209;23:48:00;-0,5;0,0;0,0;0,0;50,0;Подготовка;
20251209;23:48:05;-0,5;0,0;0,0;0,0;50,0;Подготовка;
20251209;23:48:10;-0,5;0,0;0,0;0,0;50,0;Подготовка;
20251209;23:48:15;-0,5;0,0;0,0;0,0;50,0;Подготовка;
20251209;23:48:20;-0,5;0,0;0,0;0,0;50,0;Подготовка;
20251209;23:48:25;-0,5;0,0;0,0;0,0;50,0;Подготовка;
20251209;23:48:30;-0,5;0,0;0,0;0,0;50,0;Подготовка;
20251209;23:48:35;-0,5;0,0;0,0;0,0;50,0;Подготовка;
20251209;23:48:40;-0,5;0,0;0,0;0,0;50,0;Подготовка;
20251209;23:48:45;-0,5;0,0;0,0;0,0;50,0;Подготовка;
20251209;23:48:50;-0,5;0,0;0,0;0,0;50,0;Подготовка;
20251209;23:48:55;-0,5;0,0;0,0;0,0;50,0;Подготовка;
20251209;23:49:00;-0,5;0,0;0,0;0,0;50,0;Подготовка;
20251209;23:49:05;-0,5;0,0;0,0;0,0;50,0;Подготовка;
20251209;23:49:10;-0,5;0,0;0,0;0,0;50,0;Подготовка;
20251209;23:49:15;-0,5;0,0;0,0;0,0;50,0;Подготовка;
20251209;23:49:20;-0,5;0,0;0,0;0,0;50,0;Подготовка;
20251209;23:49:25;-0,5;0,0;0,0;0,0;50,0;Подготовка;
20251209;23:49:30;-0,5;0,0;0,0;0,0;50,0;Подготовка;
20251209;23:49:35;-0,5;0,0;0,0;0,0;50,0;Подготовка;
20251209;23:49:40;-0,5;0,0;0,0;0,0;50,0;Подготовка;
20251209;23:49:45;-0,5;0,0;0,0;0,0;50,0;Подготовка;
20251209;23:49:50;-0,5;0,0;0,0;0,0;50,0;Подготовка;
20251209;23:49:56;-0,5;0,0;0,0;0,0;50,0;Подготовка;
20251209;23:50:01;-0,5;0,0;0,0;0,0;50,0;Подготовка;
20251209;23:50:06;-0,5;0,0;0,0;0,0;50,0;Подготовка;
20251209;23:50:11;-0,5;0,0;0,0;0,0;50,0;Подготовка;
20251209;23:50:16;-0,5;0,0;0,0;0,0;50,0;Подготовка;
20251209;23:50:21;-0,5;0,0;0,0;0,0;50,0;Подготовка;
20251209;23:50:26;-0,5;0,0;0,0;0,0;50,0;Подготовка;
20251209;23:50:31;-0,5;0,0;0,0;0,0;50,0;Подготовка;
20251209;23:50:36;-0,5;0,0;0,0;0,0;50,0;Подготовка;
20251209;23:50:41;-0,5;0,0;0,0;0,0;50,0;Подготовка;
20251209;23:50:46;-0,5;0,0;0,0;0,0;50,0;Подготовка;
20251209;23:50:51;-0,5;0,0;0,0;0,0;50,0;Подготовка;
20251209;23:50:56;-0,5;0,0;0,0;0,0;50,0;Подготовка;
20251209;23:51:01;-0,5;0,0;0,0;0,0;50,0;Подготовка;
20251209;23:51:06;-0,5;0,0;0,0;0,0;50,0;Подготовка;
20251209;23:51:11;-0,5;0,0;0,0;0,0;50,0;Подготовка;
20251209;23:51:16;-0,5;0,0;0,0;0,0;50,0;Подготовка;
20251209;23:51:21;-0,5;0,0;0,0;0,0;50,0;Подготовка;
20251209;23:51:26;-0,5;0,0;0,0;0,0;50,0;Подготовка;
20251209;23:51:31;-0,5;0,0;0,0;0,0;50,0;Подготовка;
20251209;23:51:36;-0,5;0,0;0,0;0,0;50,0;Подготовка;
20251209;23:51:41;-0,5;0,0;0,0;0,0;50,0;Подготовка;
20251209;23:51:46;-0,5;0,0;0,0;0,0;50,0;Подготовка;
20251209;23:51:51;-0,5;0,0;0,0;0,0;50,0;Подготовка;
20251209;23:51:56;-0,5;0,0;0,0;0,0;50,0;Подготовка;
20251209;23:52:02;-0,5;0,0;0,0;0,0;50,0;Подготовка;
20251209;23:52:07;-0,5;0,0;0,0;0,0;50,0;Подготовка;
20251209;23:52:12;-0,5;0,0;0,0;0,0;50,0;Подготовка;
20251209;23:52:17;-0,5;0,0;0,0;0,0;50,0;Подготовка;
20251209;23:52:22;-0,5;0,0;0,0;0,0;50,0;Подготовка;
20251209;23:52:27;-0,5;0,0;0,0;0,0;50,0;Подготовка;
20251209;23:52:32;-0,5;0,0;0,0;0,0;50,0;Подготовка;
20251209;23:52:37;-0,5;0,0;0,0;0,0;50,0;Подготовка;
20251209;23:52:42;-0,5;0,0;0,0;0,0;50,0;Подготовка;
20251209;23:52:47;-0,5;0,0;0,0;0,0;50,0;Подготовка;
20251209;23:52:52;-0,5;0,0;0,0;0,0;50,0;Подготовка;
20251209;23:52:57;-0,5;0,0;0,0;0,0;50,0;Подготовка;
20251209;23:53:02;-0,5;0,0;0,0;0,0;50,0;Подготовка;
20251209;23:53:07;-0,5;0,0;0,0;0,0;50,0;Подготовка;
20251209;23:53:12;-0,5;0,0;0,0;0,0;50,0;Подготовка;
20251209;23:53:17;-0,5;0,0;0,0;0,0;50,0;Подготовка;
20251209;23:53:22;-0,5;0,0;0,0;0,0;50,0;Подготовка;
20251209;23:53:27;-0,5;0,0;0,0;0,0;50,0;Подготовка;
20251209;23:53:32;-0,5;0,0;0,0;0,0;50,0;Подготовка;
20251209;23:53:37;-0,5;0,0;0,0;0,0;50,0;Подготовка;
20251209;23:53:42;-0,5;0,0;0,0;0,0;50,0;Подготовка;
20251209;23:53:47;-0,5;0,0;0,0;0,0;50,0;Подготовка;
20251209;23:53:52;-0,5;0,0;0,0;0,0;50,0;Подготовка;
20251209;23:53:57;-0,5;0,0;0,0;0,0;50,0;Подготовка;
20251209;23:54:02;-0,5;0,0;0,0;0,0;50,0;Подготовка;
20251209;23:54:08;-0,5;0,0;0,0;0,0;50,0;Подготовка;
20251209;23:54:13;-0,5;0,0;0,0;0,0;50,0;Подготовка;
20251209;23:54:18;-0,5;0,0;0,0;0,0;50,0;Подготовка;
20251209;23:54:23;-0,5;0,0;0,0;0,0;50,0;Подготовка;
20251209;23:54:28;-0,5;0,0;0,0;0,0;50,0;Подготовка;
20251209;23:54:33;-0,5;0,0;0,0;0,0;50,0;Подготовка;
20251209;23:54:38;-0,5;0,0;0,0;0,0;50,0;Подготовка;
20251209;23:54:43;-0,5;0,0;0,0;0,0;50,0;Подготовка;
20251209;23:54:48;-0,5;0,0;0,0;0,0;50,0;Подготовка;
20251209;23:54:53;-0,5;0,0;0,0;0,0;50,0;Подготовка;
20251209;23:54:58;-0,5;0,0;0,0;0,0;50,0;Подготовка;
20251209;23:55:03;-0,5;0,0;0,0;0,0;50,0;Подготовка;
20251209;23:55:08;-0,5;0,0;0,0;0,0;50,0;Подготовка;
20251209;23:55:13;-0,5;0,0;0,0;0,0;50,0;Подготовка;
20251209;23:55:18;-0,5;0,0;0,0;0,0;50,0;Подготовка;
20251209;23:55:23;-0,5;0,0;0,0;0,0;50,0;Подготовка;
20251209;23:55:28;-0,5;0,0;0,0;0,0;50,0;Подготовка;
20251209;23:55:33;-0,5;0,0;0,0;0,0;50,0;Подготовка;
20251209;23:55:38;-0,5;0,0;0,0;0,0;50,0;Подготовка;
20251209;23:55:43;-0,5;0,0;0,0;0,0;50,0;Подготовка;
20251209;23:55:48;-0,5;0,0;0,0;0,0;50,0;Подготовка;
20251209;23:55:53;-0,5;0,0;0,0;0,0;50,0;Подготовка;
20251209;23:55:58;-0,5;0,0;0,0;0,0;50,0;Подготовка;
20251209;23:56:03;-0,5;0,0;0,0;0,0;50,0;Подготовка;
20251209;23:56:08;-0,5;0,0;0,0;0,0;50,0;Подготовка;
20251209;23:56:14;-0,5;0,0;0,0;0,0;50,0;Подготовка;
20251209;23:56:19;-0,5;0,0;0,0;0,0;50,0;Подготовка;
20251209;23:56:24;-0,5;0,0;0,0;0,0;50,0;Подготовка;
20251209;23:56:29;-0,5;0,0;0,0;0,0;50,0;Подготовка;
20251209;23:56:34;-0,5;0,0;0,0;0,0;50,0;Подготовка;
20251209;23:56:39;-0,5;0,0;0,0;0,0;50,0;Подготовка;
20251209;23:56:44;-0,5;0,0;0,0;0,0;50,0;Подготовка;
20251209;23:56:49;-0,5;0,0;0,0;0,0;50,0;Подготовка;
20251209;23:56:54;-0,5;0,0;0,0;0,0;50,0;Подготовка;
20251209;23:56:59;-0,5;0,0;0,0;0,0;50,0;Подготовка;
20251209;23:57:04;-0,5;0,0;0,0;0,0;50,0;Подготовка;
20251209;23:57:09;-0,5;0,0;0,0;0,0;50,0;Подготовка;
20251209;23:57:14;-0,5;0,0;0,0;0,0;50,0;Подготовка;
20251209;23:57:19;-0,5;0,0;0,0;0,0;50,0;Подготовка;
20251209;23:57:24;-0,5;0,0;0,0;0,0;50,0;Подготовка;
20251209;23:57:29;-0,5;0,0;0,0;0,0;50,0;Подготовка;
20251209;23:57:34;-0,5;0,0;0,0;0,0;50,0;Подготовка;
20251209;23:57:39;-0,5;0,0;0,0;0,0;50,0;Подготовка;
20251209;23:57:44;-0,5;0,0;0,0;0,0;50,0;Подготовка;
20251209;23:57:49;-0,5;0,0;0,0;0,0;50,0;Подготовка;
20251209;23:57:54;-0,5;0,0;0,0;0,0;50,0;Подготовка;
20251209;23:57:59;-0,5;0,0;0,0;0,0;50,0;Подготовка;
20251209;23:58:04;-0,5;0,0;0,0;0,0;50,0;Подготовка;
20251209;23:58:09;-0,5;0,0;0,0;0,0;50,0;Подготовка;
20251209;23:58:14;-0,5;0,0;0,0;0,0;50,0;Подготовка;
20251209;23:58:20;-0,5;0,0;0,0;0,0;50,0;Подготовка;
20251209;23:58:25;-0,5;0,0;0,0;0,0;50,0;Подготовка;
20251209;23:58:30;-0,5;0,0;0,0;0,0;50,0;Подготовка;
20251209;23:58:35;-0,5;0,0;0,0;0,0;50,0;Подготовка;
20251209;23:58:40;-0,5;0,0;0,0;0,0;50,0;Подготовка;
20251209;23:58:45;-0,5;0,0;0,0;0,0;50,0;Подготовка;
20251209;23:58:50;-0,5;0,0;0,0;0,0;50,0;Подготовка;
20251209;23:58:55;-0,5;0,0;0,0;0,0;50,0;Подготовка;
20251209;23:59:00;-0,5;0,0;0,0;0,0;50,0;Подготовка;
20251209;23:59:05;-0,5;0,0;0,0;0,0;50,0;Подготовка;
20251209;23:59:10;-0,5;0,0;0,0;0,0;50,0;Подготовка;
20251209;23:59:15;-0,5;0,0;0,0;0,0;50,0;Подготовка;
20251209;23:59:20;-0,5;0,0;0,0;0,0;50,0;Подготовка;
20251209;23:59:25;-0,5;0,0;0,0;0,0;50,0;Подготовка;
20251209;23:59:30;-0,5;0,0;0,0;0,0;50,0;Подготовка;
20251209;23:59:35;-0,5;0,0;0,0;0,0;50,0;Подготовка;
20251209;23:59:40;-0,5;0,0;0,0;0,0;50,0;Подготовка;
20251209;23:59:45;-0,5;0,0;0,0;0,0;50,0;Подготовка;
20251209;23:59:50;-0,5;0,0;0,0;0,0;50,0;Подготовка;
20251209;23:59:55;-0,5;0,0;0,0;0,0;50,0;Подготовка;
