Предприятие;
Объект;
Вид оборудования;
Дисп. наименование;
Тип;
Зав. номер;
Сер. номер;
Год выпуска;
Год ввода в эксплуатацию;
Дата отбора пробы;
Марка пробы;
Температура пробы;
DATE ;TIME ;TS_TEMP ;PROB_TEMP ;PROB_OTN_VL ;PROBE_VlAGOSOD ;SP ;STATUS ; 
20251208;12:39:29;-0,49;0,0;0,0;0,0;50,0;Включение;
20251208;12:39:34;-0,49;0,0;0,0;0,0;50,0;Подготовка;
20251208;12:39:39;-0,49;0,0;0,0;0,0;50,0;Подготовка;
20251208;12:39:44;-0,49;0,0;0,0;0,0;50,0;Подготовка;
20251208;12:39:49;-0,49;0,0;0,0;0,0;50,0;Подготовка;
20251208;12:39:54;-0,5;0,0;0,0;0,0;50,0;Подготовка;
20251208;12:40:00;-0,5;0,0;0,0;0,0;50,0;Подготовка;
20251208;12:40:05;-0,5;0,0;0,0;0,0;50,0;Подготовка;
20251208;12:40:10;-0,5;0,0;0,0;0,0;50,0;Подготовка;
20251208;12:40:15;-0,5;0,0;0,0;0,0;50,0;Подготовка;
20251208;12:40:20;-0,5;0,0;0,0;0,0;50,0;Подготовка;
20251208;12:40:25;-0,5;0,0;0,0;0,0;50,0;Подготовка;
20251208;12:40:30;-0,5;0,0;0,0;0,0;50,0;Подготовка;
20251208;12:40:35;-0,5;0,0;0,0;0,0;50,0;Подготовка;
20251208;12:40:40;-0,5;0,0;0,0;0,0;50,0;Подготовка;
20251208;12:40:45;-0,5;0,0;0,0;0,0;50,0;Подготовка;
20251208;12:40:50;-0,5;0,0;0,0;0,0;50,0;Подготовка;
20251208;12:40:55;-0,5;0,0;0,0;0,0;50,0;Подготовка;
20251208;12:41:00;-0,5;0,0;0,0;0,0;50,0;Подготовка;
20251208;12:41:05;-0,5;0,0;0,0;0,0;50,0;Подготовка;
20251208;12:41:10;-0,5;0,0;0,0;0,0;50,0;Подготовка;
20251208;12:41:15;-0,5;0,0;0,0;0,0;50,0;Подготовка;
20251208;12:41:20;-0,5;0,0;0,0;0,0;50,0;Подготовка;
20251208;12:41:25;-0,5;0,0;0,0;0,0;50,0;Подготовка;
20251208;12:41:30;-0,5;0,0;0,0;0,0;50,0;Подготовка;
20251208;12:41:35;-0,5;0,0;0,0;0,0;50,0;Подготовка;
20251208;12:41:40;-0,5;0,0;0,0;0,0;50,0;Подготовка;
20251208;12:41:45;-0,5;0,0;0,0;0,0;50,0;Подготовка;
20251208;12:41:50;-0,5;0,0;0,0;0,0;50,0;Подготовка;
20251208;12:41:55;-0,5;0,0;0,0;0,0;50,0;Подготовка;
20251208;12:42:00;-0,5;0,0;0,0;0,0;50,0;Подготовка;
20251208;12:42:06;-0,5;0,0;0,0;0,0;50,0;Подготовка;
20251208;12:42:11;-0,5;0,0;0,0;0,0;50,0;Подготовка;
20251208;12:42:16;-0,5;0,0;0,0;0,0;50,0;Подготовка;
20251208;12:42:21;-0,5;0,0;0,0;0,0;50,0;Подготовка;
20251208;12:42:26;-0,5;0,0;0,0;0,0;50,0;Подготовка;
20251208;12:42:31;-0,5;0,0;0,0;0,0;50,0;Подготовка;
20251208;12:42:36;-0,5;0,0;0,0;0,0;50,0;Подготовка;
20251208;12:42:41;-0,5;0,0;0,0;0,0;50,0;Подготовка;
20251208;12:42:46;-0,5;0,0;0,0;0,0;50,0;Подготовка;
20251208;12:42:51;-0,5;0,0;0,0;0,0;50,0;Подготовка;
20251208;12:42:56;-0,5;0,0;0,0;0,0;50,0;Подготовка;
20251208;12:43:01;-0,5;0,0;0,0;0,0;50,0;Подготовка;
20251208;12:43:06;-0,5;0,0;0,0;0,0;50,0;Подготовка;
20251208;12:43:11;-0,5;0,0;0,0;0,0;50,0;Подготовка;
20251208;12:43:16;-0,5;0,0;0,0;0,0;50,0;Подготовка;
20251208;12:43:21;-0,5;0,0;0,0;0,0;50,0;Подготовка;
20251208;12:43:26;-0,5;0,0;0,0;0,0;50,0;Подготовка;
20251208;12:43:31;-0,5;0,0;0,0;0,0;50,0;Подготовка;
20251208;12:43:36;-0,5;0,0;0,0;0,0;50,0;Подготовка;
20251208;12:43:41;-0,5;0,0;0,0;0,0;50,0;Подготовка;
20251208;12:43:46;-0,5;0,0;0,0;0,0;50,0;Подготовка;
20251208;12:43:51;-0,5;0,0;0,0;0,0;50,0;Подготовка;
20251208;12:43:56;-0,5;0,0;0,0;0,0;50,0;Подготовка;
20251208;12:44:01;-0,5;0,0;0,0;0,0;50,0;Подготовка;
20251208;12:44:06;-0,5;0,0;0,0;0,0;50,0;Подготовка;
20251208;12:44:12;-0,5;0,0;0,0;0,0;50,0;Подготовка;
20251208;12:44:17;-0,5;0,0;0,0;0,0;50,0;Подготовка;
20251208;12:44:22;-0,5;0,0;0,0;0,0;50,0;Подготовка;
20251208;12:44:27;-0,5;0,0;0,0;0,0;50,0;Подготовка;
20251208;12:44:32;-0,5;0,0;0,0;0,0;50,0;Подготовка;
20251208;12:44:37;-0,5;0,0;0,0;0,0;50,0;Подготовка;
20251208;12:44:42;-0,5;0,0;0,0;0,0;50,0;Подготовка;
20251208;12:44:47;-0,5;0,0;0,0;0,0;50,0;Подготовка;
20251208;12:44:52;-0,5;0,0;0,0;0,0;50,0;Подготовка;
20251208;12:44:57;-0,5;0,0;0,0;0,0;50,0;Подготовка;
20251208;12:45:02;-0,5;0,0;0,0;0,0;50,0;Подготовка;
20251208;12:45:07;-0,5;0,0;0,0;0,0;50,0;Подготовка;
20251208;12:45:12;-0,5;0,0;0,0;0,0;50,0;Подготовка;
20251208;12:45:17;-0,5;0,0;0,0;0,0;50,0;Подготовка;
20251208;12:45:22;-0,5;0,0;0,0;0,0;50,0;Подготовка;
20251208;12:45:27;-0,5;0,0;0,0;0,0;50,0;Подготовка;
20251208;12:45:32;-0,5;0,0;0,0;0,0;50,0;Подготовка;
20251208;12:45:37;-0,5;0,0;0,0;0,0;50,0;Подготовка;
20251208;12:45:42;-0,5;0,0;0,0;0,0;50,0;Подготовка;
20251208;12:45:47;-0,5;0,0;0,0;0,0;50,0;Подготовка;
20251208;12:45:52;-0,5;0,0;0,0;0,0;50,0;Подготовка;
20251208;12:45:57;-0,5;0,0;0,0;0,0;50,0;Подготовка;
20251208;12:46:02;-0,5;0,0;0,0;0,0;50,0;Подготовка;
20251208;12:46:07;-0,5;0,0;0,0;0,0;50,0;Подготовка;
20251208;12:46:12;-0,5;0,0;0,0;0,0;50,0;Подготовка;
20251208;12:46:18;-0,5;0,0;0,0;0,0;50,0;Подготовка;
20251208;12:46:23;-0,5;0,0;0,0;0,0;50,0;Подготовка;
20251208;12:46:28;-0,5;0,0;0,0;0,0;50,0;Подготовка;
20251208;12:46:33;-0,5;0,0;0,0;0,0;50,0;Подготовка;
20251208;12:46:38;-0,5;0,0;0,0;0,0;50,0;Подготовка;
20251208;12:46:43;-0,5;0,0;0,0;0,0;50,0;Подготовка;
20251208;12:46:48;-0,5;0,0;0,0;0,0;50,0;Подготовка;
20251208;12:46:53;-0,5;0,0;0,0;0,0;50,0;Подготовка;
20251208;12:46:58;-0,5;0,0;0,0;0,0;50,0;Подготовка;
20251208;12:47:03;-0,5;0,0;0,0;0,0;50,0;Подготовка;
20251208;12:47:08;-0,5;0,0;0,0;0,0;50,0;Подготовка;
20251208;12:47:13;-0,5;0,0;0,0;0,0;50,0;Подготовка;
20251208;12:47:18;-0,5;0,0;0,0;0,0;50,0;Подготовка;
20251208;12:47:23;-0,5;0,0;0,0;0,0;50,0;Подготовка;
20251208;12:47:28;-0,5;0,0;0,0;0,0;50,0;Подготовка;
20251208;12:47:33;-0,5;0,0;0,0;0,0;50,0;Подготовка;
20251208;12:47:38;-0,5;0,0;0,0;0,0;50,0;Подготовка;
20251208;12:47:43;-0,5;0,0;0,0;0,0;50,0;Подготовка;
20251208;12:47:48;-0,5;0,0;0,0;0,0;50,0;Подготовка;
20251208;12:47:53;-0,5;0,0;0,0;0,0;50,0;Подготовка;
20251208;12:47:58;-0,5;0,0;0,0;0,0;50,0;Подготовка;
20251208;12:48:03;-0,5;0,0;0,0;0,0;50,0;Подготовка;
20251208;12:48:08;-0,5;0,0;0,0;0,0;50,0;Подготовка;
20251208;12:48:13;-0,5;0,0;0,0;0,0;50,0;Подготовка;
20251208;12:48:18;-0,5;0,0;0,0;0,0;50,0;Подготовка;
20251208;12:48:24;-0,5;0,0;0,0;0,0;50,0;Подготовка;
20251208;12:48:29;-0,5;0,0;0,0;0,0;50,0;Подготовка;
20251208;12:48:34;-0,5;0,0;0,0;0,0;50,0;Подготовка;
20251208;12:48:39;-0,5;0,0;0,0;0,0;50,0;Подготовка;
20251208;12:48:44;-0,5;0,0;0,0;0,0;50,0;Подготовка;
20251208;12:48:49;-0,5;0,0;0,0;0,0;50,0;Подготовка;
20251208;12:48:54;-0,5;0,0;0,0;0,0;50,0;Подготовка;
20251208;12:48:59;-0,5;0,0;0,0;0,0;50,0;Подготовка;
20251208;12:49:04;-0,5;0,0;0,0;0,0;50,0;Подготовка;
20251208;12:49:09;-0,5;0,0;0,0;0,0;50,0;Подготовка;
20251208;12:49:14;-0,5;0,0;0,0;0,0;50,0;Подготовка;
20251208;12:49:19;-0,5;0,0;0,0;0,0;50,0;Подготовка;
20251208;12:49:24;-0,5;0,0;0,0;0,0;50,0;Подготовка;
20251208;12:49:29;-0,5;0,0;0,0;0,0;50,0;Подготовка;
20251208;12:49:34;-0,5;0,0;0,0;0,0;50,0;Подготовка;
20251208;12:49:39;-0,5;0,0;0,0;0,0;50,0;Подготовка;
20251208;12:49:44;-0,5;0,0;0,0;0,0;50,0;Подготовка;
20251208;12:49:49;-0,5;0,0;0,0;0,0;50,0;Подготовка;
20251208;12:49:54;-0,5;0,0;0,0;0,0;50,0;Подготовка;
20251208;12:49:59;-0,5;0,0;0,0;0,0;50,0;Подготовка;
20251208;12:50:04;-0,5;0,0;0,0;0,0;50,0;Подготовка;
20251208;12:50:09;-0,5;0,0;0,0;0,0;50,0;Подготовка;
20251208;12:50:14;-0,5;0,0;0,0;0,0;50,0;Подготовка;
20251208;12:50:19;-0,5;0,0;0,0;0,0;50,0;Подготовка;
20251208;12:50:24;-0,5;0,0;0,0;0,0;50,0;Подготовка;
20251208;12:50:30;-0,5;0,0;0,0;0,0;50,0;Подготовка;
20251208;12:50:35;-0,5;0,0;0,0;0,0;50,0;Подготовка;
20251208;12:50:40;-0,5;0,0;0,0;0,0;50,0;Подготовка;
20251208;12:50:45;-0,5;0,0;0,0;0,0;50,0;Подготовка;
20251208;12:50:50;-0,5;0,0;0,0;0,0;50,0;Подготовка;
20251208;12:50:55;-0,5;0,0;0,0;0,0;50,0;Подготовка;
20251208;12:51:00;-0,5;0,0;0,0;0,0;50,0;Подготовка;
20251208;12:51:05;-0,5;0,0;0,0;0,0;50,0;Подготовка;
20251208;12:51:10;-0,5;0,0;0,0;0,0;50,0;Подготовка;
20251208;12:51:15;-0,5;0,0;0,0;0,0;50,0;Подготовка;
20251208;12:51:20;-0,5;0,0;0,0;0,0;50,0;Подготовка;
20251208;12:51:25;-0,5;0,0;0,0;0,0;50,0;Подготовка;
20251208;12:51:30;-0,5;0,0;0,0;0,0;50,0;Подготовка;
20251208;12:51:35;-0,5;0,0;0,0;0,0;50,0;Подготовка;
20251208;12:51:40;-0,5;0,0;0,0;0,0;50,0;Подготовка;
20251208;12:51:45;-0,5;0,0;0,0;0,0;50,0;Подготовка;
20251208;12:51:50;-0,5;0,0;0,0;0,0;50,0;Подготовка;
20251208;12:51:55;-0,5;0,0;0,0;0,0;50,0;Подготовка;
20251208;12:52:00;-0,5;0,0;0,0;0,0;50,0;Подготовка;
20251208;12:52:05;-0,5;0,0;0,0;0,0;50,0;Подготовка;
20251208;12:52:10;-0,5;0,0;0,0;0,0;50,0;Подготовка;
20251208;12:52:15;-0,5;0,0;0,0;0,0;50,0;Подготовка;
20251208;12:52:20;-0,5;0,0;0,0;0,0;50,0;Подготовка;
20251208;12:52:25;-0,5;0,0;0,0;0,0;50,0;Подготовка;
20251208;12:52:30;-0,5;0,0;0,0;0,0;50,0;Подготовка;
20251208;12:52:36;-0,5;0,0;0,0;0,0;50,0;Подготовка;
20251208;12:52:41;-0,5;0,0;0,0;0,0;50,0;Подготовка;
20251208;12:52:46;-0,5;0,0;0,0;0,0;50,0;Подготовка;
20251208;12:52:51;-0,5;0,0;0,0;0,0;50,0;Подготовка;
20251208;12:52:56;-0,5;0,0;0,0;0,0;50,0;Подготовка;
20251208;12:53:01;-0,5;0,0;0,0;0,0;50,0;Подготовка;
20251208;12:53:06;-0,5;0,0;0,0;0,0;50,0;Подготовка;
20251208;12:53:11;-0,5;0,0;0,0;0,0;50,0;Подготовка;
20251208;12:53:16;-0,5;0,0;0,0;0,0;50,0;Подготовка;
20251208;12:53:21;-0,5;0,0;0,0;0,0;50,0;Подготовка;
20251208;12:53:26;-0,5;0,0;0,0;0,0;50,0;Подготовка;
20251208;12:53:31;-0,5;0,0;0,0;0,0;50,0;Подготовка;
20251208;12:53:36;-0,5;0,0;0,0;0,0;50,0;Подготовка;
20251208;12:53:41;-0,5;0,0;0,0;0,0;50,0;Подготовка;
20251208;12:53:46;-0,5;0,0;0,0;0,0;50,0;Подготовка;
20251208;12:53:51;-0,5;0,0;0,0;0,0;50,0;Подготовка;
20251208;12:53:56;-0,5;0,0;0,0;0,0;50,0;Подготовка;
20251208;12:54:01;-0,5;0,0;0,0;0,0;50,0;Подготовка;
20251208;12:54:06;-0,5;0,0;0,0;0,0;50,0;Подготовка;
20251208;12:54:11;-0,5;0,0;0,0;0,0;50,0;Подготовка;
20251208;12:54:16;-0,5;0,0;0,0;0,0;50,0;Подготовка;
20251208;12:54:21;-0,5;0,0;0,0;0,0;50,0;Подготовка;
20251208;12:54:26;-0,5;0,0;0,0;0,0;50,0;Подготовка;
20251208;12:54:31;-0,5;0,0;0,0;0,0;50,0;Подготовка;
20251208;12:54:36;-0,5;0,0;0,0;0,0;50,0;Подготовка;
20251208;12:54:42;-0,5;0,0;0,0;0,0;50,0;Подготовка;
20251208;12:54:47;-0,5;0,0;0,0;0,0;50,0;Подготовка;
20251208;12:54:52;-0,5;0,0;0,0;0,0;50,0;Подготовка;
20251208;12:54:57;-0,5;0,0;0,0;0,0;50,0;Подготовка;
20251208;12:55:02;-0,5;0,0;0,0;0,0;50,0;Подготовка;
20251208;12:55:07;-0,5;0,0;0,0;0,0;50,0;Подготовка;
20251208;12:55:12;-0,5;0,0;0,0;0,0;50,0;Подготовка;
20251208;12:55:17;-0,5;0,0;0,0;0,0;50,0;Подготовка;
20251208;12:55:22;-0,5;0,0;0,0;0,0;50,0;Подготовка;
20251208;12:55:27;-0,5;0,0;0,0;0,0;50,0;Подготовка;
20251208;12:55:32;-0,5;0,0;0,0;0,0;50,0;Подготовка;
20251208;12:55:37;-0,5;0,0;0,0;0,0;50,0;Подготовка;
20251208;12:55:42;-0,5;0,0;0,0;0,0;50,0;Подготовка;
20251208;12:55:47;-0,5;0,0;0,0;0,0;50,0;Подготовка;
20251208;12:55:52;-0,5;0,0;0,0;0,0;50,0;Подготовка;
20251208;12:55:57;-0,5;0,0;0,0;0,0;50,0;Подготовка;
20251208;12:56:02;-0,5;0,0;0,0;0,0;50,0;Подготовка;
20251208;12:56:07;-0,5;0,0;0,0;0,0;50,0;Подготовка;
20251208;12:56:12;-0,5;0,0;0,0;0,0;50,0;Подготовка;
20251208;12:56:17;-0,5;0,0;0,0;0,0;50,0;Подготовка;
20251208;12:56:22;-0,5;0,0;0,0;0,0;50,0;Подготовка;
20251208;12:56:27;-0,5;0,0;0,0;0,0;50,0;Подготовка;
20251208;12:56:32;-0,5;0,0;0,0;0,0;50,0;Подготовка;
20251208;12:56:37;-0,5;0,0;0,0;0,0;50,0;Подготовка;
20251208;12:56:42;-0,5;0,0;0,0;0,0;50,0;Подготовка;
20251208;12:56:48;-0,5;0,0;0,0;0,0;50,0;Подготовка;
20251208;12:56:53;-0,5;0,0;0,0;0,0;50,0;Подготовка;
20251208;12:56:58;-0,5;0,0;0,0;0,0;50,0;Подготовка;
20251208;12:57:03;-0,5;0,0;0,0;0,0;50,0;Подготовка;
20251208;12:57:08;-0,5;0,0;0,0;0,0;50,0;Подготовка;
20251208;12:57:13;-0,5;0,0;0,0;0,0;50,0;Подготовка;
20251208;12:57:18;-0,5;0,0;0,0;0,0;50,0;Подготовка;
20251208;12:57:23;-0,5;0,0;0,0;0,0;50,0;Подготовка;
20251208;12:57:28;-0,5;0,0;0,0;0,0;50,0;Подготовка;
20251208;12:57:33;-0,5;0,0;0,0;0,0;50,0;Подготовка;
20251208;12:57:38;-0,5;0,0;0,0;0,0;50,0;Подготовка;
20251208;12:57:43;-0,5;0,0;0,0;0,0;50,0;Подготовка;
20251208;12:57:48;-0,5;0,0;0,0;0,0;50,0;Подготовка;
20251208;12:57:53;-0,5;0,0;0,0;0,0;50,0;Подготовка;
20251208;12:57:58;-0,5;0,0;0,0;0,0;50,0;Подготовка;
20251208;12:58:03;-0,5;0,0;0,0;0,0;50,0;Подготовка;
20251208;12:58:08;-0,5;0,0;0,0;0,0;50,0;Подготовка;
20251208;12:58:13;-0,5;0,0;0,0;0,0;50,0;Подготовка;
20251208;12:58:18;-0,5;0,0;0,0;0,0;50,0;Подготовка;
20251208;12:58:23;-0,5;0,0;0,0;0,0;50,0;Подготовка;
20251208;12:58:28;-0,5;0,0;0,0;0,0;50,0;Подготовка;
20251208;12:58:33;-0,5;0,0;0,0;0,0;50,0;Подготовка;
20251208;12:58:38;-0,5;0,0;0,0;0,0;50,0;Подготовка;
20251208;12:58:43;-0,5;0,0;0,0;0,0;50,0;Подготовка;
20251208;12:58:48;-0,5;0,0;0,0;0,0;50,0;Подготовка;
20251208;12:58:54;-0,5;0,0;0,0;0,0;50,0;Подготовка;
20251208;12:58:59;-0,5;0,0;0,0;0,0;50,0;Подготовка;
20251208;12:59:04;-0,5;0,0;0,0;0,0;50,0;Подготовка;
20251208;12:59:09;-0,5;0,0;0,0;0,0;50,0;Подготовка;
20251208;12:59:14;-0,5;0,0;0,0;0,0;50,0;Подготовка;
20251208;12:59:19;-0,5;0,0;0,0;0,0;50,0;Подготовка;
20251208;12:59:24;-0,5;0,0;0,0;0,0;50,0;Подготовка;
20251208;12:59:29;-0,5;0,0;0,0;0,0;50,0;Подготовка;
20251208;12:59:34;-0,5;0,0;0,0;0,0;50,0;Подготовка;
20251208;12:59:39;-0,5;0,0;0,0;0,0;50,0;Подготовка;
20251208;12:59:44;-0,5;0,0;0,0;0,0;50,0;Подготовка;
20251208;12:59:49;-0,5;0,0;0,0;0,0;50,0;Подготовка;
20251208;12:59:54;-0,5;0,0;0,0;0,0;50,0;Подготовка;
20251208;12:59:59;-0,5;0,0;0,0;0,0;50,0;Подготовка;
20251208;13:00:04;-0,5;0,0;0,0;0,0;50,0;Подготовка;
20251208;13:00:09;-0,5;0,0;0,0;0,0;50,0;Подготовка;
20251208;13:00:14;-0,5;0,0;0,0;0,0;50,0;Подготовка;
20251208;13:00:19;-0,5;0,0;0,0;0,0;50,0;Подготовка;
20251208;13:00:24;-0,5;0,0;0,0;0,0;50,0;Подготовка;
20251208;13:00:29;-0,5;0,0;0,0;0,0;50,0;Подготовка;
20251208;13:00:34;-0,5;0,0;0,0;0,0;50,0;Подготовка;
20251208;13:00:39;-0,5;0,0;0,0;0,0;50,0;Подготовка;
20251208;13:00:44;-0,5;0,0;0,0;0,0;50,0;Подготовка;
20251208;13:00:49;-0,5;0,0;0,0;0,0;50,0;Подготовка;
20251208;13:00:54;-0,5;0,0;0,0;0,0;50,0;Подготовка;
20251208;13:01:00;-0,5;0,0;0,0;0,0;50,0;Подготовка;
20251208;13:01:05;-0,5;0,0;0,0;0,0;50,0;Подготовка;
20251208;13:01:10;-0,5;0,0;0,0;0,0;50,0;Подготовка;
20251208;13:01:15;-0,5;0,0;0,0;0,0;50,0;Подготовка;
20251208;13:01:20;-0,5;0,0;0,0;0,0;50,0;Подготовка;
20251208;13:01:25;-0,5;0,0;0,0;0,0;50,0;Подготовка;
20251208;13:01:30;-0,5;0,0;0,0;0,0;50,0;Подготовка;
20251208;13:01:35;-0,5;0,0;0,0;0,0;50,0;Подготовка;
20251208;13:01:40;-0,5;0,0;0,0;0,0;50,0;Подготовка;
20251208;13:01:45;-0,5;0,0;0,0;0,0;50,0;Подготовка;
20251208;13:01:50;-0,5;0,0;0,0;0,0;50,0;Подготовка;
20251208;13:01:55;-0,5;0,0;0,0;0,0;50,0;Подготовка;
20251208;13:02:00;-0,5;0,0;0,0;0,0;50,0;Подготовка;
20251208;13:02:05;-0,5;0,0;0,0;0,0;50,0;Подготовка;
20251208;13:02:10;-0,5;0,0;0,0;0,0;50,0;Подготовка;
20251208;13:02:15;-0,5;0,0;0,0;0,0;50,0;Подготовка;
20251208;13:02:20;-0,5;0,0;0,0;0,0;50,0;Подготовка;
20251208;13:02:25;-0,5;0,0;0,0;0,0;50,0;Подготовка;
20251208;13:02:30;-0,5;0,0;0,0;0,0;50,0;Подготовка;
20251208;13:02:35;-0,5;0,0;0,0;0,0;50,0;Подготовка;
20251208;13:02:40;-0,5;0,0;0,0;0,0;50,0;Подготовка;
20251208;13:02:45;-0,5;0,0;0,0;0,0;50,0;Подготовка;
20251208;13:02:50;-0,5;0,0;0,0;0,0;50,0;Подготовка;
20251208;13:02:55;-0,5;0,0;0,0;0,0;50,0;Подготовка;
20251208;13:03:00;-0,5;0,0;0,0;0,0;50,0;Подготовка;
20251208;13:03:06;-0,5;0,0;0,0;0,0;50,0;Подготовка;
20251208;13:03:11;-0,5;0,0;0,0;0,0;50,0;Подготовка;
20251208;13:03:16;-0,5;0,0;0,0;0,0;50,0;Подготовка;
20251208;13:03:21;-0,5;0,0;0,0;0,0;50,0;Подготовка;
20251208;13:03:26;-0,5;0,0;0,0;0,0;50,0;Подготовка;
20251208;13:03:31;-0,5;0,0;0,0;0,0;50,0;Подготовка;
20251208;13:03:36;-0,5;0,0;0,0;0,0;50,0;Подготовка;
20251208;13:03:41;-0,5;0,0;0,0;0,0;50,0;Подготовка;
20251208;13:03:46;-0,5;0,0;0,0;0,0;50,0;Подготовка;
20251208;13:03:51;-0,5;0,0;0,0;0,0;50,0;Подготовка;
20251208;13:03:56;-0,5;0,0;0,0;0,0;50,0;Подготовка;
20251208;13:04:01;-0,5;0,0;0,0;0,0;50,0;Подготовка;
20251208;13:04:06;-0,5;0,0;0,0;0,0;50,0;Подготовка;
20251208;13:04:11;-0,5;0,0;0,0;0,0;50,0;Подготовка;
20251208;13:04:16;-0,5;0,0;0,0;0,0;50,0;Подготовка;
20251208;13:04:21;-0,5;0,0;0,0;0,0;50,0;Подготовка;
20251208;13:04:26;-0,5;0,0;0,0;0,0;50,0;Подготовка;
20251208;13:04:31;-0,5;0,0;0,0;0,0;50,0;Подготовка;
20251208;13:04:36;-0,5;0,0;0,0;0,0;50,0;Подготовка;
20251208;13:04:41;-0,5;0,0;0,0;0,0;50,0;Подготовка;
20251208;13:04:46;-0,5;0,0;0,0;0,0;50,0;Подготовка;
20251208;13:04:51;-0,5;0,0;0,0;0,0;50,0;Подготовка;
20251208;13:04:56;-0,5;0,0;0,0;0,0;50,0;Подготовка;
20251208;13:05:01;-0,5;0,0;0,0;0,0;50,0;Подготовка;
20251208;13:05:06;-0,5;0,0;0,0;0,0;50,0;Подготовка;
20251208;13:05:12;-0,5;0,0;0,0;0,0;50,0;Подготовка;
20251208;13:05:17;-0,5;0,0;0,0;0,0;50,0;Подготовка;
20251208;13:05:22;-0,5;0,0;0,0;0,0;50,0;Подготовка;
20251208;13:05:27;-0,5;0,0;0,0;0,0;50,0;Подготовка;
20251208;13:05:32;-0,5;0,0;0,0;0,0;50,0;Подготовка;
20251208;13:05:37;-0,5;0,0;0,0;0,0;50,0;Подготовка;
20251208;13:05:42;-0,5;0,0;0,0;0,0;50,0;Подготовка;
20251208;13:05:47;-0,5;0,0;0,0;0,0;50,0;Подготовка;
20251208;13:05:52;-0,5;0,0;0,0;0,0;50,0;Подготовка;
20251208;13:05:57;-0,5;0,0;0,0;0,0;50,0;Подготовка;
20251208;13:06:02;-0,5;0,0;0,0;0,0;50,0;Подготовка;
20251208;13:06:07;-0,5;0,0;0,0;0,0;50,0;Подготовка;
20251208;13:06:12;-0,5;0,0;0,0;0,0;50,0;Подготовка;
20251208;13:06:17;-0,5;0,0;0,0;0,0;50,0;Подготовка;
20251208;13:06:22;-0,5;0,0;0,0;0,0;50,0;Подготовка;
20251208;13:06:27;-0,5;0,0;0,0;0,0;50,0;Подготовка;
20251208;13:06:32;-0,5;0,0;0,0;0,0;50,0;Подготовка;
20251208;13:06:37;-0,5;0,0;0,0;0,0;50,0;Подготовка;
20251208;13:06:42;-0,5;0,0;0,0;0,0;50,0;Подготовка;
20251208;13:06:47;-0,5;0,0;0,0;0,0;50,0;Подготовка;
20251208;13:06:52;-0,5;0,0;0,0;0,0;50,0;Подготовка;
20251208;13:06:57;-0,5;0,0;0,0;0,0;50,0;Подготовка;
20251208;13:07:02;-0,5;0,0;0,0;0,0;50,0;Подготовка;
20251208;13:07:07;-0,5;0,0;0,0;0,0;50,0;Подготовка;
20251208;13:07:12;-0,5;0,0;0,0;0,0;50,0;Подготовка;
20251208;13:07:18;-0,5;0,0;0,0;0,0;50,0;Подготовка;
20251208;13:07:23;-0,5;0,0;0,0;0,0;50,0;Подготовка;
20251208;13:07:28;-0,5;0,0;0,0;0,0;50,0;Подготовка;
20251208;13:07:33;-0,5;0,0;0,0;0,0;50,0;Подготовка;
20251208;13:07:38;-0,5;0,0;0,0;0,0;50,0;Подготовка;
20251208;13:07:43;-0,5;0,0;0,0;0,0;50,0;Подготовка;
20251208;13:07:48;-0,5;0,0;0,0;0,0;50,0;Подготовка;
20251208;13:07:53;-0,5;0,0;0,0;0,0;50,0;Подготовка;
20251208;13:07:58;-0,5;0,0;0,0;0,0;50,0;Подготовка;
20251208;13:08:03;-0,5;0,0;0,0;0,0;50,0;Подготовка;
20251208;13:08:08;-0,5;0,0;0,0;0,0;50,0;Подготовка;
20251208;13:08:13;-0,5;0,0;0,0;0,0;50,0;Подготовка;
20251208;13:08:18;-0,5;0,0;0,0;0,0;50,0;Подготовка;
20251208;13:08:23;-0,5;0,0;0,0;0,0;50,0;Подготовка;
20251208;13:08:28;-0,5;0,0;0,0;0,0;50,0;Подготовка;
20251208;13:08:33;-0,5;0,0;0,0;0,0;50,0;Подготовка;
20251208;13:08:38;-0,5;0,0;0,0;0,0;50,0;Подготовка;
20251208;13:08:43;-0,5;0,0;0,0;0,0;50,0;Подготовка;
20251208;13:08:48;-0,5;0,0;0,0;0,0;50,0;Подготовка;
20251208;13:08:53;-0,5;0,0;0,0;0,0;50,0;Подготовка;
20251208;13:08:58;-0,5;0,0;0,0;0,0;50,0;Подготовка;
20251208;13:09:03;-0,5;0,0;0,0;0,0;50,0;Подготовка;
20251208;13:09:08;-0,5;0,0;0,0;0,0;50,0;Подготовка;
20251208;13:09:13;-0,5;0,0;0,0;0,0;50,0;Подготовка;
20251208;13:09:18;-0,5;0,0;0,0;0,0;50,0;Подготовка;
20251208;13:09:24;-0,5;0,0;0,0;0,0;50,0;Подготовка;
20251208;13:09:29;-0,5;0,0;0,0;0,0;50,0;Подготовка;
20251208;13:09:34;-0,5;0,0;0,0;0,0;50,0;Подготовка;
20251208;13:09:39;-0,5;0,0;0,0;0,0;50,0;Подготовка;
20251208;13:09:44;-0,5;0,0;0,0;0,0;50,0;Подготовка;
20251208;13:09:49;-0,5;0,0;0,0;0,0;50,0;Подготовка;
20251208;13:09:54;-0,5;0,0;0,0;0,0;50,0;Подготовка;
20251208;13:09:59;-0,5;0,0;0,0;0,0;50,0;Подготовка;
20251208;13:10:04;-0,5;0,0;0,0;0,0;50,0;Подготовка;
20251208;13:10:09;-0,5;0,0;0,0;0,0;50,0;Подготовка;
20251208;13:10:14;-0,5;0,0;0,0;0,0;50,0;Подготовка;
20251208;13:10:19;-0,5;0,0;0,0;0,0;50,0;Подготовка;
20251208;13:10:24;-0,5;0,0;0,0;0,0;50,0;Подготовка;
20251208;13:10:29;-0,5;0,0;0,0;0,0;50,0;Подготовка;
20251208;13:10:34;-0,5;0,0;0,0;0,0;50,0;Подготовка;
20251208;13:10:39;-0,5;0,0;0,0;0,0;50,0;Подготовка;
20251208;13:10:44;-0,5;0,0;0,0;0,0;50,0;Подготовка;
20251208;13:10:49;-0,5;0,0;0,0;0,0;50,0;Подготовка;
20251208;13:10:54;-0,5;0,0;0,0;0,0;50,0;Подготовка;
20251208;13:10:59;-0,5;0,0;0,0;0,0;50,0;Подготовка;
20251208;13:11:04;-0,5;0,0;0,0;0,0;50,0;Подготовка;
20251208;13:11:09;-0,5;0,0;0,0;0,0;50,0;Подготовка;
20251208;13:11:14;-0,5;0,0;0,0;0,0;50,0;Подготовка;
20251208;13:11:19;-0,5;0,0;0,0;0,0;50,0;Подготовка;
20251208;13:11:24;-0,5;0,0;0,0;0,0;50,0;Подготовка;
20251208;13:11:30;-0,5;0,0;0,0;0,0;50,0;Подготовка;
20251208;13:11:35;-0,5;0,0;0,0;0,0;50,0;Подготовка;
20251208;13:11:40;-0,5;0,0;0,0;0,0;50,0;Подготовка;
20251208;13:11:45;-0,5;0,0;0,0;0,0;50,0;Подготовка;
20251208;13:11:50;-0,5;0,0;0,0;0,0;50,0;Подготовка;
20251208;13:11:55;-0,5;0,0;0,0;0,0;50,0;Подготовка;
20251208;13:12:00;-0,5;0,0;0,0;0,0;50,0;Подготовка;
20251208;13:12:05;-0,5;0,0;0,0;0,0;50,0;Подготовка;
20251208;13:12:10;-0,5;0,0;0,0;0,0;50,0;Подготовка;
20251208;13:12:15;-0,5;0,0;0,0;0,0;50,0;Подготовка;
20251208;13:12:20;-0,5;0,0;0,0;0,0;50,0;Подготовка;
20251208;13:12:25;-0,5;0,0;0,0;0,0;50,0;Подготовка;
20251208;13:12:30;-0,5;0,0;0,0;0,0;50,0;Подготовка;
20251208;13:12:35;-0,5;0,0;0,0;0,0;50,0;Подготовка;
20251208;13:12:40;-0,5;0,0;0,0;0,0;50,0;Подготовка;
20251208;13:12:45;-0,5;0,0;0,0;0,0;50,0;Подготовка;
20251208;13:12:50;-0,5;0,0;0,0;0,0;50,0;Подготовка;
20251208;13:12:55;-0,5;0,0;0,0;0,0;50,0;Подготовка;
20251208;13:13:00;-0,5;0,0;0,0;0,0;50,0;Подготовка;
20251208;13:13:05;-0,5;0,0;0,0;0,0;50,0;Подготовка;
20251208;13:13:10;-0,5;0,0;0,0;0,0;50,0;Подготовка;
20251208;13:13:15;-0,5;0,0;0,0;0,0;50,0;Подготовка;
20251208;13:13:20;-0,5;0,0;0,0;0,0;50,0;Подготовка;
20251208;13:13:25;-0,5;0,0;0,0;0,0;50,0;Подготовка;
20251208;13:13:30;-0,5;0,0;0,0;0,0;50,0;Подготовка;
20251208;13:13:36;-0,5;0,0;0,0;0,0;50,0;Подготовка;
20251208;13:13:41;-0,5;0,0;0,0;0,0;50,0;Подготовка;
20251208;13:13:46;-0,5;0,0;0,0;0,0;50,0;Подготовка;
20251208;13:13:51;-0,5;0,0;0,0;0,0;50,0;Подготовка;
20251208;13:13:56;-0,5;0,0;0,0;0,0;50,0;Подготовка;
20251208;13:14:01;-0,5;0,0;0,0;0,0;50,0;Подготовка;
20251208;13:14:06;-0,5;0,0;0,0;0,0;50,0;Подготовка;
20251208;13:14:11;-0,5;0,0;0,0;0,0;50,0;Подготовка;
20251208;13:14:16;-0,5;0,0;0,0;0,0;50,0;Подготовка;
20251208;13:14:21;-0,5;0,0;0,0;0,0;50,0;Подготовка;
20251208;13:14:26;-0,5;0,0;0,0;0,0;50,0;Подготовка;
20251208;13:14:31;-0,5;0,0;0,0;0,0;50,0;Подготовка;
20251208;13:14:36;-0,5;0,0;0,0;0,0;50,0;Подготовка;
20251208;13:14:41;-0,5;0,0;0,0;0,0;50,0;Подготовка;
20251208;13:14:46;-0,5;0,0;0,0;0,0;50,0;Подготовка;
20251208;13:14:51;-0,5;0,0;0,0;0,0;50,0;Подготовка;
20251208;13:14:56;-0,5;0,0;0,0;0,0;50,0;Подготовка;
20251208;13:15:01;-0,5;0,0;0,0;0,0;50,0;Подготовка;
20251208;13:15:06;-0,5;0,0;0,0;0,0;50,0;Подготовка;
20251208;13:15:11;-0,5;0,0;0,0;0,0;50,0;Подготовка;
20251208;13:15:16;-0,5;0,0;0,0;0,0;50,0;Подготовка;
20251208;13:15:21;-0,5;0,0;0,0;0,0;50,0;Подготовка;
20251208;13:15:26;-0,5;0,0;0,0;0,0;50,0;Подготовка;
20251208;13:15:31;-0,5;0,0;0,0;0,0;50,0;Подготовка;
20251208;13:15:36;-0,5;0,0;0,0;0,0;50,0;Подготовка;
20251208;13:15:42;-0,5;0,0;0,0;0,0;50,0;Подготовка;
20251208;13:15:47;-0,5;0,0;0,0;0,0;50,0;Подготовка;
20251208;13:15:52;-0,5;0,0;0,0;0,0;50,0;Подготовка;
20251208;13:15:57;-0,5;0,0;0,0;0,0;50,0;Подготовка;
20251208;13:16:02;-0,5;0,0;0,0;0,0;50,0;Подготовка;
20251208;13:16:07;-0,5;0,0;0,0;0,0;50,0;Подготовка;
20251208;13:16:12;-0,5;0,0;0,0;0,0;50,0;Подготовка;
20251208;13:16:17;-0,5;0,0;0,0;0,0;50,0;Подготовка;
20251208;13:16:22;-0,5;0,0;0,0;0,0;50,0;Подготовка;
20251208;13:16:27;-0,5;0,0;0,0;0,0;50,0;Подготовка;
20251208;13:16:32;-0,5;0,0;0,0;0,0;50,0;Подготовка;
20251208;13:16:37;-0,5;0,0;0,0;0,0;50,0;Подготовка;
20251208;13:16:42;-0,5;0,0;0,0;0,0;50,0;Подготовка;
20251208;13:16:47;-0,5;0,0;0,0;0,0;50,0;Подготовка;
20251208;13:16:52;-0,5;0,0;0,0;0,0;50,0;Подготовка;
20251208;13:16:57;-0,5;0,0;0,0;0,0;50,0;Подготовка;
20251208;13:17:02;-0,5;0,0;0,0;0,0;50,0;Подготовка;
20251208;13:17:07;-0,5;0,0;0,0;0,0;50,0;Подготовка;
20251208;13:17:12;-0,5;0,0;0,0;0,0;50,0;Подготовка;
20251208;13:17:17;-0,5;0,0;0,0;0,0;50,0;Подготовка;
20251208;13:17:22;-0,5;0,0;0,0;0,0;50,0;Подготовка;
20251208;13:17:27;-0,5;0,0;0,0;0,0;50,0;Подготовка;
20251208;13:17:32;-0,5;0,0;0,0;0,0;50,0;Подготовка;
20251208;13:17:37;-0,5;0,0;0,0;0,0;50,0;Подготовка;
20251208;13:17:42;-0,5;0,0;0,0;0,0;50,0;Подготовка;
20251208;13:17:48;-0,5;0,0;0,0;0,0;50,0;Подготовка;
20251208;13:17:53;-0,5;0,0;0,0;0,0;50,0;Подготовка;
20251208;13:17:58;-0,5;0,0;0,0;0,0;50,0;Подготовка;
20251208;13:18:03;-0,5;0,0;0,0;0,0;50,0;Подготовка;
20251208;13:18:08;-0,5;0,0;0,0;0,0;50,0;Подготовка;
20251208;13:18:13;-0,5;0,0;0,0;0,0;50,0;Подготовка;
20251208;13:18:18;-0,5;0,0;0,0;0,0;50,0;Подготовка;
20251208;13:18:23;-0,5;0,0;0,0;0,0;50,0;Подготовка;
20251208;13:18:28;-0,5;0,0;0,0;0,0;50,0;Подготовка;
20251208;13:18:33;-0,5;0,0;0,0;0,0;50,0;Подготовка;
20251208;13:18:38;-0,5;0,0;0,0;0,0;50,0;Подготовка;
20251208;13:18:43;-0,5;0,0;0,0;0,0;50,0;Подготовка;
20251208;13:18:48;-0,5;0,0;0,0;0,0;50,0;Подготовка;
20251208;13:18:53;-0,5;0,0;0,0;0,0;50,0;Подготовка;
20251208;13:18:58;-0,5;0,0;0,0;0,0;50,0;Подготовка;
20251208;13:19:03;-0,5;0,0;0,0;0,0;50,0;Подготовка;
20251208;13:19:08;-0,5;0,0;0,0;0,0;50,0;Подготовка;
20251208;13:19:13;-0,5;0,0;0,0;0,0;50,0;Подготовка;
20251208;13:19:18;-0,5;0,0;0,0;0,0;50,0;Подготовка;
20251208;13:19:23;-0,5;0,0;0,0;0,0;50,0;Подготовка;
20251208;13:19:28;-0,5;0,0;0,0;0,0;50,0;Подготовка;
20251208;13:19:33;-0,5;0,0;0,0;0,0;50,0;Подготовка;
20251208;13:19:38;-0,5;0,0;0,0;0,0;50,0;Подготовка;
20251208;13:19:43;-0,5;0,0;0,0;0,0;50,0;Подготовка;
20251208;13:19:48;-0,5;0,0;0,0;0,0;50,0;Подготовка;
20251208;13:19:54;-0,5;0,0;0,0;0,0;50,0;Подготовка;
20251208;13:19:59;-0,5;0,0;0,0;0,0;50,0;Подготовка;
20251208;13:20:04;-0,5;0,0;0,0;0,0;50,0;Подготовка;
20251208;13:20:09;-0,5;0,0;0,0;0,0;50,0;Подготовка;
20251208;13:20:14;-0,5;0,0;0,0;0,0;50,0;Подготовка;
20251208;13:20:19;-0,5;0,0;0,0;0,0;50,0;Подготовка;
20251208;13:20:24;-0,5;0,0;0,0;0,0;50,0;Подготовка;
20251208;13:20:29;-0,5;0,0;0,0;0,0;50,0;Подготовка;
20251208;13:20:34;-0,5;0,0;0,0;0,0;50,0;Подготовка;
20251208;13:20:39;-0,5;0,0;0,0;0,0;50,0;Подготовка;
20251208;13:20:44;-0,5;0,0;0,0;0,0;50,0;Подготовка;
20251208;13:20:49;-0,5;0,0;0,0;0,0;50,0;Подготовка;
20251208;13:20:54;-0,5;0,0;0,0;0,0;50,0;Подготовка;
20251208;13:20:59;-0,5;0,0;0,0;0,0;50,0;Подготовка;
20251208;13:21:04;-0,5;0,0;0,0;0,0;50,0;Подготовка;
20251208;13:21:09;-0,5;0,0;0,0;0,0;50,0;Подготовка;
20251208;13:21:14;-0,5;0,0;0,0;0,0;50,0;Подготовка;
20251208;13:21:19;-0,5;0,0;0,0;0,0;50,0;Подготовка;
20251208;13:21:24;-0,5;0,0;0,0;0,0;50,0;Подготовка;
20251208;13:21:29;-0,5;0,0;0,0;0,0;50,0;Подготовка;
20251208;13:21:34;-0,5;0,0;0,0;0,0;50,0;Подготовка;
20251208;13:21:39;-0,5;0,0;0,0;0,0;50,0;Подготовка;
20251208;13:21:44;-0,5;0,0;0,0;0,0;50,0;Подготовка;
20251208;13:21:49;-0,5;0,0;0,0;0,0;50,0;Подготовка;
20251208;13:21:54;-0,5;0,0;0,0;0,0;50,0;Подготовка;
20251208;13:22:00;-0,5;0,0;0,0;0,0;50,0;Подготовка;
20251208;13:22:05;-0,5;0,0;0,0;0,0;50,0;Подготовка;
20251208;13:22:10;-0,5;0,0;0,0;0,0;50,0;Подготовка;
20251208;13:22:15;-0,5;0,0;0,0;0,0;50,0;Подготовка;
20251208;13:22:20;-0,5;0,0;0,0;0,0;50,0;Подготовка;
20251208;13:22:25;-0,5;0,0;0,0;0,0;50,0;Подготовка;
20251208;13:22:30;-0,5;0,0;0,0;0,0;50,0;Подготовка;
20251208;13:22:35;-0,5;0,0;0,0;0,0;50,0;Подготовка;
20251208;13:22:40;-0,5;0,0;0,0;0,0;50,0;Подготовка;
20251208;13:22:45;-0,5;0,0;0,0;0,0;50,0;Подготовка;
20251208;13:22:50;-0,5;0,0;0,0;0,0;50,0;Подготовка;
20251208;13:22:55;-0,5;0,0;0,0;0,0;50,0;Подготовка;
20251208;13:23:00;-0,5;0,0;0,0;0,0;50,0;Подготовка;
20251208;13:23:05;-0,5;0,0;0,0;0,0;50,0;Подготовка;
20251208;13:23:10;-0,5;0,0;0,0;0,0;50,0;Подготовка;
20251208;13:23:15;-0,5;0,0;0,0;0,0;50,0;Подготовка;
20251208;13:23:20;-0,5;0,0;0,0;0,0;50,0;Подготовка;
20251208;13:23:25;-0,5;0,0;0,0;0,0;50,0;Подготовка;
20251208;13:23:30;-0,5;0,0;0,0;0,0;50,0;Подготовка;
20251208;13:23:35;-0,5;0,0;0,0;0,0;50,0;Подготовка;
20251208;13:23:40;-0,5;0,0;0,0;0,0;50,0;Подготовка;
20251208;13:23:45;-0,5;0,0;0,0;0,0;50,0;Подготовка;
20251208;13:23:50;-0,5;0,0;0,0;0,0;50,0;Подготовка;
20251208;13:23:55;-0,5;0,0;0,0;0,0;50,0;Подготовка;
20251208;13:24:00;-0,5;0,0;0,0;0,0;50,0;Подготовка;
20251208;13:24:06;-0,5;0,0;0,0;0,0;50,0;Подготовка;
20251208;13:24:11;-0,5;0,0;0,0;0,0;50,0;Подготовка;
20251208;13:24:16;-0,5;0,0;0,0;0,0;50,0;Подготовка;
20251208;13:24:21;-0,5;0,0;0,0;0,0;50,0;Подготовка;
20251208;13:24:26;-0,5;0,0;0,0;0,0;50,0;Подготовка;
20251208;13:24:31;-0,5;0,0;0,0;0,0;50,0;Подготовка;
20251208;13:24:36;-0,5;0,0;0,0;0,0;50,0;Подготовка;
20251208;13:24:41;-0,5;0,0;0,0;0,0;50,0;Подготовка;
20251208;13:24:46;-0,5;0,0;0,0;0,0;50,0;Подготовка;
20251208;13:24:51;-0,5;0,0;0,0;0,0;50,0;Подготовка;
20251208;13:24:56;-0,5;0,0;0,0;0,0;50,0;Подготовка;
20251208;13:25:01;-0,5;0,0;0,0;0,0;50,0;Подготовка;
20251208;13:25:06;-0,5;0,0;0,0;0,0;50,0;Подготовка;
20251208;13:25:11;-0,5;0,0;0,0;0,0;50,0;Подготовка;
20251208;13:25:16;-0,5;0,0;0,0;0,0;50,0;Подготовка;
20251208;13:25:21;-0,5;0,0;0,0;0,0;50,0;Подготовка;
20251208;13:25:26;-0,5;0,0;0,0;0,0;50,0;Подготовка;
20251208;13:25:31;-0,5;0,0;0,0;0,0;50,0;Подготовка;
20251208;13:25:36;-0,5;0,0;0,0;0,0;50,0;Подготовка;
20251208;13:25:41;-0,5;0,0;0,0;0,0;50,0;Подготовка;
20251208;13:25:46;-0,5;0,0;0,0;0,0;50,0;Подготовка;
20251208;13:25:51;-0,5;0,0;0,0;0,0;50,0;Подготовка;
20251208;13:25:56;-0,5;0,0;0,0;0,0;50,0;Подготовка;
20251208;13:26:01;-0,5;0,0;0,0;0,0;50,0;Подготовка;
20251208;13:26:06;-0,5;0,0;0,0;0,0;50,0;Подготовка;
20251208;13:26:12;-0,5;0,0;0,0;0,0;50,0;Подготовка;
20251208;13:26:17;-0,5;0,0;0,0;0,0;50,0;Подготовка;
20251208;13:26:22;-0,5;0,0;0,0;0,0;50,0;Подготовка;
20251208;13:26:27;-0,5;0,0;0,0;0,0;50,0;Подготовка;
20251208;13:26:32;-0,5;0,0;0,0;0,0;50,0;Подготовка;
20251208;13:26:37;-0,5;0,0;0,0;0,0;50,0;Подготовка;
20251208;13:26:42;-0,5;0,0;0,0;0,0;50,0;Подготовка;
20251208;13:26:47;-0,5;0,0;0,0;0,0;50,0;Подготовка;
20251208;13:26:52;-0,5;0,0;0,0;0,0;50,0;Подготовка;
20251208;13:26:57;-0,5;0,0;0,0;0,0;50,0;Подготовка;
20251208;13:27:02;-0,5;0,0;0,0;0,0;50,0;Подготовка;
20251208;13:27:07;-0,5;0,0;0,0;0,0;50,0;Подготовка;
20251208;13:27:12;-0,5;0,0;0,0;0,0;50,0;Подготовка;
20251208;13:27:17;-0,5;0,0;0,0;0,0;50,0;Подготовка;
20251208;13:27:22;-0,5;0,0;0,0;0,0;50,0;Подготовка;
20251208;13:27:27;-0,5;0,0;0,0;0,0;50,0;Подготовка;
20251208;13:27:32;-0,5;0,0;0,0;0,0;50,0;Подготовка;
20251208;13:27:37;-0,5;0,0;0,0;0,0;50,0;Подготовка;
20251208;13:27:42;-0,5;0,0;0,0;0,0;50,0;Подготовка;
20251208;13:27:47;-0,5;0,0;0,0;0,0;50,0;Анализ - ожидание температуры;
20251208;13:27:52;-0,5;0,0;0,0;0,0;50,0;Анализ - ожидание температуры;
20251208;13:27:57;-0,5;0,0;0,0;0,0;50,0;Анализ - ожидание температуры;
20251208;13:28:02;-0,5;0,0;0,0;0,0;50,0;Анализ - ожидание температуры;
20251208;13:28:07;-0,5;0,0;0,0;0,0;50,0;Анализ - ожидание температуры;
20251208;13:28:12;-0,5;0,0;0,0;0,0;50,0;Анализ - ожидание температуры;
20251208;13:28:18;-0,5;0,0;0,0;0,0;50,0;Анализ - ожидание температуры;
20251208;13:28:23;-0,5;0,0;0,0;0,0;50,0;Анализ - ожидание температуры;
20251208;13:28:28;-0,5;0,0;0,0;0,0;50,0;Анализ - ожидание температуры;
20251208;13:28:33;-0,5;0,0;0,0;0,0;50,0;Анализ - ожидание температуры;
20251208;13:28:38;-0,5;0,0;0,0;0,0;50,0;Анализ - ожидание температуры;
20251208;13:28:43;-0,5;0,0;0,0;0,0;50,0;Анализ - ожидание температуры;
20251208;13:28:48;-0,5;0,0;0,0;0,0;50,0;Анализ - ожидание температуры;
20251208;13:28:53;-0,5;0,0;0,0;0,0;50,0;Анализ - ожидание температуры;
20251208;13:28:58;-0,5;0,0;0,0;0,0;50,0;Анализ - ожидание температуры;
20251208;13:29:03;-0,5;0,0;0,0;0,0;50,0;Анализ - ожидание температуры;
20251208;13:29:08;-0,5;0,0;0,0;0,0;50,0;Анализ - ожидание температуры;
20251208;13:29:13;-0,5;0,0;0,0;0,0;50,0;Анализ - ожидание температуры;
20251208;13:29:18;-0,5;0,0;0,0;0,0;50,0;Анализ - ожидание температуры;
20251208;13:29:23;-0,5;0,0;0,0;0,0;50,0;Анализ - ожидание температуры;
20251208;13:29:28;-0,5;0,0;0,0;0,0;50,0;Анализ - ожидание температуры;
20251208;13:29:33;-0,5;0,0;0,0;0,0;50,0;Анализ - ожидание температуры;
20251208;13:29:38;-0,5;0,0;0,0;0,0;50,0;Анализ - ожидание температуры;
20251208;13:29:43;-0,5;0,0;0,0;0,0;50,0;Анализ - ожидание температуры;
20251208;13:29:48;-0,5;0,0;0,0;0,0;50,0;Анализ - ожидание температуры;
20251208;13:29:53;-0,5;0,0;0,0;0,0;50,0;Анализ - ожидание температуры;
20251208;13:29:58;-0,5;0,0;0,0;0,0;50,0;Анализ - ожидание температуры;
20251208;13:30:03;-0,5;0,0;0,0;0,0;50,0;Анализ - ожидание температуры;
20251208;13:30:08;-0,5;0,0;0,0;0,0;50,0;Анализ - ожидание температуры;
20251208;13:30:13;-0,5;0,0;0,0;0,0;50,0;Анализ - ожидание температуры;
20251208;13:30:18;-0,5;0,0;0,0;0,0;50,0;Анализ - ожидание температуры;
20251208;13:30:24;-0,5;0,0;0,0;0,0;50,0;Анализ - ожидание температуры;
20251208;13:30:29;-0,5;0,0;0,0;0,0;50,0;Анализ - ожидание температуры;
20251208;13:30:34;-0,5;0,0;0,0;0,0;50,0;Анализ - ожидание температуры;
20251208;13:30:39;-0,5;0,0;0,0;0,0;50,0;Анализ - ожидание температуры;
20251208;13:30:44;-0,5;0,0;0,0;0,0;50,0;Анализ - ожидание температуры;
20251208;13:30:49;-0,5;0,0;0,0;0,0;50,0;Анализ - ожидание температуры;
20251208;13:30:54;-0,5;0,0;0,0;0,0;50,0;Анализ - ожидание температуры;
20251208;13:30:59;-0,5;0,0;0,0;0,0;50,0;Анализ - ожидание температуры;
20251208;13:31:04;-0,5;0,0;0,0;0,0;50,0;Анализ - ожидание температуры;
20251208;13:31:09;-0,5;0,0;0,0;0,0;50,0;Анализ - ожидание температуры;
20251208;13:31:14;-0,5;0,0;0,0;0,0;50,0;Анализ - ожидание температуры;
20251208;13:31:19;-0,5;0,0;0,0;0,0;50,0;Анализ - ожидание температуры;
20251208;13:31:24;-0,5;0,0;0,0;0,0;50,0;Анализ - ожидание температуры;
20251208;13:31:29;-0,5;0,0;0,0;0,0;50,0;Анализ - ожидание температуры;
20251208;13:31:34;-0,5;0,0;0,0;0,0;50,0;Анализ - ожидание температуры;
20251208;13:31:39;-0,5;0,0;0,0;0,0;50,0;Анализ - ожидание температуры;
20251208;13:31:44;-0,5;0,0;0,0;0,0;50,0;Анализ - ожидание температуры;
Предприятие;
Объект;
Вид оборудования;
Дисп. наименование;
Тип;
Зав. номер;
Сер. номер;
Год выпуска;
Год ввода в эксплуатацию;
Дата отбора пробы;
Марка пробы;
Температура пробы;
DATE ;TIME ;TS_TEMP ;PROB_TEMP ;PROB_OTN_VL ;PROBE_VlAGOSOD ;SP ;STATUS ; 
20251208;13:32:05;-0,39;0,0;0,0;0,0;50,0;Включение;
20251208;13:32:10;-0,49;0,0;0,0;0,0;50,0;Включение;
20251208;13:32:15;-0,49;0,0;0,0;0,0;50,0;Подготовка;
20251208;13:32:20;-0,49;0,0;0,0;0,0;50,0;Подготовка;
20251208;13:32:25;-0,49;0,0;0,0;0,0;50,0;Подготовка;
20251208;13:32:30;-0,49;0,0;0,0;0,0;50,0;Подготовка;
20251208;13:32:35;-0,5;0,0;0,0;0,0;50,0;Подготовка;
20251208;13:32:40;-0,5;0,0;0,0;0,0;50,0;Подготовка;
20251208;13:32:45;-0,5;0,0;0,0;0,0;50,0;Подготовка;
20251208;13:32:50;-0,5;0,0;0,0;0,0;50,0;Подготовка;
20251208;13:32:55;-0,5;0,0;0,0;0,0;50,0;Подготовка;
20251208;13:33:00;-0,5;0,0;0,0;0,0;50,0;Подготовка;
20251208;13:33:05;-0,5;0,0;0,0;0,0;50,0;Подготовка;
20251208;13:33:10;-0,5;0,0;0,0;0,0;50,0;Подготовка;
20251208;13:33:15;-0,5;0,0;0,0;0,0;50,0;Подготовка;
20251208;13:33:20;-0,5;0,0;0,0;0,0;50,0;Подготовка;
20251208;13:33:25;-0,5;0,0;0,0;0,0;50,0;Подготовка;
20251208;13:33:30;-0,5;0,0;0,0;0,0;50,0;Подготовка;
20251208;13:33:35;-0,5;0,0;0,0;0,0;50,0;Подготовка;
20251208;13:33:40;-0,5;0,0;0,0;0,0;50,0;Подготовка;
20251208;13:33:45;-0,5;0,0;0,0;0,0;50,0;Подготовка;
20251208;13:33:50;-0,5;0,0;0,0;0,0;50,0;Подготовка;
20251208;13:33:55;-0,5;0,0;0,0;0,0;50,0;Подготовка;
20251208;13:34:00;-0,5;0,0;0,0;0,0;50,0;Подготовка;
20251208;13:34:05;-0,5;0,0;0,0;0,0;50,0;Подготовка;
20251208;13:34:11;-0,5;0,0;0,0;0,0;50,0;Подготовка;
20251208;13:34:16;-0,5;0,0;0,0;0,0;50,0;Подготовка;
20251208;13:34:21;-0,5;0,0;0,0;0,0;50,0;Подготовка;
20251208;13:34:26;-0,5;0,0;0,0;0,0;50,0;Подготовка;
20251208;13:34:31;-0,5;0,0;0,0;0,0;50,0;Подготовка;
20251208;13:34:36;-0,5;0,0;0,0;0,0;50,0;Подготовка;
20251208;13:34:41;-0,5;0,0;0,0;0,0;50,0;Подготовка;
20251208;13:34:46;-0,5;0,0;0,0;0,0;50,0;Подготовка;
20251208;13:34:51;-0,5;0,0;0,0;0,0;50,0;Подготовка;
20251208;13:34:56;-0,5;0,0;0,0;0,0;50,0;Подготовка;
20251208;13:35:01;-0,5;0,0;0,0;0,0;50,0;Подготовка;
20251208;13:35:06;-0,5;0,0;0,0;0,0;50,0;Подготовка;
20251208;13:35:11;-0,5;0,0;0,0;0,0;50,0;Подготовка;
20251208;13:35:16;-0,5;0,0;0,0;0,0;50,0;Подготовка;
20251208;13:35:21;-0,5;0,0;0,0;0,0;50,0;Подготовка;
20251208;13:35:26;-0,5;0,0;0,0;0,0;50,0;Подготовка;
20251208;13:35:31;-0,5;0,0;0,0;0,0;50,0;Подготовка;
20251208;13:35:36;-0,5;0,0;0,0;0,0;50,0;Подготовка;
20251208;13:35:41;-0,5;0,0;0,0;0,0;50,0;Подготовка;
20251208;13:35:46;-0,5;0,0;0,0;0,0;50,0;Подготовка;
20251208;13:35:51;-0,5;0,0;0,0;0,0;50,0;Подготовка;
20251208;13:35:56;-0,5;0,0;0,0;0,0;50,0;Подготовка;
20251208;13:36:01;-0,5;0,0;0,0;0,0;50,0;Подготовка;
20251208;13:36:06;-0,5;0,0;0,0;0,0;50,0;Подготовка;
20251208;13:36:11;-0,5;0,0;0,0;0,0;50,0;Подготовка;
20251208;13:36:17;-0,5;0,0;0,0;0,0;50,0;Подготовка;
20251208;13:36:22;-0,5;0,0;0,0;0,0;50,0;Подготовка;
20251208;13:36:27;-0,5;0,0;0,0;0,0;50,0;Подготовка;
20251208;13:36:32;-0,5;0,0;0,0;0,0;50,0;Подготовка;
20251208;13:36:37;-0,5;0,0;0,0;0,0;50,0;Подготовка;
20251208;13:36:42;-0,5;0,0;0,0;0,0;50,0;Подготовка;
20251208;13:36:47;-0,5;0,0;0,0;0,0;50,0;Подготовка;
20251208;13:36:52;-0,5;0,0;0,0;0,0;50,0;Подготовка;
20251208;13:36:57;-0,5;0,0;0,0;0,0;50,0;Подготовка;
20251208;13:37:02;-0,5;0,0;0,0;0,0;50,0;Подготовка;
20251208;13:37:07;-0,5;0,0;0,0;0,0;50,0;Подготовка;
20251208;13:37:12;-0,5;0,0;0,0;0,0;50,0;Подготовка;
20251208;13:37:17;-0,5;0,0;0,0;0,0;50,0;Подготовка;
20251208;13:37:22;-0,5;0,0;0,0;0,0;50,0;Подготовка;
20251208;13:37:27;-0,5;0,0;0,0;0,0;50,0;Подготовка;
20251208;13:37:32;-0,5;0,0;0,0;0,0;50,0;Подготовка;
20251208;13:37:37;-0,5;0,0;0,0;0,0;50,0;Подготовка;
20251208;13:37:42;-0,5;0,0;0,0;0,0;50,0;Подготовка;
20251208;13:37:47;-0,5;0,0;0,0;0,0;50,0;Подготовка;
20251208;13:37:52;-0,5;0,0;0,0;0,0;50,0;Подготовка;
20251208;13:37:57;-0,5;0,0;0,0;0,0;50,0;Подготовка;
20251208;13:38:02;-0,5;0,0;0,0;0,0;50,0;Подготовка;
20251208;13:38:07;-0,5;0,0;0,0;0,0;50,0;Подготовка;
20251208;13:38:12;-0,5;0,0;0,0;0,0;50,0;Подготовка;
20251208;13:38:17;-0,5;0,0;0,0;0,0;50,0;Подготовка;
20251208;13:38:23;-0,5;0,0;0,0;0,0;50,0;Подготовка;
20251208;13:38:28;-0,5;0,0;0,0;0,0;50,0;Подготовка;
20251208;13:38:33;-0,5;0,0;0,0;0,0;50,0;Подготовка;
20251208;13:38:38;-0,5;0,0;0,0;0,0;50,0;Подготовка;
20251208;13:38:43;-0,5;0,0;0,0;0,0;50,0;Подготовка;
20251208;13:38:48;-0,5;0,0;0,0;0,0;50,0;Подготовка;
20251208;13:38:53;-0,5;0,0;0,0;0,0;50,0;Подготовка;
20251208;13:38:58;-0,5;0,0;0,0;0,0;50,0;Подготовка;
20251208;13:39:03;-0,5;0,0;0,0;0,0;50,0;Подготовка;
20251208;13:39:08;-0,5;0,0;0,0;0,0;50,0;Подготовка;
20251208;13:39:13;-0,5;0,0;0,0;0,0;50,0;Подготовка;
20251208;13:39:18;-0,5;0,0;0,0;0,0;50,0;Подготовка;
20251208;13:39:23;-0,5;0,0;0,0;0,0;50,0;Подготовка;
20251208;13:39:28;-0,5;0,0;0,0;0,0;50,0;Подготовка;
20251208;13:39:33;-0,5;0,0;0,0;0,0;50,0;Подготовка;
20251208;13:39:38;-0,5;0,0;0,0;0,0;50,0;Подготовка;
20251208;13:39:43;-0,5;0,0;0,0;0,0;50,0;Подготовка;
20251208;13:39:48;-0,5;0,0;0,0;0,0;50,0;Подготовка;
20251208;13:39:53;-0,5;0,0;0,0;0,0;50,0;Подготовка;
20251208;13:39:58;-0,5;0,0;0,0;0,0;50,0;Подготовка;
20251208;13:40:03;-0,5;0,0;0,0;0,0;50,0;Подготовка;
20251208;13:40:08;-0,5;0,0;0,0;0,0;50,0;Подготовка;
20251208;13:40:13;-0,5;0,0;0,0;0,0;50,0;Подготовка;
20251208;13:40:18;-0,5;0,0;0,0;0,0;50,0;Подготовка;
20251208;13:40:23;-0,5;0,0;0,0;0,0;50,0;Подготовка;
20251208;13:40:29;-0,5;0,0;0,0;0,0;50,0;Подготовка;
20251208;13:40:34;-0,5;0,0;0,0;0,0;50,0;Подготовка;
20251208;13:40:39;-0,5;0,0;0,0;0,0;50,0;Подготовка;
20251208;13:40:44;-0,5;0,0;0,0;0,0;50,0;Подготовка;
20251208;13:40:49;-0,5;0,0;0,0;0,0;50,0;Подготовка;
20251208;13:40:54;-0,5;0,0;0,0;0,0;50,0;Подготовка;
20251208;13:40:59;-0,5;0,0;0,0;0,0;50,0;Подготовка;
20251208;13:41:04;-0,5;0,0;0,0;0,0;50,0;Подготовка;
20251208;13:41:09;-0,5;0,0;0,0;0,0;50,0;Подготовка;
20251208;13:41:14;-0,5;0,0;0,0;0,0;50,0;Подготовка;
20251208;13:41:19;-0,5;0,0;0,0;0,0;50,0;Подготовка;
20251208;13:41:24;-0,5;0,0;0,0;0,0;50,0;Подготовка;
20251208;13:41:29;-0,5;0,0;0,0;0,0;50,0;Подготовка;
20251208;13:41:34;-0,5;0,0;0,0;0,0;50,0;Подготовка;
20251208;13:41:39;-0,5;0,0;0,0;0,0;50,0;Подготовка;
20251208;13:41:44;-0,5;0,0;0,0;0,0;50,0;Подготовка;
20251208;13:41:49;-0,5;0,0;0,0;0,0;50,0;Подготовка;
20251208;13:41:54;-0,5;0,0;0,0;0,0;50,0;Подготовка;
20251208;13:41:59;-0,5;0,0;0,0;0,0;50,0;Подготовка;
20251208;13:42:04;-0,5;0,0;0,0;0,0;50,0;Подготовка;
20251208;13:42:09;-0,5;0,0;0,0;0,0;50,0;Подготовка;
20251208;13:42:14;-0,5;0,0;0,0;0,0;50,0;Подготовка;
20251208;13:42:19;-0,5;0,0;0,0;0,0;50,0;Подготовка;
20251208;13:42:24;-0,5;0,0;0,0;0,0;50,0;Подготовка;
20251208;13:42:29;-0,5;0,0;0,0;0,0;50,0;Подготовка;
20251208;13:42:35;-0,5;0,0;0,0;0,0;50,0;Подготовка;
20251208;13:42:40;-0,5;0,0;0,0;0,0;50,0;Подготовка;
20251208;13:42:45;-0,5;0,0;0,0;0,0;50,0;Подготовка;
20251208;13:42:50;-0,5;0,0;0,0;0,0;50,0;Подготовка;
20251208;13:42:55;-0,5;0,0;0,0;0,0;50,0;Подготовка;
20251208;13:43:00;-0,5;0,0;0,0;0,0;50,0;Подготовка;
20251208;13:43:05;-0,5;0,0;0,0;0,0;50,0;Подготовка;
20251208;13:43:10;-0,5;0,0;0,0;0,0;50,0;Подготовка;
20251208;13:43:15;-0,5;0,0;0,0;0,0;50,0;Подготовка;
20251208;13:43:20;-0,5;0,0;0,0;0,0;50,0;Подготовка;
20251208;13:43:25;-0,5;0,0;0,0;0,0;50,0;Подготовка;
20251208;13:43:30;-0,5;0,0;0,0;0,0;50,0;Подготовка;
20251208;13:43:35;-0,5;0,0;0,0;0,0;50,0;Подготовка;
20251208;13:43:40;-0,5;0,0;0,0;0,0;50,0;Подготовка;
20251208;13:43:45;-0,5;0,0;0,0;0,0;50,0;Подготовка;
20251208;13:43:50;-0,5;0,0;0,0;0,0;50,0;Подготовка;
20251208;13:43:55;-0,5;0,0;0,0;0,0;50,0;Подготовка;
20251208;13:44:00;-0,5;0,0;0,0;0,0;50,0;Подготовка;
20251208;13:44:05;-0,5;0,0;0,0;0,0;50,0;Подготовка;
20251208;13:44:10;-0,5;0,0;0,0;0,0;50,0;Подготовка;
20251208;13:44:15;-0,5;0,0;0,0;0,0;50,0;Подготовка;
20251208;13:44:20;-0,5;0,0;0,0;0,0;50,0;Подготовка;
20251208;13:44:25;-0,5;0,0;0,0;0,0;50,0;Подготовка;
20251208;13:44:30;-0,5;0,0;0,0;0,0;50,0;Подготовка;
20251208;13:44:35;-0,5;0,0;0,0;0,0;50,0;Подготовка;
20251208;13:44:41;-0,5;0,0;0,0;0,0;50,0;Подготовка;
20251208;13:44:46;-0,5;0,0;0,0;0,0;50,0;Подготовка;
20251208;13:44:51;-0,5;0,0;0,0;0,0;50,0;Подготовка;
20251208;13:44:56;-0,5;0,0;0,0;0,0;50,0;Подготовка;
20251208;13:45:01;-0,5;0,0;0,0;0,0;50,0;Подготовка;
20251208;13:45:06;-0,5;0,0;0,0;0,0;50,0;Подготовка;
20251208;13:45:11;-0,5;0,0;0,0;0,0;50,0;Подготовка;
20251208;13:45:16;-0,5;0,0;0,0;0,0;50,0;Подготовка;
20251208;13:45:21;-0,5;0,0;0,0;0,0;50,0;Подготовка;
20251208;13:45:26;-0,5;0,0;0,0;0,0;50,0;Подготовка;
20251208;13:45:31;-0,5;0,0;0,0;0,0;50,0;Подготовка;
20251208;13:45:36;-0,5;0,0;0,0;0,0;50,0;Подготовка;
20251208;13:45:41;-0,5;0,0;0,0;0,0;50,0;Подготовка;
20251208;13:45:46;-0,5;0,0;0,0;0,0;50,0;Подготовка;
20251208;13:45:51;-0,5;0,0;0,0;0,0;50,0;Подготовка;
20251208;13:45:56;-0,5;0,0;0,0;0,0;50,0;Подготовка;
20251208;13:46:01;-0,5;0,0;0,0;0,0;50,0;Подготовка;
20251208;13:46:06;-0,5;0,0;0,0;0,0;50,0;Подготовка;
20251208;13:46:11;-0,5;0,0;0,0;0,0;50,0;Подготовка;
20251208;13:46:16;-0,5;0,0;0,0;0,0;50,0;Подготовка;
20251208;13:46:21;-0,5;0,0;0,0;0,0;50,0;Подготовка;
20251208;13:46:26;-0,5;0,0;0,0;0,0;50,0;Подготовка;
20251208;13:46:31;-0,5;0,0;0,0;0,0;50,0;Подготовка;
20251208;13:46:36;-0,5;0,0;0,0;0,0;50,0;Подготовка;
20251208;13:46:41;-0,5;0,0;0,0;0,0;50,0;Подготовка;
20251208;13:46:47;-0,5;0,0;0,0;0,0;50,0;Подготовка;
20251208;13:46:52;-0,5;0,0;0,0;0,0;50,0;Подготовка;
20251208;13:46:57;-0,5;0,0;0,0;0,0;50,0;Подготовка;
20251208;13:47:02;-0,5;0,0;0,0;0,0;50,0;Подготовка;
20251208;13:47:07;-0,5;0,0;0,0;0,0;50,0;Подготовка;
20251208;13:47:12;-0,5;0,0;0,0;0,0;50,0;Подготовка;
20251208;13:47:17;-0,5;0,0;0,0;0,0;50,0;Подготовка;
20251208;13:47:22;-0,5;0,0;0,0;0,0;50,0;Подготовка;
20251208;13:47:27;-0,5;0,0;0,0;0,0;50,0;Подготовка;
20251208;13:47:32;-0,5;0,0;0,0;0,0;50,0;Подготовка;
20251208;13:47:37;-0,5;0,0;0,0;0,0;50,0;Подготовка;
20251208;13:47:42;-0,5;0,0;0,0;0,0;50,0;Подготовка;
20251208;13:47:47;-0,5;0,0;0,0;0,0;50,0;Подготовка;
20251208;13:47:52;-0,5;0,0;0,0;0,0;50,0;Подготовка;
20251208;13:47:57;-0,5;0,0;0,0;0,0;50,0;Подготовка;
20251208;13:48:02;-0,5;0,0;0,0;0,0;50,0;Подготовка;
20251208;13:48:07;-0,5;0,0;0,0;0,0;50,0;Подготовка;
20251208;13:48:12;-0,5;0,0;0,0;0,0;50,0;Подготовка;
20251208;13:48:17;-0,5;0,0;0,0;0,0;50,0;Подготовка;
20251208;13:48:22;-0,5;0,0;0,0;0,0;50,0;Подготовка;
20251208;13:48:27;-0,5;0,0;0,0;0,0;50,0;Подготовка;
20251208;13:48:32;-0,5;0,0;0,0;0,0;50,0;Подготовка;
20251208;13:48:37;-0,5;0,0;0,0;0,0;50,0;Подготовка;
20251208;13:48:42;-0,5;0,0;0,0;0,0;50,0;Подготовка;
Предприятие;
Объект;
Вид оборудования;
Дисп. наименование;
Тип;
Зав. номер;
Сер. номер;
Год выпуска;
Год ввода в эксплуатацию;
Дата отбора пробы;
Марка пробы;
Температура пробы;
DATE ;TIME ;TS_TEMP ;PROB_TEMP ;PROB_OTN_VL ;PROBE_VlAGOSOD ;SP ;STATUS ; 
20251208;13:49:03;-0,40;0,0;0,0;0,0;50,0;Включение;
20251208;13:49:08;-0,49;0,0;0,0;0,0;50,0;Включение;
20251208;13:49:13;-0,49;0,0;0,0;0,0;50,0;Подготовка;
20251208;13:49:18;-0,49;0,0;0,0;0,0;50,0;Подготовка;
20251208;13:49:23;-0,49;0,0;0,0;0,0;50,0;Подготовка;
20251208;13:49:28;-0,49;0,0;0,0;0,0;50,0;Подготовка;
20251208;13:49:33;-0,5;0,0;0,0;0,0;50,0;Подготовка;
20251208;13:49:38;-0,5;0,0;0,0;0,0;50,0;Подготовка;
20251208;13:49:43;-0,5;0,0;0,0;0,0;50,0;Подготовка;
20251208;13:49:48;-0,5;0,0;0,0;0,0;50,0;Подготовка;
20251208;13:49:53;-0,5;0,0;0,0;0,0;50,0;Подготовка;
20251208;13:49:58;-0,5;0,0;0,0;0,0;50,0;Подготовка;
20251208;13:50:03;-0,5;0,0;0,0;0,0;50,0;Подготовка;
20251208;13:50:08;-0,5;0,0;0,0;0,0;50,0;Подготовка;
20251208;13:50:13;-0,5;0,0;0,0;0,0;50,0;Подготовка;
20251208;13:50:18;-0,5;0,0;0,0;0,0;50,0;Подготовка;
20251208;13:50:24;-0,5;0,0;0,0;0,0;50,0;Подготовка;
20251208;13:50:29;-0,5;0,0;0,0;0,0;50,0;Подготовка;
20251208;13:50:34;-0,5;0,0;0,0;0,0;50,0;Подготовка;
20251208;13:50:39;-0,5;0,0;0,0;0,0;50,0;Подготовка;
20251208;13:50:44;-0,5;0,0;0,0;0,0;50,0;Подготовка;
20251208;13:50:49;-0,5;0,0;0,0;0,0;50,0;Подготовка;
20251208;13:50:54;-0,5;0,0;0,0;0,0;50,0;Подготовка;
20251208;13:50:59;-0,5;0,0;0,0;0,0;50,0;Подготовка;
20251208;13:51:04;-0,5;0,0;0,0;0,0;50,0;Подготовка;
20251208;13:51:09;-0,5;0,0;0,0;0,0;50,0;Подготовка;
20251208;13:51:14;-0,5;0,0;0,0;0,0;50,0;Подготовка;
20251208;13:51:19;-0,5;0,0;0,0;0,0;50,0;Подготовка;
20251208;13:51:24;-0,5;0,0;0,0;0,0;50,0;Подготовка;
20251208;13:51:29;-0,5;0,0;0,0;0,0;50,0;Подготовка;
20251208;13:51:34;-0,5;0,0;0,0;0,0;50,0;Подготовка;
20251208;13:51:39;-0,5;0,0;0,0;0,0;50,0;Подготовка;
20251208;13:51:44;-0,5;0,0;0,0;0,0;50,0;Подготовка;
20251208;13:51:49;-0,5;0,0;0,0;0,0;50,0;Подготовка;
20251208;13:51:54;-0,5;0,0;0,0;0,0;50,0;Подготовка;
20251208;13:51:59;-0,5;0,0;0,0;0,0;50,0;Подготовка;
20251208;13:52:04;-0,5;0,0;0,0;0,0;50,0;Подготовка;
20251208;13:52:09;-0,5;0,0;0,0;0,0;50,0;Подготовка;
20251208;13:52:14;-0,5;0,0;0,0;0,0;50,0;Подготовка;
20251208;13:52:19;-0,5;0,0;0,0;0,0;50,0;Подготовка;
20251208;13:52:24;-0,5;0,0;0,0;0,0;50,0;Подготовка;
20251208;13:52:30;-0,5;0,0;0,0;0,0;50,0;Подготовка;
20251208;13:52:35;-0,5;0,0;0,0;0,0;50,0;Подготовка;
20251208;13:52:40;-0,5;0,0;0,0;0,0;50,0;Подготовка;
20251208;13:52:45;-0,5;0,0;0,0;0,0;50,0;Подготовка;
20251208;13:52:50;-0,5;0,0;0,0;0,0;50,0;Подготовка;
20251208;13:52:55;-0,5;0,0;0,0;0,0;50,0;Подготовка;
20251208;13:53:00;-0,5;0,0;0,0;0,0;50,0;Подготовка;
20251208;13:53:05;-0,5;0,0;0,0;0,0;50,0;Подготовка;
20251208;13:53:10;-0,5;0,0;0,0;0,0;50,0;Подготовка;
20251208;13:53:15;-0,5;0,0;0,0;0,0;50,0;Подготовка;
20251208;13:53:20;-0,5;0,0;0,0;0,0;50,0;Подготовка;
20251208;13:53:25;-0,5;0,0;0,0;0,0;50,0;Подготовка;
20251208;13:53:30;-0,5;0,0;0,0;0,0;50,0;Подготовка;
20251208;13:53:35;-0,5;0,0;0,0;0,0;50,0;Подготовка;
20251208;13:53:40;-0,5;0,0;0,0;0,0;50,0;Подготовка;
20251208;13:53:45;-0,5;0,0;0,0;0,0;50,0;Подготовка;
20251208;13:53:50;-0,5;0,0;0,0;0,0;50,0;Подготовка;
20251208;13:53:55;-0,5;0,0;0,0;0,0;50,0;Подготовка;
20251208;13:54:00;-0,5;0,0;0,0;0,0;50,0;Подготовка;
20251208;13:54:05;-0,5;0,0;0,0;0,0;50,0;Подготовка;
20251208;13:54:10;-0,5;0,0;0,0;0,0;50,0;Подготовка;
20251208;13:54:15;-0,5;0,0;0,0;0,0;50,0;Подготовка;
20251208;13:54:20;-0,5;0,0;0,0;0,0;50,0;Подготовка;
20251208;13:54:25;-0,5;0,0;0,0;0,0;50,0;Подготовка;
20251208;13:54:30;-0,5;0,0;0,0;0,0;50,0;Подготовка;
20251208;13:54:36;-0,5;0,0;0,0;0,0;50,0;Подготовка;
20251208;13:54:41;-0,5;0,0;0,0;0,0;50,0;Подготовка;
20251208;13:54:46;-0,5;0,0;0,0;0,0;50,0;Подготовка;
20251208;13:54:51;-0,5;0,0;0,0;0,0;50,0;Подготовка;
20251208;13:54:56;-0,5;0,0;0,0;0,0;50,0;Подготовка;
20251208;13:55:01;-0,5;0,0;0,0;0,0;50,0;Подготовка;
20251208;13:55:06;-0,5;0,0;0,0;0,0;50,0;Подготовка;
20251208;13:55:11;-0,5;0,0;0,0;0,0;50,0;Подготовка;
20251208;13:55:16;-0,5;0,0;0,0;0,0;50,0;Подготовка;
20251208;13:55:21;-0,5;0,0;0,0;0,0;50,0;Подготовка;
20251208;13:55:26;-0,5;0,0;0,0;0,0;50,0;Подготовка;
20251208;13:55:31;-0,5;0,0;0,0;0,0;50,0;Подготовка;
20251208;13:55:36;-0,5;0,0;0,0;0,0;50,0;Подготовка;
20251208;13:55:41;-0,5;0,0;0,0;0,0;50,0;Подготовка;
20251208;13:55:46;-0,5;0,0;0,0;0,0;50,0;Подготовка;
20251208;13:55:51;-0,5;0,0;0,0;0,0;50,0;Подготовка;
20251208;13:55:56;-0,5;0,0;0,0;0,0;50,0;Подготовка;
20251208;13:56:01;-0,5;0,0;0,0;0,0;50,0;Подготовка;
20251208;13:56:06;-0,5;0,0;0,0;0,0;50,0;Подготовка;
20251208;13:56:11;-0,5;0,0;0,0;0,0;50,0;Подготовка;
20251208;13:56:16;-0,5;0,0;0,0;0,0;50,0;Подготовка;
20251208;13:56:21;-0,5;0,0;0,0;0,0;50,0;Подготовка;
20251208;13:56:26;-0,5;0,0;0,0;0,0;50,0;Подготовка;
20251208;13:56:31;-0,5;0,0;0,0;0,0;50,0;Подготовка;
20251208;13:56:36;-0,5;0,0;0,0;0,0;50,0;Подготовка;
20251208;13:56:42;-0,5;0,0;0,0;0,0;50,0;Подготовка;
20251208;13:56:47;-0,5;0,0;0,0;0,0;50,0;Подготовка;
20251208;13:56:52;-0,5;0,0;0,0;0,0;50,0;Подготовка;
20251208;13:56:57;-0,5;0,0;0,0;0,0;50,0;Подготовка;
20251208;13:57:02;-0,5;0,0;0,0;0,0;50,0;Подготовка;
20251208;13:57:07;-0,5;0,0;0,0;0,0;50,0;Подготовка;
20251208;13:57:12;-0,5;0,0;0,0;0,0;50,0;Подготовка;
20251208;13:57:17;-0,5;0,0;0,0;0,0;50,0;Подготовка;
20251208;13:57:22;-0,5;0,0;0,0;0,0;50,0;Подготовка;
20251208;13:57:27;-0,5;0,0;0,0;0,0;50,0;Подготовка;
20251208;13:57:32;-0,5;0,0;0,0;0,0;50,0;Подготовка;
20251208;13:57:37;-0,5;0,0;0,0;0,0;50,0;Подготовка;
20251208;13:57:42;-0,5;0,0;0,0;0,0;50,0;Подготовка;
20251208;13:57:47;-0,5;0,0;0,0;0,0;50,0;Подготовка;
20251208;13:57:52;-0,5;0,0;0,0;0,0;50,0;Подготовка;
20251208;13:57:57;-0,5;0,0;0,0;0,0;50,0;Подготовка;
20251208;13:58:02;-0,5;0,0;0,0;0,0;50,0;Подготовка;
20251208;13:58:07;-0,5;0,0;0,0;0,0;50,0;Подготовка;
20251208;13:58:12;-0,5;0,0;0,0;0,0;50,0;Подготовка;
20251208;13:58:17;-0,5;0,0;0,0;0,0;50,0;Подготовка;
20251208;13:58:22;-0,5;0,0;0,0;0,0;50,0;Подготовка;
20251208;13:58:27;-0,5;0,0;0,0;0,0;50,0;Подготовка;
20251208;13:58:32;-0,5;0,0;0,0;0,0;50,0;Подготовка;
20251208;13:58:37;-0,5;0,0;0,0;0,0;50,0;Подготовка;
20251208;13:58:42;-0,5;0,0;0,0;0,0;50,0;Подготовка;
20251208;13:58:48;-0,5;0,0;0,0;0,0;50,0;Подготовка;
20251208;13:58:53;-0,5;0,0;0,0;0,0;50,0;Подготовка;
20251208;13:58:58;-0,5;0,0;0,0;0,0;50,0;Подготовка;
20251208;13:59:03;-0,5;0,0;0,0;0,0;50,0;Подготовка;
20251208;13:59:08;-0,5;0,0;0,0;0,0;50,0;Подготовка;
20251208;13:59:13;-0,5;0,0;0,0;0,0;50,0;Подготовка;
20251208;13:59:18;-0,5;0,0;0,0;0,0;50,0;Подготовка;
20251208;13:59:23;-0,5;0,0;0,0;0,0;50,0;Подготовка;
20251208;13:59:28;-0,5;0,0;0,0;0,0;50,0;Подготовка;
20251208;13:59:33;-0,5;0,0;0,0;0,0;50,0;Подготовка;
20251208;13:59:38;-0,5;0,0;0,0;0,0;50,0;Подготовка;
20251208;13:59:43;-0,5;0,0;0,0;0,0;50,0;Подготовка;
20251208;13:59:48;-0,5;0,0;0,0;0,0;50,0;Подготовка;
20251208;13:59:53;-0,5;0,0;0,0;0,0;50,0;Подготовка;
20251208;13:59:58;-0,5;0,0;0,0;0,0;50,0;Подготовка;
20251208;14:00:03;-0,5;0,0;0,0;0,0;50,0;Подготовка;
20251208;14:00:08;-0,5;0,0;0,0;0,0;50,0;Подготовка;
20251208;14:00:13;-0,5;0,0;0,0;0,0;50,0;Подготовка;
20251208;14:00:18;-0,5;0,0;0,0;0,0;50,0;Подготовка;
20251208;14:00:23;-0,5;0,0;0,0;0,0;50,0;Подготовка;
20251208;14:00:28;-0,5;0,0;0,0;0,0;50,0;Подготовка;
20251208;14:00:33;-0,5;0,0;0,0;0,0;50,0;Подготовка;
20251208;14:00:38;-0,5;0,0;0,0;0,0;50,0;Подготовка;
20251208;14:00:43;-0,5;0,0;0,0;0,0;50,0;Подготовка;
20251208;14:00:48;-0,5;0,0;0,0;0,0;50,0;Подготовка;
20251208;14:00:54;-0,5;0,0;0,0;0,0;50,0;Подготовка;
20251208;14:00:59;-0,5;0,0;0,0;0,0;50,0;Подготовка;
20251208;14:01:04;-0,5;0,0;0,0;0,0;50,0;Подготовка;
20251208;14:01:09;-0,5;0,0;0,0;0,0;50,0;Подготовка;
20251208;14:01:14;-0,5;0,0;0,0;0,0;50,0;Подготовка;
20251208;14:01:19;-0,5;0,0;0,0;0,0;50,0;Подготовка;
20251208;14:01:24;-0,5;0,0;0,0;0,0;50,0;Подготовка;
20251208;14:01:29;-0,5;0,0;0,0;0,0;50,0;Подготовка;
20251208;14:01:34;-0,5;0,0;0,0;0,0;50,0;Подготовка;
20251208;14:01:39;-0,5;0,0;0,0;0,0;50,0;Подготовка;
20251208;14:01:44;-0,5;0,0;0,0;0,0;50,0;Подготовка;
20251208;14:01:49;-0,5;0,0;0,0;0,0;50,0;Подготовка;
20251208;14:01:54;-0,5;0,0;0,0;0,0;50,0;Подготовка;
20251208;14:01:59;-0,5;0,0;0,0;0,0;50,0;Подготовка;
20251208;14:02:04;-0,5;0,0;0,0;0,0;50,0;Подготовка;
20251208;14:02:09;-0,5;0,0;0,0;0,0;50,0;Подготовка;
20251208;14:02:14;-0,5;0,0;0,0;0,0;50,0;Подготовка;
20251208;14:02:19;-0,5;0,0;0,0;0,0;50,0;Подготовка;
20251208;14:02:24;-0,5;0,0;0,0;0,0;50,0;Подготовка;
20251208;14:02:29;-0,5;0,0;0,0;0,0;50,0;Подготовка;
20251208;14:02:34;-0,5;0,0;0,0;0,0;50,0;Подготовка;
20251208;14:02:39;-0,5;0,0;0,0;0,0;50,0;Подготовка;
20251208;14:02:44;-0,5;0,0;0,0;0,0;50,0;Подготовка;
20251208;14:02:49;-0,5;0,0;0,0;0,0;50,0;Подготовка;
20251208;14:02:54;-0,5;0,0;0,0;0,0;50,0;Подготовка;
20251208;14:03:00;-0,5;0,0;0,0;0,0;50,0;Подготовка;
20251208;14:03:05;-0,5;0,0;0,0;0,0;50,0;Подготовка;
20251208;14:03:10;-0,5;0,0;0,0;0,0;50,0;Подготовка;
20251208;14:03:15;-0,5;0,0;0,0;0,0;50,0;Подготовка;
20251208;14:03:20;-0,5;0,0;0,0;0,0;50,0;Подготовка;
20251208;14:03:25;-0,5;0,0;0,0;0,0;50,0;Подготовка;
20251208;14:03:30;-0,5;0,0;0,0;0,0;50,0;Подготовка;
20251208;14:03:35;-0,5;0,0;0,0;0,0;50,0;Подготовка;
20251208;14:03:40;-0,5;0,0;0,0;0,0;50,0;Подготовка;
20251208;14:03:45;-0,5;0,0;0,0;0,0;50,0;Подготовка;
20251208;14:03:50;-0,5;0,0;0,0;0,0;50,0;Подготовка;
20251208;14:03:55;-0,5;0,0;0,0;0,0;50,0;Подготовка;
20251208;14:04:00;-0,5;0,0;0,0;0,0;50,0;Подготовка;
20251208;14:04:05;-0,5;0,0;0,0;0,0;50,0;Подготовка;
20251208;14:04:10;-0,5;0,0;0,0;0,0;50,0;Подготовка;
20251208;14:04:15;-0,5;0,0;0,0;0,0;50,0;Подготовка;
20251208;14:04:20;-0,5;0,0;0,0;0,0;50,0;Подготовка;
20251208;14:04:25;-0,5;0,0;0,0;0,0;50,0;Подготовка;
20251208;14:04:30;-0,5;0,0;0,0;0,0;50,0;Подготовка;
20251208;14:04:35;-0,5;0,0;0,0;0,0;50,0;Подготовка;
20251208;14:04:40;-0,5;0,0;0,0;0,0;50,0;Подготовка;
20251208;14:04:45;-0,5;0,0;0,0;0,0;50,0;Подготовка;
20251208;14:04:50;-0,5;0,0;0,0;0,0;50,0;Подготовка;
20251208;14:04:55;-0,5;0,0;0,0;0,0;50,0;Подготовка;
20251208;14:05:00;-0,5;0,0;0,0;0,0;50,0;Подготовка;
20251208;14:05:06;-0,5;0,0;0,0;0,0;50,0;Подготовка;
20251208;14:05:11;-0,5;0,0;0,0;0,0;50,0;Подготовка;
20251208;14:05:16;-0,5;0,0;0,0;0,0;50,0;Подготовка;
20251208;14:05:21;-0,5;0,0;0,0;0,0;50,0;Подготовка;
20251208;14:05:26;-0,5;0,0;0,0;0,0;50,0;Подготовка;
20251208;14:05:31;-0,5;0,0;0,0;0,0;50,0;Подготовка;
20251208;14:05:36;-0,5;0,0;0,0;0,0;50,0;Подготовка;
20251208;14:05:41;-0,5;0,0;0,0;0,0;50,0;Подготовка;
20251208;14:05:46;-0,5;0,0;0,0;0,0;50,0;Подготовка;
20251208;14:05:51;-0,5;0,0;0,0;0,0;50,0;Подготовка;
20251208;14:05:56;-0,5;0,0;0,0;0,0;50,0;Подготовка;
20251208;14:06:01;-0,5;0,0;0,0;0,0;50,0;Подготовка;
20251208;14:06:06;-0,5;0,0;0,0;0,0;50,0;Подготовка;
20251208;14:06:11;-0,5;0,0;0,0;0,0;50,0;Подготовка;
20251208;14:06:16;-0,5;0,0;0,0;0,0;50,0;Подготовка;
20251208;14:06:21;-0,5;0,0;0,0;0,0;50,0;Подготовка;
20251208;14:06:26;-0,5;0,0;0,0;0,0;50,0;Подготовка;
20251208;14:06:31;-0,5;0,0;0,0;0,0;50,0;Подготовка;
20251208;14:06:36;-0,5;0,0;0,0;0,0;50,0;Подготовка;
20251208;14:06:41;-0,5;0,0;0,0;0,0;50,0;Подготовка;
20251208;14:06:46;-0,5;0,0;0,0;0,0;50,0;Подготовка;
20251208;14:06:51;-0,5;0,0;0,0;0,0;50,0;Подготовка;
20251208;14:06:56;-0,5;0,0;0,0;0,0;50,0;Подготовка;
20251208;14:07:01;-0,5;0,0;0,0;0,0;50,0;Подготовка;
20251208;14:07:06;-0,5;0,0;0,0;0,0;50,0;Подготовка;
20251208;14:07:12;-0,5;0,0;0,0;0,0;50,0;Подготовка;
20251208;14:07:17;-0,5;0,0;0,0;0,0;50,0;Подготовка;
20251208;14:07:22;-0,5;0,0;0,0;0,0;50,0;Подготовка;
20251208;14:07:27;-0,5;0,0;0,0;0,0;50,0;Подготовка;
20251208;14:07:32;-0,5;0,0;0,0;0,0;50,0;Подготовка;
20251208;14:07:37;-0,5;0,0;0,0;0,0;50,0;Подготовка;
20251208;14:07:42;-0,5;0,0;0,0;0,0;50,0;Подготовка;
20251208;14:07:47;-0,5;0,0;0,0;0,0;50,0;Подготовка;
20251208;14:07:52;-0,5;0,0;0,0;0,0;50,0;Подготовка;
20251208;14:07:57;-0,5;0,0;0,0;0,0;50,0;Подготовка;
20251208;14:08:02;-0,5;0,0;0,0;0,0;50,0;Подготовка;
20251208;14:08:07;-0,5;0,0;0,0;0,0;50,0;Подготовка;
20251208;14:08:12;-0,5;0,0;0,0;0,0;50,0;Подготовка;
20251208;14:08:17;-0,5;0,0;0,0;0,0;50,0;Подготовка;
20251208;14:08:22;-0,5;0,0;0,0;0,0;50,0;Подготовка;
20251208;14:08:27;-0,5;0,0;0,0;0,0;50,0;Подготовка;
20251208;14:08:32;-0,5;0,0;0,0;0,0;50,0;Подготовка;
20251208;14:08:37;-0,5;0,0;0,0;0,0;50,0;Подготовка;
20251208;14:08:42;-0,5;0,0;0,0;0,0;50,0;Подготовка;
20251208;14:08:47;-0,5;0,0;0,0;0,0;50,0;Подготовка;
20251208;14:08:52;-0,5;0,0;0,0;0,0;50,0;Подготовка;
20251208;14:08:57;-0,5;0,0;0,0;0,0;50,0;Подготовка;
20251208;14:09:02;-0,5;0,0;0,0;0,0;50,0;Подготовка;
20251208;14:09:07;-0,5;0,0;0,0;0,0;50,0;Подготовка;
20251208;14:09:12;-0,5;0,0;0,0;0,0;50,0;Подготовка;
20251208;14:09:18;-0,5;0,0;0,0;0,0;50,0;Подготовка;
20251208;14:09:23;-0,5;0,0;0,0;0,0;50,0;Подготовка;
20251208;14:09:28;-0,5;0,0;0,0;0,0;50,0;Подготовка;
20251208;14:09:33;-0,5;0,0;0,0;0,0;50,0;Подготовка;
20251208;14:09:38;-0,5;0,0;0,0;0,0;50,0;Подготовка;
20251208;14:09:43;-0,5;0,0;0,0;0,0;50,0;Подготовка;
20251208;14:09:48;-0,5;0,0;0,0;0,0;50,0;Подготовка;
20251208;14:09:53;-0,5;0,0;0,0;0,0;50,0;Подготовка;
20251208;14:09:58;-0,5;0,0;0,0;0,0;50,0;Подготовка;
20251208;14:10:03;-0,5;0,0;0,0;0,0;50,0;Подготовка;
20251208;14:10:08;-0,5;0,0;0,0;0,0;50,0;Подготовка;
20251208;14:10:13;-0,5;0,0;0,0;0,0;50,0;Подготовка;
20251208;14:10:18;-0,5;0,0;0,0;0,0;50,0;Подготовка;
20251208;14:10:23;-0,5;0,0;0,0;0,0;50,0;Подготовка;
20251208;14:10:28;-0,5;0,0;0,0;0,0;50,0;Подготовка;
20251208;14:10:33;-0,5;0,0;0,0;0,0;50,0;Подготовка;
20251208;14:10:38;-0,5;0,0;0,0;0,0;50,0;Подготовка;
20251208;14:10:43;-0,5;0,0;0,0;0,0;50,0;Подготовка;
20251208;14:10:48;-0,5;0,0;0,0;0,0;50,0;Подготовка;
20251208;14:10:53;-0,5;0,0;0,0;0,0;50,0;Подготовка;
20251208;14:10:58;-0,5;0,0;0,0;0,0;50,0;Подготовка;
20251208;14:11:03;-0,5;0,0;0,0;0,0;50,0;Подготовка;
20251208;14:11:08;-0,5;0,0;0,0;0,0;50,0;Подготовка;
20251208;14:11:13;-0,5;0,0;0,0;0,0;50,0;Подготовка;
20251208;14:11:18;-0,5;0,0;0,0;0,0;50,0;Подготовка;
20251208;14:11:24;-0,5;0,0;0,0;0,0;50,0;Подготовка;
20251208;14:11:29;-0,5;0,0;0,0;0,0;50,0;Подготовка;
20251208;14:11:34;-0,5;0,0;0,0;0,0;50,0;Подготовка;
20251208;14:11:39;-0,5;0,0;0,0;0,0;50,0;Подготовка;
20251208;14:11:44;-0,5;0,0;0,0;0,0;50,0;Подготовка;
20251208;14:11:49;-0,5;0,0;0,0;0,0;50,0;Подготовка;
20251208;14:11:54;-0,5;0,0;0,0;0,0;50,0;Подготовка;
20251208;14:11:59;-0,5;0,0;0,0;0,0;50,0;Подготовка;
20251208;14:12:04;-0,5;0,0;0,0;0,0;50,0;Подготовка;
20251208;14:12:09;-0,5;0,0;0,0;0,0;50,0;Подготовка;
20251208;14:12:14;-0,5;0,0;0,0;0,0;50,0;Подготовка;
20251208;14:12:19;-0,5;0,0;0,0;0,0;50,0;Подготовка;
20251208;14:12:24;-0,5;0,0;0,0;0,0;50,0;Подготовка;
20251208;14:12:29;-0,5;0,0;0,0;0,0;50,0;Подготовка;
20251208;14:12:34;-0,5;0,0;0,0;0,0;50,0;Подготовка;
20251208;14:12:39;-0,5;0,0;0,0;0,0;50,0;Подготовка;
20251208;14:12:44;-0,5;0,0;0,0;0,0;50,0;Подготовка;
20251208;14:12:49;-0,5;0,0;0,0;0,0;50,0;Подготовка;
20251208;14:12:54;-0,5;0,0;0,0;0,0;50,0;Подготовка;
20251208;14:12:59;-0,5;0,0;0,0;0,0;50,0;Подготовка;
20251208;14:13:04;-0,5;0,0;0,0;0,0;50,0;Подготовка;
20251208;14:13:09;-0,5;0,0;0,0;0,0;50,0;Подготовка;
20251208;14:13:14;-0,5;0,0;0,0;0,0;50,0;Подготовка;
20251208;14:13:19;-0,5;0,0;0,0;0,0;50,0;Подготовка;
20251208;14:13:24;-0,5;0,0;0,0;0,0;50,0;Подготовка;
20251208;14:13:30;-0,5;0,0;0,0;0,0;50,0;Подготовка;
20251208;14:13:35;-0,5;0,0;0,0;0,0;50,0;Подготовка;
20251208;14:13:40;-0,5;0,0;0,0;0,0;50,0;Подготовка;
20251208;14:13:45;-0,5;0,0;0,0;0,0;50,0;Подготовка;
20251208;14:13:50;-0,5;0,0;0,0;0,0;50,0;Подготовка;
20251208;14:13:55;-0,5;0,0;0,0;0,0;50,0;Подготовка;
20251208;14:14:00;-0,5;0,0;0,0;0,0;50,0;Подготовка;
20251208;14:14:05;-0,5;0,0;0,0;0,0;50,0;Подготовка;
20251208;14:14:10;-0,5;0,0;0,0;0,0;50,0;Подготовка;
20251208;14:14:15;-0,5;0,0;0,0;0,0;50,0;Подготовка;
20251208;14:14:20;-0,5;0,0;0,0;0,0;50,0;Подготовка;
20251208;14:14:25;-0,5;0,0;0,0;0,0;50,0;Подготовка;
20251208;14:14:30;-0,5;0,0;0,0;0,0;50,0;Подготовка;
20251208;14:14:35;-0,5;0,0;0,0;0,0;50,0;Подготовка;
20251208;14:14:40;-0,5;0,0;0,0;0,0;50,0;Подготовка;
20251208;14:14:45;-0,5;0,0;0,0;0,0;50,0;Подготовка;
20251208;14:14:50;-0,5;0,0;0,0;0,0;50,0;Подготовка;
20251208;14:14:55;-0,5;0,0;0,0;0,0;50,0;Подготовка;
20251208;14:15:00;-0,5;0,0;0,0;0,0;50,0;Подготовка;
20251208;14:15:05;-0,5;0,0;0,0;0,0;50,0;Подготовка;
20251208;14:15:10;-0,5;0,0;0,0;0,0;50,0;Подготовка;
20251208;14:15:15;-0,5;0,0;0,0;0,0;50,0;Подготовка;
20251208;14:15:20;-0,5;0,0;0,0;0,0;50,0;Подготовка;
20251208;14:15:25;-0,5;0,0;0,0;0,0;50,0;Подготовка;
20251208;14:15:30;-0,5;0,0;0,0;0,0;50,0;Подготовка;
20251208;14:15:36;-0,5;0,0;0,0;0,0;50,0;Подготовка;
20251208;14:15:41;-0,5;0,0;0,0;0,0;50,0;Подготовка;
20251208;14:15:46;-0,5;0,0;0,0;0,0;50,0;Подготовка;
20251208;14:15:51;-0,5;0,0;0,0;0,0;50,0;Подготовка;
20251208;14:15:56;-0,5;0,0;0,0;0,0;50,0;Подготовка;
20251208;14:16:01;-0,5;0,0;0,0;0,0;50,0;Подготовка;
20251208;14:16:06;-0,5;0,0;0,0;0,0;50,0;Подготовка;
20251208;14:16:11;-0,5;0,0;0,0;0,0;50,0;Подготовка;
20251208;14:16:16;-0,5;0,0;0,0;0,0;50,0;Подготовка;
20251208;14:16:21;-0,5;0,0;0,0;0,0;50,0;Подготовка;
20251208;14:16:26;-0,5;0,0;0,0;0,0;50,0;Подготовка;
20251208;14:16:31;-0,5;0,0;0,0;0,0;50,0;Подготовка;
20251208;14:16:36;-0,5;0,0;0,0;0,0;50,0;Подготовка;
20251208;14:16:41;-0,5;0,0;0,0;0,0;50,0;Подготовка;
20251208;14:16:46;-0,5;0,0;0,0;0,0;50,0;Подготовка;
20251208;14:16:51;-0,5;0,0;0,0;0,0;50,0;Подготовка;
20251208;14:16:56;-0,5;0,0;0,0;0,0;50,0;Подготовка;
20251208;14:17:01;-0,5;0,0;0,0;0,0;50,0;Подготовка;
20251208;14:17:06;-0,5;0,0;0,0;0,0;50,0;Подготовка;
20251208;14:17:11;-0,5;0,0;0,0;0,0;50,0;Подготовка;
20251208;14:17:16;-0,5;0,0;0,0;0,0;50,0;Подготовка;
20251208;14:17:21;-0,5;0,0;0,0;0,0;50,0;Подготовка;
20251208;14:17:26;-0,5;0,0;0,0;0,0;50,0;Подготовка;
20251208;14:17:31;-0,5;0,0;0,0;0,0;50,0;Подготовка;
20251208;14:17:36;-0,5;0,0;0,0;0,0;50,0;Подготовка;
20251208;14:17:42;-0,5;0,0;0,0;0,0;50,0;Подготовка;
20251208;14:17:47;-0,5;0,0;0,0;0,0;50,0;Подготовка;
20251208;14:17:52;-0,5;0,0;0,0;0,0;50,0;Подготовка;
20251208;14:17:57;-0,5;0,0;0,0;0,0;50,0;Подготовка;
20251208;14:18:02;-0,5;0,0;0,0;0,0;50,0;Подготовка;
20251208;14:18:07;-0,5;0,0;0,0;0,0;50,0;Подготовка;
20251208;14:18:12;-0,5;0,0;0,0;0,0;50,0;Подготовка;
20251208;14:18:17;-0,5;0,0;0,0;0,0;50,0;Подготовка;
20251208;14:18:22;-0,5;0,0;0,0;0,0;50,0;Подготовка;
20251208;14:18:27;-0,5;0,0;0,0;0,0;50,0;Подготовка;
20251208;14:18:32;-0,5;0,0;0,0;0,0;50,0;Подготовка;
20251208;14:18:37;-0,5;0,0;0,0;0,0;50,0;Подготовка;
20251208;14:18:42;-0,5;0,0;0,0;0,0;50,0;Подготовка;
20251208;14:18:47;-0,5;0,0;0,0;0,0;50,0;Подготовка;
20251208;14:18:52;-0,5;0,0;0,0;0,0;50,0;Подготовка;
20251208;14:18:57;-0,5;0,0;0,0;0,0;50,0;Подготовка;
20251208;14:19:02;-0,5;0,0;0,0;0,0;50,0;Подготовка;
20251208;14:19:07;-0,5;0,0;0,0;0,0;50,0;Подготовка;
20251208;14:19:12;-0,5;0,0;0,0;0,0;50,0;Подготовка;
20251208;14:19:17;-0,5;0,0;0,0;0,0;50,0;Подготовка;
20251208;14:19:22;-0,5;0,0;0,0;0,0;50,0;Подготовка;
20251208;14:19:27;-0,5;0,0;0,0;0,0;50,0;Подготовка;
20251208;14:19:32;-0,5;0,0;0,0;0,0;50,0;Подготовка;
20251208;14:19:37;-0,5;0,0;0,0;0,0;50,0;Подготовка;
20251208;14:19:42;-0,5;0,0;0,0;0,0;50,0;Подготовка;
20251208;14:19:48;-0,5;0,0;0,0;0,0;50,0;Подготовка;
20251208;14:19:53;-0,5;0,0;0,0;0,0;50,0;Подготовка;
20251208;14:19:58;-0,5;0,0;0,0;0,0;50,0;Подготовка;
20251208;14:20:03;-0,5;0,0;0,0;0,0;50,0;Подготовка;
20251208;14:20:08;-0,5;0,0;0,0;0,0;50,0;Подготовка;
20251208;14:20:13;-0,5;0,0;0,0;0,0;50,0;Подготовка;
20251208;14:20:18;-0,5;0,0;0,0;0,0;50,0;Подготовка;
20251208;14:20:23;-0,5;0,0;0,0;0,0;50,0;Подготовка;
20251208;14:20:28;-0,5;0,0;0,0;0,0;50,0;Подготовка;
20251208;14:20:33;-0,5;0,0;0,0;0,0;50,0;Подготовка;
20251208;14:20:38;-0,5;0,0;0,0;0,0;50,0;Подготовка;
20251208;14:20:43;-0,5;0,0;0,0;0,0;50,0;Подготовка;
20251208;14:20:48;-0,5;0,0;0,0;0,0;50,0;Подготовка;
20251208;14:20:53;-0,5;0,0;0,0;0,0;50,0;Подготовка;
20251208;14:20:58;-0,5;0,0;0,0;0,0;50,0;Подготовка;
20251208;14:21:03;-0,5;0,0;0,0;0,0;50,0;Подготовка;
20251208;14:21:08;-0,5;0,0;0,0;0,0;50,0;Подготовка;
20251208;14:21:13;-0,5;0,0;0,0;0,0;50,0;Подготовка;
20251208;14:21:18;-0,5;0,0;0,0;0,0;50,0;Подготовка;
20251208;14:21:23;-0,5;0,0;0,0;0,0;50,0;Подготовка;
20251208;14:21:28;-0,5;0,0;0,0;0,0;50,0;Подготовка;
20251208;14:21:33;-0,5;0,0;0,0;0,0;50,0;Подготовка;
20251208;14:21:38;-0,5;0,0;0,0;0,0;50,0;Подготовка;
20251208;14:21:43;-0,5;0,0;0,0;0,0;50,0;Подготовка;
20251208;14:21:48;-0,5;0,0;0,0;0,0;50,0;Подготовка;
20251208;14:21:54;-0,5;0,0;0,0;0,0;50,0;Подготовка;
20251208;14:21:59;-0,5;0,0;0,0;0,0;50,0;Подготовка;
20251208;14:22:04;-0,5;0,0;0,0;0,0;50,0;Подготовка;
20251208;14:22:09;-0,5;0,0;0,0;0,0;50,0;Подготовка;
20251208;14:22:14;-0,5;0,0;0,0;0,0;50,0;Подготовка;
20251208;14:22:19;-0,5;0,0;0,0;0,0;50,0;Подготовка;
20251208;14:22:24;-0,5;0,0;0,0;0,0;50,0;Подготовка;
20251208;14:22:29;-0,5;0,0;0,0;0,0;50,0;Подготовка;
20251208;14:22:34;-0,5;0,0;0,0;0,0;50,0;Подготовка;
20251208;14:22:39;-0,5;0,0;0,0;0,0;50,0;Подготовка;
20251208;14:22:44;-0,5;0,0;0,0;0,0;50,0;Подготовка;
20251208;14:22:49;-0,5;0,0;0,0;0,0;50,0;Подготовка;
20251208;14:22:54;-0,5;0,0;0,0;0,0;50,0;Подготовка;
20251208;14:22:59;-0,5;0,0;0,0;0,0;50,0;Подготовка;
20251208;14:23:04;-0,5;0,0;0,0;0,0;50,0;Подготовка;
20251208;14:23:09;-0,5;0,0;0,0;0,0;50,0;Подготовка;
20251208;14:23:14;-0,5;0,0;0,0;0,0;50,0;Подготовка;
20251208;14:23:19;-0,5;0,0;0,0;0,0;50,0;Подготовка;
20251208;14:23:24;-0,5;0,0;0,0;0,0;50,0;Подготовка;
20251208;14:23:29;-0,5;0,0;0,0;0,0;50,0;Подготовка;
20251208;14:23:34;-0,5;0,0;0,0;0,0;50,0;Подготовка;
20251208;14:23:39;-0,5;0,0;0,0;0,0;50,0;Подготовка;
20251208;14:23:44;-0,5;0,0;0,0;0,0;50,0;Подготовка;
20251208;14:23:49;-0,5;0,0;0,0;0,0;50,0;Подготовка;
20251208;14:23:54;-0,5;0,0;0,0;0,0;50,0;Подготовка;
20251208;14:24:00;-0,5;0,0;0,0;0,0;50,0;Подготовка;
20251208;14:24:05;-0,5;0,0;0,0;0,0;50,0;Подготовка;
20251208;14:24:10;-0,5;0,0;0,0;0,0;50,0;Подготовка;
20251208;14:24:15;-0,5;0,0;0,0;0,0;50,0;Подготовка;
20251208;14:24:20;-0,5;0,0;0,0;0,0;50,0;Подготовка;
20251208;14:24:25;-0,5;0,0;0,0;0,0;50,0;Подготовка;
20251208;14:24:30;-0,5;0,0;0,0;0,0;50,0;Подготовка;
20251208;14:24:35;-0,5;0,0;0,0;0,0;50,0;Подготовка;
20251208;14:24:40;-0,5;0,0;0,0;0,0;50,0;Подготовка;
20251208;14:24:45;-0,5;0,0;0,0;0,0;50,0;Подготовка;
20251208;14:24:50;-0,5;0,0;0,0;0,0;50,0;Подготовка;
20251208;14:24:55;-0,5;0,0;0,0;0,0;50,0;Подготовка;
20251208;14:25:00;-0,5;0,0;0,0;0,0;50,0;Подготовка;
20251208;14:25:05;-0,5;0,0;0,0;0,0;50,0;Подготовка;
20251208;14:25:10;-0,5;0,0;0,0;0,0;50,0;Подготовка;
20251208;14:25:15;-0,5;0,0;0,0;0,0;50,0;Подготовка;
20251208;14:25:20;-0,5;0,0;0,0;0,0;50,0;Подготовка;
20251208;14:25:25;-0,5;0,0;0,0;0,0;50,0;Подготовка;
20251208;14:25:30;-0,5;0,0;0,0;0,0;50,0;Подготовка;
20251208;14:25:35;-0,5;0,0;0,0;0,0;50,0;Подготовка;
20251208;14:25:40;-0,5;0,0;0,0;0,0;50,0;Подготовка;
20251208;14:25:45;-0,5;0,0;0,0;0,0;50,0;Подготовка;
20251208;14:25:50;-0,5;0,0;0,0;0,0;50,0;Подготовка;
20251208;14:25:55;-0,5;0,0;0,0;0,0;50,0;Подготовка;
20251208;14:26:00;-0,5;0,0;0,0;0,0;50,0;Подготовка;
20251208;14:26:06;-0,5;0,0;0,0;0,0;50,0;Подготовка;
20251208;14:26:11;-0,5;0,0;0,0;0,0;50,0;Подготовка;
20251208;14:26:16;-0,5;0,0;0,0;0,0;50,0;Подготовка;
20251208;14:26:21;-0,5;0,0;0,0;0,0;50,0;Подготовка;
20251208;14:26:26;-0,5;0,0;0,0;0,0;50,0;Подготовка;
20251208;14:26:31;-0,5;0,0;0,0;0,0;50,0;Подготовка;
20251208;14:26:36;-0,5;0,0;0,0;0,0;50,0;Подготовка;
20251208;14:26:41;-0,5;0,0;0,0;0,0;50,0;Подготовка;
20251208;14:26:46;-0,5;0,0;0,0;0,0;50,0;Подготовка;
20251208;14:26:51;-0,5;0,0;0,0;0,0;50,0;Подготовка;
20251208;14:26:56;-0,5;0,0;0,0;0,0;50,0;Подготовка;
20251208;14:27:01;-0,5;0,0;0,0;0,0;50,0;Подготовка;
20251208;14:27:06;-0,5;0,0;0,0;0,0;50,0;Подготовка;
20251208;14:27:11;-0,5;0,0;0,0;0,0;50,0;Подготовка;
20251208;14:27:16;-0,5;0,0;0,0;0,0;50,0;Подготовка;
20251208;14:27:21;-0,5;0,0;0,0;0,0;50,0;Подготовка;
20251208;14:27:26;-0,5;0,0;0,0;0,0;50,0;Подготовка;
20251208;14:27:31;-0,5;0,0;0,0;0,0;50,0;Подготовка;
20251208;14:27:36;-0,5;0,0;0,0;0,0;50,0;Подготовка;
20251208;14:27:41;-0,5;0,0;0,0;0,0;50,0;Подготовка;
20251208;14:27:46;-0,5;0,0;0,0;0,0;50,0;Подготовка;
20251208;14:27:51;-0,5;0,0;0,0;0,0;50,0;Подготовка;
20251208;14:27:56;-0,5;0,0;0,0;0,0;50,0;Подготовка;
20251208;14:28:01;-0,5;0,0;0,0;0,0;50,0;Подготовка;
20251208;14:28:06;-0,5;0,0;0,0;0,0;50,0;Подготовка;
20251208;14:28:12;-0,5;0,0;0,0;0,0;50,0;Подготовка;
20251208;14:28:17;-0,5;0,0;0,0;0,0;50,0;Подготовка;
20251208;14:28:22;-0,5;0,0;0,0;0,0;50,0;Подготовка;
20251208;14:28:27;-0,5;0,0;0,0;0,0;50,0;Подготовка;
20251208;14:28:32;-0,5;0,0;0,0;0,0;50,0;Подготовка;
20251208;14:28:37;-0,5;0,0;0,0;0,0;50,0;Подготовка;
20251208;14:28:42;-0,5;0,0;0,0;0,0;50,0;Подготовка;
20251208;14:28:47;-0,5;0,0;0,0;0,0;50,0;Подготовка;
20251208;14:28:52;-0,5;0,0;0,0;0,0;50,0;Подготовка;
20251208;14:28:57;-0,5;0,0;0,0;0,0;50,0;Подготовка;
20251208;14:29:02;-0,5;0,0;0,0;0,0;50,0;Подготовка;
20251208;14:29:07;-0,5;0,0;0,0;0,0;50,0;Подготовка;
20251208;14:29:12;-0,5;0,0;0,0;0,0;50,0;Подготовка;
20251208;14:29:17;-0,5;0,0;0,0;0,0;50,0;Подготовка;
20251208;14:29:22;-0,5;0,0;0,0;0,0;50,0;Подготовка;
20251208;14:29:27;-0,5;0,0;0,0;0,0;50,0;Подготовка;
20251208;14:29:32;-0,5;0,0;0,0;0,0;50,0;Подготовка;
20251208;14:29:37;-0,5;0,0;0,0;0,0;50,0;Подготовка;
20251208;14:29:42;-0,5;0,0;0,0;0,0;50,0;Подготовка;
20251208;14:29:47;-0,5;0,0;0,0;0,0;50,0;Подготовка;
20251208;14:29:52;-0,5;0,0;0,0;0,0;50,0;Подготовка;
20251208;14:29:57;-0,5;0,0;0,0;0,0;50,0;Подготовка;
20251208;14:30:02;-0,5;0,0;0,0;0,0;50,0;Подготовка;
20251208;14:30:07;-0,5;0,0;0,0;0,0;50,0;Подготовка;
20251208;14:30:12;-0,5;0,0;0,0;0,0;50,0;Подготовка;
20251208;14:30:18;-0,5;0,0;0,0;0,0;50,0;Подготовка;
20251208;14:30:23;-0,5;0,0;0,0;0,0;50,0;Подготовка;
20251208;14:30:28;-0,5;0,0;0,0;0,0;50,0;Подготовка;
20251208;14:30:33;-0,5;0,0;0,0;0,0;50,0;Подготовка;
20251208;14:30:38;-0,5;0,0;0,0;0,0;50,0;Подготовка;
20251208;14:30:43;-0,5;0,0;0,0;0,0;50,0;Подготовка;
20251208;14:30:48;-0,5;0,0;0,0;0,0;50,0;Подготовка;
20251208;14:30:53;-0,5;0,0;0,0;0,0;50,0;Подготовка;
20251208;14:30:58;-0,5;0,0;0,0;0,0;50,0;Подготовка;
20251208;14:31:03;-0,5;0,0;0,0;0,0;50,0;Подготовка;
20251208;14:31:08;-0,5;0,0;0,0;0,0;50,0;Подготовка;
20251208;14:31:13;-0,5;0,0;0,0;0,0;50,0;Подготовка;
20251208;14:31:18;-0,5;0,0;0,0;0,0;50,0;Подготовка;
20251208;14:31:23;-0,5;0,0;0,0;0,0;50,0;Подготовка;
20251208;14:31:28;-0,5;0,0;0,0;0,0;50,0;Подготовка;
20251208;14:31:33;-0,5;0,0;0,0;0,0;50,0;Подготовка;
20251208;14:31:38;-0,5;0,0;0,0;0,0;50,0;Подготовка;
20251208;14:31:43;-0,5;0,0;0,0;0,0;50,0;Подготовка;
20251208;14:31:48;-0,5;0,0;0,0;0,0;50,0;Подготовка;
20251208;14:31:53;-0,5;0,0;0,0;0,0;50,0;Подготовка;
Предприятие;
Объект;
Вид оборудования;
Дисп. наименование;
Тип;
Зав. номер;
Сер. номер;
Год выпуска;
Год ввода в эксплуатацию;
Дата отбора пробы;
Марка пробы;
Температура пробы;
DATE ;TIME ;TS_TEMP ;PROB_TEMP ;PROB_OTN_VL ;PROBE_VlAGOSOD ;SP ;STATUS ; 
20251208;14:32:10;-0,39;0,0;0,0;0,0;50,0;Включение;
20251208;14:32:15;-0,49;0,0;0,0;0,0;50,0;Включение;
20251208;14:32:20;-0,49;0,0;0,0;0,0;50,0;Подготовка;
20251208;14:32:25;-0,49;0,0;0,0;0,0;50,0;Подготовка;
20251208;14:32:30;-0,49;0,0;0,0;0,0;50,0;Подготовка;
20251208;14:32:35;-0,49;0,0;0,0;0,0;50,0;Подготовка;
20251208;14:32:40;-0,5;0,0;0,0;0,0;50,0;Подготовка;
20251208;14:32:45;-0,5;0,0;0,0;0,0;50,0;Подготовка;
20251208;14:32:50;-0,5;0,0;0,0;0,0;50,0;Подготовка;
20251208;14:32:55;-0,5;0,0;0,0;0,0;50,0;Подготовка;
20251208;14:33:00;-0,5;0,0;0,0;0,0;50,0;Подготовка;
20251208;14:33:05;-0,5;0,0;0,0;0,0;50,0;Подготовка;
20251208;14:33:11;-0,5;0,0;0,0;0,0;50,0;Подготовка;
20251208;14:33:16;-0,5;0,0;0,0;0,0;50,0;Подготовка;
20251208;14:33:21;-0,5;0,0;0,0;0,0;50,0;Подготовка;
20251208;14:33:26;-0,5;0,0;0,0;0,0;50,0;Подготовка;
20251208;14:33:31;-0,5;0,0;0,0;0,0;50,0;Подготовка;
20251208;14:33:36;-0,5;0,0;0,0;0,0;50,0;Подготовка;
20251208;14:33:41;-0,5;0,0;0,0;0,0;50,0;Подготовка;
20251208;14:33:46;-0,5;0,0;0,0;0,0;50,0;Подготовка;
20251208;14:33:51;-0,5;0,0;0,0;0,0;50,0;Подготовка;
20251208;14:33:56;-0,5;0,0;0,0;0,0;50,0;Подготовка;
20251208;14:34:01;-0,5;0,0;0,0;0,0;50,0;Подготовка;
20251208;14:34:06;-0,5;0,0;0,0;0,0;50,0;Подготовка;
20251208;14:34:11;-0,5;0,0;0,0;0,0;50,0;Подготовка;
20251208;14:34:16;-0,5;0,0;0,0;0,0;50,0;Подготовка;
20251208;14:34:21;-0,5;0,0;0,0;0,0;50,0;Подготовка;
20251208;14:34:26;-0,5;0,0;0,0;0,0;50,0;Подготовка;
20251208;14:34:31;-0,5;0,0;0,0;0,0;50,0;Подготовка;
20251208;14:34:36;-0,5;0,0;0,0;0,0;50,0;Подготовка;
20251208;14:34:41;-0,5;0,0;0,0;0,0;50,0;Подготовка;
20251208;14:34:46;-0,5;0,0;0,0;0,0;50,0;Подготовка;
20251208;14:34:51;-0,5;0,0;0,0;0,0;50,0;Подготовка;
20251208;14:34:56;-0,5;0,0;0,0;0,0;50,0;Подготовка;
20251208;14:35:01;-0,5;0,0;0,0;0,0;50,0;Подготовка;
20251208;14:35:06;-0,5;0,0;0,0;0,0;50,0;Подготовка;
20251208;14:35:11;-0,5;0,0;0,0;0,0;50,0;Подготовка;
20251208;14:35:17;-0,5;0,0;0,0;0,0;50,0;Подготовка;
20251208;14:35:22;-0,5;0,0;0,0;0,0;50,0;Подготовка;
20251208;14:35:27;-0,5;0,0;0,0;0,0;50,0;Подготовка;
20251208;14:35:32;-0,5;0,0;0,0;0,0;50,0;Подготовка;
20251208;14:35:37;-0,5;0,0;0,0;0,0;50,0;Подготовка;
20251208;14:35:42;-0,5;0,0;0,0;0,0;50,0;Подготовка;
20251208;14:35:47;-0,5;0,0;0,0;0,0;50,0;Подготовка;
20251208;14:35:52;-0,5;0,0;0,0;0,0;50,0;Подготовка;
20251208;14:35:57;-0,5;0,0;0,0;0,0;50,0;Подготовка;
20251208;14:36:02;-0,5;0,0;0,0;0,0;50,0;Подготовка;
20251208;14:36:07;-0,5;0,0;0,0;0,0;50,0;Подготовка;
20251208;14:36:12;-0,5;0,0;0,0;0,0;50,0;Подготовка;
20251208;14:36:17;-0,5;0,0;0,0;0,0;50,0;Подготовка;
20251208;14:36:22;-0,5;0,0;0,0;0,0;50,0;Подготовка;
20251208;14:36:27;-0,5;0,0;0,0;0,0;50,0;Подготовка;
20251208;14:36:32;-0,5;0,0;0,0;0,0;50,0;Подготовка;
20251208;14:36:37;-0,5;0,0;0,0;0,0;50,0;Подготовка;
20251208;14:36:42;-0,5;0,0;0,0;0,0;50,0;Подготовка;
20251208;14:36:47;-0,5;0,0;0,0;0,0;50,0;Подготовка;
20251208;14:36:52;-0,5;0,0;0,0;0,0;50,0;Подготовка;
20251208;14:36:57;-0,5;0,0;0,0;0,0;50,0;Подготовка;
20251208;14:37:02;-0,5;0,0;0,0;0,0;50,0;Подготовка;
20251208;14:37:07;-0,5;0,0;0,0;0,0;50,0;Подготовка;
20251208;14:37:12;-0,5;0,0;0,0;0,0;50,0;Подготовка;
20251208;14:37:17;-0,5;0,0;0,0;0,0;50,0;Подготовка;
20251208;14:37:23;-0,5;0,0;0,0;0,0;50,0;Подготовка;
20251208;14:37:28;-0,5;0,0;0,0;0,0;50,0;Подготовка;
20251208;14:37:33;-0,5;0,0;0,0;0,0;50,0;Подготовка;
20251208;14:37:38;-0,5;0,0;0,0;0,0;50,0;Подготовка;
20251208;14:37:43;-0,5;0,0;0,0;0,0;50,0;Подготовка;
20251208;14:37:48;-0,5;0,0;0,0;0,0;50,0;Подготовка;
20251208;14:37:53;-0,5;0,0;0,0;0,0;50,0;Подготовка;
20251208;14:37:58;-0,5;0,0;0,0;0,0;50,0;Подготовка;
20251208;14:38:03;-0,5;0,0;0,0;0,0;50,0;Подготовка;
20251208;14:38:08;-0,5;0,0;0,0;0,0;50,0;Подготовка;
20251208;14:38:13;-0,5;0,0;0,0;0,0;50,0;Подготовка;
20251208;14:38:18;-0,5;0,0;0,0;0,0;50,0;Подготовка;
20251208;14:38:23;-0,5;0,0;0,0;0,0;50,0;Подготовка;
20251208;14:38:28;-0,5;0,0;0,0;0,0;50,0;Подготовка;
20251208;14:38:33;-0,5;0,0;0,0;0,0;50,0;Подготовка;
20251208;14:38:38;-0,5;0,0;0,0;0,0;50,0;Подготовка;
20251208;14:38:43;-0,5;0,0;0,0;0,0;50,0;Подготовка;
20251208;14:38:48;-0,5;0,0;0,0;0,0;50,0;Подготовка;
20251208;14:38:53;-0,5;0,0;0,0;0,0;50,0;Подготовка;
20251208;14:38:58;-0,5;0,0;0,0;0,0;50,0;Подготовка;
20251208;14:39:03;-0,5;0,0;0,0;0,0;50,0;Подготовка;
20251208;14:39:08;-0,5;0,0;0,0;0,0;50,0;Подготовка;
20251208;14:39:13;-0,5;0,0;0,0;0,0;50,0;Подготовка;
20251208;14:39:18;-0,5;0,0;0,0;0,0;50,0;Подготовка;
20251208;14:39:23;-0,5;0,0;0,0;0,0;50,0;Подготовка;
20251208;14:39:29;-0,5;0,0;0,0;0,0;50,0;Подготовка;
20251208;14:39:34;-0,5;0,0;0,0;0,0;50,0;Подготовка;
20251208;14:39:39;-0,5;0,0;0,0;0,0;50,0;Подготовка;
20251208;14:39:44;-0,5;0,0;0,0;0,0;50,0;Подготовка;
20251208;14:39:49;-0,5;0,0;0,0;0,0;50,0;Подготовка;
20251208;14:39:54;-0,5;0,0;0,0;0,0;50,0;Подготовка;
20251208;14:39:59;-0,5;0,0;0,0;0,0;50,0;Подготовка;
20251208;14:40:04;-0,5;0,0;0,0;0,0;50,0;Подготовка;
20251208;14:40:09;-0,5;0,0;0,0;0,0;50,0;Подготовка;
20251208;14:40:14;-0,5;0,0;0,0;0,0;50,0;Подготовка;
20251208;14:40:19;-0,5;0,0;0,0;0,0;50,0;Подготовка;
20251208;14:40:24;-0,5;0,0;0,0;0,0;50,0;Подготовка;
20251208;14:40:29;-0,5;0,0;0,0;0,0;50,0;Подготовка;
20251208;14:40:34;-0,5;0,0;0,0;0,0;50,0;Подготовка;
20251208;14:40:39;-0,5;0,0;0,0;0,0;50,0;Подготовка;
20251208;14:40:44;-0,5;0,0;0,0;0,0;50,0;Подготовка;
20251208;14:40:49;-0,5;0,0;0,0;0,0;50,0;Подготовка;
20251208;14:40:54;-0,5;0,0;0,0;0,0;50,0;Подготовка;
20251208;14:40:59;-0,5;0,0;0,0;0,0;50,0;Подготовка;
20251208;14:41:04;-0,5;0,0;0,0;0,0;50,0;Подготовка;
20251208;14:41:09;-0,5;0,0;0,0;0,0;50,0;Подготовка;
20251208;14:41:14;-0,5;0,0;0,0;0,0;50,0;Подготовка;
20251208;14:41:19;-0,5;0,0;0,0;0,0;50,0;Подготовка;
20251208;14:41:24;-0,5;0,0;0,0;0,0;50,0;Подготовка;
20251208;14:41:29;-0,5;0,0;0,0;0,0;50,0;Подготовка;
20251208;14:41:35;-0,5;0,0;0,0;0,0;50,0;Подготовка;
20251208;14:41:40;-0,5;0,0;0,0;0,0;50,0;Подготовка;
20251208;14:41:45;-0,5;0,0;0,0;0,0;50,0;Подготовка;
20251208;14:41:50;-0,5;0,0;0,0;0,0;50,0;Подготовка;
20251208;14:41:55;-0,5;0,0;0,0;0,0;50,0;Подготовка;
20251208;14:42:00;-0,5;0,0;0,0;0,0;50,0;Подготовка;
20251208;14:42:05;-0,5;0,0;0,0;0,0;50,0;Подготовка;
20251208;14:42:10;-0,5;0,0;0,0;0,0;50,0;Подготовка;
20251208;14:42:15;-0,5;0,0;0,0;0,0;50,0;Подготовка;
20251208;14:42:20;-0,5;0,0;0,0;0,0;50,0;Подготовка;
20251208;14:42:25;-0,5;0,0;0,0;0,0;50,0;Подготовка;
20251208;14:42:30;-0,5;0,0;0,0;0,0;50,0;Подготовка;
20251208;14:42:35;-0,5;0,0;0,0;0,0;50,0;Подготовка;
20251208;14:42:40;-0,5;0,0;0,0;0,0;50,0;Подготовка;
20251208;14:42:45;-0,5;0,0;0,0;0,0;50,0;Подготовка;
20251208;14:42:50;-0,5;0,0;0,0;0,0;50,0;Подготовка;
20251208;14:42:55;-0,5;0,0;0,0;0,0;50,0;Подготовка;
20251208;14:43:00;-0,5;0,0;0,0;0,0;50,0;Подготовка;
20251208;14:43:05;-0,5;0,0;0,0;0,0;50,0;Подготовка;
20251208;14:43:10;-0,5;0,0;0,0;0,0;50,0;Подготовка;
20251208;14:43:15;-0,5;0,0;0,0;0,0;50,0;Подготовка;
20251208;14:43:20;-0,5;0,0;0,0;0,0;50,0;Подготовка;
20251208;14:43:25;-0,5;0,0;0,0;0,0;50,0;Подготовка;
20251208;14:43:30;-0,5;0,0;0,0;0,0;50,0;Подготовка;
20251208;14:43:35;-0,5;0,0;0,0;0,0;50,0;Подготовка;
20251208;14:43:41;-0,5;0,0;0,0;0,0;50,0;Подготовка;
20251208;14:43:46;-0,5;0,0;0,0;0,0;50,0;Подготовка;
20251208;14:43:51;-0,5;0,0;0,0;0,0;50,0;Подготовка;
20251208;14:43:56;-0,5;0,0;0,0;0,0;50,0;Подготовка;
20251208;14:44:01;-0,5;0,0;0,0;0,0;50,0;Подготовка;
20251208;14:44:06;-0,5;0,0;0,0;0,0;50,0;Подготовка;
20251208;14:44:11;-0,5;0,0;0,0;0,0;50,0;Подготовка;
20251208;14:44:16;-0,5;0,0;0,0;0,0;50,0;Подготовка;
20251208;14:44:21;-0,5;0,0;0,0;0,0;50,0;Подготовка;
20251208;14:44:26;-0,5;0,0;0,0;0,0;50,0;Подготовка;
20251208;14:44:31;-0,5;0,0;0,0;0,0;50,0;Подготовка;
20251208;14:44:36;-0,5;0,0;0,0;0,0;50,0;Подготовка;
20251208;14:44:41;-0,5;0,0;0,0;0,0;50,0;Подготовка;
20251208;14:44:46;-0,5;0,0;0,0;0,0;50,0;Подготовка;
20251208;14:44:51;-0,5;0,0;0,0;0,0;50,0;Подготовка;
20251208;14:44:56;-0,5;0,0;0,0;0,0;50,0;Подготовка;
20251208;14:45:01;-0,5;0,0;0,0;0,0;50,0;Подготовка;
20251208;14:45:06;-0,5;0,0;0,0;0,0;50,0;Подготовка;
20251208;14:45:11;-0,5;0,0;0,0;0,0;50,0;Подготовка;
20251208;14:45:16;-0,5;0,0;0,0;0,0;50,0;Подготовка;
20251208;14:45:21;-0,5;0,0;0,0;0,0;50,0;Подготовка;
20251208;14:45:26;-0,5;0,0;0,0;0,0;50,0;Подготовка;
20251208;14:45:31;-0,5;0,0;0,0;0,0;50,0;Подготовка;
20251208;14:45:36;-0,5;0,0;0,0;0,0;50,0;Подготовка;
20251208;14:45:41;-0,5;0,0;0,0;0,0;50,0;Подготовка;
20251208;14:45:47;-0,5;0,0;0,0;0,0;50,0;Подготовка;
20251208;14:45:52;-0,5;0,0;0,0;0,0;50,0;Подготовка;
20251208;14:45:57;-0,5;0,0;0,0;0,0;50,0;Подготовка;
20251208;14:46:02;-0,5;0,0;0,0;0,0;50,0;Подготовка;
20251208;14:46:07;-0,5;0,0;0,0;0,0;50,0;Подготовка;
20251208;14:46:12;-0,5;0,0;0,0;0,0;50,0;Подготовка;
20251208;14:46:17;-0,5;0,0;0,0;0,0;50,0;Подготовка;
20251208;14:46:22;-0,5;0,0;0,0;0,0;50,0;Подготовка;
20251208;14:46:27;-0,5;0,0;0,0;0,0;50,0;Подготовка;
20251208;14:46:32;-0,5;0,0;0,0;0,0;50,0;Подготовка;
20251208;14:46:37;-0,5;0,0;0,0;0,0;50,0;Подготовка;
20251208;14:46:42;-0,5;0,0;0,0;0,0;50,0;Подготовка;
20251208;14:46:47;-0,5;0,0;0,0;0,0;50,0;Подготовка;
20251208;14:46:52;-0,5;0,0;0,0;0,0;50,0;Подготовка;
20251208;14:46:57;-0,5;0,0;0,0;0,0;50,0;Подготовка;
20251208;14:47:02;-0,5;0,0;0,0;0,0;50,0;Подготовка;
20251208;14:47:07;-0,5;0,0;0,0;0,0;50,0;Подготовка;
20251208;14:47:12;-0,5;0,0;0,0;0,0;50,0;Подготовка;
20251208;14:47:17;-0,5;0,0;0,0;0,0;50,0;Подготовка;
20251208;14:47:22;-0,5;0,0;0,0;0,0;50,0;Подготовка;
20251208;14:47:27;-0,5;0,0;0,0;0,0;50,0;Подготовка;
20251208;14:47:32;-0,5;0,0;0,0;0,0;50,0;Подготовка;
20251208;14:47:37;-0,5;0,0;0,0;0,0;50,0;Подготовка;
20251208;14:47:42;-0,5;0,0;0,0;0,0;50,0;Подготовка;
20251208;14:47:47;-0,5;0,0;0,0;0,0;50,0;Подготовка;
20251208;14:47:53;-0,5;0,0;0,0;0,0;50,0;Подготовка;
20251208;14:47:58;-0,5;0,0;0,0;0,0;50,0;Подготовка;
20251208;14:48:03;-0,5;0,0;0,0;0,0;50,0;Подготовка;
20251208;14:48:08;-0,5;0,0;0,0;0,0;50,0;Подготовка;
20251208;14:48:13;-0,5;0,0;0,0;0,0;50,0;Подготовка;
20251208;14:48:18;-0,5;0,0;0,0;0,0;50,0;Подготовка;
20251208;14:48:23;-0,5;0,0;0,0;0,0;50,0;Подготовка;
20251208;14:48:28;-0,5;0,0;0,0;0,0;50,0;Подготовка;
20251208;14:48:33;-0,5;0,0;0,0;0,0;50,0;Подготовка;
20251208;14:48:38;-0,5;0,0;0,0;0,0;50,0;Подготовка;
20251208;14:48:43;-0,5;0,0;0,0;0,0;50,0;Подготовка;
20251208;14:48:48;-0,5;0,0;0,0;0,0;50,0;Подготовка;
20251208;14:48:53;-0,5;0,0;0,0;0,0;50,0;Подготовка;
20251208;14:48:58;-0,5;0,0;0,0;0,0;50,0;Подготовка;
20251208;14:49:03;-0,5;0,0;0,0;0,0;50,0;Подготовка;
20251208;14:49:08;-0,5;0,0;0,0;0,0;50,0;Подготовка;
20251208;14:49:13;-0,5;0,0;0,0;0,0;50,0;Подготовка;
20251208;14:49:18;-0,5;0,0;0,0;0,0;50,0;Подготовка;
20251208;14:49:23;-0,5;0,0;0,0;0,0;50,0;Подготовка;
20251208;14:49:28;-0,5;0,0;0,0;0,0;50,0;Подготовка;
20251208;14:49:33;-0,5;0,0;0,0;0,0;50,0;Подготовка;
20251208;14:49:38;-0,5;0,0;0,0;0,0;50,0;Подготовка;
20251208;14:49:43;-0,5;0,0;0,0;0,0;50,0;Подготовка;
20251208;14:49:48;-0,5;0,0;0,0;0,0;50,0;Подготовка;
20251208;14:49:53;-0,5;0,0;0,0;0,0;50,0;Подготовка;
20251208;14:49:59;-0,5;0,0;0,0;0,0;50,0;Подготовка;
20251208;14:50:04;-0,5;0,0;0,0;0,0;50,0;Подготовка;
20251208;14:50:09;-0,5;0,0;0,0;0,0;50,0;Подготовка;
20251208;14:50:14;-0,5;0,0;0,0;0,0;50,0;Подготовка;
20251208;14:50:19;-0,5;0,0;0,0;0,0;50,0;Подготовка;
20251208;14:50:24;-0,5;0,0;0,0;0,0;50,0;Подготовка;
20251208;14:50:29;-0,5;0,0;0,0;0,0;50,0;Подготовка;
20251208;14:50:34;-0,5;0,0;0,0;0,0;50,0;Подготовка;
20251208;14:50:39;-0,5;0,0;0,0;0,0;50,0;Подготовка;
20251208;14:50:44;-0,5;0,0;0,0;0,0;50,0;Подготовка;
20251208;14:50:49;-0,5;0,0;0,0;0,0;50,0;Подготовка;
20251208;14:50:54;-0,5;0,0;0,0;0,0;50,0;Подготовка;
20251208;14:50:59;-0,5;0,0;0,0;0,0;50,0;Подготовка;
20251208;14:51:04;-0,5;0,0;0,0;0,0;50,0;Подготовка;
20251208;14:51:09;-0,5;0,0;0,0;0,0;50,0;Подготовка;
20251208;14:51:14;-0,5;0,0;0,0;0,0;50,0;Подготовка;
20251208;14:51:19;-0,5;0,0;0,0;0,0;50,0;Подготовка;
20251208;14:51:24;-0,5;0,0;0,0;0,0;50,0;Подготовка;
20251208;14:51:29;-0,5;0,0;0,0;0,0;50,0;Подготовка;
20251208;14:51:34;-0,5;0,0;0,0;0,0;50,0;Подготовка;
20251208;14:51:39;-0,5;0,0;0,0;0,0;50,0;Подготовка;
20251208;14:51:44;-0,5;0,0;0,0;0,0;50,0;Подготовка;
20251208;14:51:49;-0,5;0,0;0,0;0,0;50,0;Подготовка;
20251208;14:51:54;-0,5;0,0;0,0;0,0;50,0;Подготовка;
20251208;14:51:59;-0,5;0,0;0,0;0,0;50,0;Подготовка;
20251208;14:52:05;-0,5;0,0;0,0;0,0;50,0;Подготовка;
20251208;14:52:10;-0,5;0,0;0,0;0,0;50,0;Подготовка;
20251208;14:52:15;-0,5;0,0;0,0;0,0;50,0;Подготовка;
20251208;14:52:20;-0,5;0,0;0,0;0,0;50,0;Подготовка;
20251208;14:52:25;-0,5;0,0;0,0;0,0;50,0;Подготовка;
20251208;14:52:30;-0,5;0,0;0,0;0,0;50,0;Подготовка;
20251208;14:52:35;-0,5;0,0;0,0;0,0;50,0;Подготовка;
20251208;14:52:40;-0,5;0,0;0,0;0,0;50,0;Подготовка;
20251208;14:52:45;-0,5;0,0;0,0;0,0;50,0;Подготовка;
20251208;14:52:50;-0,5;0,0;0,0;0,0;50,0;Подготовка;
20251208;14:52:55;-0,5;0,0;0,0;0,0;50,0;Подготовка;
20251208;14:53:00;-0,5;0,0;0,0;0,0;50,0;Подготовка;
20251208;14:53:05;-0,5;0,0;0,0;0,0;50,0;Подготовка;
20251208;14:53:10;-0,5;0,0;0,0;0,0;50,0;Подготовка;
20251208;14:53:15;-0,5;0,0;0,0;0,0;50,0;Подготовка;
20251208;14:53:20;-0,5;0,0;0,0;0,0;50,0;Подготовка;
20251208;14:53:25;-0,5;0,0;0,0;0,0;50,0;Подготовка;
20251208;14:53:30;-0,5;0,0;0,0;0,0;50,0;Подготовка;
20251208;14:53:35;-0,5;0,0;0,0;0,0;50,0;Подготовка;
20251208;14:53:40;-0,5;0,0;0,0;0,0;50,0;Подготовка;
20251208;14:53:45;-0,5;0,0;0,0;0,0;50,0;Подготовка;
20251208;14:53:50;-0,5;0,0;0,0;0,0;50,0;Подготовка;
20251208;14:53:55;-0,5;0,0;0,0;0,0;50,0;Подготовка;
20251208;14:54:00;-0,5;0,0;0,0;0,0;50,0;Подготовка;
20251208;14:54:05;-0,5;0,0;0,0;0,0;50,0;Подготовка;
20251208;14:54:11;-0,5;0,0;0,0;0,0;50,0;Подготовка;
20251208;14:54:16;-0,5;0,0;0,0;0,0;50,0;Подготовка;
20251208;14:54:21;-0,5;0,0;0,0;0,0;50,0;Подготовка;
20251208;14:54:26;-0,5;0,0;0,0;0,0;50,0;Подготовка;
20251208;14:54:31;-0,5;0,0;0,0;0,0;50,0;Подготовка;
20251208;14:54:36;-0,5;0,0;0,0;0,0;50,0;Подготовка;
20251208;14:54:41;-0,5;0,0;0,0;0,0;50,0;Подготовка;
20251208;14:54:46;-0,5;0,0;0,0;0,0;50,0;Подготовка;
20251208;14:54:51;-0,5;0,0;0,0;0,0;50,0;Подготовка;
20251208;14:54:56;-0,5;0,0;0,0;0,0;50,0;Подготовка;
20251208;14:55:01;-0,5;0,0;0,0;0,0;50,0;Подготовка;
20251208;14:55:06;-0,5;0,0;0,0;0,0;50,0;Подготовка;
20251208;14:55:11;-0,5;0,0;0,0;0,0;50,0;Подготовка;
20251208;14:55:16;-0,5;0,0;0,0;0,0;50,0;Подготовка;
20251208;14:55:21;-0,5;0,0;0,0;0,0;50,0;Подготовка;
20251208;14:55:26;-0,5;0,0;0,0;0,0;50,0;Подготовка;
20251208;14:55:31;-0,5;0,0;0,0;0,0;50,0;Подготовка;
20251208;14:55:36;-0,5;0,0;0,0;0,0;50,0;Подготовка;
20251208;14:55:41;-0,5;0,0;0,0;0,0;50,0;Подготовка;
20251208;14:55:46;-0,5;0,0;0,0;0,0;50,0;Подготовка;
20251208;14:55:51;-0,5;0,0;0,0;0,0;50,0;Подготовка;
20251208;14:55:56;-0,5;0,0;0,0;0,0;50,0;Подготовка;
20251208;14:56:01;-0,5;0,0;0,0;0,0;50,0;Подготовка;
20251208;14:56:06;-0,5;0,0;0,0;0,0;50,0;Подготовка;
20251208;14:56:11;-0,5;0,0;0,0;0,0;50,0;Подготовка;
20251208;14:56:17;-0,5;0,0;0,0;0,0;50,0;Подготовка;
20251208;14:56:22;-0,5;0,0;0,0;0,0;50,0;Подготовка;
20251208;14:56:27;-0,5;0,0;0,0;0,0;50,0;Подготовка;
20251208;14:56:32;-0,5;0,0;0,0;0,0;50,0;Подготовка;
20251208;14:56:37;-0,5;0,0;0,0;0,0;50,0;Подготовка;
20251208;14:56:42;-0,5;0,0;0,0;0,0;50,0;Подготовка;
20251208;14:56:47;-0,5;0,0;0,0;0,0;50,0;Подготовка;
20251208;14:56:52;-0,5;0,0;0,0;0,0;50,0;Подготовка;
20251208;14:56:57;-0,5;0,0;0,0;0,0;50,0;Подготовка;
20251208;14:57:02;-0,5;0,0;0,0;0,0;50,0;Подготовка;
20251208;14:57:07;-0,5;0,0;0,0;0,0;50,0;Подготовка;
20251208;14:57:12;-0,5;0,0;0,0;0,0;50,0;Подготовка;
20251208;14:57:17;-0,5;0,0;0,0;0,0;50,0;Подготовка;
20251208;14:57:22;-0,5;0,0;0,0;0,0;50,0;Подготовка;
20251208;14:57:27;-0,5;0,0;0,0;0,0;50,0;Подготовка;
20251208;14:57:32;-0,5;0,0;0,0;0,0;50,0;Подготовка;
20251208;14:57:37;-0,5;0,0;0,0;0,0;50,0;Подготовка;
20251208;14:57:42;-0,5;0,0;0,0;0,0;50,0;Подготовка;
20251208;14:57:47;-0,5;0,0;0,0;0,0;50,0;Подготовка;
20251208;14:57:52;-0,5;0,0;0,0;0,0;50,0;Подготовка;
20251208;14:57:57;-0,5;0,0;0,0;0,0;50,0;Подготовка;
20251208;14:58:02;-0,5;0,0;0,0;0,0;50,0;Подготовка;
20251208;14:58:07;-0,5;0,0;0,0;0,0;50,0;Подготовка;
20251208;14:58:12;-0,5;0,0;0,0;0,0;50,0;Подготовка;
20251208;14:58:17;-0,5;0,0;0,0;0,0;50,0;Подготовка;
20251208;14:58:23;-0,5;0,0;0,0;0,0;50,0;Подготовка;
20251208;14:58:28;-0,5;0,0;0,0;0,0;50,0;Подготовка;
20251208;14:58:33;-0,5;0,0;0,0;0,0;50,0;Подготовка;
20251208;14:58:38;-0,5;0,0;0,0;0,0;50,0;Подготовка;
20251208;14:58:43;-0,5;0,0;0,0;0,0;50,0;Подготовка;
20251208;14:58:48;-0,5;0,0;0,0;0,0;50,0;Подготовка;
20251208;14:58:53;-0,5;0,0;0,0;0,0;50,0;Подготовка;
20251208;14:58:58;-0,5;0,0;0,0;0,0;50,0;Подготовка;
20251208;14:59:03;-0,5;0,0;0,0;0,0;50,0;Подготовка;
20251208;14:59:08;-0,5;0,0;0,0;0,0;50,0;Подготовка;
20251208;14:59:13;-0,5;0,0;0,0;0,0;50,0;Подготовка;
20251208;14:59:18;-0,5;0,0;0,0;0,0;50,0;Подготовка;
20251208;14:59:23;-0,5;0,0;0,0;0,0;50,0;Подготовка;
20251208;14:59:28;-0,5;0,0;0,0;0,0;50,0;Подготовка;
20251208;14:59:33;-0,5;0,0;0,0;0,0;50,0;Подготовка;
20251208;14:59:38;-0,5;0,0;0,0;0,0;50,0;Подготовка;
20251208;14:59:43;-0,5;0,0;0,0;0,0;50,0;Подготовка;
20251208;14:59:48;-0,5;0,0;0,0;0,0;50,0;Подготовка;
20251208;14:59:53;-0,5;0,0;0,0;0,0;50,0;Подготовка;
20251208;14:59:58;-0,5;0,0;0,0;0,0;50,0;Подготовка;
20251208;15:00:03;-0,5;0,0;0,0;0,0;50,0;Подготовка;
20251208;15:00:08;-0,5;0,0;0,0;0,0;50,0;Подготовка;
20251208;15:00:13;-0,5;0,0;0,0;0,0;50,0;Подготовка;
20251208;15:00:18;-0,5;0,0;0,0;0,0;50,0;Подготовка;
20251208;15:00:23;-0,5;0,0;0,0;0,0;50,0;Подготовка;
20251208;15:00:29;-0,5;0,0;0,0;0,0;50,0;Подготовка;
20251208;15:00:34;-0,5;0,0;0,0;0,0;50,0;Подготовка;
20251208;15:00:39;-0,5;0,0;0,0;0,0;50,0;Подготовка;
20251208;15:00:44;-0,5;0,0;0,0;0,0;50,0;Подготовка;
20251208;15:00:49;-0,5;0,0;0,0;0,0;50,0;Подготовка;
20251208;15:00:54;-0,5;0,0;0,0;0,0;50,0;Подготовка;
20251208;15:00:59;-0,5;0,0;0,0;0,0;50,0;Подготовка;
20251208;15:01:04;-0,5;0,0;0,0;0,0;50,0;Подготовка;
20251208;15:01:09;-0,5;0,0;0,0;0,0;50,0;Подготовка;
20251208;15:01:14;-0,5;0,0;0,0;0,0;50,0;Подготовка;
20251208;15:01:19;-0,5;0,0;0,0;0,0;50,0;Подготовка;
20251208;15:01:24;-0,5;0,0;0,0;0,0;50,0;Подготовка;
20251208;15:01:29;-0,5;0,0;0,0;0,0;50,0;Подготовка;
20251208;15:01:34;-0,5;0,0;0,0;0,0;50,0;Подготовка;
20251208;15:01:39;-0,5;0,0;0,0;0,0;50,0;Подготовка;
20251208;15:01:44;-0,5;0,0;0,0;0,0;50,0;Подготовка;
20251208;15:01:49;-0,5;0,0;0,0;0,0;50,0;Подготовка;
20251208;15:01:54;-0,5;0,0;0,0;0,0;50,0;Подготовка;
20251208;15:01:59;-0,5;0,0;0,0;0,0;50,0;Подготовка;
20251208;15:02:04;-0,5;0,0;0,0;0,0;50,0;Подготовка;
20251208;15:02:09;-0,5;0,0;0,0;0,0;50,0;Подготовка;
20251208;15:02:14;-0,5;0,0;0,0;0,0;50,0;Подготовка;
20251208;15:02:19;-0,5;0,0;0,0;0,0;50,0;Подготовка;
20251208;15:02:24;-0,5;0,0;0,0;0,0;50,0;Подготовка;
20251208;15:02:29;-0,5;0,0;0,0;0,0;50,0;Подготовка;
20251208;15:02:35;-0,5;0,0;0,0;0,0;50,0;Подготовка;
20251208;15:02:40;-0,5;0,0;0,0;0,0;50,0;Подготовка;
20251208;15:02:45;-0,5;0,0;0,0;0,0;50,0;Подготовка;
20251208;15:02:50;-0,5;0,0;0,0;0,0;50,0;Подготовка;
20251208;15:02:55;-0,5;0,0;0,0;0,0;50,0;Подготовка;
20251208;15:03:00;-0,5;0,0;0,0;0,0;50,0;Подготовка;
20251208;15:03:05;-0,5;0,0;0,0;0,0;50,0;Подготовка;
20251208;15:03:10;-0,5;0,0;0,0;0,0;50,0;Подготовка;
20251208;15:03:15;-0,5;0,0;0,0;0,0;50,0;Подготовка;
20251208;15:03:20;-0,5;0,0;0,0;0,0;50,0;Подготовка;
20251208;15:03:25;-0,5;0,0;0,0;0,0;50,0;Подготовка;
20251208;15:03:30;-0,5;0,0;0,0;0,0;50,0;Подготовка;
20251208;15:03:35;-0,5;0,0;0,0;0,0;50,0;Подготовка;
20251208;15:03:40;-0,5;0,0;0,0;0,0;50,0;Подготовка;
20251208;15:03:45;-0,5;0,0;0,0;0,0;50,0;Подготовка;
20251208;15:03:50;-0,5;0,0;0,0;0,0;50,0;Подготовка;
20251208;15:03:55;-0,5;0,0;0,0;0,0;50,0;Подготовка;
20251208;15:04:00;-0,5;0,0;0,0;0,0;50,0;Подготовка;
20251208;15:04:05;-0,5;0,0;0,0;0,0;50,0;Подготовка;
20251208;15:04:10;-0,5;0,0;0,0;0,0;50,0;Подготовка;
20251208;15:04:15;-0,5;0,0;0,0;0,0;50,0;Подготовка;
20251208;15:04:20;-0,5;0,0;0,0;0,0;50,0;Подготовка;
20251208;15:04:25;-0,5;0,0;0,0;0,0;50,0;Подготовка;
20251208;15:04:30;-0,5;0,0;0,0;0,0;50,0;Подготовка;
20251208;15:04:35;-0,5;0,0;0,0;0,0;50,0;Подготовка;
20251208;15:04:41;-0,5;0,0;0,0;0,0;50,0;Подготовка;
20251208;15:04:46;-0,5;0,0;0,0;0,0;50,0;Подготовка;
20251208;15:04:51;-0,5;0,0;0,0;0,0;50,0;Подготовка;
20251208;15:04:56;-0,5;0,0;0,0;0,0;50,0;Подготовка;
20251208;15:05:01;-0,5;0,0;0,0;0,0;50,0;Подготовка;
20251208;15:05:06;-0,5;0,0;0,0;0,0;50,0;Подготовка;
20251208;15:05:11;-0,5;0,0;0,0;0,0;50,0;Подготовка;
20251208;15:05:16;-0,5;0,0;0,0;0,0;50,0;Подготовка;
20251208;15:05:21;-0,5;0,0;0,0;0,0;50,0;Подготовка;
20251208;15:05:26;-0,5;0,0;0,0;0,0;50,0;Подготовка;
20251208;15:05:31;-0,5;0,0;0,0;0,0;50,0;Подготовка;
20251208;15:05:36;-0,5;0,0;0,0;0,0;50,0;Подготовка;
20251208;15:05:41;-0,5;0,0;0,0;0,0;50,0;Подготовка;
20251208;15:05:46;-0,5;0,0;0,0;0,0;50,0;Подготовка;
20251208;15:05:51;-0,5;0,0;0,0;0,0;50,0;Подготовка;
20251208;15:05:56;-0,5;0,0;0,0;0,0;50,0;Подготовка;
20251208;15:06:01;-0,5;0,0;0,0;0,0;50,0;Подготовка;
20251208;15:06:06;-0,5;0,0;0,0;0,0;50,0;Подготовка;
20251208;15:06:11;-0,5;0,0;0,0;0,0;50,0;Подготовка;
20251208;15:06:16;-0,5;0,0;0,0;0,0;50,0;Подготовка;
20251208;15:06:21;-0,5;0,0;0,0;0,0;50,0;Подготовка;
20251208;15:06:26;-0,5;0,0;0,0;0,0;50,0;Подготовка;
20251208;15:06:31;-0,5;0,0;0,0;0,0;50,0;Подготовка;
20251208;15:06:36;-0,5;0,0;0,0;0,0;50,0;Подготовка;
20251208;15:06:41;-0,5;0,0;0,0;0,0;50,0;Подготовка;
20251208;15:06:47;-0,5;0,0;0,0;0,0;50,0;Подготовка;
20251208;15:06:52;-0,5;0,0;0,0;0,0;50,0;Подготовка;
20251208;15:06:57;-0,5;0,0;0,0;0,0;50,0;Подготовка;
20251208;15:07:02;-0,5;0,0;0,0;0,0;50,0;Подготовка;
20251208;15:07:07;-0,5;0,0;0,0;0,0;50,0;Подготовка;
20251208;15:07:12;-0,5;0,0;0,0;0,0;50,0;Подготовка;
20251208;15:07:17;-0,5;0,0;0,0;0,0;50,0;Подготовка;
20251208;15:07:22;-0,5;0,0;0,0;0,0;50,0;Подготовка;
20251208;15:07:27;-0,5;0,0;0,0;0,0;50,0;Подготовка;
20251208;15:07:32;-0,5;0,0;0,0;0,0;50,0;Подготовка;
20251208;15:07:37;-0,5;0,0;0,0;0,0;50,0;Подготовка;
20251208;15:07:42;-0,5;0,0;0,0;0,0;50,0;Подготовка;
20251208;15:07:47;-0,5;0,0;0,0;0,0;50,0;Подготовка;
20251208;15:07:52;-0,5;0,0;0,0;0,0;50,0;Подготовка;
20251208;15:07:57;-0,5;0,0;0,0;0,0;50,0;Подготовка;
20251208;15:08:02;-0,5;0,0;0,0;0,0;50,0;Подготовка;
20251208;15:08:07;-0,5;0,0;0,0;0,0;50,0;Подготовка;
20251208;15:08:12;-0,5;0,0;0,0;0,0;50,0;Подготовка;
20251208;15:08:17;-0,5;0,0;0,0;0,0;50,0;Подготовка;
20251208;15:08:22;-0,5;0,0;0,0;0,0;50,0;Подготовка;
20251208;15:08:27;-0,5;0,0;0,0;0,0;50,0;Подготовка;
20251208;15:08:32;-0,5;0,0;0,0;0,0;50,0;Подготовка;
20251208;15:08:37;-0,5;0,0;0,0;0,0;50,0;Подготовка;
20251208;15:08:42;-0,5;0,0;0,0;0,0;50,0;Подготовка;
20251208;15:08:47;-0,5;0,0;0,0;0,0;50,0;Подготовка;
20251208;15:08:53;-0,5;0,0;0,0;0,0;50,0;Подготовка;
20251208;15:08:58;-0,5;0,0;0,0;0,0;50,0;Подготовка;
20251208;15:09:03;-0,5;0,0;0,0;0,0;50,0;Подготовка;
20251208;15:09:08;-0,5;0,0;0,0;0,0;50,0;Подготовка;
20251208;15:09:13;-0,5;0,0;0,0;0,0;50,0;Подготовка;
20251208;15:09:18;-0,5;0,0;0,0;0,0;50,0;Подготовка;
20251208;15:09:23;-0,5;0,0;0,0;0,0;50,0;Подготовка;
20251208;15:09:28;-0,5;0,0;0,0;0,0;50,0;Подготовка;
20251208;15:09:33;-0,5;0,0;0,0;0,0;50,0;Подготовка;
20251208;15:09:38;-0,5;0,0;0,0;0,0;50,0;Подготовка;
20251208;15:09:43;-0,5;0,0;0,0;0,0;50,0;Подготовка;
20251208;15:09:48;-0,5;0,0;0,0;0,0;50,0;Подготовка;
20251208;15:09:53;-0,5;0,0;0,0;0,0;50,0;Подготовка;
20251208;15:09:58;-0,5;0,0;0,0;0,0;50,0;Подготовка;
20251208;15:10:03;-0,5;0,0;0,0;0,0;50,0;Подготовка;
20251208;15:10:08;-0,5;0,0;0,0;0,0;50,0;Подготовка;
20251208;15:10:13;-0,5;0,0;0,0;0,0;50,0;Подготовка;
20251208;15:10:18;-0,5;0,0;0,0;0,0;50,0;Подготовка;
20251208;15:10:23;-0,5;0,0;0,0;0,0;50,0;Подготовка;
20251208;15:10:28;-0,5;0,0;0,0;0,0;50,0;Подготовка;
20251208;15:10:33;-0,5;0,0;0,0;0,0;50,0;Подготовка;
20251208;15:10:38;-0,5;0,0;0,0;0,0;50,0;Подготовка;
20251208;15:10:43;-0,5;0,0;0,0;0,0;50,0;Подготовка;
20251208;15:10:48;-0,5;0,0;0,0;0,0;50,0;Подготовка;
20251208;15:10:53;-0,5;0,0;0,0;0,0;50,0;Подготовка;
20251208;15:10:59;-0,5;0,0;0,0;0,0;50,0;Подготовка;
20251208;15:11:04;-0,5;0,0;0,0;0,0;50,0;Подготовка;
20251208;15:11:09;-0,5;0,0;0,0;0,0;50,0;Подготовка;
20251208;15:11:14;-0,5;0,0;0,0;0,0;50,0;Подготовка;
20251208;15:11:19;-0,5;0,0;0,0;0,0;50,0;Подготовка;
20251208;15:11:24;-0,5;0,0;0,0;0,0;50,0;Подготовка;
20251208;15:11:29;-0,5;0,0;0,0;0,0;50,0;Подготовка;
20251208;15:11:34;-0,5;0,0;0,0;0,0;50,0;Подготовка;
20251208;15:11:39;-0,5;0,0;0,0;0,0;50,0;Подготовка;
20251208;15:11:44;-0,5;0,0;0,0;0,0;50,0;Подготовка;
20251208;15:11:49;-0,5;0,0;0,0;0,0;50,0;Подготовка;
20251208;15:11:54;-0,5;0,0;0,0;0,0;50,0;Подготовка;
20251208;15:11:59;-0,5;0,0;0,0;0,0;50,0;Подготовка;
20251208;15:12:04;-0,5;0,0;0,0;0,0;50,0;Подготовка;
20251208;15:12:09;-0,5;0,0;0,0;0,0;50,0;Подготовка;
20251208;15:12:14;-0,5;0,0;0,0;0,0;50,0;Подготовка;
20251208;15:12:19;-0,5;0,0;0,0;0,0;50,0;Подготовка;
20251208;15:12:24;-0,5;0,0;0,0;0,0;50,0;Подготовка;
20251208;15:12:29;-0,5;0,0;0,0;0,0;50,0;Подготовка;
20251208;15:12:34;-0,5;0,0;0,0;0,0;50,0;Подготовка;
20251208;15:12:39;-0,5;0,0;0,0;0,0;50,0;Подготовка;
20251208;15:12:44;-0,5;0,0;0,0;0,0;50,0;Подготовка;
20251208;15:12:49;-0,5;0,0;0,0;0,0;50,0;Подготовка;
20251208;15:12:54;-0,5;0,0;0,0;0,0;50,0;Подготовка;
20251208;15:12:59;-0,5;0,0;0,0;0,0;50,0;Подготовка;
20251208;15:13:05;-0,5;0,0;0,0;0,0;50,0;Подготовка;
20251208;15:13:10;-0,5;0,0;0,0;0,0;50,0;Подготовка;
20251208;15:13:15;-0,5;0,0;0,0;0,0;50,0;Подготовка;
20251208;15:13:20;-0,5;0,0;0,0;0,0;50,0;Подготовка;
20251208;15:13:25;-0,5;0,0;0,0;0,0;50,0;Подготовка;
20251208;15:13:30;-0,5;0,0;0,0;0,0;50,0;Подготовка;
20251208;15:13:35;-0,5;0,0;0,0;0,0;50,0;Подготовка;
20251208;15:13:40;-0,5;0,0;0,0;0,0;50,0;Подготовка;
20251208;15:13:45;-0,5;0,0;0,0;0,0;50,0;Подготовка;
20251208;15:13:50;-0,5;0,0;0,0;0,0;50,0;Подготовка;
20251208;15:13:55;-0,5;0,0;0,0;0,0;50,0;Подготовка;
20251208;15:14:00;-0,5;0,0;0,0;0,0;50,0;Подготовка;
20251208;15:14:05;-0,5;0,0;0,0;0,0;50,0;Подготовка;
20251208;15:14:10;-0,5;0,0;0,0;0,0;50,0;Подготовка;
20251208;15:14:15;-0,5;0,0;0,0;0,0;50,0;Подготовка;
20251208;15:14:20;-0,5;0,0;0,0;0,0;50,0;Подготовка;
20251208;15:14:25;-0,5;0,0;0,0;0,0;50,0;Подготовка;
20251208;15:14:30;-0,5;0,0;0,0;0,0;50,0;Подготовка;
20251208;15:14:35;-0,5;0,0;0,0;0,0;50,0;Подготовка;
20251208;15:14:40;-0,5;0,0;0,0;0,0;50,0;Подготовка;
20251208;15:14:45;-0,5;0,0;0,0;0,0;50,0;Подготовка;
20251208;15:14:50;-0,5;0,0;0,0;0,0;50,0;Подготовка;
20251208;15:14:55;-0,5;0,0;0,0;0,0;50,0;Подготовка;
20251208;15:15:00;-0,5;0,0;0,0;0,0;50,0;Подготовка;
20251208;15:15:05;-0,5;0,0;0,0;0,0;50,0;Подготовка;
20251208;15:15:11;-0,5;0,0;0,0;0,0;50,0;Подготовка;
20251208;15:15:16;-0,5;0,0;0,0;0,0;50,0;Подготовка;
20251208;15:15:21;-0,5;0,0;0,0;0,0;50,0;Подготовка;
20251208;15:15:26;-0,5;0,0;0,0;0,0;50,0;Подготовка;
20251208;15:15:31;-0,5;0,0;0,0;0,0;50,0;Подготовка;
20251208;15:15:36;-0,5;0,0;0,0;0,0;50,0;Подготовка;
20251208;15:15:41;-0,5;0,0;0,0;0,0;50,0;Подготовка;
20251208;15:15:46;-0,5;0,0;0,0;0,0;50,0;Подготовка;
20251208;15:15:51;-0,5;0,0;0,0;0,0;50,0;Подготовка;
20251208;15:15:56;-0,5;0,0;0,0;0,0;50,0;Подготовка;
20251208;15:16:01;-0,5;0,0;0,0;0,0;50,0;Подготовка;
20251208;15:16:06;-0,5;0,0;0,0;0,0;50,0;Подготовка;
20251208;15:16:11;-0,5;0,0;0,0;0,0;50,0;Подготовка;
20251208;15:16:16;-0,5;0,0;0,0;0,0;50,0;Подготовка;
20251208;15:16:21;-0,5;0,0;0,0;0,0;50,0;Подготовка;
20251208;15:16:26;-0,5;0,0;0,0;0,0;50,0;Подготовка;
20251208;15:16:31;-0,5;0,0;0,0;0,0;50,0;Подготовка;
20251208;15:16:36;-0,5;0,0;0,0;0,0;50,0;Подготовка;
20251208;15:16:41;-0,5;0,0;0,0;0,0;50,0;Подготовка;
20251208;15:16:46;-0,5;0,0;0,0;0,0;50,0;Подготовка;
20251208;15:16:51;-0,5;0,0;0,0;0,0;50,0;Подготовка;
20251208;15:16:56;-0,5;0,0;0,0;0,0;50,0;Подготовка;
20251208;15:17:01;-0,5;0,0;0,0;0,0;50,0;Подготовка;
20251208;15:17:06;-0,5;0,0;0,0;0,0;50,0;Подготовка;
20251208;15:17:11;-0,5;0,0;0,0;0,0;50,0;Подготовка;
20251208;15:17:17;-0,5;0,0;0,0;0,0;50,0;Подготовка;
20251208;15:17:22;-0,5;0,0;0,0;0,0;50,0;Подготовка;
20251208;15:17:27;-0,5;0,0;0,0;0,0;50,0;Подготовка;
20251208;15:17:32;-0,5;0,0;0,0;0,0;50,0;Подготовка;
20251208;15:17:37;-0,5;0,0;0,0;0,0;50,0;Подготовка;
20251208;15:17:42;-0,5;0,0;0,0;0,0;50,0;Подготовка;
20251208;15:17:47;-0,5;0,0;0,0;0,0;50,0;Подготовка;
20251208;15:17:52;-0,5;0,0;0,0;0,0;50,0;Подготовка;
20251208;15:17:57;-0,5;0,0;0,0;0,0;50,0;Подготовка;
20251208;15:18:02;-0,5;0,0;0,0;0,0;50,0;Подготовка;
20251208;15:18:07;-0,5;0,0;0,0;0,0;50,0;Подготовка;
20251208;15:18:12;-0,5;0,0;0,0;0,0;50,0;Подготовка;
20251208;15:18:17;-0,5;0,0;0,0;0,0;50,0;Подготовка;
20251208;15:18:22;-0,5;0,0;0,0;0,0;50,0;Подготовка;
20251208;15:18:27;-0,5;0,0;0,0;0,0;50,0;Подготовка;
20251208;15:18:32;-0,5;0,0;0,0;0,0;50,0;Подготовка;
20251208;15:18:37;-0,5;0,0;0,0;0,0;50,0;Подготовка;
20251208;15:18:42;-0,5;0,0;0,0;0,0;50,0;Подготовка;
20251208;15:18:47;-0,5;0,0;0,0;0,0;50,0;Подготовка;
20251208;15:18:52;-0,5;0,0;0,0;0,0;50,0;Подготовка;
20251208;15:18:57;-0,5;0,0;0,0;0,0;50,0;Подготовка;
20251208;15:19:02;-0,5;0,0;0,0;0,0;50,0;Подготовка;
20251208;15:19:07;-0,5;0,0;0,0;0,0;50,0;Подготовка;
20251208;15:19:12;-0,5;0,0;0,0;0,0;50,0;Подготовка;
20251208;15:19:17;-0,5;0,0;0,0;0,0;50,0;Подготовка;
20251208;15:19:23;-0,5;0,0;0,0;0,0;50,0;Подготовка;
20251208;15:19:28;-0,5;0,0;0,0;0,0;50,0;Подготовка;
20251208;15:19:33;-0,5;0,0;0,0;0,0;50,0;Подготовка;
20251208;15:19:38;-0,5;0,0;0,0;0,0;50,0;Подготовка;
20251208;15:19:43;-0,5;0,0;0,0;0,0;50,0;Подготовка;
20251208;15:19:48;-0,5;0,0;0,0;0,0;50,0;Подготовка;
20251208;15:19:53;-0,5;0,0;0,0;0,0;50,0;Подготовка;
20251208;15:19:58;-0,5;0,0;0,0;0,0;50,0;Подготовка;
20251208;15:20:03;-0,5;0,0;0,0;0,0;50,0;Подготовка;
20251208;15:20:08;-0,5;0,0;0,0;0,0;50,0;Подготовка;
20251208;15:20:13;-0,5;0,0;0,0;0,0;50,0;Подготовка;
20251208;15:20:18;-0,5;0,0;0,0;0,0;50,0;Подготовка;
20251208;15:20:23;-0,5;0,0;0,0;0,0;50,0;Подготовка;
20251208;15:20:28;-0,5;0,0;0,0;0,0;50,0;Подготовка;
20251208;15:20:33;-0,5;0,0;0,0;0,0;50,0;Подготовка;
20251208;15:20:38;-0,5;0,0;0,0;0,0;50,0;Подготовка;
20251208;15:20:43;-0,5;0,0;0,0;0,0;50,0;Подготовка;
20251208;15:20:48;-0,5;0,0;0,0;0,0;50,0;Подготовка;
20251208;15:20:53;-0,5;0,0;0,0;0,0;50,0;Подготовка;
20251208;15:20:58;-0,5;0,0;0,0;0,0;50,0;Подготовка;
20251208;15:21:03;-0,5;0,0;0,0;0,0;50,0;Подготовка;
20251208;15:21:08;-0,5;0,0;0,0;0,0;50,0;Подготовка;
20251208;15:21:13;-0,5;0,0;0,0;0,0;50,0;Подготовка;
20251208;15:21:18;-0,5;0,0;0,0;0,0;50,0;Подготовка;
20251208;15:21:23;-0,5;0,0;0,0;0,0;50,0;Подготовка;
20251208;15:21:29;-0,5;0,0;0,0;0,0;50,0;Подготовка;
20251208;15:21:34;-0,5;0,0;0,0;0,0;50,0;Подготовка;
20251208;15:21:39;-0,5;0,0;0,0;0,0;50,0;Подготовка;
20251208;15:21:44;-0,5;0,0;0,0;0,0;50,0;Подготовка;
20251208;15:21:49;-0,5;0,0;0,0;0,0;50,0;Подготовка;
20251208;15:21:54;-0,5;0,0;0,0;0,0;50,0;Подготовка;
20251208;15:21:59;-0,5;0,0;0,0;0,0;50,0;Подготовка;
20251208;15:22:04;-0,5;0,0;0,0;0,0;50,0;Подготовка;
20251208;15:22:09;-0,5;0,0;0,0;0,0;50,0;Подготовка;
20251208;15:22:14;-0,5;0,0;0,0;0,0;50,0;Подготовка;
20251208;15:22:19;-0,5;0,0;0,0;0,0;50,0;Подготовка;
20251208;15:22:24;-0,5;0,0;0,0;0,0;50,0;Подготовка;
20251208;15:22:29;-0,5;0,0;0,0;0,0;50,0;Подготовка;
20251208;15:22:34;-0,5;0,0;0,0;0,0;50,0;Подготовка;
20251208;15:22:39;-0,5;0,0;0,0;0,0;50,0;Подготовка;
20251208;15:22:44;-0,5;0,0;0,0;0,0;50,0;Подготовка;
20251208;15:22:49;-0,5;0,0;0,0;0,0;50,0;Подготовка;
20251208;15:22:54;-0,5;0,0;0,0;0,0;50,0;Подготовка;
20251208;15:22:59;-0,5;0,0;0,0;0,0;50,0;Подготовка;
20251208;15:23:04;-0,5;0,0;0,0;0,0;50,0;Подготовка;
20251208;15:23:09;-0,5;0,0;0,0;0,0;50,0;Подготовка;
20251208;15:23:14;-0,5;0,0;0,0;0,0;50,0;Подготовка;
20251208;15:23:19;-0,5;0,0;0,0;0,0;50,0;Подготовка;
20251208;15:23:24;-0,5;0,0;0,0;0,0;50,0;Подготовка;
20251208;15:23:29;-0,5;0,0;0,0;0,0;50,0;Подготовка;
20251208;15:23:35;-0,5;0,0;0,0;0,0;50,0;Подготовка;
20251208;15:23:40;-0,5;0,0;0,0;0,0;50,0;Подготовка;
20251208;15:23:45;-0,5;0,0;0,0;0,0;50,0;Подготовка;
20251208;15:23:50;-0,5;0,0;0,0;0,0;50,0;Подготовка;
20251208;15:23:55;-0,5;0,0;0,0;0,0;50,0;Подготовка;
20251208;15:24:00;-0,5;0,0;0,0;0,0;50,0;Подготовка;
20251208;15:24:05;-0,5;0,0;0,0;0,0;50,0;Подготовка;
20251208;15:24:10;-0,5;0,0;0,0;0,0;50,0;Подготовка;
20251208;15:24:15;-0,5;0,0;0,0;0,0;50,0;Подготовка;
20251208;15:24:20;-0,5;0,0;0,0;0,0;50,0;Подготовка;
20251208;15:24:25;-0,5;0,0;0,0;0,0;50,0;Подготовка;
20251208;15:24:30;-0,5;0,0;0,0;0,0;50,0;Подготовка;
20251208;15:24:35;-0,5;0,0;0,0;0,0;50,0;Подготовка;
20251208;15:24:40;-0,5;0,0;0,0;0,0;50,0;Подготовка;
20251208;15:24:45;-0,5;0,0;0,0;0,0;50,0;Подготовка;
20251208;15:24:50;-0,5;0,0;0,0;0,0;50,0;Подготовка;
20251208;15:24:55;-0,5;0,0;0,0;0,0;50,0;Подготовка;
20251208;15:25:00;-0,5;0,0;0,0;0,0;50,0;Подготовка;
20251208;15:25:05;-0,5;0,0;0,0;0,0;50,0;Подготовка;
20251208;15:25:10;-0,5;0,0;0,0;0,0;50,0;Подготовка;
20251208;15:25:15;-0,5;0,0;0,0;0,0;50,0;Подготовка;
20251208;15:25:20;-0,5;0,0;0,0;0,0;50,0;Подготовка;
20251208;15:25:25;-0,5;0,0;0,0;0,0;50,0;Подготовка;
20251208;15:25:30;-0,5;0,0;0,0;0,0;50,0;Подготовка;
20251208;15:25:35;-0,5;0,0;0,0;0,0;50,0;Подготовка;
20251208;15:25:41;-0,5;0,0;0,0;0,0;50,0;Подготовка;
20251208;15:25:46;-0,5;0,0;0,0;0,0;50,0;Подготовка;
20251208;15:25:51;-0,5;0,0;0,0;0,0;50,0;Подготовка;
20251208;15:25:56;-0,5;0,0;0,0;0,0;50,0;Подготовка;
20251208;15:26:01;-0,5;0,0;0,0;0,0;50,0;Подготовка;
20251208;15:26:06;-0,5;0,0;0,0;0,0;50,0;Подготовка;
20251208;15:26:11;-0,5;0,0;0,0;0,0;50,0;Подготовка;
20251208;15:26:16;-0,5;0,0;0,0;0,0;50,0;Подготовка;
20251208;15:26:21;-0,5;0,0;0,0;0,0;50,0;Подготовка;
20251208;15:26:26;-0,5;0,0;0,0;0,0;50,0;Подготовка;
20251208;15:26:31;-0,5;0,0;0,0;0,0;50,0;Подготовка;
20251208;15:26:36;-0,5;0,0;0,0;0,0;50,0;Подготовка;
20251208;15:26:41;-0,5;0,0;0,0;0,0;50,0;Подготовка;
20251208;15:26:46;-0,5;0,0;0,0;0,0;50,0;Подготовка;
20251208;15:26:51;-0,5;0,0;0,0;0,0;50,0;Подготовка;
20251208;15:26:56;-0,5;0,0;0,0;0,0;50,0;Подготовка;
20251208;15:27:01;-0,5;0,0;0,0;0,0;50,0;Подготовка;
20251208;15:27:06;-0,5;0,0;0,0;0,0;50,0;Подготовка;
20251208;15:27:11;-0,5;0,0;0,0;0,0;50,0;Подготовка;
20251208;15:27:16;-0,5;0,0;0,0;0,0;50,0;Подготовка;
20251208;15:27:21;-0,5;0,0;0,0;0,0;50,0;Подготовка;
20251208;15:27:26;-0,5;0,0;0,0;0,0;50,0;Подготовка;
20251208;15:27:31;-0,5;0,0;0,0;0,0;50,0;Подготовка;
20251208;15:27:36;-0,5;0,0;0,0;0,0;50,0;Подготовка;
20251208;15:27:41;-0,5;0,0;0,0;0,0;50,0;Подготовка;
20251208;15:27:47;-0,5;0,0;0,0;0,0;50,0;Подготовка;
20251208;15:27:52;-0,5;0,0;0,0;0,0;50,0;Подготовка;
20251208;15:27:57;-0,5;0,0;0,0;0,0;50,0;Подготовка;
20251208;15:28:02;-0,5;0,0;0,0;0,0;50,0;Подготовка;
20251208;15:28:07;-0,5;0,0;0,0;0,0;50,0;Подготовка;
20251208;15:28:12;-0,5;0,0;0,0;0,0;50,0;Подготовка;
20251208;15:28:17;-0,5;0,0;0,0;0,0;50,0;Подготовка;
20251208;15:28:22;-0,5;0,0;0,0;0,0;50,0;Подготовка;
20251208;15:28:27;-0,5;0,0;0,0;0,0;50,0;Подготовка;
20251208;15:28:32;-0,5;0,0;0,0;0,0;50,0;Подготовка;
20251208;15:28:37;-0,5;0,0;0,0;0,0;50,0;Подготовка;
20251208;15:28:42;-0,5;0,0;0,0;0,0;50,0;Подготовка;
20251208;15:28:47;-0,5;0,0;0,0;0,0;50,0;Подготовка;
20251208;15:28:52;-0,5;0,0;0,0;0,0;50,0;Подготовка;
20251208;15:28:57;-0,5;0,0;0,0;0,0;50,0;Подготовка;
20251208;15:29:02;-0,5;0,0;0,0;0,0;50,0;Подготовка;
20251208;15:29:07;-0,5;0,0;0,0;0,0;50,0;Подготовка;
20251208;15:29:12;-0,5;0,0;0,0;0,0;50,0;Подготовка;
20251208;15:29:17;-0,5;0,0;0,0;0,0;50,0;Подготовка;
20251208;15:29:22;-0,5;0,0;0,0;0,0;50,0;Подготовка;
20251208;15:29:27;-0,5;0,0;0,0;0,0;50,0;Подготовка;
20251208;15:29:32;-0,5;0,0;0,0;0,0;50,0;Подготовка;
20251208;15:29:37;-0,5;0,0;0,0;0,0;50,0;Подготовка;
20251208;15:29:42;-0,5;0,0;0,0;0,0;50,0;Подготовка;
20251208;15:29:47;-0,5;0,0;0,0;0,0;50,0;Подготовка;
20251208;15:29:53;-0,5;0,0;0,0;0,0;50,0;Подготовка;
20251208;15:29:58;-0,5;0,0;0,0;0,0;50,0;Подготовка;
20251208;15:30:03;-0,5;0,0;0,0;0,0;50,0;Подготовка;
20251208;15:30:08;-0,5;0,0;0,0;0,0;50,0;Подготовка;
20251208;15:30:13;-0,5;0,0;0,0;0,0;50,0;Подготовка;
20251208;15:30:18;-0,5;0,0;0,0;0,0;50,0;Подготовка;
20251208;15:30:23;-0,5;0,0;0,0;0,0;50,0;Подготовка;
20251208;15:30:28;-0,5;0,0;0,0;0,0;50,0;Подготовка;
20251208;15:30:33;-0,5;0,0;0,0;0,0;50,0;Подготовка;
20251208;15:30:38;-0,5;0,0;0,0;0,0;50,0;Подготовка;
20251208;15:30:43;-0,5;0,0;0,0;0,0;50,0;Подготовка;
20251208;15:30:48;-0,5;0,0;0,0;0,0;50,0;Подготовка;
20251208;15:30:53;-0,5;0,0;0,0;0,0;50,0;Подготовка;
20251208;15:30:58;-0,5;0,0;0,0;0,0;50,0;Подготовка;
20251208;15:31:03;-0,5;0,0;0,0;0,0;50,0;Подготовка;
20251208;15:31:08;-0,5;0,0;0,0;0,0;50,0;Подготовка;
20251208;15:31:13;-0,5;0,0;0,0;0,0;50,0;Подготовка;
20251208;15:31:18;-0,5;0,0;0,0;0,0;50,0;Подготовка;
20251208;15:31:23;-0,5;0,0;0,0;0,0;50,0;Подготовка;
20251208;15:31:28;-0,5;0,0;0,0;0,0;50,0;Подготовка;
20251208;15:31:33;-0,5;0,0;0,0;0,0;50,0;Подготовка;
20251208;15:31:38;-0,5;0,0;0,0;0,0;50,0;Подготовка;
20251208;15:31:43;-0,5;0,0;0,0;0,0;50,0;Подготовка;
20251208;15:31:48;-0,5;0,0;0,0;0,0;50,0;Подготовка;
20251208;15:31:53;-0,5;0,0;0,0;0,0;50,0;Подготовка;
20251208;15:31:59;-0,5;0,0;0,0;0,0;50,0;Подготовка;
Предприятие;
Объект;
Вид оборудования;
Дисп. наименование;
Тип;
Зав. номер;
Сер. номер;
Год выпуска;
Год ввода в эксплуатацию;
Дата отбора пробы;
Марка пробы;
Температура пробы;
DATE ;TIME ;TS_TEMP ;PROB_TEMP ;PROB_OTN_VL ;PROBE_VlAGOSOD ;SP ;STATUS ; 
20251208;15:32:17;-0,39;0,0;0,0;0,0;50,0;Включение;
20251208;15:32:22;-0,49;0,0;0,0;0,0;50,0;Включение;
20251208;15:32:27;-0,49;0,0;0,0;0,0;50,0;Подготовка;
20251208;15:32:32;-0,49;0,0;0,0;0,0;50,0;Подготовка;
20251208;15:32:37;-0,49;0,0;0,0;0,0;50,0;Подготовка;
20251208;15:32:42;-0,49;0,0;0,0;0,0;50,0;Подготовка;
20251208;15:32:47;-0,5;0,0;0,0;0,0;50,0;Подготовка;
20251208;15:32:52;-0,5;0,0;0,0;0,0;50,0;Подготовка;
20251208;15:32:57;-0,5;0,0;0,0;0,0;50,0;Подготовка;
20251208;15:33:02;-0,5;0,0;0,0;0,0;50,0;Подготовка;
20251208;15:33:07;-0,5;0,0;0,0;0,0;50,0;Подготовка;
20251208;15:33:12;-0,5;0,0;0,0;0,0;50,0;Подготовка;
20251208;15:33:17;-0,5;0,0;0,0;0,0;50,0;Подготовка;
20251208;15:33:22;-0,5;0,0;0,0;0,0;50,0;Подготовка;
20251208;15:33:27;-0,5;0,0;0,0;0,0;50,0;Подготовка;
20251208;15:33:32;-0,5;0,0;0,0;0,0;50,0;Подготовка;
20251208;15:33:37;-0,5;0,0;0,0;0,0;50,0;Подготовка;
20251208;15:33:42;-0,5;0,0;0,0;0,0;50,0;Подготовка;
20251208;15:33:47;-0,5;0,0;0,0;0,0;50,0;Подготовка;
20251208;15:33:52;-0,5;0,0;0,0;0,0;50,0;Подготовка;
20251208;15:33:57;-0,5;0,0;0,0;0,0;50,0;Подготовка;
20251208;15:34:02;-0,5;0,0;0,0;0,0;50,0;Подготовка;
20251208;15:34:07;-0,5;0,0;0,0;0,0;50,0;Подготовка;
20251208;15:34:13;-0,5;0,0;0,0;0,0;50,0;Подготовка;
20251208;15:34:18;-0,5;0,0;0,0;0,0;50,0;Подготовка;
20251208;15:34:23;-0,5;0,0;0,0;0,0;50,0;Подготовка;
20251208;15:34:28;-0,5;0,0;0,0;0,0;50,0;Подготовка;
20251208;15:34:33;-0,5;0,0;0,0;0,0;50,0;Подготовка;
20251208;15:34:38;-0,5;0,0;0,0;0,0;50,0;Подготовка;
20251208;15:34:43;-0,5;0,0;0,0;0,0;50,0;Подготовка;
20251208;15:34:48;-0,5;0,0;0,0;0,0;50,0;Подготовка;
20251208;15:34:53;-0,5;0,0;0,0;0,0;50,0;Подготовка;
20251208;15:34:58;-0,5;0,0;0,0;0,0;50,0;Подготовка;
20251208;15:35:03;-0,5;0,0;0,0;0,0;50,0;Подготовка;
20251208;15:35:08;-0,5;0,0;0,0;0,0;50,0;Подготовка;
20251208;15:35:13;-0,5;0,0;0,0;0,0;50,0;Подготовка;
20251208;15:35:18;-0,5;0,0;0,0;0,0;50,0;Подготовка;
20251208;15:35:23;-0,5;0,0;0,0;0,0;50,0;Подготовка;
20251208;15:35:28;-0,5;0,0;0,0;0,0;50,0;Подготовка;
20251208;15:35:33;-0,5;0,0;0,0;0,0;50,0;Подготовка;
20251208;15:35:38;-0,5;0,0;0,0;0,0;50,0;Подготовка;
20251208;15:35:43;-0,5;0,0;0,0;0,0;50,0;Подготовка;
20251208;15:35:48;-0,5;0,0;0,0;0,0;50,0;Подготовка;
20251208;15:35:53;-0,5;0,0;0,0;0,0;50,0;Подготовка;
20251208;15:35:58;-0,5;0,0;0,0;0,0;50,0;Подготовка;
20251208;15:36:03;-0,5;0,0;0,0;0,0;50,0;Подготовка;
20251208;15:36:08;-0,5;0,0;0,0;0,0;50,0;Подготовка;
20251208;15:36:13;-0,5;0,0;0,0;0,0;50,0;Подготовка;
20251208;15:36:19;-0,5;0,0;0,0;0,0;50,0;Подготовка;
20251208;15:36:24;-0,5;0,0;0,0;0,0;50,0;Подготовка;
20251208;15:36:29;-0,5;0,0;0,0;0,0;50,0;Подготовка;
20251208;15:36:34;-0,5;0,0;0,0;0,0;50,0;Подготовка;
20251208;15:36:39;-0,5;0,0;0,0;0,0;50,0;Подготовка;
20251208;15:36:44;-0,5;0,0;0,0;0,0;50,0;Подготовка;
20251208;15:36:49;-0,5;0,0;0,0;0,0;50,0;Подготовка;
20251208;15:36:54;-0,5;0,0;0,0;0,0;50,0;Подготовка;
20251208;15:36:59;-0,5;0,0;0,0;0,0;50,0;Подготовка;
20251208;15:37:04;-0,5;0,0;0,0;0,0;50,0;Подготовка;
20251208;15:37:09;-0,5;0,0;0,0;0,0;50,0;Подготовка;
20251208;15:37:14;-0,5;0,0;0,0;0,0;50,0;Подготовка;
20251208;15:37:19;-0,5;0,0;0,0;0,0;50,0;Подготовка;
20251208;15:37:24;-0,5;0,0;0,0;0,0;50,0;Подготовка;
20251208;15:37:29;-0,5;0,0;0,0;0,0;50,0;Подготовка;
20251208;15:37:34;-0,5;0,0;0,0;0,0;50,0;Подготовка;
20251208;15:37:39;-0,5;0,0;0,0;0,0;50,0;Подготовка;
20251208;15:37:44;-0,5;0,0;0,0;0,0;50,0;Подготовка;
20251208;15:37:49;-0,5;0,0;0,0;0,0;50,0;Подготовка;
20251208;15:37:54;-0,5;0,0;0,0;0,0;50,0;Подготовка;
20251208;15:37:59;-0,5;0,0;0,0;0,0;50,0;Подготовка;
20251208;15:38:04;-0,5;0,0;0,0;0,0;50,0;Подготовка;
20251208;15:38:09;-0,5;0,0;0,0;0,0;50,0;Подготовка;
20251208;15:38:14;-0,5;0,0;0,0;0,0;50,0;Подготовка;
20251208;15:38:19;-0,5;0,0;0,0;0,0;50,0;Подготовка;
20251208;15:38:25;-0,5;0,0;0,0;0,0;50,0;Подготовка;
20251208;15:38:30;-0,5;0,0;0,0;0,0;50,0;Подготовка;
20251208;15:38:35;-0,5;0,0;0,0;0,0;50,0;Подготовка;
20251208;15:38:40;-0,5;0,0;0,0;0,0;50,0;Подготовка;
20251208;15:38:45;-0,5;0,0;0,0;0,0;50,0;Подготовка;
20251208;15:38:50;-0,5;0,0;0,0;0,0;50,0;Подготовка;
20251208;15:38:55;-0,5;0,0;0,0;0,0;50,0;Подготовка;
20251208;15:39:00;-0,5;0,0;0,0;0,0;50,0;Подготовка;
20251208;15:39:05;-0,5;0,0;0,0;0,0;50,0;Подготовка;
20251208;15:39:10;-0,5;0,0;0,0;0,0;50,0;Подготовка;
20251208;15:39:15;-0,5;0,0;0,0;0,0;50,0;Подготовка;
20251208;15:39:20;-0,5;0,0;0,0;0,0;50,0;Подготовка;
20251208;15:39:25;-0,5;0,0;0,0;0,0;50,0;Подготовка;
20251208;15:39:30;-0,5;0,0;0,0;0,0;50,0;Подготовка;
20251208;15:39:35;-0,5;0,0;0,0;0,0;50,0;Подготовка;
20251208;15:39:40;-0,5;0,0;0,0;0,0;50,0;Подготовка;
20251208;15:39:45;-0,5;0,0;0,0;0,0;50,0;Подготовка;
20251208;15:39:50;-0,5;0,0;0,0;0,0;50,0;Подготовка;
20251208;15:39:55;-0,5;0,0;0,0;0,0;50,0;Подготовка;
20251208;15:40:00;-0,5;0,0;0,0;0,0;50,0;Подготовка;
20251208;15:40:05;-0,5;0,0;0,0;0,0;50,0;Подготовка;
20251208;15:40:10;-0,5;0,0;0,0;0,0;50,0;Подготовка;
20251208;15:40:15;-0,5;0,0;0,0;0,0;50,0;Подготовка;
20251208;15:40:20;-0,5;0,0;0,0;0,0;50,0;Подготовка;
20251208;15:40:25;-0,5;0,0;0,0;0,0;50,0;Подготовка;
20251208;15:40:31;-0,5;0,0;0,0;0,0;50,0;Подготовка;
20251208;15:40:36;-0,5;0,0;0,0;0,0;50,0;Подготовка;
20251208;15:40:41;-0,5;0,0;0,0;0,0;50,0;Подготовка;
20251208;15:40:46;-0,5;0,0;0,0;0,0;50,0;Подготовка;
20251208;15:40:51;-0,5;0,0;0,0;0,0;50,0;Подготовка;
20251208;15:40:56;-0,5;0,0;0,0;0,0;50,0;Подготовка;
20251208;15:41:01;-0,5;0,0;0,0;0,0;50,0;Подготовка;
20251208;15:41:06;-0,5;0,0;0,0;0,0;50,0;Подготовка;
20251208;15:41:11;-0,5;0,0;0,0;0,0;50,0;Подготовка;
20251208;15:41:16;-0,5;0,0;0,0;0,0;50,0;Подготовка;
20251208;15:41:21;-0,5;0,0;0,0;0,0;50,0;Подготовка;
20251208;15:41:26;-0,5;0,0;0,0;0,0;50,0;Подготовка;
20251208;15:41:31;-0,5;0,0;0,0;0,0;50,0;Подготовка;
20251208;15:41:36;-0,5;0,0;0,0;0,0;50,0;Подготовка;
20251208;15:41:41;-0,5;0,0;0,0;0,0;50,0;Подготовка;
20251208;15:41:46;-0,5;0,0;0,0;0,0;50,0;Подготовка;
20251208;15:41:51;-0,5;0,0;0,0;0,0;50,0;Подготовка;
20251208;15:41:56;-0,5;0,0;0,0;0,0;50,0;Подготовка;
20251208;15:42:01;-0,5;0,0;0,0;0,0;50,0;Подготовка;
20251208;15:42:06;-0,5;0,0;0,0;0,0;50,0;Подготовка;
20251208;15:42:11;-0,5;0,0;0,0;0,0;50,0;Подготовка;
20251208;15:42:16;-0,5;0,0;0,0;0,0;50,0;Подготовка;
20251208;15:42:21;-0,5;0,0;0,0;0,0;50,0;Подготовка;
20251208;15:42:26;-0,5;0,0;0,0;0,0;50,0;Подготовка;
20251208;15:42:31;-0,5;0,0;0,0;0,0;50,0;Подготовка;
20251208;15:42:37;-0,5;0,0;0,0;0,0;50,0;Подготовка;
20251208;15:42:42;-0,5;0,0;0,0;0,0;50,0;Подготовка;
20251208;15:42:47;-0,5;0,0;0,0;0,0;50,0;Подготовка;
20251208;15:42:52;-0,5;0,0;0,0;0,0;50,0;Подготовка;
20251208;15:42:57;-0,5;0,0;0,0;0,0;50,0;Подготовка;
20251208;15:43:02;-0,5;0,0;0,0;0,0;50,0;Подготовка;
20251208;15:43:07;-0,5;0,0;0,0;0,0;50,0;Подготовка;
20251208;15:43:12;-0,5;0,0;0,0;0,0;50,0;Подготовка;
20251208;15:43:17;-0,5;0,0;0,0;0,0;50,0;Подготовка;
20251208;15:43:22;-0,5;0,0;0,0;0,0;50,0;Подготовка;
20251208;15:43:27;-0,5;0,0;0,0;0,0;50,0;Подготовка;
20251208;15:43:32;-0,5;0,0;0,0;0,0;50,0;Подготовка;
20251208;15:43:37;-0,5;0,0;0,0;0,0;50,0;Подготовка;
20251208;15:43:42;-0,5;0,0;0,0;0,0;50,0;Подготовка;
20251208;15:43:47;-0,5;0,0;0,0;0,0;50,0;Подготовка;
20251208;15:43:52;-0,5;0,0;0,0;0,0;50,0;Подготовка;
20251208;15:43:57;-0,5;0,0;0,0;0,0;50,0;Подготовка;
20251208;15:44:02;-0,5;0,0;0,0;0,0;50,0;Подготовка;
20251208;15:44:07;-0,5;0,0;0,0;0,0;50,0;Подготовка;
20251208;15:44:12;-0,5;0,0;0,0;0,0;50,0;Подготовка;
20251208;15:44:17;-0,5;0,0;0,0;0,0;50,0;Подготовка;
20251208;15:44:22;-0,5;0,0;0,0;0,0;50,0;Подготовка;
20251208;15:44:27;-0,5;0,0;0,0;0,0;50,0;Подготовка;
20251208;15:44:32;-0,5;0,0;0,0;0,0;50,0;Подготовка;
20251208;15:44:37;-0,5;0,0;0,0;0,0;50,0;Подготовка;
20251208;15:44:43;-0,5;0,0;0,0;0,0;50,0;Подготовка;
20251208;15:44:48;-0,5;0,0;0,0;0,0;50,0;Подготовка;
20251208;15:44:53;-0,5;0,0;0,0;0,0;50,0;Подготовка;
20251208;15:44:58;-0,5;0,0;0,0;0,0;50,0;Подготовка;
20251208;15:45:03;-0,5;0,0;0,0;0,0;50,0;Подготовка;
20251208;15:45:08;-0,5;0,0;0,0;0,0;50,0;Подготовка;
20251208;15:45:13;-0,5;0,0;0,0;0,0;50,0;Подготовка;
20251208;15:45:18;-0,5;0,0;0,0;0,0;50,0;Подготовка;
20251208;15:45:23;-0,5;0,0;0,0;0,0;50,0;Подготовка;
20251208;15:45:28;-0,5;0,0;0,0;0,0;50,0;Подготовка;
20251208;15:45:33;-0,5;0,0;0,0;0,0;50,0;Подготовка;
20251208;15:45:38;-0,5;0,0;0,0;0,0;50,0;Подготовка;
20251208;15:45:43;-0,5;0,0;0,0;0,0;50,0;Подготовка;
20251208;15:45:48;-0,5;0,0;0,0;0,0;50,0;Подготовка;
20251208;15:45:53;-0,5;0,0;0,0;0,0;50,0;Подготовка;
20251208;15:45:58;-0,5;0,0;0,0;0,0;50,0;Подготовка;
20251208;15:46:03;-0,5;0,0;0,0;0,0;50,0;Подготовка;
20251208;15:46:08;-0,5;0,0;0,0;0,0;50,0;Подготовка;
20251208;15:46:13;-0,5;0,0;0,0;0,0;50,0;Подготовка;
20251208;15:46:18;-0,5;0,0;0,0;0,0;50,0;Подготовка;
20251208;15:46:23;-0,5;0,0;0,0;0,0;50,0;Подготовка;
20251208;15:46:28;-0,5;0,0;0,0;0,0;50,0;Подготовка;
20251208;15:46:33;-0,5;0,0;0,0;0,0;50,0;Подготовка;
20251208;15:46:38;-0,5;0,0;0,0;0,0;50,0;Подготовка;
20251208;15:46:43;-0,5;0,0;0,0;0,0;50,0;Подготовка;
20251208;15:46:49;-0,5;0,0;0,0;0,0;50,0;Подготовка;
20251208;15:46:54;-0,5;0,0;0,0;0,0;50,0;Подготовка;
20251208;15:46:59;-0,5;0,0;0,0;0,0;50,0;Подготовка;
20251208;15:47:04;-0,5;0,0;0,0;0,0;50,0;Подготовка;
20251208;15:47:09;-0,5;0,0;0,0;0,0;50,0;Подготовка;
20251208;15:47:14;-0,5;0,0;0,0;0,0;50,0;Подготовка;
20251208;15:47:19;-0,5;0,0;0,0;0,0;50,0;Подготовка;
20251208;15:47:24;-0,5;0,0;0,0;0,0;50,0;Подготовка;
20251208;15:47:29;-0,5;0,0;0,0;0,0;50,0;Подготовка;
20251208;15:47:34;-0,5;0,0;0,0;0,0;50,0;Подготовка;
20251208;15:47:39;-0,5;0,0;0,0;0,0;50,0;Подготовка;
20251208;15:47:44;-0,5;0,0;0,0;0,0;50,0;Подготовка;
20251208;15:47:49;-0,5;0,0;0,0;0,0;50,0;Подготовка;
20251208;15:47:54;-0,5;0,0;0,0;0,0;50,0;Подготовка;
20251208;15:47:59;-0,5;0,0;0,0;0,0;50,0;Подготовка;
20251208;15:48:04;-0,5;0,0;0,0;0,0;50,0;Подготовка;
20251208;15:48:09;-0,5;0,0;0,0;0,0;50,0;Подготовка;
20251208;15:48:14;-0,5;0,0;0,0;0,0;50,0;Подготовка;
20251208;15:48:19;-0,5;0,0;0,0;0,0;50,0;Подготовка;
20251208;15:48:24;-0,5;0,0;0,0;0,0;50,0;Подготовка;
20251208;15:48:29;-0,5;0,0;0,0;0,0;50,0;Подготовка;
20251208;15:48:34;-0,5;0,0;0,0;0,0;50,0;Подготовка;
20251208;15:48:39;-0,5;0,0;0,0;0,0;50,0;Подготовка;
20251208;15:48:44;-0,5;0,0;0,0;0,0;50,0;Подготовка;
20251208;15:48:49;-0,5;0,0;0,0;0,0;50,0;Подготовка;
20251208;15:48:55;-0,5;0,0;0,0;0,0;50,0;Подготовка;
20251208;15:49:00;-0,5;0,0;0,0;0,0;50,0;Подготовка;
20251208;15:49:05;-0,5;0,0;0,0;0,0;50,0;Подготовка;
20251208;15:49:10;-0,5;0,0;0,0;0,0;50,0;Подготовка;
20251208;15:49:15;-0,5;0,0;0,0;0,0;50,0;Подготовка;
20251208;15:49:20;-0,5;0,0;0,0;0,0;50,0;Подготовка;
20251208;15:49:25;-0,5;0,0;0,0;0,0;50,0;Подготовка;
20251208;15:49:30;-0,5;0,0;0,0;0,0;50,0;Подготовка;
20251208;15:49:35;-0,5;0,0;0,0;0,0;50,0;Подготовка;
20251208;15:49:40;-0,5;0,0;0,0;0,0;50,0;Подготовка;
20251208;15:49:45;-0,5;0,0;0,0;0,0;50,0;Подготовка;
20251208;15:49:50;-0,5;0,0;0,0;0,0;50,0;Подготовка;
20251208;15:49:55;-0,5;0,0;0,0;0,0;50,0;Подготовка;
20251208;15:50:00;-0,5;0,0;0,0;0,0;50,0;Подготовка;
20251208;15:50:05;-0,5;0,0;0,0;0,0;50,0;Подготовка;
20251208;15:50:10;-0,5;0,0;0,0;0,0;50,0;Подготовка;
20251208;15:50:15;-0,5;0,0;0,0;0,0;50,0;Подготовка;
20251208;15:50:20;-0,5;0,0;0,0;0,0;50,0;Подготовка;
20251208;15:50:25;-0,5;0,0;0,0;0,0;50,0;Подготовка;
20251208;15:50:30;-0,5;0,0;0,0;0,0;50,0;Подготовка;
20251208;15:50:35;-0,5;0,0;0,0;0,0;50,0;Подготовка;
20251208;15:50:40;-0,5;0,0;0,0;0,0;50,0;Подготовка;
20251208;15:50:45;-0,5;0,0;0,0;0,0;50,0;Подготовка;
20251208;15:50:50;-0,5;0,0;0,0;0,0;50,0;Подготовка;
20251208;15:50:55;-0,5;0,0;0,0;0,0;50,0;Подготовка;
20251208;15:51:01;-0,5;0,0;0,0;0,0;50,0;Подготовка;
20251208;15:51:06;-0,5;0,0;0,0;0,0;50,0;Подготовка;
20251208;15:51:11;-0,5;0,0;0,0;0,0;50,0;Подготовка;
20251208;15:51:16;-0,5;0,0;0,0;0,0;50,0;Подготовка;
20251208;15:51:21;-0,5;0,0;0,0;0,0;50,0;Подготовка;
20251208;15:51:26;-0,5;0,0;0,0;0,0;50,0;Подготовка;
20251208;15:51:31;-0,5;0,0;0,0;0,0;50,0;Подготовка;
20251208;15:51:36;-0,5;0,0;0,0;0,0;50,0;Подготовка;
20251208;15:51:41;-0,5;0,0;0,0;0,0;50,0;Подготовка;
20251208;15:51:46;-0,5;0,0;0,0;0,0;50,0;Подготовка;
20251208;15:51:51;-0,5;0,0;0,0;0,0;50,0;Подготовка;
20251208;15:51:56;-0,5;0,0;0,0;0,0;50,0;Подготовка;
20251208;15:52:01;-0,5;0,0;0,0;0,0;50,0;Подготовка;
20251208;15:52:06;-0,5;0,0;0,0;0,0;50,0;Подготовка;
20251208;15:52:11;-0,5;0,0;0,0;0,0;50,0;Подготовка;
20251208;15:52:16;-0,5;0,0;0,0;0,0;50,0;Подготовка;
20251208;15:52:21;-0,5;0,0;0,0;0,0;50,0;Подготовка;
20251208;15:52:26;-0,5;0,0;0,0;0,0;50,0;Подготовка;
20251208;15:52:31;-0,5;0,0;0,0;0,0;50,0;Подготовка;
20251208;15:52:36;-0,5;0,0;0,0;0,0;50,0;Подготовка;
20251208;15:52:41;-0,5;0,0;0,0;0,0;50,0;Подготовка;
20251208;15:52:46;-0,5;0,0;0,0;0,0;50,0;Подготовка;
20251208;15:52:51;-0,5;0,0;0,0;0,0;50,0;Подготовка;
20251208;15:52:56;-0,5;0,0;0,0;0,0;50,0;Подготовка;
20251208;15:53:01;-0,5;0,0;0,0;0,0;50,0;Подготовка;
20251208;15:53:07;-0,5;0,0;0,0;0,0;50,0;Подготовка;
20251208;15:53:12;-0,5;0,0;0,0;0,0;50,0;Подготовка;
20251208;15:53:17;-0,5;0,0;0,0;0,0;50,0;Подготовка;
20251208;15:53:22;-0,5;0,0;0,0;0,0;50,0;Подготовка;
20251208;15:53:27;-0,5;0,0;0,0;0,0;50,0;Подготовка;
20251208;15:53:32;-0,5;0,0;0,0;0,0;50,0;Подготовка;
20251208;15:53:37;-0,5;0,0;0,0;0,0;50,0;Подготовка;
20251208;15:53:42;-0,5;0,0;0,0;0,0;50,0;Подготовка;
20251208;15:53:47;-0,5;0,0;0,0;0,0;50,0;Подготовка;
20251208;15:53:52;-0,5;0,0;0,0;0,0;50,0;Подготовка;
20251208;15:53:57;-0,5;0,0;0,0;0,0;50,0;Подготовка;
20251208;15:54:02;-0,5;0,0;0,0;0,0;50,0;Подготовка;
20251208;15:54:07;-0,5;0,0;0,0;0,0;50,0;Подготовка;
20251208;15:54:12;-0,5;0,0;0,0;0,0;50,0;Подготовка;
20251208;15:54:17;-0,5;0,0;0,0;0,0;50,0;Подготовка;
20251208;15:54:22;-0,5;0,0;0,0;0,0;50,0;Подготовка;
20251208;15:54:27;-0,5;0,0;0,0;0,0;50,0;Подготовка;
20251208;15:54:32;-0,5;0,0;0,0;0,0;50,0;Подготовка;
20251208;15:54:37;-0,5;0,0;0,0;0,0;50,0;Подготовка;
20251208;15:54:42;-0,5;0,0;0,0;0,0;50,0;Подготовка;
20251208;15:54:47;-0,5;0,0;0,0;0,0;50,0;Подготовка;
20251208;15:54:52;-0,5;0,0;0,0;0,0;50,0;Подготовка;
20251208;15:54:57;-0,5;0,0;0,0;0,0;50,0;Подготовка;
20251208;15:55:02;-0,5;0,0;0,0;0,0;50,0;Подготовка;
20251208;15:55:07;-0,5;0,0;0,0;0,0;50,0;Подготовка;
20251208;15:55:13;-0,5;0,0;0,0;0,0;50,0;Подготовка;
20251208;15:55:18;-0,5;0,0;0,0;0,0;50,0;Подготовка;
20251208;15:55:23;-0,5;0,0;0,0;0,0;50,0;Подготовка;
20251208;15:55:28;-0,5;0,0;0,0;0,0;50,0;Подготовка;
20251208;15:55:33;-0,5;0,0;0,0;0,0;50,0;Подготовка;
20251208;15:55:38;-0,5;0,0;0,0;0,0;50,0;Подготовка;
20251208;15:55:43;-0,5;0,0;0,0;0,0;50,0;Подготовка;
20251208;15:55:48;-0,5;0,0;0,0;0,0;50,0;Подготовка;
20251208;15:55:53;-0,5;0,0;0,0;0,0;50,0;Подготовка;
20251208;15:55:58;-0,5;0,0;0,0;0,0;50,0;Подготовка;
20251208;15:56:03;-0,5;0,0;0,0;0,0;50,0;Подготовка;
20251208;15:56:08;-0,5;0,0;0,0;0,0;50,0;Подготовка;
20251208;15:56:13;-0,5;0,0;0,0;0,0;50,0;Подготовка;
20251208;15:56:18;-0,5;0,0;0,0;0,0;50,0;Подготовка;
20251208;15:56:23;-0,5;0,0;0,0;0,0;50,0;Подготовка;
20251208;15:56:28;-0,5;0,0;0,0;0,0;50,0;Подготовка;
20251208;15:56:33;-0,5;0,0;0,0;0,0;50,0;Подготовка;
20251208;15:56:38;-0,5;0,0;0,0;0,0;50,0;Подготовка;
20251208;15:56:43;-0,5;0,0;0,0;0,0;50,0;Подготовка;
20251208;15:56:48;-0,5;0,0;0,0;0,0;50,0;Подготовка;
20251208;15:56:53;-0,5;0,0;0,0;0,0;50,0;Подготовка;
20251208;15:56:58;-0,5;0,0;0,0;0,0;50,0;Подготовка;
20251208;15:57:03;-0,5;0,0;0,0;0,0;50,0;Подготовка;
20251208;15:57:08;-0,5;0,0;0,0;0,0;50,0;Подготовка;
20251208;15:57:13;-0,5;0,0;0,0;0,0;50,0;Подготовка;
20251208;15:57:19;-0,5;0,0;0,0;0,0;50,0;Подготовка;
20251208;15:57:24;-0,5;0,0;0,0;0,0;50,0;Подготовка;
20251208;15:57:29;-0,5;0,0;0,0;0,0;50,0;Подготовка;
20251208;15:57:34;-0,5;0,0;0,0;0,0;50,0;Подготовка;
20251208;15:57:39;-0,5;0,0;0,0;0,0;50,0;Подготовка;
20251208;15:57:44;-0,5;0,0;0,0;0,0;50,0;Подготовка;
20251208;15:57:49;-0,5;0,0;0,0;0,0;50,0;Подготовка;
20251208;15:57:54;-0,5;0,0;0,0;0,0;50,0;Подготовка;
20251208;15:57:59;-0,5;0,0;0,0;0,0;50,0;Подготовка;
20251208;15:58:04;-0,5;0,0;0,0;0,0;50,0;Подготовка;
20251208;15:58:09;-0,5;0,0;0,0;0,0;50,0;Подготовка;
20251208;15:58:14;-0,5;0,0;0,0;0,0;50,0;Подготовка;
20251208;15:58:19;-0,5;0,0;0,0;0,0;50,0;Подготовка;
20251208;15:58:24;-0,5;0,0;0,0;0,0;50,0;Подготовка;
20251208;15:58:29;-0,5;0,0;0,0;0,0;50,0;Подготовка;
20251208;15:58:34;-0,5;0,0;0,0;0,0;50,0;Подготовка;
20251208;15:58:39;-0,5;0,0;0,0;0,0;50,0;Подготовка;
20251208;15:58:44;-0,5;0,0;0,0;0,0;50,0;Подготовка;
20251208;15:58:49;-0,5;0,0;0,0;0,0;50,0;Подготовка;
20251208;15:58:54;-0,5;0,0;0,0;0,0;50,0;Подготовка;
20251208;15:58:59;-0,5;0,0;0,0;0,0;50,0;Подготовка;
20251208;15:59:04;-0,5;0,0;0,0;0,0;50,0;Подготовка;
20251208;15:59:09;-0,5;0,0;0,0;0,0;50,0;Подготовка;
20251208;15:59:14;-0,5;0,0;0,0;0,0;50,0;Подготовка;
20251208;15:59:19;-0,5;0,0;0,0;0,0;50,0;Подготовка;
20251208;15:59:25;-0,5;0,0;0,0;0,0;50,0;Подготовка;
20251208;15:59:30;-0,5;0,0;0,0;0,0;50,0;Подготовка;
20251208;15:59:35;-0,5;0,0;0,0;0,0;50,0;Подготовка;
20251208;15:59:40;-0,5;0,0;0,0;0,0;50,0;Подготовка;
20251208;15:59:45;-0,5;0,0;0,0;0,0;50,0;Подготовка;
20251208;15:59:50;-0,5;0,0;0,0;0,0;50,0;Подготовка;
20251208;15:59:55;-0,5;0,0;0,0;0,0;50,0;Подготовка;
20251208;16:00:00;-0,5;0,0;0,0;0,0;50,0;Подготовка;
20251208;16:00:05;-0,5;0,0;0,0;0,0;50,0;Подготовка;
20251208;16:00:10;-0,5;0,0;0,0;0,0;50,0;Подготовка;
20251208;16:00:15;-0,5;0,0;0,0;0,0;50,0;Подготовка;
20251208;16:00:20;-0,5;0,0;0,0;0,0;50,0;Подготовка;
20251208;16:00:25;-0,5;0,0;0,0;0,0;50,0;Подготовка;
20251208;16:00:30;-0,5;0,0;0,0;0,0;50,0;Подготовка;
20251208;16:00:35;-0,5;0,0;0,0;0,0;50,0;Подготовка;
20251208;16:00:40;-0,5;0,0;0,0;0,0;50,0;Подготовка;
20251208;16:00:45;-0,5;0,0;0,0;0,0;50,0;Подготовка;
20251208;16:00:50;-0,5;0,0;0,0;0,0;50,0;Подготовка;
20251208;16:00:55;-0,5;0,0;0,0;0,0;50,0;Подготовка;
20251208;16:01:00;-0,5;0,0;0,0;0,0;50,0;Подготовка;
20251208;16:01:05;-0,5;0,0;0,0;0,0;50,0;Подготовка;
20251208;16:01:10;-0,5;0,0;0,0;0,0;50,0;Подготовка;
20251208;16:01:15;-0,5;0,0;0,0;0,0;50,0;Подготовка;
20251208;16:01:20;-0,5;0,0;0,0;0,0;50,0;Подготовка;
20251208;16:01:25;-0,5;0,0;0,0;0,0;50,0;Подготовка;
20251208;16:01:31;-0,5;0,0;0,0;0,0;50,0;Подготовка;
20251208;16:01:36;-0,5;0,0;0,0;0,0;50,0;Подготовка;
20251208;16:01:41;-0,5;0,0;0,0;0,0;50,0;Подготовка;
20251208;16:01:46;-0,5;0,0;0,0;0,0;50,0;Подготовка;
20251208;16:01:51;-0,5;0,0;0,0;0,0;50,0;Подготовка;
20251208;16:01:56;-0,5;0,0;0,0;0,0;50,0;Подготовка;
20251208;16:02:01;-0,5;0,0;0,0;0,0;50,0;Подготовка;
20251208;16:02:06;-0,5;0,0;0,0;0,0;50,0;Подготовка;
20251208;16:02:11;-0,5;0,0;0,0;0,0;50,0;Подготовка;
20251208;16:02:16;-0,5;0,0;0,0;0,0;50,0;Подготовка;
20251208;16:02:21;-0,5;0,0;0,0;0,0;50,0;Подготовка;
20251208;16:02:26;-0,5;0,0;0,0;0,0;50,0;Подготовка;
20251208;16:02:31;-0,5;0,0;0,0;0,0;50,0;Подготовка;
20251208;16:02:36;-0,5;0,0;0,0;0,0;50,0;Подготовка;
20251208;16:02:41;-0,5;0,0;0,0;0,0;50,0;Подготовка;
20251208;16:02:46;-0,5;0,0;0,0;0,0;50,0;Подготовка;
20251208;16:02:51;-0,5;0,0;0,0;0,0;50,0;Подготовка;
20251208;16:02:56;-0,5;0,0;0,0;0,0;50,0;Подготовка;
20251208;16:03:01;-0,5;0,0;0,0;0,0;50,0;Подготовка;
20251208;16:03:06;-0,5;0,0;0,0;0,0;50,0;Подготовка;
20251208;16:03:11;-0,5;0,0;0,0;0,0;50,0;Подготовка;
20251208;16:03:16;-0,5;0,0;0,0;0,0;50,0;Подготовка;
20251208;16:03:21;-0,5;0,0;0,0;0,0;50,0;Подготовка;
20251208;16:03:26;-0,5;0,0;0,0;0,0;50,0;Подготовка;
20251208;16:03:31;-0,5;0,0;0,0;0,0;50,0;Подготовка;
20251208;16:03:37;-0,5;0,0;0,0;0,0;50,0;Подготовка;
20251208;16:03:42;-0,5;0,0;0,0;0,0;50,0;Подготовка;
20251208;16:03:47;-0,5;0,0;0,0;0,0;50,0;Подготовка;
20251208;16:03:52;-0,5;0,0;0,0;0,0;50,0;Подготовка;
20251208;16:03:57;-0,5;0,0;0,0;0,0;50,0;Подготовка;
20251208;16:04:02;-0,5;0,0;0,0;0,0;50,0;Подготовка;
20251208;16:04:07;-0,5;0,0;0,0;0,0;50,0;Подготовка;
20251208;16:04:12;-0,5;0,0;0,0;0,0;50,0;Подготовка;
20251208;16:04:17;-0,5;0,0;0,0;0,0;50,0;Подготовка;
20251208;16:04:22;-0,5;0,0;0,0;0,0;50,0;Подготовка;
20251208;16:04:27;-0,5;0,0;0,0;0,0;50,0;Подготовка;
20251208;16:04:32;-0,5;0,0;0,0;0,0;50,0;Подготовка;
20251208;16:04:37;-0,5;0,0;0,0;0,0;50,0;Подготовка;
20251208;16:04:42;-0,5;0,0;0,0;0,0;50,0;Подготовка;
20251208;16:04:47;-0,5;0,0;0,0;0,0;50,0;Подготовка;
20251208;16:04:52;-0,5;0,0;0,0;0,0;50,0;Подготовка;
20251208;16:04:57;-0,5;0,0;0,0;0,0;50,0;Подготовка;
20251208;16:05:02;-0,5;0,0;0,0;0,0;50,0;Подготовка;
20251208;16:05:07;-0,5;0,0;0,0;0,0;50,0;Подготовка;
20251208;16:05:12;-0,5;0,0;0,0;0,0;50,0;Подготовка;
20251208;16:05:17;-0,5;0,0;0,0;0,0;50,0;Подготовка;
20251208;16:05:22;-0,5;0,0;0,0;0,0;50,0;Подготовка;
20251208;16:05:27;-0,5;0,0;0,0;0,0;50,0;Подготовка;
20251208;16:05:32;-0,5;0,0;0,0;0,0;50,0;Подготовка;
20251208;16:05:37;-0,5;0,0;0,0;0,0;50,0;Подготовка;
20251208;16:05:43;-0,5;0,0;0,0;0,0;50,0;Подготовка;
20251208;16:05:48;-0,5;0,0;0,0;0,0;50,0;Подготовка;
20251208;16:05:53;-0,5;0,0;0,0;0,0;50,0;Подготовка;
20251208;16:05:58;-0,5;0,0;0,0;0,0;50,0;Подготовка;
20251208;16:06:03;-0,5;0,0;0,0;0,0;50,0;Подготовка;
20251208;16:06:08;-0,5;0,0;0,0;0,0;50,0;Подготовка;
20251208;16:06:13;-0,5;0,0;0,0;0,0;50,0;Подготовка;
20251208;16:06:18;-0,5;0,0;0,0;0,0;50,0;Подготовка;
20251208;16:06:23;-0,5;0,0;0,0;0,0;50,0;Подготовка;
20251208;16:06:28;-0,5;0,0;0,0;0,0;50,0;Подготовка;
20251208;16:06:33;-0,5;0,0;0,0;0,0;50,0;Подготовка;
20251208;16:06:38;-0,5;0,0;0,0;0,0;50,0;Подготовка;
20251208;16:06:43;-0,5;0,0;0,0;0,0;50,0;Подготовка;
20251208;16:06:48;-0,5;0,0;0,0;0,0;50,0;Подготовка;
20251208;16:06:53;-0,5;0,0;0,0;0,0;50,0;Подготовка;
20251208;16:06:58;-0,5;0,0;0,0;0,0;50,0;Подготовка;
20251208;16:07:03;-0,5;0,0;0,0;0,0;50,0;Подготовка;
20251208;16:07:08;-0,5;0,0;0,0;0,0;50,0;Подготовка;
20251208;16:07:13;-0,5;0,0;0,0;0,0;50,0;Подготовка;
20251208;16:07:18;-0,5;0,0;0,0;0,0;50,0;Подготовка;
20251208;16:07:23;-0,5;0,0;0,0;0,0;50,0;Подготовка;
20251208;16:07:28;-0,5;0,0;0,0;0,0;50,0;Подготовка;
20251208;16:07:33;-0,5;0,0;0,0;0,0;50,0;Подготовка;
20251208;16:07:38;-0,5;0,0;0,0;0,0;50,0;Подготовка;
20251208;16:07:43;-0,5;0,0;0,0;0,0;50,0;Подготовка;
20251208;16:07:49;-0,5;0,0;0,0;0,0;50,0;Подготовка;
20251208;16:07:54;-0,5;0,0;0,0;0,0;50,0;Подготовка;
20251208;16:07:59;-0,5;0,0;0,0;0,0;50,0;Подготовка;
20251208;16:08:04;-0,5;0,0;0,0;0,0;50,0;Подготовка;
20251208;16:08:09;-0,5;0,0;0,0;0,0;50,0;Подготовка;
20251208;16:08:14;-0,5;0,0;0,0;0,0;50,0;Подготовка;
20251208;16:08:19;-0,5;0,0;0,0;0,0;50,0;Подготовка;
20251208;16:08:24;-0,5;0,0;0,0;0,0;50,0;Подготовка;
20251208;16:08:29;-0,5;0,0;0,0;0,0;50,0;Подготовка;
20251208;16:08:34;-0,5;0,0;0,0;0,0;50,0;Подготовка;
20251208;16:08:39;-0,5;0,0;0,0;0,0;50,0;Подготовка;
20251208;16:08:44;-0,5;0,0;0,0;0,0;50,0;Подготовка;
20251208;16:08:49;-0,5;0,0;0,0;0,0;50,0;Подготовка;
20251208;16:08:54;-0,5;0,0;0,0;0,0;50,0;Подготовка;
20251208;16:08:59;-0,5;0,0;0,0;0,0;50,0;Подготовка;
20251208;16:09:04;-0,5;0,0;0,0;0,0;50,0;Подготовка;
20251208;16:09:09;-0,5;0,0;0,0;0,0;50,0;Подготовка;
20251208;16:09:14;-0,5;0,0;0,0;0,0;50,0;Подготовка;
20251208;16:09:19;-0,5;0,0;0,0;0,0;50,0;Подготовка;
20251208;16:09:24;-0,5;0,0;0,0;0,0;50,0;Подготовка;
20251208;16:09:29;-0,5;0,0;0,0;0,0;50,0;Подготовка;
20251208;16:09:34;-0,5;0,0;0,0;0,0;50,0;Подготовка;
20251208;16:09:39;-0,5;0,0;0,0;0,0;50,0;Подготовка;
20251208;16:09:44;-0,5;0,0;0,0;0,0;50,0;Подготовка;
20251208;16:09:49;-0,5;0,0;0,0;0,0;50,0;Подготовка;
20251208;16:09:55;-0,5;0,0;0,0;0,0;50,0;Подготовка;
20251208;16:10:00;-0,5;0,0;0,0;0,0;50,0;Подготовка;
20251208;16:10:05;-0,5;0,0;0,0;0,0;50,0;Подготовка;
20251208;16:10:10;-0,5;0,0;0,0;0,0;50,0;Подготовка;
20251208;16:10:15;-0,5;0,0;0,0;0,0;50,0;Подготовка;
20251208;16:10:20;-0,5;0,0;0,0;0,0;50,0;Подготовка;
20251208;16:10:25;-0,5;0,0;0,0;0,0;50,0;Подготовка;
20251208;16:10:30;-0,5;0,0;0,0;0,0;50,0;Подготовка;
20251208;16:10:35;-0,5;0,0;0,0;0,0;50,0;Подготовка;
20251208;16:10:40;-0,5;0,0;0,0;0,0;50,0;Подготовка;
20251208;16:10:45;-0,5;0,0;0,0;0,0;50,0;Подготовка;
20251208;16:10:50;-0,5;0,0;0,0;0,0;50,0;Подготовка;
20251208;16:10:55;-0,5;0,0;0,0;0,0;50,0;Подготовка;
20251208;16:11:00;-0,5;0,0;0,0;0,0;50,0;Подготовка;
20251208;16:11:05;-0,5;0,0;0,0;0,0;50,0;Подготовка;
20251208;16:11:10;-0,5;0,0;0,0;0,0;50,0;Подготовка;
20251208;16:11:15;-0,5;0,0;0,0;0,0;50,0;Подготовка;
20251208;16:11:20;-0,5;0,0;0,0;0,0;50,0;Подготовка;
20251208;16:11:25;-0,5;0,0;0,0;0,0;50,0;Подготовка;
20251208;16:11:30;-0,5;0,0;0,0;0,0;50,0;Подготовка;
20251208;16:11:35;-0,5;0,0;0,0;0,0;50,0;Подготовка;
20251208;16:11:40;-0,5;0,0;0,0;0,0;50,0;Подготовка;
20251208;16:11:45;-0,5;0,0;0,0;0,0;50,0;Подготовка;
20251208;16:11:50;-0,5;0,0;0,0;0,0;50,0;Подготовка;
20251208;16:11:55;-0,5;0,0;0,0;0,0;50,0;Подготовка;
20251208;16:12:01;-0,5;0,0;0,0;0,0;50,0;Подготовка;
20251208;16:12:06;-0,5;0,0;0,0;0,0;50,0;Подготовка;
20251208;16:12:11;-0,5;0,0;0,0;0,0;50,0;Подготовка;
20251208;16:12:16;-0,5;0,0;0,0;0,0;50,0;Подготовка;
20251208;16:12:21;-0,5;0,0;0,0;0,0;50,0;Подготовка;
20251208;16:12:26;-0,5;0,0;0,0;0,0;50,0;Подготовка;
20251208;16:12:31;-0,5;0,0;0,0;0,0;50,0;Подготовка;
20251208;16:12:36;-0,5;0,0;0,0;0,0;50,0;Подготовка;
20251208;16:12:41;-0,5;0,0;0,0;0,0;50,0;Подготовка;
20251208;16:12:46;-0,5;0,0;0,0;0,0;50,0;Подготовка;
20251208;16:12:51;-0,5;0,0;0,0;0,0;50,0;Подготовка;
20251208;16:12:56;-0,5;0,0;0,0;0,0;50,0;Подготовка;
20251208;16:13:01;-0,5;0,0;0,0;0,0;50,0;Подготовка;
20251208;16:13:06;-0,5;0,0;0,0;0,0;50,0;Подготовка;
20251208;16:13:11;-0,5;0,0;0,0;0,0;50,0;Подготовка;
20251208;16:13:16;-0,5;0,0;0,0;0,0;50,0;Подготовка;
20251208;16:13:21;-0,5;0,0;0,0;0,0;50,0;Подготовка;
20251208;16:13:26;-0,5;0,0;0,0;0,0;50,0;Подготовка;
20251208;16:13:31;-0,5;0,0;0,0;0,0;50,0;Подготовка;
20251208;16:13:36;-0,5;0,0;0,0;0,0;50,0;Подготовка;
20251208;16:13:41;-0,5;0,0;0,0;0,0;50,0;Подготовка;
20251208;16:13:46;-0,5;0,0;0,0;0,0;50,0;Подготовка;
20251208;16:13:51;-0,5;0,0;0,0;0,0;50,0;Подготовка;
20251208;16:13:56;-0,5;0,0;0,0;0,0;50,0;Подготовка;
20251208;16:14:01;-0,5;0,0;0,0;0,0;50,0;Подготовка;
20251208;16:14:07;-0,5;0,0;0,0;0,0;50,0;Подготовка;
20251208;16:14:12;-0,5;0,0;0,0;0,0;50,0;Подготовка;
20251208;16:14:17;-0,5;0,0;0,0;0,0;50,0;Подготовка;
20251208;16:14:22;-0,5;0,0;0,0;0,0;50,0;Подготовка;
20251208;16:14:27;-0,5;0,0;0,0;0,0;50,0;Подготовка;
20251208;16:14:32;-0,5;0,0;0,0;0,0;50,0;Подготовка;
20251208;16:14:37;-0,5;0,0;0,0;0,0;50,0;Подготовка;
20251208;16:14:42;-0,5;0,0;0,0;0,0;50,0;Подготовка;
20251208;16:14:47;-0,5;0,0;0,0;0,0;50,0;Подготовка;
20251208;16:14:52;-0,5;0,0;0,0;0,0;50,0;Подготовка;
20251208;16:14:57;-0,5;0,0;0,0;0,0;50,0;Подготовка;
20251208;16:15:02;-0,5;0,0;0,0;0,0;50,0;Подготовка;
20251208;16:15:07;-0,5;0,0;0,0;0,0;50,0;Подготовка;
20251208;16:15:12;-0,5;0,0;0,0;0,0;50,0;Подготовка;
20251208;16:15:17;-0,5;0,0;0,0;0,0;50,0;Подготовка;
20251208;16:15:22;-0,5;0,0;0,0;0,0;50,0;Подготовка;
20251208;16:15:27;-0,5;0,0;0,0;0,0;50,0;Подготовка;
20251208;16:15:32;-0,5;0,0;0,0;0,0;50,0;Подготовка;
20251208;16:15:37;-0,5;0,0;0,0;0,0;50,0;Подготовка;
20251208;16:15:42;-0,5;0,0;0,0;0,0;50,0;Подготовка;
20251208;16:15:47;-0,5;0,0;0,0;0,0;50,0;Подготовка;
20251208;16:15:52;-0,5;0,0;0,0;0,0;50,0;Подготовка;
20251208;16:15:57;-0,5;0,0;0,0;0,0;50,0;Подготовка;
20251208;16:16:02;-0,5;0,0;0,0;0,0;50,0;Подготовка;
20251208;16:16:07;-0,5;0,0;0,0;0,0;50,0;Подготовка;
20251208;16:16:13;-0,5;0,0;0,0;0,0;50,0;Подготовка;
20251208;16:16:18;-0,5;0,0;0,0;0,0;50,0;Подготовка;
20251208;16:16:23;-0,5;0,0;0,0;0,0;50,0;Подготовка;
20251208;16:16:28;-0,5;0,0;0,0;0,0;50,0;Подготовка;
20251208;16:16:33;-0,5;0,0;0,0;0,0;50,0;Подготовка;
20251208;16:16:38;-0,5;0,0;0,0;0,0;50,0;Подготовка;
20251208;16:16:43;-0,5;0,0;0,0;0,0;50,0;Подготовка;
20251208;16:16:48;-0,5;0,0;0,0;0,0;50,0;Подготовка;
20251208;16:16:53;-0,5;0,0;0,0;0,0;50,0;Подготовка;
20251208;16:16:58;-0,5;0,0;0,0;0,0;50,0;Подготовка;
20251208;16:17:03;-0,5;0,0;0,0;0,0;50,0;Подготовка;
20251208;16:17:08;-0,5;0,0;0,0;0,0;50,0;Подготовка;
20251208;16:17:13;-0,5;0,0;0,0;0,0;50,0;Подготовка;
20251208;16:17:18;-0,5;0,0;0,0;0,0;50,0;Подготовка;
20251208;16:17:23;-0,5;0,0;0,0;0,0;50,0;Подготовка;
20251208;16:17:28;-0,5;0,0;0,0;0,0;50,0;Подготовка;
20251208;16:17:33;-0,5;0,0;0,0;0,0;50,0;Подготовка;
20251208;16:17:38;-0,5;0,0;0,0;0,0;50,0;Подготовка;
20251208;16:17:43;-0,5;0,0;0,0;0,0;50,0;Подготовка;
20251208;16:17:48;-0,5;0,0;0,0;0,0;50,0;Подготовка;
20251208;16:17:53;-0,5;0,0;0,0;0,0;50,0;Подготовка;
20251208;16:17:58;-0,5;0,0;0,0;0,0;50,0;Подготовка;
20251208;16:18:03;-0,5;0,0;0,0;0,0;50,0;Подготовка;
20251208;16:18:08;-0,5;0,0;0,0;0,0;50,0;Подготовка;
20251208;16:18:13;-0,5;0,0;0,0;0,0;50,0;Подготовка;
20251208;16:18:19;-0,5;0,0;0,0;0,0;50,0;Подготовка;
20251208;16:18:24;-0,5;0,0;0,0;0,0;50,0;Подготовка;
20251208;16:18:29;-0,5;0,0;0,0;0,0;50,0;Подготовка;
20251208;16:18:34;-0,5;0,0;0,0;0,0;50,0;Подготовка;
20251208;16:18:39;-0,5;0,0;0,0;0,0;50,0;Подготовка;
20251208;16:18:44;-0,5;0,0;0,0;0,0;50,0;Подготовка;
20251208;16:18:49;-0,5;0,0;0,0;0,0;50,0;Подготовка;
20251208;16:18:54;-0,5;0,0;0,0;0,0;50,0;Подготовка;
20251208;16:18:59;-0,5;0,0;0,0;0,0;50,0;Подготовка;
20251208;16:19:04;-0,5;0,0;0,0;0,0;50,0;Подготовка;
20251208;16:19:09;-0,5;0,0;0,0;0,0;50,0;Подготовка;
20251208;16:19:14;-0,5;0,0;0,0;0,0;50,0;Подготовка;
20251208;16:19:19;-0,5;0,0;0,0;0,0;50,0;Подготовка;
20251208;16:19:24;-0,5;0,0;0,0;0,0;50,0;Подготовка;
20251208;16:19:29;-0,5;0,0;0,0;0,0;50,0;Подготовка;
20251208;16:19:34;-0,5;0,0;0,0;0,0;50,0;Подготовка;
20251208;16:19:39;-0,5;0,0;0,0;0,0;50,0;Подготовка;
20251208;16:19:44;-0,5;0,0;0,0;0,0;50,0;Подготовка;
20251208;16:19:49;-0,5;0,0;0,0;0,0;50,0;Подготовка;
20251208;16:19:54;-0,5;0,0;0,0;0,0;50,0;Подготовка;
20251208;16:19:59;-0,5;0,0;0,0;0,0;50,0;Подготовка;
20251208;16:20:04;-0,5;0,0;0,0;0,0;50,0;Подготовка;
20251208;16:20:09;-0,5;0,0;0,0;0,0;50,0;Подготовка;
20251208;16:20:14;-0,5;0,0;0,0;0,0;50,0;Подготовка;
20251208;16:20:19;-0,5;0,0;0,0;0,0;50,0;Подготовка;
20251208;16:20:25;-0,5;0,0;0,0;0,0;50,0;Подготовка;
20251208;16:20:30;-0,5;0,0;0,0;0,0;50,0;Подготовка;
20251208;16:20:35;-0,5;0,0;0,0;0,0;50,0;Подготовка;
20251208;16:20:40;-0,5;0,0;0,0;0,0;50,0;Подготовка;
20251208;16:20:45;-0,5;0,0;0,0;0,0;50,0;Подготовка;
20251208;16:20:50;-0,5;0,0;0,0;0,0;50,0;Подготовка;
20251208;16:20:55;-0,5;0,0;0,0;0,0;50,0;Подготовка;
20251208;16:21:00;-0,5;0,0;0,0;0,0;50,0;Подготовка;
20251208;16:21:05;-0,5;0,0;0,0;0,0;50,0;Подготовка;
20251208;16:21:10;-0,5;0,0;0,0;0,0;50,0;Подготовка;
20251208;16:21:15;-0,5;0,0;0,0;0,0;50,0;Подготовка;
20251208;16:21:20;-0,5;0,0;0,0;0,0;50,0;Подготовка;
20251208;16:21:25;-0,5;0,0;0,0;0,0;50,0;Подготовка;
20251208;16:21:30;-0,5;0,0;0,0;0,0;50,0;Подготовка;
20251208;16:21:35;-0,5;0,0;0,0;0,0;50,0;Подготовка;
20251208;16:21:40;-0,5;0,0;0,0;0,0;50,0;Подготовка;
20251208;16:21:45;-0,5;0,0;0,0;0,0;50,0;Подготовка;
20251208;16:21:50;-0,5;0,0;0,0;0,0;50,0;Подготовка;
20251208;16:21:55;-0,5;0,0;0,0;0,0;50,0;Подготовка;
20251208;16:22:00;-0,5;0,0;0,0;0,0;50,0;Подготовка;
20251208;16:22:05;-0,5;0,0;0,0;0,0;50,0;Подготовка;
20251208;16:22:10;-0,5;0,0;0,0;0,0;50,0;Подготовка;
20251208;16:22:15;-0,5;0,0;0,0;0,0;50,0;Подготовка;
20251208;16:22:20;-0,5;0,0;0,0;0,0;50,0;Подготовка;
20251208;16:22:25;-0,5;0,0;0,0;0,0;50,0;Подготовка;
20251208;16:22:31;-0,5;0,0;0,0;0,0;50,0;Подготовка;
20251208;16:22:36;-0,5;0,0;0,0;0,0;50,0;Подготовка;
20251208;16:22:41;-0,5;0,0;0,0;0,0;50,0;Подготовка;
20251208;16:22:46;-0,5;0,0;0,0;0,0;50,0;Подготовка;
20251208;16:22:51;-0,5;0,0;0,0;0,0;50,0;Подготовка;
20251208;16:22:56;-0,5;0,0;0,0;0,0;50,0;Подготовка;
20251208;16:23:01;-0,5;0,0;0,0;0,0;50,0;Подготовка;
20251208;16:23:06;-0,5;0,0;0,0;0,0;50,0;Подготовка;
20251208;16:23:11;-0,5;0,0;0,0;0,0;50,0;Подготовка;
20251208;16:23:16;-0,5;0,0;0,0;0,0;50,0;Подготовка;
20251208;16:23:21;-0,5;0,0;0,0;0,0;50,0;Подготовка;
20251208;16:23:26;-0,5;0,0;0,0;0,0;50,0;Подготовка;
20251208;16:23:31;-0,5;0,0;0,0;0,0;50,0;Подготовка;
20251208;16:23:36;-0,5;0,0;0,0;0,0;50,0;Подготовка;
20251208;16:23:41;-0,5;0,0;0,0;0,0;50,0;Подготовка;
20251208;16:23:46;-0,5;0,0;0,0;0,0;50,0;Подготовка;
20251208;16:23:51;-0,5;0,0;0,0;0,0;50,0;Подготовка;
20251208;16:23:56;-0,5;0,0;0,0;0,0;50,0;Подготовка;
20251208;16:24:01;-0,5;0,0;0,0;0,0;50,0;Подготовка;
20251208;16:24:06;-0,5;0,0;0,0;0,0;50,0;Подготовка;
20251208;16:24:11;-0,5;0,0;0,0;0,0;50,0;Подготовка;
20251208;16:24:16;-0,5;0,0;0,0;0,0;50,0;Подготовка;
20251208;16:24:21;-0,5;0,0;0,0;0,0;50,0;Подготовка;
20251208;16:24:26;-0,5;0,0;0,0;0,0;50,0;Подготовка;
20251208;16:24:31;-0,5;0,0;0,0;0,0;50,0;Подготовка;
20251208;16:24:37;-0,5;0,0;0,0;0,0;50,0;Подготовка;
20251208;16:24:42;-0,5;0,0;0,0;0,0;50,0;Подготовка;
20251208;16:24:47;-0,5;0,0;0,0;0,0;50,0;Подготовка;
20251208;16:24:52;-0,5;0,0;0,0;0,0;50,0;Подготовка;
20251208;16:24:57;-0,5;0,0;0,0;0,0;50,0;Подготовка;
20251208;16:25:02;-0,5;0,0;0,0;0,0;50,0;Подготовка;
20251208;16:25:07;-0,5;0,0;0,0;0,0;50,0;Подготовка;
20251208;16:25:12;-0,5;0,0;0,0;0,0;50,0;Подготовка;
20251208;16:25:17;-0,5;0,0;0,0;0,0;50,0;Подготовка;
20251208;16:25:22;-0,5;0,0;0,0;0,0;50,0;Подготовка;
20251208;16:25:27;-0,5;0,0;0,0;0,0;50,0;Подготовка;
20251208;16:25:32;-0,5;0,0;0,0;0,0;50,0;Подготовка;
20251208;16:25:37;-0,5;0,0;0,0;0,0;50,0;Подготовка;
20251208;16:25:42;-0,5;0,0;0,0;0,0;50,0;Подготовка;
20251208;16:25:47;-0,5;0,0;0,0;0,0;50,0;Подготовка;
20251208;16:25:52;-0,5;0,0;0,0;0,0;50,0;Подготовка;
20251208;16:25:57;-0,5;0,0;0,0;0,0;50,0;Подготовка;
20251208;16:26:02;-0,5;0,0;0,0;0,0;50,0;Подготовка;
20251208;16:26:07;-0,5;0,0;0,0;0,0;50,0;Подготовка;
20251208;16:26:12;-0,5;0,0;0,0;0,0;50,0;Подготовка;
20251208;16:26:17;-0,5;0,0;0,0;0,0;50,0;Подготовка;
20251208;16:26:22;-0,5;0,0;0,0;0,0;50,0;Подготовка;
20251208;16:26:27;-0,5;0,0;0,0;0,0;50,0;Подготовка;
20251208;16:26:32;-0,5;0,0;0,0;0,0;50,0;Подготовка;
20251208;16:26:37;-0,5;0,0;0,0;0,0;50,0;Подготовка;
20251208;16:26:43;-0,5;0,0;0,0;0,0;50,0;Подготовка;
20251208;16:26:48;-0,5;0,0;0,0;0,0;50,0;Подготовка;
20251208;16:26:53;-0,5;0,0;0,0;0,0;50,0;Подготовка;
20251208;16:26:58;-0,5;0,0;0,0;0,0;50,0;Подготовка;
20251208;16:27:03;-0,5;0,0;0,0;0,0;50,0;Подготовка;
20251208;16:27:08;-0,5;0,0;0,0;0,0;50,0;Подготовка;
20251208;16:27:13;-0,5;0,0;0,0;0,0;50,0;Подготовка;
20251208;16:27:18;-0,5;0,0;0,0;0,0;50,0;Подготовка;
20251208;16:27:23;-0,5;0,0;0,0;0,0;50,0;Подготовка;
20251208;16:27:28;-0,5;0,0;0,0;0,0;50,0;Подготовка;
20251208;16:27:33;-0,5;0,0;0,0;0,0;50,0;Подготовка;
20251208;16:27:38;-0,5;0,0;0,0;0,0;50,0;Подготовка;
20251208;16:27:43;-0,5;0,0;0,0;0,0;50,0;Подготовка;
20251208;16:27:48;-0,5;0,0;0,0;0,0;50,0;Подготовка;
20251208;16:27:53;-0,5;0,0;0,0;0,0;50,0;Подготовка;
20251208;16:27:58;-0,5;0,0;0,0;0,0;50,0;Подготовка;
20251208;16:28:03;-0,5;0,0;0,0;0,0;50,0;Подготовка;
20251208;16:28:08;-0,5;0,0;0,0;0,0;50,0;Подготовка;
20251208;16:28:13;-0,5;0,0;0,0;0,0;50,0;Подготовка;
20251208;16:28:18;-0,5;0,0;0,0;0,0;50,0;Подготовка;
20251208;16:28:23;-0,5;0,0;0,0;0,0;50,0;Подготовка;
20251208;16:28:28;-0,5;0,0;0,0;0,0;50,0;Подготовка;
20251208;16:28:33;-0,5;0,0;0,0;0,0;50,0;Подготовка;
20251208;16:28:38;-0,5;0,0;0,0;0,0;50,0;Подготовка;
20251208;16:28:43;-0,5;0,0;0,0;0,0;50,0;Подготовка;
20251208;16:28:49;-0,5;0,0;0,0;0,0;50,0;Подготовка;
20251208;16:28:54;-0,5;0,0;0,0;0,0;50,0;Подготовка;
20251208;16:28:59;-0,5;0,0;0,0;0,0;50,0;Подготовка;
20251208;16:29:04;-0,5;0,0;0,0;0,0;50,0;Подготовка;
20251208;16:29:09;-0,5;0,0;0,0;0,0;50,0;Подготовка;
20251208;16:29:14;-0,5;0,0;0,0;0,0;50,0;Подготовка;
20251208;16:29:19;-0,5;0,0;0,0;0,0;50,0;Подготовка;
20251208;16:29:24;-0,5;0,0;0,0;0,0;50,0;Подготовка;
20251208;16:29:29;-0,5;0,0;0,0;0,0;50,0;Подготовка;
20251208;16:29:34;-0,5;0,0;0,0;0,0;50,0;Подготовка;
20251208;16:29:39;-0,5;0,0;0,0;0,0;50,0;Подготовка;
20251208;16:29:44;-0,5;0,0;0,0;0,0;50,0;Подготовка;
20251208;16:29:49;-0,5;0,0;0,0;0,0;50,0;Подготовка;
20251208;16:29:54;-0,5;0,0;0,0;0,0;50,0;Подготовка;
20251208;16:29:59;-0,5;0,0;0,0;0,0;50,0;Подготовка;
20251208;16:30:04;-0,5;0,0;0,0;0,0;50,0;Подготовка;
20251208;16:30:09;-0,5;0,0;0,0;0,0;50,0;Подготовка;
20251208;16:30:14;-0,5;0,0;0,0;0,0;50,0;Подготовка;
20251208;16:30:19;-0,5;0,0;0,0;0,0;50,0;Подготовка;
20251208;16:30:24;-0,5;0,0;0,0;0,0;50,0;Подготовка;
20251208;16:30:29;-0,5;0,0;0,0;0,0;50,0;Подготовка;
20251208;16:30:34;-0,5;0,0;0,0;0,0;50,0;Подготовка;
20251208;16:30:39;-0,5;0,0;0,0;0,0;50,0;Подготовка;
20251208;16:30:44;-0,5;0,0;0,0;0,0;50,0;Подготовка;
20251208;16:30:49;-0,5;0,0;0,0;0,0;50,0;Подготовка;
20251208;16:30:55;-0,5;0,0;0,0;0,0;50,0;Подготовка;
20251208;16:31:00;-0,5;0,0;0,0;0,0;50,0;Подготовка;
20251208;16:31:05;-0,5;0,0;0,0;0,0;50,0;Подготовка;
20251208;16:31:10;-0,5;0,0;0,0;0,0;50,0;Подготовка;
20251208;16:31:15;-0,5;0,0;0,0;0,0;50,0;Подготовка;
20251208;16:31:20;-0,5;0,0;0,0;0,0;50,0;Подготовка;
20251208;16:31:25;-0,5;0,0;0,0;0,0;50,0;Подготовка;
20251208;16:31:30;-0,5;0,0;0,0;0,0;50,0;Подготовка;
20251208;16:31:35;-0,5;0,0;0,0;0,0;50,0;Подготовка;
20251208;16:31:40;-0,5;0,0;0,0;0,0;50,0;Подготовка;
20251208;16:31:45;-0,5;0,0;0,0;0,0;50,0;Подготовка;
20251208;16:31:50;-0,5;0,0;0,0;0,0;50,0;Подготовка;
20251208;16:31:55;-0,5;0,0;0,0;0,0;50,0;Подготовка;
20251208;16:32:00;-0,5;0,0;0,0;0,0;50,0;Подготовка;
20251208;16:32:05;-0,5;0,0;0,0;0,0;50,0;Подготовка;
Предприятие;
Объект;
Вид оборудования;
Дисп. наименование;
Тип;
Зав. номер;
Сер. номер;
Год выпуска;
Год ввода в эксплуатацию;
Дата отбора пробы;
Марка пробы;
Температура пробы;
DATE ;TIME ;TS_TEMP ;PROB_TEMP ;PROB_OTN_VL ;PROBE_VlAGOSOD ;SP ;STATUS ; 
20251208;16:32:22;-0,39;0,0;0,0;0,0;50,0;Включение;
20251208;16:32:27;-0,49;0,0;0,0;0,0;50,0;Включение;
20251208;16:32:32;-0,49;0,0;0,0;0,0;50,0;Подготовка;
20251208;16:32:37;-0,49;0,0;0,0;0,0;50,0;Подготовка;
20251208;16:32:42;-0,49;0,0;0,0;0,0;50,0;Подготовка;
20251208;16:32:47;-0,49;0,0;0,0;0,0;50,0;Подготовка;
20251208;16:32:52;-0,5;0,0;0,0;0,0;50,0;Подготовка;
20251208;16:32:57;-0,5;0,0;0,0;0,0;50,0;Подготовка;
20251208;16:33:02;-0,5;0,0;0,0;0,0;50,0;Подготовка;
20251208;16:33:07;-0,5;0,0;0,0;0,0;50,0;Подготовка;
20251208;16:33:12;-0,5;0,0;0,0;0,0;50,0;Подготовка;
20251208;16:33:18;-0,5;0,0;0,0;0,0;50,0;Подготовка;
20251208;16:33:23;-0,5;0,0;0,0;0,0;50,0;Подготовка;
20251208;16:33:28;-0,5;0,0;0,0;0,0;50,0;Подготовка;
20251208;16:33:33;-0,5;0,0;0,0;0,0;50,0;Подготовка;
20251208;16:33:38;-0,5;0,0;0,0;0,0;50,0;Подготовка;
20251208;16:33:43;-0,5;0,0;0,0;0,0;50,0;Подготовка;
20251208;16:33:48;-0,5;0,0;0,0;0,0;50,0;Подготовка;
20251208;16:33:53;-0,5;0,0;0,0;0,0;50,0;Подготовка;
20251208;16:33:58;-0,5;0,0;0,0;0,0;50,0;Подготовка;
20251208;16:34:03;-0,5;0,0;0,0;0,0;50,0;Подготовка;
20251208;16:34:08;-0,5;0,0;0,0;0,0;50,0;Подготовка;
20251208;16:34:13;-0,5;0,0;0,0;0,0;50,0;Подготовка;
20251208;16:34:18;-0,5;0,0;0,0;0,0;50,0;Подготовка;
20251208;16:34:23;-0,5;0,0;0,0;0,0;50,0;Подготовка;
20251208;16:34:28;-0,5;0,0;0,0;0,0;50,0;Подготовка;
20251208;16:34:33;-0,5;0,0;0,0;0,0;50,0;Подготовка;
20251208;16:34:38;-0,5;0,0;0,0;0,0;50,0;Подготовка;
20251208;16:34:43;-0,5;0,0;0,0;0,0;50,0;Подготовка;
20251208;16:34:48;-0,5;0,0;0,0;0,0;50,0;Подготовка;
20251208;16:34:53;-0,5;0,0;0,0;0,0;50,0;Подготовка;
20251208;16:34:58;-0,5;0,0;0,0;0,0;50,0;Подготовка;
20251208;16:35:03;-0,5;0,0;0,0;0,0;50,0;Подготовка;
20251208;16:35:08;-0,5;0,0;0,0;0,0;50,0;Подготовка;
20251208;16:35:13;-0,5;0,0;0,0;0,0;50,0;Подготовка;
20251208;16:35:18;-0,5;0,0;0,0;0,0;50,0;Подготовка;
20251208;16:35:24;-0,5;0,0;0,0;0,0;50,0;Подготовка;
20251208;16:35:29;-0,5;0,0;0,0;0,0;50,0;Подготовка;
20251208;16:35:34;-0,5;0,0;0,0;0,0;50,0;Подготовка;
20251208;16:35:39;-0,5;0,0;0,0;0,0;50,0;Подготовка;
20251208;16:35:44;-0,5;0,0;0,0;0,0;50,0;Подготовка;
20251208;16:35:49;-0,5;0,0;0,0;0,0;50,0;Подготовка;
20251208;16:35:54;-0,5;0,0;0,0;0,0;50,0;Подготовка;
20251208;16:35:59;-0,5;0,0;0,0;0,0;50,0;Подготовка;
20251208;16:36:04;-0,5;0,0;0,0;0,0;50,0;Подготовка;
20251208;16:36:09;-0,5;0,0;0,0;0,0;50,0;Подготовка;
20251208;16:36:14;-0,5;0,0;0,0;0,0;50,0;Подготовка;
20251208;16:36:19;-0,5;0,0;0,0;0,0;50,0;Подготовка;
20251208;16:36:24;-0,5;0,0;0,0;0,0;50,0;Подготовка;
20251208;16:36:29;-0,5;0,0;0,0;0,0;50,0;Подготовка;
20251208;16:36:34;-0,5;0,0;0,0;0,0;50,0;Подготовка;
20251208;16:36:39;-0,5;0,0;0,0;0,0;50,0;Подготовка;
20251208;16:36:44;-0,5;0,0;0,0;0,0;50,0;Подготовка;
20251208;16:36:49;-0,5;0,0;0,0;0,0;50,0;Подготовка;
20251208;16:36:54;-0,5;0,0;0,0;0,0;50,0;Подготовка;
20251208;16:36:59;-0,5;0,0;0,0;0,0;50,0;Подготовка;
20251208;16:37:04;-0,5;0,0;0,0;0,0;50,0;Подготовка;
20251208;16:37:09;-0,5;0,0;0,0;0,0;50,0;Подготовка;
20251208;16:37:14;-0,5;0,0;0,0;0,0;50,0;Подготовка;
20251208;16:37:19;-0,5;0,0;0,0;0,0;50,0;Подготовка;
20251208;16:37:24;-0,5;0,0;0,0;0,0;50,0;Подготовка;
20251208;16:37:30;-0,5;0,0;0,0;0,0;50,0;Подготовка;
20251208;16:37:35;-0,5;0,0;0,0;0,0;50,0;Подготовка;
20251208;16:37:40;-0,5;0,0;0,0;0,0;50,0;Подготовка;
20251208;16:37:45;-0,5;0,0;0,0;0,0;50,0;Подготовка;
20251208;16:37:50;-0,5;0,0;0,0;0,0;50,0;Подготовка;
20251208;16:37:55;-0,5;0,0;0,0;0,0;50,0;Подготовка;
20251208;16:38:00;-0,5;0,0;0,0;0,0;50,0;Подготовка;
20251208;16:38:05;-0,5;0,0;0,0;0,0;50,0;Подготовка;
20251208;16:38:10;-0,5;0,0;0,0;0,0;50,0;Подготовка;
20251208;16:38:15;-0,5;0,0;0,0;0,0;50,0;Подготовка;
20251208;16:38:20;-0,5;0,0;0,0;0,0;50,0;Подготовка;
20251208;16:38:25;-0,5;0,0;0,0;0,0;50,0;Подготовка;
20251208;16:38:30;-0,5;0,0;0,0;0,0;50,0;Подготовка;
20251208;16:38:35;-0,5;0,0;0,0;0,0;50,0;Подготовка;
20251208;16:38:40;-0,5;0,0;0,0;0,0;50,0;Подготовка;
20251208;16:38:45;-0,5;0,0;0,0;0,0;50,0;Подготовка;
20251208;16:38:50;-0,5;0,0;0,0;0,0;50,0;Подготовка;
20251208;16:38:55;-0,5;0,0;0,0;0,0;50,0;Подготовка;
20251208;16:39:00;-0,5;0,0;0,0;0,0;50,0;Подготовка;
20251208;16:39:05;-0,5;0,0;0,0;0,0;50,0;Подготовка;
20251208;16:39:10;-0,5;0,0;0,0;0,0;50,0;Подготовка;
20251208;16:39:15;-0,5;0,0;0,0;0,0;50,0;Подготовка;
20251208;16:39:20;-0,5;0,0;0,0;0,0;50,0;Подготовка;
20251208;16:39:25;-0,5;0,0;0,0;0,0;50,0;Подготовка;
20251208;16:39:30;-0,5;0,0;0,0;0,0;50,0;Подготовка;
20251208;16:39:36;-0,5;0,0;0,0;0,0;50,0;Подготовка;
20251208;16:39:41;-0,5;0,0;0,0;0,0;50,0;Подготовка;
20251208;16:39:46;-0,5;0,0;0,0;0,0;50,0;Подготовка;
20251208;16:39:51;-0,5;0,0;0,0;0,0;50,0;Подготовка;
20251208;16:39:56;-0,5;0,0;0,0;0,0;50,0;Подготовка;
20251208;16:40:01;-0,5;0,0;0,0;0,0;50,0;Подготовка;
20251208;16:40:06;-0,5;0,0;0,0;0,0;50,0;Подготовка;
20251208;16:40:11;-0,5;0,0;0,0;0,0;50,0;Подготовка;
20251208;16:40:16;-0,5;0,0;0,0;0,0;50,0;Подготовка;
20251208;16:40:21;-0,5;0,0;0,0;0,0;50,0;Подготовка;
20251208;16:40:26;-0,5;0,0;0,0;0,0;50,0;Подготовка;
20251208;16:40:31;-0,5;0,0;0,0;0,0;50,0;Подготовка;
20251208;16:40:36;-0,5;0,0;0,0;0,0;50,0;Подготовка;
20251208;16:40:41;-0,5;0,0;0,0;0,0;50,0;Подготовка;
20251208;16:40:46;-0,5;0,0;0,0;0,0;50,0;Подготовка;
20251208;16:40:51;-0,5;0,0;0,0;0,0;50,0;Подготовка;
20251208;16:40:56;-0,5;0,0;0,0;0,0;50,0;Подготовка;
20251208;16:41:01;-0,5;0,0;0,0;0,0;50,0;Подготовка;
20251208;16:41:06;-0,5;0,0;0,0;0,0;50,0;Подготовка;
20251208;16:41:11;-0,5;0,0;0,0;0,0;50,0;Подготовка;
20251208;16:41:16;-0,5;0,0;0,0;0,0;50,0;Подготовка;
20251208;16:41:21;-0,5;0,0;0,0;0,0;50,0;Подготовка;
20251208;16:41:26;-0,5;0,0;0,0;0,0;50,0;Подготовка;
20251208;16:41:31;-0,5;0,0;0,0;0,0;50,0;Подготовка;
20251208;16:41:36;-0,5;0,0;0,0;0,0;50,0;Подготовка;
20251208;16:41:42;-0,5;0,0;0,0;0,0;50,0;Подготовка;
20251208;16:41:47;-0,5;0,0;0,0;0,0;50,0;Подготовка;
20251208;16:41:52;-0,5;0,0;0,0;0,0;50,0;Подготовка;
20251208;16:41:57;-0,5;0,0;0,0;0,0;50,0;Подготовка;
20251208;16:42:02;-0,5;0,0;0,0;0,0;50,0;Подготовка;
20251208;16:42:07;-0,5;0,0;0,0;0,0;50,0;Подготовка;
20251208;16:42:12;-0,5;0,0;0,0;0,0;50,0;Подготовка;
20251208;16:42:17;-0,5;0,0;0,0;0,0;50,0;Подготовка;
20251208;16:42:22;-0,5;0,0;0,0;0,0;50,0;Подготовка;
20251208;16:42:27;-0,5;0,0;0,0;0,0;50,0;Подготовка;
20251208;16:42:32;-0,5;0,0;0,0;0,0;50,0;Подготовка;
20251208;16:42:37;-0,5;0,0;0,0;0,0;50,0;Подготовка;
20251208;16:42:42;-0,5;0,0;0,0;0,0;50,0;Подготовка;
20251208;16:42:47;-0,5;0,0;0,0;0,0;50,0;Подготовка;
20251208;16:42:52;-0,5;0,0;0,0;0,0;50,0;Подготовка;
20251208;16:42:57;-0,5;0,0;0,0;0,0;50,0;Подготовка;
20251208;16:43:02;-0,5;0,0;0,0;0,0;50,0;Подготовка;
20251208;16:43:07;-0,5;0,0;0,0;0,0;50,0;Подготовка;
20251208;16:43:12;-0,5;0,0;0,0;0,0;50,0;Подготовка;
20251208;16:43:17;-0,5;0,0;0,0;0,0;50,0;Подготовка;
20251208;16:43:22;-0,5;0,0;0,0;0,0;50,0;Подготовка;
20251208;16:43:27;-0,5;0,0;0,0;0,0;50,0;Подготовка;
20251208;16:43:32;-0,5;0,0;0,0;0,0;50,0;Подготовка;
20251208;16:43:37;-0,5;0,0;0,0;0,0;50,0;Подготовка;
20251208;16:43:42;-0,5;0,0;0,0;0,0;50,0;Подготовка;
20251208;16:43:48;-0,5;0,0;0,0;0,0;50,0;Подготовка;
20251208;16:43:53;-0,5;0,0;0,0;0,0;50,0;Подготовка;
20251208;16:43:58;-0,5;0,0;0,0;0,0;50,0;Подготовка;
20251208;16:44:03;-0,5;0,0;0,0;0,0;50,0;Подготовка;
20251208;16:44:08;-0,5;0,0;0,0;0,0;50,0;Подготовка;
20251208;16:44:13;-0,5;0,0;0,0;0,0;50,0;Подготовка;
20251208;16:44:18;-0,5;0,0;0,0;0,0;50,0;Подготовка;
20251208;16:44:23;-0,5;0,0;0,0;0,0;50,0;Подготовка;
20251208;16:44:28;-0,5;0,0;0,0;0,0;50,0;Подготовка;
20251208;16:44:33;-0,5;0,0;0,0;0,0;50,0;Подготовка;
20251208;16:44:38;-0,5;0,0;0,0;0,0;50,0;Подготовка;
20251208;16:44:43;-0,5;0,0;0,0;0,0;50,0;Подготовка;
20251208;16:44:48;-0,5;0,0;0,0;0,0;50,0;Подготовка;
20251208;16:44:53;-0,5;0,0;0,0;0,0;50,0;Подготовка;
20251208;16:44:58;-0,5;0,0;0,0;0,0;50,0;Подготовка;
20251208;16:45:03;-0,5;0,0;0,0;0,0;50,0;Подготовка;
20251208;16:45:08;-0,5;0,0;0,0;0,0;50,0;Подготовка;
20251208;16:45:13;-0,5;0,0;0,0;0,0;50,0;Подготовка;
20251208;16:45:18;-0,5;0,0;0,0;0,0;50,0;Подготовка;
20251208;16:45:23;-0,5;0,0;0,0;0,0;50,0;Подготовка;
20251208;16:45:28;-0,5;0,0;0,0;0,0;50,0;Подготовка;
20251208;16:45:33;-0,5;0,0;0,0;0,0;50,0;Подготовка;
20251208;16:45:38;-0,5;0,0;0,0;0,0;50,0;Подготовка;
20251208;16:45:43;-0,5;0,0;0,0;0,0;50,0;Подготовка;
20251208;16:45:48;-0,5;0,0;0,0;0,0;50,0;Подготовка;
20251208;16:45:54;-0,5;0,0;0,0;0,0;50,0;Подготовка;
20251208;16:45:59;-0,5;0,0;0,0;0,0;50,0;Подготовка;
20251208;16:46:04;-0,5;0,0;0,0;0,0;50,0;Подготовка;
20251208;16:46:09;-0,5;0,0;0,0;0,0;50,0;Подготовка;
20251208;16:46:14;-0,5;0,0;0,0;0,0;50,0;Подготовка;
20251208;16:46:19;-0,5;0,0;0,0;0,0;50,0;Подготовка;
20251208;16:46:24;-0,5;0,0;0,0;0,0;50,0;Подготовка;
20251208;16:46:29;-0,5;0,0;0,0;0,0;50,0;Подготовка;
20251208;16:46:34;-0,5;0,0;0,0;0,0;50,0;Подготовка;
20251208;16:46:39;-0,5;0,0;0,0;0,0;50,0;Подготовка;
20251208;16:46:44;-0,5;0,0;0,0;0,0;50,0;Подготовка;
20251208;16:46:49;-0,5;0,0;0,0;0,0;50,0;Подготовка;
20251208;16:46:54;-0,5;0,0;0,0;0,0;50,0;Подготовка;
20251208;16:46:59;-0,5;0,0;0,0;0,0;50,0;Подготовка;
20251208;16:47:04;-0,5;0,0;0,0;0,0;50,0;Подготовка;
20251208;16:47:09;-0,5;0,0;0,0;0,0;50,0;Подготовка;
20251208;16:47:14;-0,5;0,0;0,0;0,0;50,0;Подготовка;
20251208;16:47:19;-0,5;0,0;0,0;0,0;50,0;Подготовка;
20251208;16:47:24;-0,5;0,0;0,0;0,0;50,0;Подготовка;
20251208;16:47:29;-0,5;0,0;0,0;0,0;50,0;Подготовка;
20251208;16:47:34;-0,5;0,0;0,0;0,0;50,0;Подготовка;
20251208;16:47:39;-0,5;0,0;0,0;0,0;50,0;Подготовка;
20251208;16:47:44;-0,5;0,0;0,0;0,0;50,0;Подготовка;
20251208;16:47:49;-0,5;0,0;0,0;0,0;50,0;Подготовка;
20251208;16:47:54;-0,5;0,0;0,0;0,0;50,0;Подготовка;
20251208;16:48:00;-0,5;0,0;0,0;0,0;50,0;Подготовка;
20251208;16:48:05;-0,5;0,0;0,0;0,0;50,0;Подготовка;
20251208;16:48:10;-0,5;0,0;0,0;0,0;50,0;Подготовка;
20251208;16:48:15;-0,5;0,0;0,0;0,0;50,0;Подготовка;
20251208;16:48:20;-0,5;0,0;0,0;0,0;50,0;Подготовка;
20251208;16:48:25;-0,5;0,0;0,0;0,0;50,0;Подготовка;
20251208;16:48:30;-0,5;0,0;0,0;0,0;50,0;Подготовка;
20251208;16:48:35;-0,5;0,0;0,0;0,0;50,0;Подготовка;
20251208;16:48:40;-0,5;0,0;0,0;0,0;50,0;Подготовка;
20251208;16:48:45;-0,5;0,0;0,0;0,0;50,0;Подготовка;
20251208;16:48:50;-0,5;0,0;0,0;0,0;50,0;Подготовка;
20251208;16:48:55;-0,5;0,0;0,0;0,0;50,0;Подготовка;
20251208;16:49:00;-0,5;0,0;0,0;0,0;50,0;Подготовка;
20251208;16:49:05;-0,5;0,0;0,0;0,0;50,0;Подготовка;
20251208;16:49:10;-0,5;0,0;0,0;0,0;50,0;Подготовка;
20251208;16:49:15;-0,5;0,0;0,0;0,0;50,0;Подготовка;
20251208;16:49:20;-0,5;0,0;0,0;0,0;50,0;Подготовка;
20251208;16:49:25;-0,5;0,0;0,0;0,0;50,0;Подготовка;
20251208;16:49:30;-0,5;0,0;0,0;0,0;50,0;Подготовка;
20251208;16:49:35;-0,5;0,0;0,0;0,0;50,0;Подготовка;
20251208;16:49:40;-0,5;0,0;0,0;0,0;50,0;Подготовка;
20251208;16:49:45;-0,5;0,0;0,0;0,0;50,0;Подготовка;
20251208;16:49:50;-0,5;0,0;0,0;0,0;50,0;Подготовка;
20251208;16:49:55;-0,5;0,0;0,0;0,0;50,0;Подготовка;
20251208;16:50:00;-0,5;0,0;0,0;0,0;50,0;Подготовка;
20251208;16:50:06;-0,5;0,0;0,0;0,0;50,0;Подготовка;
20251208;16:50:11;-0,5;0,0;0,0;0,0;50,0;Подготовка;
20251208;16:50:16;-0,5;0,0;0,0;0,0;50,0;Подготовка;
20251208;16:50:21;-0,5;0,0;0,0;0,0;50,0;Подготовка;
20251208;16:50:26;-0,5;0,0;0,0;0,0;50,0;Подготовка;
20251208;16:50:31;-0,5;0,0;0,0;0,0;50,0;Подготовка;
20251208;16:50:36;-0,5;0,0;0,0;0,0;50,0;Подготовка;
20251208;16:50:41;-0,5;0,0;0,0;0,0;50,0;Подготовка;
20251208;16:50:46;-0,5;0,0;0,0;0,0;50,0;Подготовка;
20251208;16:50:51;-0,5;0,0;0,0;0,0;50,0;Подготовка;
20251208;16:50:56;-0,5;0,0;0,0;0,0;50,0;Подготовка;
20251208;16:51:01;-0,5;0,0;0,0;0,0;50,0;Подготовка;
20251208;16:51:06;-0,5;0,0;0,0;0,0;50,0;Подготовка;
20251208;16:51:11;-0,5;0,0;0,0;0,0;50,0;Подготовка;
20251208;16:51:16;-0,5;0,0;0,0;0,0;50,0;Подготовка;
20251208;16:51:21;-0,5;0,0;0,0;0,0;50,0;Подготовка;
20251208;16:51:26;-0,5;0,0;0,0;0,0;50,0;Подготовка;
20251208;16:51:31;-0,5;0,0;0,0;0,0;50,0;Подготовка;
20251208;16:51:36;-0,5;0,0;0,0;0,0;50,0;Подготовка;
20251208;16:51:41;-0,5;0,0;0,0;0,0;50,0;Подготовка;
20251208;16:51:46;-0,5;0,0;0,0;0,0;50,0;Подготовка;
20251208;16:51:51;-0,5;0,0;0,0;0,0;50,0;Подготовка;
20251208;16:51:56;-0,5;0,0;0,0;0,0;50,0;Подготовка;
20251208;16:52:01;-0,5;0,0;0,0;0,0;50,0;Подготовка;
20251208;16:52:06;-0,5;0,0;0,0;0,0;50,0;Подготовка;
20251208;16:52:12;-0,5;0,0;0,0;0,0;50,0;Подготовка;
20251208;16:52:17;-0,5;0,0;0,0;0,0;50,0;Подготовка;
20251208;16:52:22;-0,5;0,0;0,0;0,0;50,0;Подготовка;
20251208;16:52:27;-0,5;0,0;0,0;0,0;50,0;Подготовка;
20251208;16:52:32;-0,5;0,0;0,0;0,0;50,0;Подготовка;
20251208;16:52:37;-0,5;0,0;0,0;0,0;50,0;Подготовка;
20251208;16:52:42;-0,5;0,0;0,0;0,0;50,0;Подготовка;
20251208;16:52:47;-0,5;0,0;0,0;0,0;50,0;Подготовка;
20251208;16:52:52;-0,5;0,0;0,0;0,0;50,0;Подготовка;
20251208;16:52:57;-0,5;0,0;0,0;0,0;50,0;Подготовка;
20251208;16:53:02;-0,5;0,0;0,0;0,0;50,0;Подготовка;
20251208;16:53:07;-0,5;0,0;0,0;0,0;50,0;Подготовка;
20251208;16:53:12;-0,5;0,0;0,0;0,0;50,0;Подготовка;
20251208;16:53:17;-0,5;0,0;0,0;0,0;50,0;Подготовка;
20251208;16:53:22;-0,5;0,0;0,0;0,0;50,0;Подготовка;
20251208;16:53:27;-0,5;0,0;0,0;0,0;50,0;Подготовка;
20251208;16:53:32;-0,5;0,0;0,0;0,0;50,0;Подготовка;
20251208;16:53:37;-0,5;0,0;0,0;0,0;50,0;Подготовка;
20251208;16:53:42;-0,5;0,0;0,0;0,0;50,0;Подготовка;
20251208;16:53:47;-0,5;0,0;0,0;0,0;50,0;Подготовка;
20251208;16:53:52;-0,5;0,0;0,0;0,0;50,0;Подготовка;
20251208;16:53:57;-0,5;0,0;0,0;0,0;50,0;Подготовка;
20251208;16:54:02;-0,5;0,0;0,0;0,0;50,0;Подготовка;
20251208;16:54:07;-0,5;0,0;0,0;0,0;50,0;Подготовка;
20251208;16:54:12;-0,5;0,0;0,0;0,0;50,0;Подготовка;
20251208;16:54:18;-0,5;0,0;0,0;0,0;50,0;Подготовка;
20251208;16:54:23;-0,5;0,0;0,0;0,0;50,0;Подготовка;
20251208;16:54:28;-0,5;0,0;0,0;0,0;50,0;Подготовка;
20251208;16:54:33;-0,5;0,0;0,0;0,0;50,0;Подготовка;
20251208;16:54:38;-0,5;0,0;0,0;0,0;50,0;Подготовка;
20251208;16:54:43;-0,5;0,0;0,0;0,0;50,0;Подготовка;
20251208;16:54:48;-0,5;0,0;0,0;0,0;50,0;Подготовка;
20251208;16:54:53;-0,5;0,0;0,0;0,0;50,0;Подготовка;
20251208;16:54:58;-0,5;0,0;0,0;0,0;50,0;Подготовка;
20251208;16:55:03;-0,5;0,0;0,0;0,0;50,0;Подготовка;
20251208;16:55:08;-0,5;0,0;0,0;0,0;50,0;Подготовка;
20251208;16:55:13;-0,5;0,0;0,0;0,0;50,0;Подготовка;
20251208;16:55:18;-0,5;0,0;0,0;0,0;50,0;Подготовка;
20251208;16:55:23;-0,5;0,0;0,0;0,0;50,0;Подготовка;
20251208;16:55:28;-0,5;0,0;0,0;0,0;50,0;Подготовка;
20251208;16:55:33;-0,5;0,0;0,0;0,0;50,0;Подготовка;
20251208;16:55:38;-0,5;0,0;0,0;0,0;50,0;Подготовка;
20251208;16:55:43;-0,5;0,0;0,0;0,0;50,0;Подготовка;
20251208;16:55:48;-0,5;0,0;0,0;0,0;50,0;Подготовка;
20251208;16:55:53;-0,5;0,0;0,0;0,0;50,0;Подготовка;
20251208;16:55:58;-0,5;0,0;0,0;0,0;50,0;Подготовка;
20251208;16:56:03;-0,5;0,0;0,0;0,0;50,0;Подготовка;
20251208;16:56:08;-0,5;0,0;0,0;0,0;50,0;Подготовка;
20251208;16:56:13;-0,5;0,0;0,0;0,0;50,0;Подготовка;
20251208;16:56:18;-0,5;0,0;0,0;0,0;50,0;Подготовка;
20251208;16:56:24;-0,5;0,0;0,0;0,0;50,0;Подготовка;
20251208;16:56:29;-0,5;0,0;0,0;0,0;50,0;Подготовка;
20251208;16:56:34;-0,5;0,0;0,0;0,0;50,0;Подготовка;
20251208;16:56:39;-0,5;0,0;0,0;0,0;50,0;Подготовка;
20251208;16:56:44;-0,5;0,0;0,0;0,0;50,0;Подготовка;
20251208;16:56:49;-0,5;0,0;0,0;0,0;50,0;Подготовка;
20251208;16:56:54;-0,5;0,0;0,0;0,0;50,0;Подготовка;
20251208;16:56:59;-0,5;0,0;0,0;0,0;50,0;Подготовка;
20251208;16:57:04;-0,5;0,0;0,0;0,0;50,0;Подготовка;
20251208;16:57:09;-0,5;0,0;0,0;0,0;50,0;Подготовка;
20251208;16:57:14;-0,5;0,0;0,0;0,0;50,0;Подготовка;
20251208;16:57:19;-0,5;0,0;0,0;0,0;50,0;Подготовка;
20251208;16:57:24;-0,5;0,0;0,0;0,0;50,0;Подготовка;
20251208;16:57:29;-0,5;0,0;0,0;0,0;50,0;Подготовка;
20251208;16:57:34;-0,5;0,0;0,0;0,0;50,0;Подготовка;
20251208;16:57:39;-0,5;0,0;0,0;0,0;50,0;Подготовка;
20251208;16:57:44;-0,5;0,0;0,0;0,0;50,0;Подготовка;
20251208;16:57:49;-0,5;0,0;0,0;0,0;50,0;Подготовка;
20251208;16:57:54;-0,5;0,0;0,0;0,0;50,0;Подготовка;
20251208;16:57:59;-0,5;0,0;0,0;0,0;50,0;Подготовка;
20251208;16:58:04;-0,5;0,0;0,0;0,0;50,0;Подготовка;
20251208;16:58:09;-0,5;0,0;0,0;0,0;50,0;Подготовка;
20251208;16:58:14;-0,5;0,0;0,0;0,0;50,0;Подготовка;
20251208;16:58:19;-0,5;0,0;0,0;0,0;50,0;Подготовка;
20251208;16:58:24;-0,5;0,0;0,0;0,0;50,0;Подготовка;
20251208;16:58:30;-0,5;0,0;0,0;0,0;50,0;Подготовка;
20251208;16:58:35;-0,5;0,0;0,0;0,0;50,0;Подготовка;
20251208;16:58:40;-0,5;0,0;0,0;0,0;50,0;Подготовка;
20251208;16:58:45;-0,5;0,0;0,0;0,0;50,0;Подготовка;
20251208;16:58:50;-0,5;0,0;0,0;0,0;50,0;Подготовка;
20251208;16:58:55;-0,5;0,0;0,0;0,0;50,0;Подготовка;
20251208;16:59:00;-0,5;0,0;0,0;0,0;50,0;Подготовка;
20251208;16:59:05;-0,5;0,0;0,0;0,0;50,0;Подготовка;
20251208;16:59:10;-0,5;0,0;0,0;0,0;50,0;Подготовка;
20251208;16:59:15;-0,5;0,0;0,0;0,0;50,0;Подготовка;
20251208;16:59:20;-0,5;0,0;0,0;0,0;50,0;Подготовка;
20251208;16:59:25;-0,5;0,0;0,0;0,0;50,0;Подготовка;
20251208;16:59:30;-0,5;0,0;0,0;0,0;50,0;Подготовка;
20251208;16:59:35;-0,5;0,0;0,0;0,0;50,0;Подготовка;
20251208;16:59:40;-0,5;0,0;0,0;0,0;50,0;Подготовка;
20251208;16:59:45;-0,5;0,0;0,0;0,0;50,0;Подготовка;
20251208;16:59:50;-0,5;0,0;0,0;0,0;50,0;Подготовка;
20251208;16:59:55;-0,5;0,0;0,0;0,0;50,0;Подготовка;
20251208;17:00:00;-0,5;0,0;0,0;0,0;50,0;Подготовка;
20251208;17:00:05;-0,5;0,0;0,0;0,0;50,0;Подготовка;
20251208;17:00:10;-0,5;0,0;0,0;0,0;50,0;Подготовка;
20251208;17:00:15;-0,5;0,0;0,0;0,0;50,0;Подготовка;
20251208;17:00:20;-0,5;0,0;0,0;0,0;50,0;Подготовка;
20251208;17:00:25;-0,5;0,0;0,0;0,0;50,0;Подготовка;
20251208;17:00:30;-0,5;0,0;0,0;0,0;50,0;Подготовка;
20251208;17:00:36;-0,5;0,0;0,0;0,0;50,0;Подготовка;
20251208;17:00:41;-0,5;0,0;0,0;0,0;50,0;Подготовка;
20251208;17:00:46;-0,5;0,0;0,0;0,0;50,0;Подготовка;
20251208;17:00:51;-0,5;0,0;0,0;0,0;50,0;Подготовка;
20251208;17:00:56;-0,5;0,0;0,0;0,0;50,0;Подготовка;
20251208;17:01:01;-0,5;0,0;0,0;0,0;50,0;Подготовка;
20251208;17:01:06;-0,5;0,0;0,0;0,0;50,0;Подготовка;
20251208;17:01:11;-0,5;0,0;0,0;0,0;50,0;Подготовка;
20251208;17:01:16;-0,5;0,0;0,0;0,0;50,0;Подготовка;
20251208;17:01:21;-0,5;0,0;0,0;0,0;50,0;Подготовка;
20251208;17:01:26;-0,5;0,0;0,0;0,0;50,0;Подготовка;
20251208;17:01:31;-0,5;0,0;0,0;0,0;50,0;Подготовка;
20251208;17:01:36;-0,5;0,0;0,0;0,0;50,0;Подготовка;
20251208;17:01:41;-0,5;0,0;0,0;0,0;50,0;Подготовка;
20251208;17:01:46;-0,5;0,0;0,0;0,0;50,0;Подготовка;
20251208;17:01:51;-0,5;0,0;0,0;0,0;50,0;Подготовка;
20251208;17:01:56;-0,5;0,0;0,0;0,0;50,0;Подготовка;
20251208;17:02:01;-0,5;0,0;0,0;0,0;50,0;Подготовка;
20251208;17:02:06;-0,5;0,0;0,0;0,0;50,0;Подготовка;
20251208;17:02:11;-0,5;0,0;0,0;0,0;50,0;Подготовка;
20251208;17:02:16;-0,5;0,0;0,0;0,0;50,0;Подготовка;
20251208;17:02:21;-0,5;0,0;0,0;0,0;50,0;Подготовка;
20251208;17:02:26;-0,5;0,0;0,0;0,0;50,0;Подготовка;
20251208;17:02:31;-0,5;0,0;0,0;0,0;50,0;Подготовка;
20251208;17:02:36;-0,5;0,0;0,0;0,0;50,0;Подготовка;
20251208;17:02:42;-0,5;0,0;0,0;0,0;50,0;Подготовка;
20251208;17:02:47;-0,5;0,0;0,0;0,0;50,0;Подготовка;
20251208;17:02:52;-0,5;0,0;0,0;0,0;50,0;Подготовка;
20251208;17:02:57;-0,5;0,0;0,0;0,0;50,0;Подготовка;
20251208;17:03:02;-0,5;0,0;0,0;0,0;50,0;Подготовка;
20251208;17:03:07;-0,5;0,0;0,0;0,0;50,0;Подготовка;
20251208;17:03:12;-0,5;0,0;0,0;0,0;50,0;Подготовка;
20251208;17:03:17;-0,5;0,0;0,0;0,0;50,0;Подготовка;
20251208;17:03:22;-0,5;0,0;0,0;0,0;50,0;Подготовка;
20251208;17:03:27;-0,5;0,0;0,0;0,0;50,0;Подготовка;
20251208;17:03:32;-0,5;0,0;0,0;0,0;50,0;Подготовка;
20251208;17:03:37;-0,5;0,0;0,0;0,0;50,0;Подготовка;
20251208;17:03:42;-0,5;0,0;0,0;0,0;50,0;Подготовка;
20251208;17:03:47;-0,5;0,0;0,0;0,0;50,0;Подготовка;
20251208;17:03:52;-0,5;0,0;0,0;0,0;50,0;Подготовка;
20251208;17:03:57;-0,5;0,0;0,0;0,0;50,0;Подготовка;
20251208;17:04:02;-0,5;0,0;0,0;0,0;50,0;Подготовка;
20251208;17:04:07;-0,5;0,0;0,0;0,0;50,0;Подготовка;
20251208;17:04:12;-0,5;0,0;0,0;0,0;50,0;Подготовка;
20251208;17:04:17;-0,5;0,0;0,0;0,0;50,0;Подготовка;
20251208;17:04:22;-0,5;0,0;0,0;0,0;50,0;Подготовка;
20251208;17:04:27;-0,5;0,0;0,0;0,0;50,0;Подготовка;
20251208;17:04:32;-0,5;0,0;0,0;0,0;50,0;Подготовка;
20251208;17:04:37;-0,5;0,0;0,0;0,0;50,0;Подготовка;
20251208;17:04:42;-0,5;0,0;0,0;0,0;50,0;Подготовка;
20251208;17:04:48;-0,5;0,0;0,0;0,0;50,0;Подготовка;
20251208;17:04:53;-0,5;0,0;0,0;0,0;50,0;Подготовка;
20251208;17:04:58;-0,5;0,0;0,0;0,0;50,0;Подготовка;
20251208;17:05:03;-0,5;0,0;0,0;0,0;50,0;Подготовка;
20251208;17:05:08;-0,5;0,0;0,0;0,0;50,0;Подготовка;
20251208;17:05:13;-0,5;0,0;0,0;0,0;50,0;Подготовка;
20251208;17:05:18;-0,5;0,0;0,0;0,0;50,0;Подготовка;
20251208;17:05:23;-0,5;0,0;0,0;0,0;50,0;Подготовка;
20251208;17:05:28;-0,5;0,0;0,0;0,0;50,0;Подготовка;
20251208;17:05:33;-0,5;0,0;0,0;0,0;50,0;Подготовка;
20251208;17:05:38;-0,5;0,0;0,0;0,0;50,0;Подготовка;
20251208;17:05:43;-0,5;0,0;0,0;0,0;50,0;Подготовка;
20251208;17:05:48;-0,5;0,0;0,0;0,0;50,0;Подготовка;
20251208;17:05:53;-0,5;0,0;0,0;0,0;50,0;Подготовка;
20251208;17:05:58;-0,5;0,0;0,0;0,0;50,0;Подготовка;
20251208;17:06:03;-0,5;0,0;0,0;0,0;50,0;Подготовка;
20251208;17:06:08;-0,5;0,0;0,0;0,0;50,0;Подготовка;
20251208;17:06:13;-0,5;0,0;0,0;0,0;50,0;Подготовка;
20251208;17:06:18;-0,5;0,0;0,0;0,0;50,0;Подготовка;
20251208;17:06:23;-0,5;0,0;0,0;0,0;50,0;Подготовка;
20251208;17:06:28;-0,5;0,0;0,0;0,0;50,0;Подготовка;
20251208;17:06:33;-0,5;0,0;0,0;0,0;50,0;Подготовка;
20251208;17:06:38;-0,5;0,0;0,0;0,0;50,0;Подготовка;
20251208;17:06:43;-0,5;0,0;0,0;0,0;50,0;Подготовка;
20251208;17:06:48;-0,5;0,0;0,0;0,0;50,0;Подготовка;
20251208;17:06:54;-0,5;0,0;0,0;0,0;50,0;Подготовка;
20251208;17:06:59;-0,5;0,0;0,0;0,0;50,0;Подготовка;
20251208;17:07:04;-0,5;0,0;0,0;0,0;50,0;Подготовка;
20251208;17:07:09;-0,5;0,0;0,0;0,0;50,0;Подготовка;
20251208;17:07:14;-0,5;0,0;0,0;0,0;50,0;Подготовка;
20251208;17:07:19;-0,5;0,0;0,0;0,0;50,0;Подготовка;
20251208;17:07:24;-0,5;0,0;0,0;0,0;50,0;Подготовка;
20251208;17:07:29;-0,5;0,0;0,0;0,0;50,0;Подготовка;
20251208;17:07:34;-0,5;0,0;0,0;0,0;50,0;Подготовка;
20251208;17:07:39;-0,5;0,0;0,0;0,0;50,0;Подготовка;
20251208;17:07:44;-0,5;0,0;0,0;0,0;50,0;Подготовка;
20251208;17:07:49;-0,5;0,0;0,0;0,0;50,0;Подготовка;
20251208;17:07:54;-0,5;0,0;0,0;0,0;50,0;Подготовка;
20251208;17:07:59;-0,5;0,0;0,0;0,0;50,0;Подготовка;
20251208;17:08:04;-0,5;0,0;0,0;0,0;50,0;Подготовка;
20251208;17:08:09;-0,5;0,0;0,0;0,0;50,0;Подготовка;
20251208;17:08:14;-0,5;0,0;0,0;0,0;50,0;Подготовка;
20251208;17:08:19;-0,5;0,0;0,0;0,0;50,0;Подготовка;
20251208;17:08:24;-0,5;0,0;0,0;0,0;50,0;Подготовка;
20251208;17:08:29;-0,5;0,0;0,0;0,0;50,0;Подготовка;
20251208;17:08:34;-0,5;0,0;0,0;0,0;50,0;Подготовка;
20251208;17:08:39;-0,5;0,0;0,0;0,0;50,0;Подготовка;
20251208;17:08:44;-0,5;0,0;0,0;0,0;50,0;Подготовка;
20251208;17:08:49;-0,5;0,0;0,0;0,0;50,0;Подготовка;
20251208;17:08:54;-0,5;0,0;0,0;0,0;50,0;Подготовка;
20251208;17:09:00;-0,5;0,0;0,0;0,0;50,0;Подготовка;
20251208;17:09:05;-0,5;0,0;0,0;0,0;50,0;Подготовка;
20251208;17:09:10;-0,5;0,0;0,0;0,0;50,0;Подготовка;
20251208;17:09:15;-0,5;0,0;0,0;0,0;50,0;Подготовка;
20251208;17:09:20;-0,5;0,0;0,0;0,0;50,0;Подготовка;
20251208;17:09:25;-0,5;0,0;0,0;0,0;50,0;Подготовка;
20251208;17:09:30;-0,5;0,0;0,0;0,0;50,0;Подготовка;
20251208;17:09:35;-0,5;0,0;0,0;0,0;50,0;Подготовка;
20251208;17:09:40;-0,5;0,0;0,0;0,0;50,0;Подготовка;
20251208;17:09:45;-0,5;0,0;0,0;0,0;50,0;Подготовка;
20251208;17:09:50;-0,5;0,0;0,0;0,0;50,0;Подготовка;
20251208;17:09:55;-0,5;0,0;0,0;0,0;50,0;Подготовка;
20251208;17:10:00;-0,5;0,0;0,0;0,0;50,0;Подготовка;
20251208;17:10:05;-0,5;0,0;0,0;0,0;50,0;Подготовка;
20251208;17:10:10;-0,5;0,0;0,0;0,0;50,0;Подготовка;
20251208;17:10:15;-0,5;0,0;0,0;0,0;50,0;Подготовка;
20251208;17:10:20;-0,5;0,0;0,0;0,0;50,0;Подготовка;
20251208;17:10:25;-0,5;0,0;0,0;0,0;50,0;Подготовка;
20251208;17:10:30;-0,5;0,0;0,0;0,0;50,0;Подготовка;
20251208;17:10:35;-0,5;0,0;0,0;0,0;50,0;Подготовка;
20251208;17:10:40;-0,5;0,0;0,0;0,0;50,0;Подготовка;
20251208;17:10:45;-0,5;0,0;0,0;0,0;50,0;Подготовка;
20251208;17:10:50;-0,5;0,0;0,0;0,0;50,0;Подготовка;
20251208;17:10:55;-0,5;0,0;0,0;0,0;50,0;Подготовка;
20251208;17:11:00;-0,5;0,0;0,0;0,0;50,0;Подготовка;
20251208;17:11:06;-0,5;0,0;0,0;0,0;50,0;Подготовка;
20251208;17:11:11;-0,5;0,0;0,0;0,0;50,0;Подготовка;
20251208;17:11:16;-0,5;0,0;0,0;0,0;50,0;Подготовка;
20251208;17:11:21;-0,5;0,0;0,0;0,0;50,0;Подготовка;
20251208;17:11:26;-0,5;0,0;0,0;0,0;50,0;Подготовка;
20251208;17:11:31;-0,5;0,0;0,0;0,0;50,0;Подготовка;
20251208;17:11:36;-0,5;0,0;0,0;0,0;50,0;Подготовка;
20251208;17:11:41;-0,5;0,0;0,0;0,0;50,0;Подготовка;
20251208;17:11:46;-0,5;0,0;0,0;0,0;50,0;Подготовка;
20251208;17:11:51;-0,5;0,0;0,0;0,0;50,0;Подготовка;
20251208;17:11:56;-0,5;0,0;0,0;0,0;50,0;Подготовка;
20251208;17:12:01;-0,5;0,0;0,0;0,0;50,0;Подготовка;
20251208;17:12:06;-0,5;0,0;0,0;0,0;50,0;Подготовка;
20251208;17:12:11;-0,5;0,0;0,0;0,0;50,0;Подготовка;
20251208;17:12:16;-0,5;0,0;0,0;0,0;50,0;Подготовка;
20251208;17:12:21;-0,5;0,0;0,0;0,0;50,0;Подготовка;
20251208;17:12:26;-0,5;0,0;0,0;0,0;50,0;Подготовка;
20251208;17:12:31;-0,5;0,0;0,0;0,0;50,0;Подготовка;
20251208;17:12:36;-0,5;0,0;0,0;0,0;50,0;Подготовка;
20251208;17:12:41;-0,5;0,0;0,0;0,0;50,0;Подготовка;
20251208;17:12:46;-0,5;0,0;0,0;0,0;50,0;Подготовка;
20251208;17:12:51;-0,5;0,0;0,0;0,0;50,0;Подготовка;
20251208;17:12:56;-0,5;0,0;0,0;0,0;50,0;Подготовка;
20251208;17:13:01;-0,5;0,0;0,0;0,0;50,0;Подготовка;
20251208;17:13:06;-0,5;0,0;0,0;0,0;50,0;Подготовка;
20251208;17:13:12;-0,5;0,0;0,0;0,0;50,0;Подготовка;
20251208;17:13:17;-0,5;0,0;0,0;0,0;50,0;Подготовка;
20251208;17:13:22;-0,5;0,0;0,0;0,0;50,0;Подготовка;
20251208;17:13:27;-0,5;0,0;0,0;0,0;50,0;Подготовка;
20251208;17:13:32;-0,5;0,0;0,0;0,0;50,0;Подготовка;
20251208;17:13:37;-0,5;0,0;0,0;0,0;50,0;Подготовка;
20251208;17:13:42;-0,5;0,0;0,0;0,0;50,0;Подготовка;
20251208;17:13:47;-0,5;0,0;0,0;0,0;50,0;Подготовка;
20251208;17:13:52;-0,5;0,0;0,0;0,0;50,0;Подготовка;
20251208;17:13:57;-0,5;0,0;0,0;0,0;50,0;Подготовка;
20251208;17:14:02;-0,5;0,0;0,0;0,0;50,0;Подготовка;
20251208;17:14:07;-0,5;0,0;0,0;0,0;50,0;Подготовка;
20251208;17:14:12;-0,5;0,0;0,0;0,0;50,0;Подготовка;
20251208;17:14:17;-0,5;0,0;0,0;0,0;50,0;Подготовка;
20251208;17:14:22;-0,5;0,0;0,0;0,0;50,0;Подготовка;
20251208;17:14:27;-0,5;0,0;0,0;0,0;50,0;Подготовка;
20251208;17:14:32;-0,5;0,0;0,0;0,0;50,0;Подготовка;
20251208;17:14:37;-0,5;0,0;0,0;0,0;50,0;Подготовка;
20251208;17:14:42;-0,5;0,0;0,0;0,0;50,0;Подготовка;
20251208;17:14:47;-0,5;0,0;0,0;0,0;50,0;Подготовка;
20251208;17:14:52;-0,5;0,0;0,0;0,0;50,0;Подготовка;
20251208;17:14:57;-0,5;0,0;0,0;0,0;50,0;Подготовка;
20251208;17:15:02;-0,5;0,0;0,0;0,0;50,0;Подготовка;
20251208;17:15:07;-0,5;0,0;0,0;0,0;50,0;Подготовка;
20251208;17:15:12;-0,5;0,0;0,0;0,0;50,0;Подготовка;
20251208;17:15:18;-0,5;0,0;0,0;0,0;50,0;Подготовка;
20251208;17:15:23;-0,5;0,0;0,0;0,0;50,0;Подготовка;
20251208;17:15:28;-0,5;0,0;0,0;0,0;50,0;Подготовка;
20251208;17:15:33;-0,5;0,0;0,0;0,0;50,0;Подготовка;
20251208;17:15:38;-0,5;0,0;0,0;0,0;50,0;Подготовка;
20251208;17:15:43;-0,5;0,0;0,0;0,0;50,0;Подготовка;
20251208;17:15:48;-0,5;0,0;0,0;0,0;50,0;Подготовка;
20251208;17:15:53;-0,5;0,0;0,0;0,0;50,0;Подготовка;
20251208;17:15:58;-0,5;0,0;0,0;0,0;50,0;Подготовка;
20251208;17:16:03;-0,5;0,0;0,0;0,0;50,0;Подготовка;
20251208;17:16:08;-0,5;0,0;0,0;0,0;50,0;Подготовка;
20251208;17:16:13;-0,5;0,0;0,0;0,0;50,0;Подготовка;
20251208;17:16:18;-0,5;0,0;0,0;0,0;50,0;Подготовка;
20251208;17:16:23;-0,5;0,0;0,0;0,0;50,0;Подготовка;
20251208;17:16:28;-0,5;0,0;0,0;0,0;50,0;Подготовка;
20251208;17:16:33;-0,5;0,0;0,0;0,0;50,0;Подготовка;
20251208;17:16:38;-0,5;0,0;0,0;0,0;50,0;Подготовка;
20251208;17:16:43;-0,5;0,0;0,0;0,0;50,0;Подготовка;
20251208;17:16:48;-0,5;0,0;0,0;0,0;50,0;Подготовка;
20251208;17:16:53;-0,5;0,0;0,0;0,0;50,0;Подготовка;
20251208;17:16:58;-0,5;0,0;0,0;0,0;50,0;Подготовка;
20251208;17:17:03;-0,5;0,0;0,0;0,0;50,0;Подготовка;
20251208;17:17:08;-0,5;0,0;0,0;0,0;50,0;Подготовка;
20251208;17:17:13;-0,5;0,0;0,0;0,0;50,0;Подготовка;
20251208;17:17:18;-0,5;0,0;0,0;0,0;50,0;Подготовка;
20251208;17:17:24;-0,5;0,0;0,0;0,0;50,0;Подготовка;
20251208;17:17:29;-0,5;0,0;0,0;0,0;50,0;Подготовка;
20251208;17:17:34;-0,5;0,0;0,0;0,0;50,0;Подготовка;
20251208;17:17:39;-0,5;0,0;0,0;0,0;50,0;Подготовка;
20251208;17:17:44;-0,5;0,0;0,0;0,0;50,0;Подготовка;
20251208;17:17:49;-0,5;0,0;0,0;0,0;50,0;Подготовка;
20251208;17:17:54;-0,5;0,0;0,0;0,0;50,0;Подготовка;
20251208;17:17:59;-0,5;0,0;0,0;0,0;50,0;Подготовка;
20251208;17:18:04;-0,5;0,0;0,0;0,0;50,0;Подготовка;
20251208;17:18:09;-0,5;0,0;0,0;0,0;50,0;Подготовка;
20251208;17:18:14;-0,5;0,0;0,0;0,0;50,0;Подготовка;
20251208;17:18:19;-0,5;0,0;0,0;0,0;50,0;Подготовка;
20251208;17:18:24;-0,5;0,0;0,0;0,0;50,0;Подготовка;
20251208;17:18:29;-0,5;0,0;0,0;0,0;50,0;Подготовка;
20251208;17:18:34;-0,5;0,0;0,0;0,0;50,0;Подготовка;
20251208;17:18:39;-0,5;0,0;0,0;0,0;50,0;Подготовка;
20251208;17:18:44;-0,5;0,0;0,0;0,0;50,0;Подготовка;
20251208;17:18:49;-0,5;0,0;0,0;0,0;50,0;Подготовка;
20251208;17:18:54;-0,5;0,0;0,0;0,0;50,0;Подготовка;
20251208;17:18:59;-0,5;0,0;0,0;0,0;50,0;Подготовка;
20251208;17:19:04;-0,5;0,0;0,0;0,0;50,0;Подготовка;
20251208;17:19:09;-0,5;0,0;0,0;0,0;50,0;Подготовка;
20251208;17:19:14;-0,5;0,0;0,0;0,0;50,0;Подготовка;
20251208;17:19:19;-0,5;0,0;0,0;0,0;50,0;Подготовка;
20251208;17:19:24;-0,5;0,0;0,0;0,0;50,0;Подготовка;
20251208;17:19:30;-0,5;0,0;0,0;0,0;50,0;Подготовка;
20251208;17:19:35;-0,5;0,0;0,0;0,0;50,0;Подготовка;
20251208;17:19:40;-0,5;0,0;0,0;0,0;50,0;Подготовка;
20251208;17:19:45;-0,5;0,0;0,0;0,0;50,0;Подготовка;
20251208;17:19:50;-0,5;0,0;0,0;0,0;50,0;Подготовка;
20251208;17:19:55;-0,5;0,0;0,0;0,0;50,0;Подготовка;
20251208;17:20:00;-0,5;0,0;0,0;0,0;50,0;Подготовка;
20251208;17:20:05;-0,5;0,0;0,0;0,0;50,0;Подготовка;
20251208;17:20:10;-0,5;0,0;0,0;0,0;50,0;Подготовка;
20251208;17:20:15;-0,5;0,0;0,0;0,0;50,0;Подготовка;
20251208;17:20:20;-0,5;0,0;0,0;0,0;50,0;Подготовка;
20251208;17:20:25;-0,5;0,0;0,0;0,0;50,0;Подготовка;
20251208;17:20:30;-0,5;0,0;0,0;0,0;50,0;Подготовка;
20251208;17:20:35;-0,5;0,0;0,0;0,0;50,0;Подготовка;
20251208;17:20:40;-0,5;0,0;0,0;0,0;50,0;Подготовка;
20251208;17:20:45;-0,5;0,0;0,0;0,0;50,0;Подготовка;
20251208;17:20:50;-0,5;0,0;0,0;0,0;50,0;Подготовка;
20251208;17:20:55;-0,5;0,0;0,0;0,0;50,0;Подготовка;
20251208;17:21:00;-0,5;0,0;0,0;0,0;50,0;Подготовка;
20251208;17:21:05;-0,5;0,0;0,0;0,0;50,0;Подготовка;
20251208;17:21:10;-0,5;0,0;0,0;0,0;50,0;Подготовка;
20251208;17:21:15;-0,5;0,0;0,0;0,0;50,0;Подготовка;
20251208;17:21:20;-0,5;0,0;0,0;0,0;50,0;Подготовка;
20251208;17:21:25;-0,5;0,0;0,0;0,0;50,0;Подготовка;
20251208;17:21:30;-0,5;0,0;0,0;0,0;50,0;Подготовка;
20251208;17:21:36;-0,5;0,0;0,0;0,0;50,0;Подготовка;
20251208;17:21:41;-0,5;0,0;0,0;0,0;50,0;Подготовка;
20251208;17:21:46;-0,5;0,0;0,0;0,0;50,0;Подготовка;
20251208;17:21:51;-0,5;0,0;0,0;0,0;50,0;Подготовка;
20251208;17:21:56;-0,5;0,0;0,0;0,0;50,0;Подготовка;
20251208;17:22:01;-0,5;0,0;0,0;0,0;50,0;Подготовка;
20251208;17:22:06;-0,5;0,0;0,0;0,0;50,0;Подготовка;
20251208;17:22:11;-0,5;0,0;0,0;0,0;50,0;Подготовка;
20251208;17:22:16;-0,5;0,0;0,0;0,0;50,0;Подготовка;
20251208;17:22:21;-0,5;0,0;0,0;0,0;50,0;Подготовка;
20251208;17:22:26;-0,5;0,0;0,0;0,0;50,0;Подготовка;
20251208;17:22:31;-0,5;0,0;0,0;0,0;50,0;Подготовка;
20251208;17:22:36;-0,5;0,0;0,0;0,0;50,0;Подготовка;
20251208;17:22:41;-0,5;0,0;0,0;0,0;50,0;Подготовка;
20251208;17:22:46;-0,5;0,0;0,0;0,0;50,0;Подготовка;
20251208;17:22:51;-0,5;0,0;0,0;0,0;50,0;Подготовка;
20251208;17:22:56;-0,5;0,0;0,0;0,0;50,0;Подготовка;
20251208;17:23:01;-0,5;0,0;0,0;0,0;50,0;Подготовка;
20251208;17:23:06;-0,5;0,0;0,0;0,0;50,0;Подготовка;
20251208;17:23:11;-0,5;0,0;0,0;0,0;50,0;Подготовка;
20251208;17:23:16;-0,5;0,0;0,0;0,0;50,0;Подготовка;
20251208;17:23:21;-0,5;0,0;0,0;0,0;50,0;Подготовка;
20251208;17:23:26;-0,5;0,0;0,0;0,0;50,0;Подготовка;
20251208;17:23:31;-0,5;0,0;0,0;0,0;50,0;Подготовка;
20251208;17:23:36;-0,5;0,0;0,0;0,0;50,0;Подготовка;
20251208;17:23:42;-0,5;0,0;0,0;0,0;50,0;Подготовка;
20251208;17:23:47;-0,5;0,0;0,0;0,0;50,0;Подготовка;
20251208;17:23:52;-0,5;0,0;0,0;0,0;50,0;Подготовка;
20251208;17:23:57;-0,5;0,0;0,0;0,0;50,0;Подготовка;
20251208;17:24:02;-0,5;0,0;0,0;0,0;50,0;Подготовка;
20251208;17:24:07;-0,5;0,0;0,0;0,0;50,0;Подготовка;
20251208;17:24:12;-0,5;0,0;0,0;0,0;50,0;Подготовка;
20251208;17:24:17;-0,5;0,0;0,0;0,0;50,0;Подготовка;
20251208;17:24:22;-0,5;0,0;0,0;0,0;50,0;Подготовка;
20251208;17:24:27;-0,5;0,0;0,0;0,0;50,0;Подготовка;
20251208;17:24:32;-0,5;0,0;0,0;0,0;50,0;Подготовка;
20251208;17:24:37;-0,5;0,0;0,0;0,0;50,0;Подготовка;
20251208;17:24:42;-0,5;0,0;0,0;0,0;50,0;Подготовка;
20251208;17:24:47;-0,5;0,0;0,0;0,0;50,0;Подготовка;
20251208;17:24:52;-0,5;0,0;0,0;0,0;50,0;Подготовка;
20251208;17:24:57;-0,5;0,0;0,0;0,0;50,0;Подготовка;
20251208;17:25:02;-0,5;0,0;0,0;0,0;50,0;Подготовка;
20251208;17:25:07;-0,5;0,0;0,0;0,0;50,0;Подготовка;
20251208;17:25:12;-0,5;0,0;0,0;0,0;50,0;Подготовка;
20251208;17:25:17;-0,5;0,0;0,0;0,0;50,0;Подготовка;
20251208;17:25:22;-0,5;0,0;0,0;0,0;50,0;Подготовка;
20251208;17:25:27;-0,5;0,0;0,0;0,0;50,0;Подготовка;
20251208;17:25:32;-0,5;0,0;0,0;0,0;50,0;Подготовка;
20251208;17:25:37;-0,5;0,0;0,0;0,0;50,0;Подготовка;
20251208;17:25:42;-0,5;0,0;0,0;0,0;50,0;Подготовка;
20251208;17:25:48;-0,5;0,0;0,0;0,0;50,0;Подготовка;
20251208;17:25:53;-0,5;0,0;0,0;0,0;50,0;Подготовка;
20251208;17:25:58;-0,5;0,0;0,0;0,0;50,0;Подготовка;
20251208;17:26:03;-0,5;0,0;0,0;0,0;50,0;Подготовка;
20251208;17:26:08;-0,5;0,0;0,0;0,0;50,0;Подготовка;
20251208;17:26:13;-0,5;0,0;0,0;0,0;50,0;Подготовка;
20251208;17:26:18;-0,5;0,0;0,0;0,0;50,0;Подготовка;
20251208;17:26:23;-0,5;0,0;0,0;0,0;50,0;Подготовка;
20251208;17:26:28;-0,5;0,0;0,0;0,0;50,0;Подготовка;
20251208;17:26:33;-0,5;0,0;0,0;0,0;50,0;Подготовка;
20251208;17:26:38;-0,5;0,0;0,0;0,0;50,0;Подготовка;
20251208;17:26:43;-0,5;0,0;0,0;0,0;50,0;Подготовка;
20251208;17:26:48;-0,5;0,0;0,0;0,0;50,0;Подготовка;
20251208;17:26:53;-0,5;0,0;0,0;0,0;50,0;Подготовка;
20251208;17:26:58;-0,5;0,0;0,0;0,0;50,0;Подготовка;
20251208;17:27:03;-0,5;0,0;0,0;0,0;50,0;Подготовка;
20251208;17:27:08;-0,5;0,0;0,0;0,0;50,0;Подготовка;
20251208;17:27:13;-0,5;0,0;0,0;0,0;50,0;Подготовка;
20251208;17:27:18;-0,5;0,0;0,0;0,0;50,0;Подготовка;
20251208;17:27:23;-0,5;0,0;0,0;0,0;50,0;Подготовка;
20251208;17:27:28;-0,5;0,0;0,0;0,0;50,0;Подготовка;
20251208;17:27:33;-0,5;0,0;0,0;0,0;50,0;Подготовка;
20251208;17:27:38;-0,5;0,0;0,0;0,0;50,0;Подготовка;
20251208;17:27:43;-0,5;0,0;0,0;0,0;50,0;Подготовка;
20251208;17:27:48;-0,5;0,0;0,0;0,0;50,0;Подготовка;
20251208;17:27:54;-0,5;0,0;0,0;0,0;50,0;Подготовка;
20251208;17:27:59;-0,5;0,0;0,0;0,0;50,0;Подготовка;
20251208;17:28:04;-0,5;0,0;0,0;0,0;50,0;Подготовка;
20251208;17:28:09;-0,5;0,0;0,0;0,0;50,0;Подготовка;
20251208;17:28:14;-0,5;0,0;0,0;0,0;50,0;Подготовка;
20251208;17:28:19;-0,5;0,0;0,0;0,0;50,0;Подготовка;
20251208;17:28:24;-0,5;0,0;0,0;0,0;50,0;Подготовка;
20251208;17:28:29;-0,5;0,0;0,0;0,0;50,0;Подготовка;
20251208;17:28:34;-0,5;0,0;0,0;0,0;50,0;Подготовка;
20251208;17:28:39;-0,5;0,0;0,0;0,0;50,0;Подготовка;
20251208;17:28:44;-0,5;0,0;0,0;0,0;50,0;Подготовка;
20251208;17:28:49;-0,5;0,0;0,0;0,0;50,0;Подготовка;
20251208;17:28:54;-0,5;0,0;0,0;0,0;50,0;Подготовка;
20251208;17:28:59;-0,5;0,0;0,0;0,0;50,0;Подготовка;
20251208;17:29:04;-0,5;0,0;0,0;0,0;50,0;Подготовка;
20251208;17:29:09;-0,5;0,0;0,0;0,0;50,0;Подготовка;
20251208;17:29:14;-0,5;0,0;0,0;0,0;50,0;Подготовка;
20251208;17:29:19;-0,5;0,0;0,0;0,0;50,0;Подготовка;
20251208;17:29:24;-0,5;0,0;0,0;0,0;50,0;Подготовка;
20251208;17:29:29;-0,5;0,0;0,0;0,0;50,0;Подготовка;
20251208;17:29:34;-0,5;0,0;0,0;0,0;50,0;Подготовка;
20251208;17:29:39;-0,5;0,0;0,0;0,0;50,0;Подготовка;
20251208;17:29:44;-0,5;0,0;0,0;0,0;50,0;Подготовка;
20251208;17:29:49;-0,5;0,0;0,0;0,0;50,0;Подготовка;
20251208;17:29:54;-0,5;0,0;0,0;0,0;50,0;Подготовка;
20251208;17:30:00;-0,5;0,0;0,0;0,0;50,0;Подготовка;
20251208;17:30:05;-0,5;0,0;0,0;0,0;50,0;Подготовка;
20251208;17:30:10;-0,5;0,0;0,0;0,0;50,0;Подготовка;
20251208;17:30:15;-0,5;0,0;0,0;0,0;50,0;Подготовка;
20251208;17:30:20;-0,5;0,0;0,0;0,0;50,0;Подготовка;
20251208;17:30:25;-0,5;0,0;0,0;0,0;50,0;Подготовка;
20251208;17:30:30;-0,5;0,0;0,0;0,0;50,0;Подготовка;
20251208;17:30:35;-0,5;0,0;0,0;0,0;50,0;Подготовка;
20251208;17:30:40;-0,5;0,0;0,0;0,0;50,0;Подготовка;
20251208;17:30:45;-0,5;0,0;0,0;0,0;50,0;Подготовка;
20251208;17:30:50;-0,5;0,0;0,0;0,0;50,0;Подготовка;
20251208;17:30:55;-0,5;0,0;0,0;0,0;50,0;Подготовка;
20251208;17:31:00;-0,5;0,0;0,0;0,0;50,0;Подготовка;
20251208;17:31:05;-0,5;0,0;0,0;0,0;50,0;Подготовка;
20251208;17:31:10;-0,5;0,0;0,0;0,0;50,0;Подготовка;
20251208;17:31:15;-0,5;0,0;0,0;0,0;50,0;Подготовка;
20251208;17:31:20;-0,5;0,0;0,0;0,0;50,0;Подготовка;
20251208;17:31:25;-0,5;0,0;0,0;0,0;50,0;Подготовка;
20251208;17:31:30;-0,5;0,0;0,0;0,0;50,0;Подготовка;
20251208;17:31:35;-0,5;0,0;0,0;0,0;50,0;Подготовка;
20251208;17:31:40;-0,5;0,0;0,0;0,0;50,0;Подготовка;
20251208;17:31:45;-0,5;0,0;0,0;0,0;50,0;Подготовка;
20251208;17:31:50;-0,5;0,0;0,0;0,0;50,0;Подготовка;
20251208;17:31:55;-0,5;0,0;0,0;0,0;50,0;Подготовка;
20251208;17:32:00;-0,5;0,0;0,0;0,0;50,0;Подготовка;
20251208;17:32:06;-0,5;0,0;0,0;0,0;50,0;Подготовка;
20251208;17:32:11;-0,5;0,0;0,0;0,0;50,0;Подготовка;
Предприятие;
Объект;
Вид оборудования;
Дисп. наименование;
Тип;
Зав. номер;
Сер. номер;
Год выпуска;
Год ввода в эксплуатацию;
Дата отбора пробы;
Марка пробы;
Температура пробы;
DATE ;TIME ;TS_TEMP ;PROB_TEMP ;PROB_OTN_VL ;PROBE_VlAGOSOD ;SP ;STATUS ; 
20251208;17:32:28;-0,39;0,0;0,0;0,0;50,0;Включение;
20251208;17:32:33;-0,49;0,0;0,0;0,0;50,0;Включение;
20251208;17:32:38;-0,49;0,0;0,0;0,0;50,0;Подготовка;
20251208;17:32:43;-0,49;0,0;0,0;0,0;50,0;Подготовка;
20251208;17:32:48;-0,49;0,0;0,0;0,0;50,0;Подготовка;
20251208;17:32:53;-0,49;0,0;0,0;0,0;50,0;Подготовка;
20251208;17:32:58;-0,5;0,0;0,0;0,0;50,0;Подготовка;
20251208;17:33:03;-0,5;0,0;0,0;0,0;50,0;Подготовка;
20251208;17:33:08;-0,5;0,0;0,0;0,0;50,0;Подготовка;
20251208;17:33:13;-0,5;0,0;0,0;0,0;50,0;Подготовка;
20251208;17:33:18;-0,5;0,0;0,0;0,0;50,0;Подготовка;
20251208;17:33:23;-0,5;0,0;0,0;0,0;50,0;Подготовка;
20251208;17:33:28;-0,5;0,0;0,0;0,0;50,0;Подготовка;
20251208;17:33:33;-0,5;0,0;0,0;0,0;50,0;Подготовка;
20251208;17:33:38;-0,5;0,0;0,0;0,0;50,0;Подготовка;
20251208;17:33:43;-0,5;0,0;0,0;0,0;50,0;Подготовка;
20251208;17:33:48;-0,5;0,0;0,0;0,0;50,0;Подготовка;
20251208;17:33:54;-0,5;0,0;0,0;0,0;50,0;Подготовка;
20251208;17:33:59;-0,5;0,0;0,0;0,0;50,0;Подготовка;
20251208;17:34:04;-0,5;0,0;0,0;0,0;50,0;Подготовка;
20251208;17:34:09;-0,5;0,0;0,0;0,0;50,0;Подготовка;
20251208;17:34:14;-0,5;0,0;0,0;0,0;50,0;Подготовка;
20251208;17:34:19;-0,5;0,0;0,0;0,0;50,0;Подготовка;
20251208;17:34:24;-0,5;0,0;0,0;0,0;50,0;Подготовка;
20251208;17:34:29;-0,5;0,0;0,0;0,0;50,0;Подготовка;
20251208;17:34:34;-0,5;0,0;0,0;0,0;50,0;Подготовка;
20251208;17:34:39;-0,5;0,0;0,0;0,0;50,0;Подготовка;
20251208;17:34:44;-0,5;0,0;0,0;0,0;50,0;Подготовка;
20251208;17:34:49;-0,5;0,0;0,0;0,0;50,0;Подготовка;
20251208;17:34:54;-0,5;0,0;0,0;0,0;50,0;Подготовка;
20251208;17:34:59;-0,5;0,0;0,0;0,0;50,0;Подготовка;
20251208;17:35:04;-0,5;0,0;0,0;0,0;50,0;Подготовка;
20251208;17:35:09;-0,5;0,0;0,0;0,0;50,0;Подготовка;
20251208;17:35:14;-0,5;0,0;0,0;0,0;50,0;Подготовка;
20251208;17:35:19;-0,5;0,0;0,0;0,0;50,0;Подготовка;
20251208;17:35:24;-0,5;0,0;0,0;0,0;50,0;Подготовка;
20251208;17:35:29;-0,5;0,0;0,0;0,0;50,0;Подготовка;
20251208;17:35:34;-0,5;0,0;0,0;0,0;50,0;Подготовка;
20251208;17:35:39;-0,5;0,0;0,0;0,0;50,0;Подготовка;
20251208;17:35:44;-0,5;0,0;0,0;0,0;50,0;Подготовка;
20251208;17:35:49;-0,5;0,0;0,0;0,0;50,0;Подготовка;
20251208;17:35:54;-0,5;0,0;0,0;0,0;50,0;Подготовка;
20251208;17:36:00;-0,5;0,0;0,0;0,0;50,0;Подготовка;
20251208;17:36:05;-0,5;0,0;0,0;0,0;50,0;Подготовка;
20251208;17:36:10;-0,5;0,0;0,0;0,0;50,0;Подготовка;
20251208;17:36:15;-0,5;0,0;0,0;0,0;50,0;Подготовка;
20251208;17:36:20;-0,5;0,0;0,0;0,0;50,0;Подготовка;
20251208;17:36:25;-0,5;0,0;0,0;0,0;50,0;Подготовка;
20251208;17:36:30;-0,5;0,0;0,0;0,0;50,0;Подготовка;
20251208;17:36:35;-0,5;0,0;0,0;0,0;50,0;Подготовка;
20251208;17:36:40;-0,5;0,0;0,0;0,0;50,0;Подготовка;
20251208;17:36:45;-0,5;0,0;0,0;0,0;50,0;Подготовка;
20251208;17:36:50;-0,5;0,0;0,0;0,0;50,0;Подготовка;
20251208;17:36:55;-0,5;0,0;0,0;0,0;50,0;Подготовка;
20251208;17:37:00;-0,5;0,0;0,0;0,0;50,0;Подготовка;
20251208;17:37:05;-0,5;0,0;0,0;0,0;50,0;Подготовка;
20251208;17:37:10;-0,5;0,0;0,0;0,0;50,0;Подготовка;
20251208;17:37:15;-0,5;0,0;0,0;0,0;50,0;Подготовка;
20251208;17:37:20;-0,5;0,0;0,0;0,0;50,0;Подготовка;
20251208;17:37:25;-0,5;0,0;0,0;0,0;50,0;Подготовка;
20251208;17:37:30;-0,5;0,0;0,0;0,0;50,0;Подготовка;
20251208;17:37:35;-0,5;0,0;0,0;0,0;50,0;Подготовка;
20251208;17:37:40;-0,5;0,0;0,0;0,0;50,0;Подготовка;
20251208;17:37:45;-0,5;0,0;0,0;0,0;50,0;Подготовка;
20251208;17:37:50;-0,5;0,0;0,0;0,0;50,0;Подготовка;
20251208;17:37:55;-0,5;0,0;0,0;0,0;50,0;Подготовка;
20251208;17:38:00;-0,5;0,0;0,0;0,0;50,0;Подготовка;
20251208;17:38:06;-0,5;0,0;0,0;0,0;50,0;Подготовка;
20251208;17:38:11;-0,5;0,0;0,0;0,0;50,0;Подготовка;
20251208;17:38:16;-0,5;0,0;0,0;0,0;50,0;Подготовка;
20251208;17:38:21;-0,5;0,0;0,0;0,0;50,0;Подготовка;
20251208;17:38:26;-0,5;0,0;0,0;0,0;50,0;Подготовка;
20251208;17:38:31;-0,5;0,0;0,0;0,0;50,0;Подготовка;
20251208;17:38:36;-0,5;0,0;0,0;0,0;50,0;Подготовка;
20251208;17:38:41;-0,5;0,0;0,0;0,0;50,0;Подготовка;
20251208;17:38:46;-0,5;0,0;0,0;0,0;50,0;Подготовка;
20251208;17:38:51;-0,5;0,0;0,0;0,0;50,0;Подготовка;
20251208;17:38:56;-0,5;0,0;0,0;0,0;50,0;Подготовка;
20251208;17:39:01;-0,5;0,0;0,0;0,0;50,0;Подготовка;
20251208;17:39:06;-0,5;0,0;0,0;0,0;50,0;Подготовка;
20251208;17:39:11;-0,5;0,0;0,0;0,0;50,0;Подготовка;
20251208;17:39:16;-0,5;0,0;0,0;0,0;50,0;Подготовка;
20251208;17:39:21;-0,5;0,0;0,0;0,0;50,0;Подготовка;
20251208;17:39:26;-0,5;0,0;0,0;0,0;50,0;Подготовка;
20251208;17:39:31;-0,5;0,0;0,0;0,0;50,0;Подготовка;
20251208;17:39:36;-0,5;0,0;0,0;0,0;50,0;Подготовка;
20251208;17:39:41;-0,5;0,0;0,0;0,0;50,0;Подготовка;
20251208;17:39:46;-0,5;0,0;0,0;0,0;50,0;Подготовка;
20251208;17:39:51;-0,5;0,0;0,0;0,0;50,0;Подготовка;
20251208;17:39:56;-0,5;0,0;0,0;0,0;50,0;Подготовка;
20251208;17:40:01;-0,5;0,0;0,0;0,0;50,0;Подготовка;
20251208;17:40:06;-0,5;0,0;0,0;0,0;50,0;Подготовка;
20251208;17:40:12;-0,5;0,0;0,0;0,0;50,0;Подготовка;
20251208;17:40:17;-0,5;0,0;0,0;0,0;50,0;Подготовка;
20251208;17:40:22;-0,5;0,0;0,0;0,0;50,0;Подготовка;
20251208;17:40:27;-0,5;0,0;0,0;0,0;50,0;Подготовка;
20251208;17:40:32;-0,5;0,0;0,0;0,0;50,0;Подготовка;
20251208;17:40:37;-0,5;0,0;0,0;0,0;50,0;Подготовка;
20251208;17:40:42;-0,5;0,0;0,0;0,0;50,0;Подготовка;
20251208;17:40:47;-0,5;0,0;0,0;0,0;50,0;Подготовка;
20251208;17:40:52;-0,5;0,0;0,0;0,0;50,0;Подготовка;
20251208;17:40:57;-0,5;0,0;0,0;0,0;50,0;Подготовка;
20251208;17:41:02;-0,5;0,0;0,0;0,0;50,0;Подготовка;
20251208;17:41:07;-0,5;0,0;0,0;0,0;50,0;Подготовка;
20251208;17:41:12;-0,5;0,0;0,0;0,0;50,0;Подготовка;
20251208;17:41:17;-0,5;0,0;0,0;0,0;50,0;Подготовка;
20251208;17:41:22;-0,5;0,0;0,0;0,0;50,0;Подготовка;
20251208;17:41:27;-0,5;0,0;0,0;0,0;50,0;Подготовка;
20251208;17:41:32;-0,5;0,0;0,0;0,0;50,0;Подготовка;
20251208;17:41:37;-0,5;0,0;0,0;0,0;50,0;Подготовка;
20251208;17:41:42;-0,5;0,0;0,0;0,0;50,0;Подготовка;
20251208;17:41:47;-0,5;0,0;0,0;0,0;50,0;Подготовка;
20251208;17:41:52;-0,5;0,0;0,0;0,0;50,0;Подготовка;
20251208;17:41:57;-0,5;0,0;0,0;0,0;50,0;Подготовка;
20251208;17:42:02;-0,5;0,0;0,0;0,0;50,0;Подготовка;
20251208;17:42:07;-0,5;0,0;0,0;0,0;50,0;Подготовка;
20251208;17:42:12;-0,5;0,0;0,0;0,0;50,0;Подготовка;
20251208;17:42:18;-0,5;0,0;0,0;0,0;50,0;Подготовка;
20251208;17:42:23;-0,5;0,0;0,0;0,0;50,0;Подготовка;
20251208;17:42:28;-0,5;0,0;0,0;0,0;50,0;Подготовка;
20251208;17:42:33;-0,5;0,0;0,0;0,0;50,0;Подготовка;
20251208;17:42:38;-0,5;0,0;0,0;0,0;50,0;Подготовка;
20251208;17:42:43;-0,5;0,0;0,0;0,0;50,0;Подготовка;
20251208;17:42:48;-0,5;0,0;0,0;0,0;50,0;Подготовка;
20251208;17:42:53;-0,5;0,0;0,0;0,0;50,0;Подготовка;
20251208;17:42:58;-0,5;0,0;0,0;0,0;50,0;Подготовка;
20251208;17:43:03;-0,5;0,0;0,0;0,0;50,0;Подготовка;
20251208;17:43:08;-0,5;0,0;0,0;0,0;50,0;Подготовка;
20251208;17:43:13;-0,5;0,0;0,0;0,0;50,0;Подготовка;
20251208;17:43:18;-0,5;0,0;0,0;0,0;50,0;Подготовка;
20251208;17:43:23;-0,5;0,0;0,0;0,0;50,0;Подготовка;
20251208;17:43:28;-0,5;0,0;0,0;0,0;50,0;Подготовка;
20251208;17:43:33;-0,5;0,0;0,0;0,0;50,0;Подготовка;
20251208;17:43:38;-0,5;0,0;0,0;0,0;50,0;Подготовка;
20251208;17:43:43;-0,5;0,0;0,0;0,0;50,0;Подготовка;
20251208;17:43:48;-0,5;0,0;0,0;0,0;50,0;Подготовка;
20251208;17:43:53;-0,5;0,0;0,0;0,0;50,0;Подготовка;
20251208;17:43:58;-0,5;0,0;0,0;0,0;50,0;Подготовка;
20251208;17:44:03;-0,5;0,0;0,0;0,0;50,0;Подготовка;
20251208;17:44:08;-0,5;0,0;0,0;0,0;50,0;Подготовка;
20251208;17:44:13;-0,5;0,0;0,0;0,0;50,0;Подготовка;
20251208;17:44:18;-0,5;0,0;0,0;0,0;50,0;Подготовка;
20251208;17:44:24;-0,5;0,0;0,0;0,0;50,0;Подготовка;
20251208;17:44:29;-0,5;0,0;0,0;0,0;50,0;Подготовка;
20251208;17:44:34;-0,5;0,0;0,0;0,0;50,0;Подготовка;
20251208;17:44:39;-0,5;0,0;0,0;0,0;50,0;Подготовка;
20251208;17:44:44;-0,5;0,0;0,0;0,0;50,0;Подготовка;
20251208;17:44:49;-0,5;0,0;0,0;0,0;50,0;Подготовка;
20251208;17:44:54;-0,5;0,0;0,0;0,0;50,0;Подготовка;
20251208;17:44:59;-0,5;0,0;0,0;0,0;50,0;Подготовка;
20251208;17:45:04;-0,5;0,0;0,0;0,0;50,0;Подготовка;
20251208;17:45:09;-0,5;0,0;0,0;0,0;50,0;Подготовка;
20251208;17:45:14;-0,5;0,0;0,0;0,0;50,0;Подготовка;
20251208;17:45:19;-0,5;0,0;0,0;0,0;50,0;Подготовка;
20251208;17:45:24;-0,5;0,0;0,0;0,0;50,0;Подготовка;
20251208;17:45:29;-0,5;0,0;0,0;0,0;50,0;Подготовка;
20251208;17:45:34;-0,5;0,0;0,0;0,0;50,0;Подготовка;
20251208;17:45:39;-0,5;0,0;0,0;0,0;50,0;Подготовка;
20251208;17:45:44;-0,5;0,0;0,0;0,0;50,0;Подготовка;
20251208;17:45:49;-0,5;0,0;0,0;0,0;50,0;Подготовка;
20251208;17:45:54;-0,5;0,0;0,0;0,0;50,0;Подготовка;
20251208;17:45:59;-0,5;0,0;0,0;0,0;50,0;Подготовка;
20251208;17:46:04;-0,5;0,0;0,0;0,0;50,0;Подготовка;
20251208;17:46:09;-0,5;0,0;0,0;0,0;50,0;Подготовка;
20251208;17:46:14;-0,5;0,0;0,0;0,0;50,0;Подготовка;
20251208;17:46:19;-0,5;0,0;0,0;0,0;50,0;Подготовка;
20251208;17:46:24;-0,5;0,0;0,0;0,0;50,0;Подготовка;
20251208;17:46:30;-0,5;0,0;0,0;0,0;50,0;Подготовка;
20251208;17:46:35;-0,5;0,0;0,0;0,0;50,0;Подготовка;
20251208;17:46:40;-0,5;0,0;0,0;0,0;50,0;Подготовка;
20251208;17:46:45;-0,5;0,0;0,0;0,0;50,0;Подготовка;
20251208;17:46:50;-0,5;0,0;0,0;0,0;50,0;Подготовка;
20251208;17:46:55;-0,5;0,0;0,0;0,0;50,0;Подготовка;
20251208;17:47:00;-0,5;0,0;0,0;0,0;50,0;Подготовка;
20251208;17:47:05;-0,5;0,0;0,0;0,0;50,0;Подготовка;
20251208;17:47:10;-0,5;0,0;0,0;0,0;50,0;Подготовка;
20251208;17:47:15;-0,5;0,0;0,0;0,0;50,0;Подготовка;
20251208;17:47:20;-0,5;0,0;0,0;0,0;50,0;Подготовка;
20251208;17:47:25;-0,5;0,0;0,0;0,0;50,0;Подготовка;
20251208;17:47:30;-0,5;0,0;0,0;0,0;50,0;Подготовка;
20251208;17:47:35;-0,5;0,0;0,0;0,0;50,0;Подготовка;
20251208;17:47:40;-0,5;0,0;0,0;0,0;50,0;Подготовка;
20251208;17:47:45;-0,5;0,0;0,0;0,0;50,0;Подготовка;
20251208;17:47:50;-0,5;0,0;0,0;0,0;50,0;Подготовка;
20251208;17:47:55;-0,5;0,0;0,0;0,0;50,0;Подготовка;
20251208;17:48:00;-0,5;0,0;0,0;0,0;50,0;Подготовка;
20251208;17:48:05;-0,5;0,0;0,0;0,0;50,0;Подготовка;
20251208;17:48:10;-0,5;0,0;0,0;0,0;50,0;Подготовка;
20251208;17:48:15;-0,5;0,0;0,0;0,0;50,0;Подготовка;
20251208;17:48:20;-0,5;0,0;0,0;0,0;50,0;Подготовка;
20251208;17:48:25;-0,5;0,0;0,0;0,0;50,0;Подготовка;
20251208;17:48:30;-0,5;0,0;0,0;0,0;50,0;Подготовка;
20251208;17:48:36;-0,5;0,0;0,0;0,0;50,0;Подготовка;
20251208;17:48:41;-0,5;0,0;0,0;0,0;50,0;Подготовка;
20251208;17:48:46;-0,5;0,0;0,0;0,0;50,0;Подготовка;
20251208;17:48:51;-0,5;0,0;0,0;0,0;50,0;Подготовка;
20251208;17:48:56;-0,5;0,0;0,0;0,0;50,0;Подготовка;
20251208;17:49:01;-0,5;0,0;0,0;0,0;50,0;Подготовка;
20251208;17:49:06;-0,5;0,0;0,0;0,0;50,0;Подготовка;
20251208;17:49:11;-0,5;0,0;0,0;0,0;50,0;Подготовка;
20251208;17:49:16;-0,5;0,0;0,0;0,0;50,0;Подготовка;
20251208;17:49:21;-0,5;0,0;0,0;0,0;50,0;Подготовка;
20251208;17:49:26;-0,5;0,0;0,0;0,0;50,0;Подготовка;
20251208;17:49:31;-0,5;0,0;0,0;0,0;50,0;Подготовка;
20251208;17:49:36;-0,5;0,0;0,0;0,0;50,0;Подготовка;
20251208;17:49:41;-0,5;0,0;0,0;0,0;50,0;Подготовка;
20251208;17:49:46;-0,5;0,0;0,0;0,0;50,0;Подготовка;
20251208;17:49:51;-0,5;0,0;0,0;0,0;50,0;Подготовка;
20251208;17:49:56;-0,5;0,0;0,0;0,0;50,0;Подготовка;
20251208;17:50:01;-0,5;0,0;0,0;0,0;50,0;Подготовка;
20251208;17:50:06;-0,5;0,0;0,0;0,0;50,0;Подготовка;
20251208;17:50:11;-0,5;0,0;0,0;0,0;50,0;Подготовка;
20251208;17:50:16;-0,5;0,0;0,0;0,0;50,0;Подготовка;
20251208;17:50:21;-0,5;0,0;0,0;0,0;50,0;Подготовка;
20251208;17:50:26;-0,5;0,0;0,0;0,0;50,0;Подготовка;
20251208;17:50:31;-0,5;0,0;0,0;0,0;50,0;Подготовка;
20251208;17:50:36;-0,5;0,0;0,0;0,0;50,0;Подготовка;
20251208;17:50:42;-0,5;0,0;0,0;0,0;50,0;Подготовка;
20251208;17:50:47;-0,5;0,0;0,0;0,0;50,0;Подготовка;
20251208;17:50:52;-0,5;0,0;0,0;0,0;50,0;Подготовка;
20251208;17:50:57;-0,5;0,0;0,0;0,0;50,0;Подготовка;
20251208;17:51:02;-0,5;0,0;0,0;0,0;50,0;Подготовка;
20251208;17:51:07;-0,5;0,0;0,0;0,0;50,0;Подготовка;
20251208;17:51:12;-0,5;0,0;0,0;0,0;50,0;Подготовка;
20251208;17:51:17;-0,5;0,0;0,0;0,0;50,0;Подготовка;
20251208;17:51:22;-0,5;0,0;0,0;0,0;50,0;Подготовка;
20251208;17:51:27;-0,5;0,0;0,0;0,0;50,0;Подготовка;
20251208;17:51:32;-0,5;0,0;0,0;0,0;50,0;Подготовка;
20251208;17:51:37;-0,5;0,0;0,0;0,0;50,0;Подготовка;
20251208;17:51:42;-0,5;0,0;0,0;0,0;50,0;Подготовка;
20251208;17:51:47;-0,5;0,0;0,0;0,0;50,0;Подготовка;
20251208;17:51:52;-0,5;0,0;0,0;0,0;50,0;Подготовка;
20251208;17:51:57;-0,5;0,0;0,0;0,0;50,0;Подготовка;
20251208;17:52:02;-0,5;0,0;0,0;0,0;50,0;Подготовка;
20251208;17:52:07;-0,5;0,0;0,0;0,0;50,0;Подготовка;
20251208;17:52:12;-0,5;0,0;0,0;0,0;50,0;Подготовка;
20251208;17:52:17;-0,5;0,0;0,0;0,0;50,0;Подготовка;
20251208;17:52:22;-0,5;0,0;0,0;0,0;50,0;Подготовка;
20251208;17:52:27;-0,5;0,0;0,0;0,0;50,0;Подготовка;
20251208;17:52:32;-0,5;0,0;0,0;0,0;50,0;Подготовка;
20251208;17:52:37;-0,5;0,0;0,0;0,0;50,0;Подготовка;
20251208;17:52:42;-0,5;0,0;0,0;0,0;50,0;Подготовка;
20251208;17:52:48;-0,5;0,0;0,0;0,0;50,0;Подготовка;
20251208;17:52:53;-0,5;0,0;0,0;0,0;50,0;Подготовка;
20251208;17:52:58;-0,5;0,0;0,0;0,0;50,0;Подготовка;
20251208;17:53:03;-0,5;0,0;0,0;0,0;50,0;Подготовка;
20251208;17:53:08;-0,5;0,0;0,0;0,0;50,0;Подготовка;
20251208;17:53:13;-0,5;0,0;0,0;0,0;50,0;Подготовка;
20251208;17:53:18;-0,5;0,0;0,0;0,0;50,0;Подготовка;
20251208;17:53:23;-0,5;0,0;0,0;0,0;50,0;Подготовка;
20251208;17:53:28;-0,5;0,0;0,0;0,0;50,0;Подготовка;
20251208;17:53:33;-0,5;0,0;0,0;0,0;50,0;Подготовка;
20251208;17:53:38;-0,5;0,0;0,0;0,0;50,0;Подготовка;
20251208;17:53:43;-0,5;0,0;0,0;0,0;50,0;Подготовка;
20251208;17:53:48;-0,5;0,0;0,0;0,0;50,0;Подготовка;
20251208;17:53:53;-0,5;0,0;0,0;0,0;50,0;Подготовка;
20251208;17:53:58;-0,5;0,0;0,0;0,0;50,0;Подготовка;
20251208;17:54:03;-0,5;0,0;0,0;0,0;50,0;Подготовка;
20251208;17:54:08;-0,5;0,0;0,0;0,0;50,0;Подготовка;
20251208;17:54:13;-0,5;0,0;0,0;0,0;50,0;Подготовка;
20251208;17:54:18;-0,5;0,0;0,0;0,0;50,0;Подготовка;
20251208;17:54:23;-0,5;0,0;0,0;0,0;50,0;Подготовка;
20251208;17:54:28;-0,5;0,0;0,0;0,0;50,0;Подготовка;
20251208;17:54:33;-0,5;0,0;0,0;0,0;50,0;Подготовка;
20251208;17:54:38;-0,5;0,0;0,0;0,0;50,0;Подготовка;
20251208;17:54:43;-0,5;0,0;0,0;0,0;50,0;Подготовка;
20251208;17:54:48;-0,5;0,0;0,0;0,0;50,0;Подготовка;
20251208;17:54:54;-0,5;0,0;0,0;0,0;50,0;Подготовка;
20251208;17:54:59;-0,5;0,0;0,0;0,0;50,0;Подготовка;
20251208;17:55:04;-0,5;0,0;0,0;0,0;50,0;Подготовка;
20251208;17:55:09;-0,5;0,0;0,0;0,0;50,0;Подготовка;
20251208;17:55:14;-0,5;0,0;0,0;0,0;50,0;Подготовка;
20251208;17:55:19;-0,5;0,0;0,0;0,0;50,0;Подготовка;
20251208;17:55:24;-0,5;0,0;0,0;0,0;50,0;Подготовка;
20251208;17:55:29;-0,5;0,0;0,0;0,0;50,0;Подготовка;
20251208;17:55:34;-0,5;0,0;0,0;0,0;50,0;Подготовка;
20251208;17:55:39;-0,5;0,0;0,0;0,0;50,0;Подготовка;
20251208;17:55:44;-0,5;0,0;0,0;0,0;50,0;Подготовка;
20251208;17:55:49;-0,5;0,0;0,0;0,0;50,0;Подготовка;
20251208;17:55:54;-0,5;0,0;0,0;0,0;50,0;Подготовка;
20251208;17:55:59;-0,5;0,0;0,0;0,0;50,0;Подготовка;
20251208;17:56:04;-0,5;0,0;0,0;0,0;50,0;Подготовка;
20251208;17:56:09;-0,5;0,0;0,0;0,0;50,0;Подготовка;
20251208;17:56:14;-0,5;0,0;0,0;0,0;50,0;Подготовка;
20251208;17:56:19;-0,5;0,0;0,0;0,0;50,0;Подготовка;
20251208;17:56:24;-0,5;0,0;0,0;0,0;50,0;Подготовка;
20251208;17:56:29;-0,5;0,0;0,0;0,0;50,0;Подготовка;
20251208;17:56:34;-0,5;0,0;0,0;0,0;50,0;Подготовка;
20251208;17:56:39;-0,5;0,0;0,0;0,0;50,0;Подготовка;
20251208;17:56:44;-0,5;0,0;0,0;0,0;50,0;Подготовка;
20251208;17:56:49;-0,5;0,0;0,0;0,0;50,0;Подготовка;
20251208;17:56:54;-0,5;0,0;0,0;0,0;50,0;Подготовка;
20251208;17:57:00;-0,5;0,0;0,0;0,0;50,0;Подготовка;
20251208;17:57:05;-0,5;0,0;0,0;0,0;50,0;Подготовка;
20251208;17:57:10;-0,5;0,0;0,0;0,0;50,0;Подготовка;
20251208;17:57:15;-0,5;0,0;0,0;0,0;50,0;Подготовка;
20251208;17:57:20;-0,5;0,0;0,0;0,0;50,0;Подготовка;
20251208;17:57:25;-0,5;0,0;0,0;0,0;50,0;Подготовка;
20251208;17:57:30;-0,5;0,0;0,0;0,0;50,0;Подготовка;
20251208;17:57:35;-0,5;0,0;0,0;0,0;50,0;Подготовка;
20251208;17:57:40;-0,5;0,0;0,0;0,0;50,0;Подготовка;
20251208;17:57:45;-0,5;0,0;0,0;0,0;50,0;Подготовка;
20251208;17:57:50;-0,5;0,0;0,0;0,0;50,0;Подготовка;
20251208;17:57:55;-0,5;0,0;0,0;0,0;50,0;Подготовка;
20251208;17:58:00;-0,5;0,0;0,0;0,0;50,0;Подготовка;
20251208;17:58:05;-0,5;0,0;0,0;0,0;50,0;Подготовка;
20251208;17:58:10;-0,5;0,0;0,0;0,0;50,0;Подготовка;
20251208;17:58:15;-0,5;0,0;0,0;0,0;50,0;Подготовка;
20251208;17:58:20;-0,5;0,0;0,0;0,0;50,0;Подготовка;
20251208;17:58:25;-0,5;0,0;0,0;0,0;50,0;Подготовка;
20251208;17:58:30;-0,5;0,0;0,0;0,0;50,0;Подготовка;
20251208;17:58:35;-0,5;0,0;0,0;0,0;50,0;Подготовка;
20251208;17:58:40;-0,5;0,0;0,0;0,0;50,0;Подготовка;
20251208;17:58:45;-0,5;0,0;0,0;0,0;50,0;Подготовка;
20251208;17:58:50;-0,5;0,0;0,0;0,0;50,0;Подготовка;
20251208;17:58:55;-0,5;0,0;0,0;0,0;50,0;Подготовка;
20251208;17:59:00;-0,5;0,0;0,0;0,0;50,0;Подготовка;
20251208;17:59:06;-0,5;0,0;0,0;0,0;50,0;Подготовка;
20251208;17:59:11;-0,5;0,0;0,0;0,0;50,0;Подготовка;
20251208;17:59:16;-0,5;0,0;0,0;0,0;50,0;Подготовка;
20251208;17:59:21;-0,5;0,0;0,0;0,0;50,0;Подготовка;
20251208;17:59:26;-0,5;0,0;0,0;0,0;50,0;Подготовка;
20251208;17:59:31;-0,5;0,0;0,0;0,0;50,0;Подготовка;
20251208;17:59:36;-0,5;0,0;0,0;0,0;50,0;Подготовка;
20251208;17:59:41;-0,5;0,0;0,0;0,0;50,0;Подготовка;
20251208;17:59:46;-0,5;0,0;0,0;0,0;50,0;Подготовка;
20251208;17:59:51;-0,5;0,0;0,0;0,0;50,0;Подготовка;
20251208;17:59:56;-0,5;0,0;0,0;0,0;50,0;Подготовка;
20251208;18:00:01;-0,5;0,0;0,0;0,0;50,0;Подготовка;
20251208;18:00:06;-0,5;0,0;0,0;0,0;50,0;Подготовка;
20251208;18:00:11;-0,5;0,0;0,0;0,0;50,0;Подготовка;
20251208;18:00:16;-0,5;0,0;0,0;0,0;50,0;Подготовка;
20251208;18:00:21;-0,5;0,0;0,0;0,0;50,0;Подготовка;
20251208;18:00:26;-0,5;0,0;0,0;0,0;50,0;Подготовка;
20251208;18:00:31;-0,5;0,0;0,0;0,0;50,0;Подготовка;
20251208;18:00:36;-0,5;0,0;0,0;0,0;50,0;Подготовка;
20251208;18:00:41;-0,5;0,0;0,0;0,0;50,0;Подготовка;
20251208;18:00:46;-0,5;0,0;0,0;0,0;50,0;Подготовка;
20251208;18:00:51;-0,5;0,0;0,0;0,0;50,0;Подготовка;
20251208;18:00:56;-0,5;0,0;0,0;0,0;50,0;Подготовка;
20251208;18:01:01;-0,5;0,0;0,0;0,0;50,0;Подготовка;
20251208;18:01:06;-0,5;0,0;0,0;0,0;50,0;Подготовка;
20251208;18:01:12;-0,5;0,0;0,0;0,0;50,0;Подготовка;
20251208;18:01:17;-0,5;0,0;0,0;0,0;50,0;Подготовка;
20251208;18:01:22;-0,5;0,0;0,0;0,0;50,0;Подготовка;
20251208;18:01:27;-0,5;0,0;0,0;0,0;50,0;Подготовка;
20251208;18:01:32;-0,5;0,0;0,0;0,0;50,0;Подготовка;
20251208;18:01:37;-0,5;0,0;0,0;0,0;50,0;Подготовка;
20251208;18:01:42;-0,5;0,0;0,0;0,0;50,0;Подготовка;
20251208;18:01:47;-0,5;0,0;0,0;0,0;50,0;Подготовка;
20251208;18:01:52;-0,5;0,0;0,0;0,0;50,0;Подготовка;
20251208;18:01:57;-0,5;0,0;0,0;0,0;50,0;Подготовка;
20251208;18:02:02;-0,5;0,0;0,0;0,0;50,0;Подготовка;
20251208;18:02:07;-0,5;0,0;0,0;0,0;50,0;Подготовка;
20251208;18:02:12;-0,5;0,0;0,0;0,0;50,0;Подготовка;
20251208;18:02:17;-0,5;0,0;0,0;0,0;50,0;Подготовка;
20251208;18:02:22;-0,5;0,0;0,0;0,0;50,0;Подготовка;
20251208;18:02:27;-0,5;0,0;0,0;0,0;50,0;Подготовка;
20251208;18:02:32;-0,5;0,0;0,0;0,0;50,0;Подготовка;
20251208;18:02:37;-0,5;0,0;0,0;0,0;50,0;Подготовка;
20251208;18:02:42;-0,5;0,0;0,0;0,0;50,0;Подготовка;
20251208;18:02:47;-0,5;0,0;0,0;0,0;50,0;Подготовка;
20251208;18:02:52;-0,5;0,0;0,0;0,0;50,0;Подготовка;
20251208;18:02:57;-0,5;0,0;0,0;0,0;50,0;Подготовка;
20251208;18:03:02;-0,5;0,0;0,0;0,0;50,0;Подготовка;
20251208;18:03:07;-0,5;0,0;0,0;0,0;50,0;Подготовка;
20251208;18:03:12;-0,5;0,0;0,0;0,0;50,0;Подготовка;
20251208;18:03:18;-0,5;0,0;0,0;0,0;50,0;Подготовка;
20251208;18:03:23;-0,5;0,0;0,0;0,0;50,0;Подготовка;
20251208;18:03:28;-0,5;0,0;0,0;0,0;50,0;Подготовка;
20251208;18:03:33;-0,5;0,0;0,0;0,0;50,0;Подготовка;
20251208;18:03:38;-0,5;0,0;0,0;0,0;50,0;Подготовка;
20251208;18:03:43;-0,5;0,0;0,0;0,0;50,0;Подготовка;
20251208;18:03:48;-0,5;0,0;0,0;0,0;50,0;Подготовка;
20251208;18:03:53;-0,5;0,0;0,0;0,0;50,0;Подготовка;
20251208;18:03:58;-0,5;0,0;0,0;0,0;50,0;Подготовка;
20251208;18:04:03;-0,5;0,0;0,0;0,0;50,0;Подготовка;
20251208;18:04:08;-0,5;0,0;0,0;0,0;50,0;Подготовка;
20251208;18:04:13;-0,5;0,0;0,0;0,0;50,0;Подготовка;
20251208;18:04:18;-0,5;0,0;0,0;0,0;50,0;Подготовка;
20251208;18:04:23;-0,5;0,0;0,0;0,0;50,0;Подготовка;
20251208;18:04:28;-0,5;0,0;0,0;0,0;50,0;Подготовка;
20251208;18:04:33;-0,5;0,0;0,0;0,0;50,0;Подготовка;
20251208;18:04:38;-0,5;0,0;0,0;0,0;50,0;Подготовка;
20251208;18:04:43;-0,5;0,0;0,0;0,0;50,0;Подготовка;
20251208;18:04:48;-0,5;0,0;0,0;0,0;50,0;Подготовка;
20251208;18:04:53;-0,5;0,0;0,0;0,0;50,0;Подготовка;
20251208;18:04:58;-0,5;0,0;0,0;0,0;50,0;Подготовка;
20251208;18:05:03;-0,5;0,0;0,0;0,0;50,0;Подготовка;
20251208;18:05:08;-0,5;0,0;0,0;0,0;50,0;Подготовка;
20251208;18:05:13;-0,5;0,0;0,0;0,0;50,0;Подготовка;
20251208;18:05:18;-0,5;0,0;0,0;0,0;50,0;Подготовка;
20251208;18:05:24;-0,5;0,0;0,0;0,0;50,0;Подготовка;
20251208;18:05:29;-0,5;0,0;0,0;0,0;50,0;Подготовка;
20251208;18:05:34;-0,5;0,0;0,0;0,0;50,0;Подготовка;
20251208;18:05:39;-0,5;0,0;0,0;0,0;50,0;Подготовка;
20251208;18:05:44;-0,5;0,0;0,0;0,0;50,0;Подготовка;
20251208;18:05:49;-0,5;0,0;0,0;0,0;50,0;Подготовка;
20251208;18:05:54;-0,5;0,0;0,0;0,0;50,0;Подготовка;
20251208;18:05:59;-0,5;0,0;0,0;0,0;50,0;Подготовка;
20251208;18:06:04;-0,5;0,0;0,0;0,0;50,0;Подготовка;
20251208;18:06:09;-0,5;0,0;0,0;0,0;50,0;Подготовка;
20251208;18:06:14;-0,5;0,0;0,0;0,0;50,0;Подготовка;
20251208;18:06:19;-0,5;0,0;0,0;0,0;50,0;Подготовка;
20251208;18:06:24;-0,5;0,0;0,0;0,0;50,0;Подготовка;
20251208;18:06:29;-0,5;0,0;0,0;0,0;50,0;Подготовка;
20251208;18:06:34;-0,5;0,0;0,0;0,0;50,0;Подготовка;
20251208;18:06:39;-0,5;0,0;0,0;0,0;50,0;Подготовка;
20251208;18:06:44;-0,5;0,0;0,0;0,0;50,0;Подготовка;
20251208;18:06:49;-0,5;0,0;0,0;0,0;50,0;Подготовка;
20251208;18:06:54;-0,5;0,0;0,0;0,0;50,0;Подготовка;
20251208;18:06:59;-0,5;0,0;0,0;0,0;50,0;Подготовка;
20251208;18:07:04;-0,5;0,0;0,0;0,0;50,0;Подготовка;
20251208;18:07:09;-0,5;0,0;0,0;0,0;50,0;Подготовка;
20251208;18:07:14;-0,5;0,0;0,0;0,0;50,0;Подготовка;
20251208;18:07:19;-0,5;0,0;0,0;0,0;50,0;Подготовка;
20251208;18:07:24;-0,5;0,0;0,0;0,0;50,0;Подготовка;
20251208;18:07:30;-0,5;0,0;0,0;0,0;50,0;Подготовка;
20251208;18:07:35;-0,5;0,0;0,0;0,0;50,0;Подготовка;
20251208;18:07:40;-0,5;0,0;0,0;0,0;50,0;Подготовка;
20251208;18:07:45;-0,5;0,0;0,0;0,0;50,0;Подготовка;
20251208;18:07:50;-0,5;0,0;0,0;0,0;50,0;Подготовка;
20251208;18:07:55;-0,5;0,0;0,0;0,0;50,0;Подготовка;
20251208;18:08:00;-0,5;0,0;0,0;0,0;50,0;Подготовка;
20251208;18:08:05;-0,5;0,0;0,0;0,0;50,0;Подготовка;
20251208;18:08:10;-0,5;0,0;0,0;0,0;50,0;Подготовка;
20251208;18:08:15;-0,5;0,0;0,0;0,0;50,0;Подготовка;
20251208;18:08:20;-0,5;0,0;0,0;0,0;50,0;Подготовка;
20251208;18:08:25;-0,5;0,0;0,0;0,0;50,0;Подготовка;
20251208;18:08:30;-0,5;0,0;0,0;0,0;50,0;Подготовка;
20251208;18:08:35;-0,5;0,0;0,0;0,0;50,0;Подготовка;
20251208;18:08:40;-0,5;0,0;0,0;0,0;50,0;Подготовка;
20251208;18:08:45;-0,5;0,0;0,0;0,0;50,0;Подготовка;
20251208;18:08:50;-0,5;0,0;0,0;0,0;50,0;Подготовка;
20251208;18:08:55;-0,5;0,0;0,0;0,0;50,0;Подготовка;
20251208;18:09:00;-0,5;0,0;0,0;0,0;50,0;Подготовка;
20251208;18:09:05;-0,5;0,0;0,0;0,0;50,0;Подготовка;
20251208;18:09:10;-0,5;0,0;0,0;0,0;50,0;Подготовка;
20251208;18:09:15;-0,5;0,0;0,0;0,0;50,0;Подготовка;
20251208;18:09:20;-0,5;0,0;0,0;0,0;50,0;Подготовка;
20251208;18:09:25;-0,5;0,0;0,0;0,0;50,0;Подготовка;
20251208;18:09:30;-0,5;0,0;0,0;0,0;50,0;Подготовка;
20251208;18:09:36;-0,5;0,0;0,0;0,0;50,0;Подготовка;
20251208;18:09:41;-0,5;0,0;0,0;0,0;50,0;Подготовка;
20251208;18:09:46;-0,5;0,0;0,0;0,0;50,0;Подготовка;
20251208;18:09:51;-0,5;0,0;0,0;0,0;50,0;Подготовка;
20251208;18:09:56;-0,5;0,0;0,0;0,0;50,0;Подготовка;
20251208;18:10:01;-0,5;0,0;0,0;0,0;50,0;Подготовка;
20251208;18:10:06;-0,5;0,0;0,0;0,0;50,0;Подготовка;
20251208;18:10:11;-0,5;0,0;0,0;0,0;50,0;Подготовка;
20251208;18:10:16;-0,5;0,0;0,0;0,0;50,0;Подготовка;
20251208;18:10:21;-0,5;0,0;0,0;0,0;50,0;Подготовка;
20251208;18:10:26;-0,5;0,0;0,0;0,0;50,0;Подготовка;
20251208;18:10:31;-0,5;0,0;0,0;0,0;50,0;Подготовка;
20251208;18:10:36;-0,5;0,0;0,0;0,0;50,0;Подготовка;
20251208;18:10:41;-0,5;0,0;0,0;0,0;50,0;Подготовка;
20251208;18:10:46;-0,5;0,0;0,0;0,0;50,0;Подготовка;
20251208;18:10:51;-0,5;0,0;0,0;0,0;50,0;Подготовка;
20251208;18:10:56;-0,5;0,0;0,0;0,0;50,0;Подготовка;
20251208;18:11:01;-0,5;0,0;0,0;0,0;50,0;Подготовка;
20251208;18:11:06;-0,5;0,0;0,0;0,0;50,0;Подготовка;
20251208;18:11:11;-0,5;0,0;0,0;0,0;50,0;Подготовка;
20251208;18:11:16;-0,5;0,0;0,0;0,0;50,0;Подготовка;
20251208;18:11:21;-0,5;0,0;0,0;0,0;50,0;Подготовка;
20251208;18:11:26;-0,5;0,0;0,0;0,0;50,0;Подготовка;
20251208;18:11:31;-0,5;0,0;0,0;0,0;50,0;Подготовка;
20251208;18:11:36;-0,5;0,0;0,0;0,0;50,0;Подготовка;
20251208;18:11:42;-0,5;0,0;0,0;0,0;50,0;Подготовка;
20251208;18:11:47;-0,5;0,0;0,0;0,0;50,0;Подготовка;
20251208;18:11:52;-0,5;0,0;0,0;0,0;50,0;Подготовка;
20251208;18:11:57;-0,5;0,0;0,0;0,0;50,0;Подготовка;
20251208;18:12:02;-0,5;0,0;0,0;0,0;50,0;Подготовка;
20251208;18:12:07;-0,5;0,0;0,0;0,0;50,0;Подготовка;
20251208;18:12:12;-0,5;0,0;0,0;0,0;50,0;Подготовка;
20251208;18:12:17;-0,5;0,0;0,0;0,0;50,0;Подготовка;
20251208;18:12:22;-0,5;0,0;0,0;0,0;50,0;Подготовка;
20251208;18:12:27;-0,5;0,0;0,0;0,0;50,0;Подготовка;
20251208;18:12:32;-0,5;0,0;0,0;0,0;50,0;Подготовка;
20251208;18:12:37;-0,5;0,0;0,0;0,0;50,0;Подготовка;
20251208;18:12:42;-0,5;0,0;0,0;0,0;50,0;Подготовка;
20251208;18:12:47;-0,5;0,0;0,0;0,0;50,0;Подготовка;
20251208;18:12:52;-0,5;0,0;0,0;0,0;50,0;Подготовка;
20251208;18:12:57;-0,5;0,0;0,0;0,0;50,0;Подготовка;
20251208;18:13:02;-0,5;0,0;0,0;0,0;50,0;Подготовка;
20251208;18:13:07;-0,5;0,0;0,0;0,0;50,0;Подготовка;
20251208;18:13:12;-0,5;0,0;0,0;0,0;50,0;Подготовка;
20251208;18:13:17;-0,5;0,0;0,0;0,0;50,0;Подготовка;
20251208;18:13:22;-0,5;0,0;0,0;0,0;50,0;Подготовка;
20251208;18:13:27;-0,5;0,0;0,0;0,0;50,0;Подготовка;
20251208;18:13:32;-0,5;0,0;0,0;0,0;50,0;Подготовка;
20251208;18:13:37;-0,5;0,0;0,0;0,0;50,0;Подготовка;
20251208;18:13:42;-0,5;0,0;0,0;0,0;50,0;Подготовка;
20251208;18:13:48;-0,5;0,0;0,0;0,0;50,0;Подготовка;
20251208;18:13:53;-0,5;0,0;0,0;0,0;50,0;Подготовка;
20251208;18:13:58;-0,5;0,0;0,0;0,0;50,0;Подготовка;
20251208;18:14:03;-0,5;0,0;0,0;0,0;50,0;Подготовка;
20251208;18:14:08;-0,5;0,0;0,0;0,0;50,0;Подготовка;
20251208;18:14:13;-0,5;0,0;0,0;0,0;50,0;Подготовка;
20251208;18:14:18;-0,5;0,0;0,0;0,0;50,0;Подготовка;
20251208;18:14:23;-0,5;0,0;0,0;0,0;50,0;Подготовка;
20251208;18:14:28;-0,5;0,0;0,0;0,0;50,0;Подготовка;
20251208;18:14:33;-0,5;0,0;0,0;0,0;50,0;Подготовка;
20251208;18:14:38;-0,5;0,0;0,0;0,0;50,0;Подготовка;
20251208;18:14:43;-0,5;0,0;0,0;0,0;50,0;Подготовка;
20251208;18:14:48;-0,5;0,0;0,0;0,0;50,0;Подготовка;
20251208;18:14:53;-0,5;0,0;0,0;0,0;50,0;Подготовка;
20251208;18:14:58;-0,5;0,0;0,0;0,0;50,0;Подготовка;
20251208;18:15:03;-0,5;0,0;0,0;0,0;50,0;Подготовка;
20251208;18:15:08;-0,5;0,0;0,0;0,0;50,0;Подготовка;
20251208;18:15:13;-0,5;0,0;0,0;0,0;50,0;Подготовка;
20251208;18:15:18;-0,5;0,0;0,0;0,0;50,0;Подготовка;
20251208;18:15:23;-0,5;0,0;0,0;0,0;50,0;Подготовка;
20251208;18:15:28;-0,5;0,0;0,0;0,0;50,0;Подготовка;
20251208;18:15:33;-0,5;0,0;0,0;0,0;50,0;Подготовка;
20251208;18:15:38;-0,5;0,0;0,0;0,0;50,0;Подготовка;
20251208;18:15:43;-0,5;0,0;0,0;0,0;50,0;Подготовка;
20251208;18:15:48;-0,5;0,0;0,0;0,0;50,0;Подготовка;
20251208;18:15:54;-0,5;0,0;0,0;0,0;50,0;Подготовка;
20251208;18:15:59;-0,5;0,0;0,0;0,0;50,0;Подготовка;
20251208;18:16:04;-0,5;0,0;0,0;0,0;50,0;Подготовка;
20251208;18:16:09;-0,5;0,0;0,0;0,0;50,0;Подготовка;
20251208;18:16:14;-0,5;0,0;0,0;0,0;50,0;Подготовка;
20251208;18:16:19;-0,5;0,0;0,0;0,0;50,0;Подготовка;
20251208;18:16:24;-0,5;0,0;0,0;0,0;50,0;Подготовка;
20251208;18:16:29;-0,5;0,0;0,0;0,0;50,0;Подготовка;
20251208;18:16:34;-0,5;0,0;0,0;0,0;50,0;Подготовка;
20251208;18:16:39;-0,5;0,0;0,0;0,0;50,0;Подготовка;
20251208;18:16:44;-0,5;0,0;0,0;0,0;50,0;Подготовка;
20251208;18:16:49;-0,5;0,0;0,0;0,0;50,0;Подготовка;
20251208;18:16:54;-0,5;0,0;0,0;0,0;50,0;Подготовка;
20251208;18:16:59;-0,5;0,0;0,0;0,0;50,0;Подготовка;
20251208;18:17:04;-0,5;0,0;0,0;0,0;50,0;Подготовка;
20251208;18:17:09;-0,5;0,0;0,0;0,0;50,0;Подготовка;
20251208;18:17:14;-0,5;0,0;0,0;0,0;50,0;Подготовка;
20251208;18:17:19;-0,5;0,0;0,0;0,0;50,0;Подготовка;
20251208;18:17:24;-0,5;0,0;0,0;0,0;50,0;Подготовка;
20251208;18:17:29;-0,5;0,0;0,0;0,0;50,0;Подготовка;
20251208;18:17:34;-0,5;0,0;0,0;0,0;50,0;Подготовка;
20251208;18:17:39;-0,5;0,0;0,0;0,0;50,0;Подготовка;
20251208;18:17:44;-0,5;0,0;0,0;0,0;50,0;Подготовка;
20251208;18:17:49;-0,5;0,0;0,0;0,0;50,0;Подготовка;
20251208;18:17:54;-0,5;0,0;0,0;0,0;50,0;Подготовка;
20251208;18:18:00;-0,5;0,0;0,0;0,0;50,0;Подготовка;
20251208;18:18:05;-0,5;0,0;0,0;0,0;50,0;Подготовка;
20251208;18:18:10;-0,5;0,0;0,0;0,0;50,0;Подготовка;
20251208;18:18:15;-0,5;0,0;0,0;0,0;50,0;Подготовка;
20251208;18:18:20;-0,5;0,0;0,0;0,0;50,0;Подготовка;
20251208;18:18:25;-0,5;0,0;0,0;0,0;50,0;Подготовка;
20251208;18:18:30;-0,5;0,0;0,0;0,0;50,0;Подготовка;
20251208;18:18:35;-0,5;0,0;0,0;0,0;50,0;Подготовка;
20251208;18:18:40;-0,5;0,0;0,0;0,0;50,0;Подготовка;
20251208;18:18:45;-0,5;0,0;0,0;0,0;50,0;Подготовка;
20251208;18:18:50;-0,5;0,0;0,0;0,0;50,0;Подготовка;
20251208;18:18:55;-0,5;0,0;0,0;0,0;50,0;Подготовка;
20251208;18:19:00;-0,5;0,0;0,0;0,0;50,0;Подготовка;
20251208;18:19:05;-0,5;0,0;0,0;0,0;50,0;Подготовка;
20251208;18:19:10;-0,5;0,0;0,0;0,0;50,0;Подготовка;
20251208;18:19:15;-0,5;0,0;0,0;0,0;50,0;Подготовка;
20251208;18:19:20;-0,5;0,0;0,0;0,0;50,0;Подготовка;
20251208;18:19:25;-0,5;0,0;0,0;0,0;50,0;Подготовка;
20251208;18:19:30;-0,5;0,0;0,0;0,0;50,0;Подготовка;
20251208;18:19:35;-0,5;0,0;0,0;0,0;50,0;Подготовка;
20251208;18:19:40;-0,5;0,0;0,0;0,0;50,0;Подготовка;
20251208;18:19:45;-0,5;0,0;0,0;0,0;50,0;Подготовка;
20251208;18:19:50;-0,5;0,0;0,0;0,0;50,0;Подготовка;
20251208;18:19:55;-0,5;0,0;0,0;0,0;50,0;Подготовка;
20251208;18:20:00;-0,5;0,0;0,0;0,0;50,0;Подготовка;
20251208;18:20:06;-0,5;0,0;0,0;0,0;50,0;Подготовка;
20251208;18:20:11;-0,5;0,0;0,0;0,0;50,0;Подготовка;
20251208;18:20:16;-0,5;0,0;0,0;0,0;50,0;Подготовка;
20251208;18:20:21;-0,5;0,0;0,0;0,0;50,0;Подготовка;
20251208;18:20:26;-0,5;0,0;0,0;0,0;50,0;Подготовка;
20251208;18:20:31;-0,5;0,0;0,0;0,0;50,0;Подготовка;
20251208;18:20:36;-0,5;0,0;0,0;0,0;50,0;Подготовка;
20251208;18:20:41;-0,5;0,0;0,0;0,0;50,0;Подготовка;
20251208;18:20:46;-0,5;0,0;0,0;0,0;50,0;Подготовка;
20251208;18:20:51;-0,5;0,0;0,0;0,0;50,0;Подготовка;
20251208;18:20:56;-0,5;0,0;0,0;0,0;50,0;Подготовка;
20251208;18:21:01;-0,5;0,0;0,0;0,0;50,0;Подготовка;
20251208;18:21:06;-0,5;0,0;0,0;0,0;50,0;Подготовка;
20251208;18:21:11;-0,5;0,0;0,0;0,0;50,0;Подготовка;
20251208;18:21:16;-0,5;0,0;0,0;0,0;50,0;Подготовка;
20251208;18:21:21;-0,5;0,0;0,0;0,0;50,0;Подготовка;
20251208;18:21:26;-0,5;0,0;0,0;0,0;50,0;Подготовка;
20251208;18:21:31;-0,5;0,0;0,0;0,0;50,0;Подготовка;
20251208;18:21:36;-0,5;0,0;0,0;0,0;50,0;Подготовка;
20251208;18:21:41;-0,5;0,0;0,0;0,0;50,0;Подготовка;
20251208;18:21:46;-0,5;0,0;0,0;0,0;50,0;Подготовка;
20251208;18:21:51;-0,5;0,0;0,0;0,0;50,0;Подготовка;
20251208;18:21:56;-0,5;0,0;0,0;0,0;50,0;Подготовка;
20251208;18:22:01;-0,5;0,0;0,0;0,0;50,0;Подготовка;
20251208;18:22:06;-0,5;0,0;0,0;0,0;50,0;Подготовка;
20251208;18:22:12;-0,5;0,0;0,0;0,0;50,0;Подготовка;
20251208;18:22:17;-0,5;0,0;0,0;0,0;50,0;Подготовка;
20251208;18:22:22;-0,5;0,0;0,0;0,0;50,0;Подготовка;
20251208;18:22:27;-0,5;0,0;0,0;0,0;50,0;Подготовка;
20251208;18:22:32;-0,5;0,0;0,0;0,0;50,0;Подготовка;
20251208;18:22:37;-0,5;0,0;0,0;0,0;50,0;Подготовка;
20251208;18:22:42;-0,5;0,0;0,0;0,0;50,0;Подготовка;
20251208;18:22:47;-0,5;0,0;0,0;0,0;50,0;Подготовка;
20251208;18:22:52;-0,5;0,0;0,0;0,0;50,0;Подготовка;
20251208;18:22:57;-0,5;0,0;0,0;0,0;50,0;Подготовка;
20251208;18:23:02;-0,5;0,0;0,0;0,0;50,0;Подготовка;
20251208;18:23:07;-0,5;0,0;0,0;0,0;50,0;Подготовка;
20251208;18:23:12;-0,5;0,0;0,0;0,0;50,0;Подготовка;
20251208;18:23:17;-0,5;0,0;0,0;0,0;50,0;Подготовка;
20251208;18:23:22;-0,5;0,0;0,0;0,0;50,0;Подготовка;
20251208;18:23:27;-0,5;0,0;0,0;0,0;50,0;Подготовка;
20251208;18:23:32;-0,5;0,0;0,0;0,0;50,0;Подготовка;
20251208;18:23:37;-0,5;0,0;0,0;0,0;50,0;Подготовка;
20251208;18:23:42;-0,5;0,0;0,0;0,0;50,0;Подготовка;
20251208;18:23:47;-0,5;0,0;0,0;0,0;50,0;Подготовка;
20251208;18:23:52;-0,5;0,0;0,0;0,0;50,0;Подготовка;
20251208;18:23:57;-0,5;0,0;0,0;0,0;50,0;Подготовка;
20251208;18:24:02;-0,5;0,0;0,0;0,0;50,0;Подготовка;
20251208;18:24:07;-0,5;0,0;0,0;0,0;50,0;Подготовка;
20251208;18:24:12;-0,5;0,0;0,0;0,0;50,0;Подготовка;
20251208;18:24:18;-0,5;0,0;0,0;0,0;50,0;Подготовка;
20251208;18:24:23;-0,5;0,0;0,0;0,0;50,0;Подготовка;
20251208;18:24:28;-0,5;0,0;0,0;0,0;50,0;Подготовка;
20251208;18:24:33;-0,5;0,0;0,0;0,0;50,0;Подготовка;
20251208;18:24:38;-0,5;0,0;0,0;0,0;50,0;Подготовка;
20251208;18:24:43;-0,5;0,0;0,0;0,0;50,0;Подготовка;
20251208;18:24:48;-0,5;0,0;0,0;0,0;50,0;Подготовка;
20251208;18:24:53;-0,5;0,0;0,0;0,0;50,0;Подготовка;
20251208;18:24:58;-0,5;0,0;0,0;0,0;50,0;Подготовка;
20251208;18:25:03;-0,5;0,0;0,0;0,0;50,0;Подготовка;
20251208;18:25:08;-0,5;0,0;0,0;0,0;50,0;Подготовка;
20251208;18:25:13;-0,5;0,0;0,0;0,0;50,0;Подготовка;
20251208;18:25:18;-0,5;0,0;0,0;0,0;50,0;Подготовка;
20251208;18:25:23;-0,5;0,0;0,0;0,0;50,0;Подготовка;
20251208;18:25:28;-0,5;0,0;0,0;0,0;50,0;Подготовка;
20251208;18:25:33;-0,5;0,0;0,0;0,0;50,0;Подготовка;
20251208;18:25:38;-0,5;0,0;0,0;0,0;50,0;Подготовка;
20251208;18:25:43;-0,5;0,0;0,0;0,0;50,0;Подготовка;
20251208;18:25:48;-0,5;0,0;0,0;0,0;50,0;Подготовка;
20251208;18:25:53;-0,5;0,0;0,0;0,0;50,0;Подготовка;
20251208;18:25:58;-0,5;0,0;0,0;0,0;50,0;Подготовка;
20251208;18:26:03;-0,5;0,0;0,0;0,0;50,0;Подготовка;
20251208;18:26:08;-0,5;0,0;0,0;0,0;50,0;Подготовка;
20251208;18:26:13;-0,5;0,0;0,0;0,0;50,0;Подготовка;
20251208;18:26:18;-0,5;0,0;0,0;0,0;50,0;Подготовка;
20251208;18:26:24;-0,5;0,0;0,0;0,0;50,0;Подготовка;
20251208;18:26:29;-0,5;0,0;0,0;0,0;50,0;Подготовка;
20251208;18:26:34;-0,5;0,0;0,0;0,0;50,0;Подготовка;
20251208;18:26:39;-0,5;0,0;0,0;0,0;50,0;Подготовка;
20251208;18:26:44;-0,5;0,0;0,0;0,0;50,0;Подготовка;
20251208;18:26:49;-0,5;0,0;0,0;0,0;50,0;Подготовка;
20251208;18:26:54;-0,5;0,0;0,0;0,0;50,0;Подготовка;
20251208;18:26:59;-0,5;0,0;0,0;0,0;50,0;Подготовка;
20251208;18:27:04;-0,5;0,0;0,0;0,0;50,0;Подготовка;
20251208;18:27:09;-0,5;0,0;0,0;0,0;50,0;Подготовка;
20251208;18:27:14;-0,5;0,0;0,0;0,0;50,0;Подготовка;
20251208;18:27:19;-0,5;0,0;0,0;0,0;50,0;Подготовка;
20251208;18:27:24;-0,5;0,0;0,0;0,0;50,0;Подготовка;
20251208;18:27:29;-0,5;0,0;0,0;0,0;50,0;Подготовка;
20251208;18:27:34;-0,5;0,0;0,0;0,0;50,0;Подготовка;
20251208;18:27:39;-0,5;0,0;0,0;0,0;50,0;Подготовка;
20251208;18:27:44;-0,5;0,0;0,0;0,0;50,0;Подготовка;
20251208;18:27:49;-0,5;0,0;0,0;0,0;50,0;Подготовка;
20251208;18:27:54;-0,5;0,0;0,0;0,0;50,0;Подготовка;
20251208;18:27:59;-0,5;0,0;0,0;0,0;50,0;Подготовка;
20251208;18:28:04;-0,5;0,0;0,0;0,0;50,0;Подготовка;
20251208;18:28:09;-0,5;0,0;0,0;0,0;50,0;Подготовка;
20251208;18:28:14;-0,5;0,0;0,0;0,0;50,0;Подготовка;
20251208;18:28:19;-0,5;0,0;0,0;0,0;50,0;Подготовка;
20251208;18:28:24;-0,5;0,0;0,0;0,0;50,0;Подготовка;
20251208;18:28:30;-0,5;0,0;0,0;0,0;50,0;Подготовка;
20251208;18:28:35;-0,5;0,0;0,0;0,0;50,0;Подготовка;
20251208;18:28:40;-0,5;0,0;0,0;0,0;50,0;Подготовка;
20251208;18:28:45;-0,5;0,0;0,0;0,0;50,0;Подготовка;
20251208;18:28:50;-0,5;0,0;0,0;0,0;50,0;Подготовка;
20251208;18:28:55;-0,5;0,0;0,0;0,0;50,0;Подготовка;
20251208;18:29:00;-0,5;0,0;0,0;0,0;50,0;Подготовка;
20251208;18:29:05;-0,5;0,0;0,0;0,0;50,0;Подготовка;
20251208;18:29:10;-0,5;0,0;0,0;0,0;50,0;Подготовка;
20251208;18:29:15;-0,5;0,0;0,0;0,0;50,0;Подготовка;
20251208;18:29:20;-0,5;0,0;0,0;0,0;50,0;Подготовка;
20251208;18:29:25;-0,5;0,0;0,0;0,0;50,0;Подготовка;
20251208;18:29:30;-0,5;0,0;0,0;0,0;50,0;Подготовка;
20251208;18:29:35;-0,5;0,0;0,0;0,0;50,0;Подготовка;
20251208;18:29:40;-0,5;0,0;0,0;0,0;50,0;Подготовка;
20251208;18:29:45;-0,5;0,0;0,0;0,0;50,0;Подготовка;
20251208;18:29:50;-0,5;0,0;0,0;0,0;50,0;Подготовка;
20251208;18:29:55;-0,5;0,0;0,0;0,0;50,0;Подготовка;
20251208;18:30:00;-0,5;0,0;0,0;0,0;50,0;Подготовка;
20251208;18:30:05;-0,5;0,0;0,0;0,0;50,0;Подготовка;
20251208;18:30:10;-0,5;0,0;0,0;0,0;50,0;Подготовка;
20251208;18:30:15;-0,5;0,0;0,0;0,0;50,0;Подготовка;
20251208;18:30:20;-0,5;0,0;0,0;0,0;50,0;Подготовка;
20251208;18:30:25;-0,5;0,0;0,0;0,0;50,0;Подготовка;
20251208;18:30:30;-0,5;0,0;0,0;0,0;50,0;Подготовка;
20251208;18:30:36;-0,5;0,0;0,0;0,0;50,0;Подготовка;
20251208;18:30:41;-0,5;0,0;0,0;0,0;50,0;Подготовка;
20251208;18:30:46;-0,5;0,0;0,0;0,0;50,0;Подготовка;
20251208;18:30:51;-0,5;0,0;0,0;0,0;50,0;Подготовка;
20251208;18:30:56;-0,5;0,0;0,0;0,0;50,0;Подготовка;
20251208;18:31:01;-0,5;0,0;0,0;0,0;50,0;Подготовка;
20251208;18:31:06;-0,5;0,0;0,0;0,0;50,0;Подготовка;
20251208;18:31:11;-0,5;0,0;0,0;0,0;50,0;Подготовка;
20251208;18:31:16;-0,5;0,0;0,0;0,0;50,0;Подготовка;
20251208;18:31:21;-0,5;0,0;0,0;0,0;50,0;Подготовка;
20251208;18:31:26;-0,5;0,0;0,0;0,0;50,0;Подготовка;
20251208;18:31:31;-0,5;0,0;0,0;0,0;50,0;Подготовка;
20251208;18:31:36;-0,5;0,0;0,0;0,0;50,0;Подготовка;
20251208;18:31:41;-0,5;0,0;0,0;0,0;50,0;Подготовка;
20251208;18:31:46;-0,5;0,0;0,0;0,0;50,0;Подготовка;
20251208;18:31:51;-0,5;0,0;0,0;0,0;50,0;Подготовка;
20251208;18:31:56;-0,5;0,0;0,0;0,0;50,0;Подготовка;
20251208;18:32:01;-0,5;0,0;0,0;0,0;50,0;Подготовка;
20251208;18:32:06;-0,5;0,0;0,0;0,0;50,0;Подготовка;
20251208;18:32:11;-0,5;0,0;0,0;0,0;50,0;Подготовка;
20251208;18:32:16;-0,5;0,0;0,0;0,0;50,0;Подготовка;
Предприятие;
Объект;
Вид оборудования;
Дисп. наименование;
Тип;
Зав. номер;
Сер. номер;
Год выпуска;
Год ввода в эксплуатацию;
Дата отбора пробы;
Марка пробы;
Температура пробы;
DATE ;TIME ;TS_TEMP ;PROB_TEMP ;PROB_OTN_VL ;PROBE_VlAGOSOD ;SP ;STATUS ; 
20251208;18:32:33;-0,39;0,0;0,0;0,0;50,0;Включение;
20251208;18:32:38;-0,49;0,0;0,0;0,0;50,0;Включение;
20251208;18:32:43;-0,49;0,0;0,0;0,0;50,0;Подготовка;
20251208;18:32:48;-0,49;0,0;0,0;0,0;50,0;Подготовка;
20251208;18:32:53;-0,49;0,0;0,0;0,0;50,0;Подготовка;
20251208;18:32:58;-0,49;0,0;0,0;0,0;50,0;Подготовка;
20251208;18:33:03;-0,5;0,0;0,0;0,0;50,0;Подготовка;
20251208;18:33:08;-0,5;0,0;0,0;0,0;50,0;Подготовка;
20251208;18:33:13;-0,5;0,0;0,0;0,0;50,0;Подготовка;
20251208;18:33:18;-0,5;0,0;0,0;0,0;50,0;Подготовка;
20251208;18:33:23;-0,5;0,0;0,0;0,0;50,0;Подготовка;
20251208;18:33:29;-0,5;0,0;0,0;0,0;50,0;Подготовка;
20251208;18:33:34;-0,5;0,0;0,0;0,0;50,0;Подготовка;
20251208;18:33:39;-0,5;0,0;0,0;0,0;50,0;Подготовка;
20251208;18:33:44;-0,5;0,0;0,0;0,0;50,0;Подготовка;
20251208;18:33:49;-0,5;0,0;0,0;0,0;50,0;Подготовка;
20251208;18:33:54;-0,5;0,0;0,0;0,0;50,0;Подготовка;
20251208;18:33:59;-0,5;0,0;0,0;0,0;50,0;Подготовка;
20251208;18:34:04;-0,5;0,0;0,0;0,0;50,0;Подготовка;
20251208;18:34:09;-0,5;0,0;0,0;0,0;50,0;Подготовка;
20251208;18:34:14;-0,5;0,0;0,0;0,0;50,0;Подготовка;
20251208;18:34:19;-0,5;0,0;0,0;0,0;50,0;Подготовка;
20251208;18:34:24;-0,5;0,0;0,0;0,0;50,0;Подготовка;
20251208;18:34:29;-0,5;0,0;0,0;0,0;50,0;Подготовка;
20251208;18:34:34;-0,5;0,0;0,0;0,0;50,0;Подготовка;
20251208;18:34:39;-0,5;0,0;0,0;0,0;50,0;Подготовка;
20251208;18:34:44;-0,5;0,0;0,0;0,0;50,0;Подготовка;
20251208;18:34:49;-0,5;0,0;0,0;0,0;50,0;Подготовка;
20251208;18:34:54;-0,5;0,0;0,0;0,0;50,0;Подготовка;
20251208;18:34:59;-0,5;0,0;0,0;0,0;50,0;Подготовка;
20251208;18:35:04;-0,5;0,0;0,0;0,0;50,0;Подготовка;
20251208;18:35:09;-0,5;0,0;0,0;0,0;50,0;Подготовка;
20251208;18:35:14;-0,5;0,0;0,0;0,0;50,0;Подготовка;
20251208;18:35:19;-0,5;0,0;0,0;0,0;50,0;Подготовка;
20251208;18:35:24;-0,5;0,0;0,0;0,0;50,0;Подготовка;
20251208;18:35:29;-0,5;0,0;0,0;0,0;50,0;Подготовка;
20251208;18:35:35;-0,5;0,0;0,0;0,0;50,0;Подготовка;
20251208;18:35:40;-0,5;0,0;0,0;0,0;50,0;Подготовка;
20251208;18:35:45;-0,5;0,0;0,0;0,0;50,0;Подготовка;
20251208;18:35:50;-0,5;0,0;0,0;0,0;50,0;Подготовка;
20251208;18:35:55;-0,5;0,0;0,0;0,0;50,0;Подготовка;
20251208;18:36:00;-0,5;0,0;0,0;0,0;50,0;Подготовка;
20251208;18:36:05;-0,5;0,0;0,0;0,0;50,0;Подготовка;
20251208;18:36:10;-0,5;0,0;0,0;0,0;50,0;Подготовка;
20251208;18:36:15;-0,5;0,0;0,0;0,0;50,0;Подготовка;
20251208;18:36:20;-0,5;0,0;0,0;0,0;50,0;Подготовка;
20251208;18:36:25;-0,5;0,0;0,0;0,0;50,0;Подготовка;
20251208;18:36:30;-0,5;0,0;0,0;0,0;50,0;Подготовка;
20251208;18:36:35;-0,5;0,0;0,0;0,0;50,0;Подготовка;
20251208;18:36:40;-0,5;0,0;0,0;0,0;50,0;Подготовка;
20251208;18:36:45;-0,5;0,0;0,0;0,0;50,0;Подготовка;
20251208;18:36:50;-0,5;0,0;0,0;0,0;50,0;Подготовка;
20251208;18:36:55;-0,5;0,0;0,0;0,0;50,0;Подготовка;
20251208;18:37:00;-0,5;0,0;0,0;0,0;50,0;Подготовка;
20251208;18:37:05;-0,5;0,0;0,0;0,0;50,0;Подготовка;
20251208;18:37:10;-0,5;0,0;0,0;0,0;50,0;Подготовка;
20251208;18:37:15;-0,5;0,0;0,0;0,0;50,0;Подготовка;
20251208;18:37:20;-0,5;0,0;0,0;0,0;50,0;Подготовка;
20251208;18:37:25;-0,5;0,0;0,0;0,0;50,0;Подготовка;
20251208;18:37:30;-0,5;0,0;0,0;0,0;50,0;Подготовка;
20251208;18:37:35;-0,5;0,0;0,0;0,0;50,0;Подготовка;
20251208;18:37:41;-0,5;0,0;0,0;0,0;50,0;Подготовка;
20251208;18:37:46;-0,5;0,0;0,0;0,0;50,0;Подготовка;
20251208;18:37:51;-0,5;0,0;0,0;0,0;50,0;Подготовка;
20251208;18:37:56;-0,5;0,0;0,0;0,0;50,0;Подготовка;
20251208;18:38:01;-0,5;0,0;0,0;0,0;50,0;Подготовка;
20251208;18:38:06;-0,5;0,0;0,0;0,0;50,0;Подготовка;
20251208;18:38:11;-0,5;0,0;0,0;0,0;50,0;Подготовка;
20251208;18:38:16;-0,5;0,0;0,0;0,0;50,0;Подготовка;
20251208;18:38:21;-0,5;0,0;0,0;0,0;50,0;Подготовка;
20251208;18:38:26;-0,5;0,0;0,0;0,0;50,0;Подготовка;
20251208;18:38:31;-0,5;0,0;0,0;0,0;50,0;Подготовка;
20251208;18:38:36;-0,5;0,0;0,0;0,0;50,0;Подготовка;
20251208;18:38:41;-0,5;0,0;0,0;0,0;50,0;Подготовка;
20251208;18:38:46;-0,5;0,0;0,0;0,0;50,0;Подготовка;
20251208;18:38:51;-0,5;0,0;0,0;0,0;50,0;Подготовка;
20251208;18:38:56;-0,5;0,0;0,0;0,0;50,0;Подготовка;
20251208;18:39:01;-0,5;0,0;0,0;0,0;50,0;Подготовка;
20251208;18:39:06;-0,5;0,0;0,0;0,0;50,0;Подготовка;
20251208;18:39:11;-0,5;0,0;0,0;0,0;50,0;Подготовка;
20251208;18:39:16;-0,5;0,0;0,0;0,0;50,0;Подготовка;
20251208;18:39:21;-0,5;0,0;0,0;0,0;50,0;Подготовка;
20251208;18:39:26;-0,5;0,0;0,0;0,0;50,0;Подготовка;
20251208;18:39:31;-0,5;0,0;0,0;0,0;50,0;Подготовка;
20251208;18:39:36;-0,5;0,0;0,0;0,0;50,0;Подготовка;
20251208;18:39:41;-0,5;0,0;0,0;0,0;50,0;Подготовка;
20251208;18:39:47;-0,5;0,0;0,0;0,0;50,0;Подготовка;
20251208;18:39:52;-0,5;0,0;0,0;0,0;50,0;Подготовка;
20251208;18:39:57;-0,5;0,0;0,0;0,0;50,0;Подготовка;
20251208;18:40:02;-0,5;0,0;0,0;0,0;50,0;Подготовка;
20251208;18:40:07;-0,5;0,0;0,0;0,0;50,0;Подготовка;
20251208;18:40:12;-0,5;0,0;0,0;0,0;50,0;Подготовка;
20251208;18:40:17;-0,5;0,0;0,0;0,0;50,0;Подготовка;
20251208;18:40:22;-0,5;0,0;0,0;0,0;50,0;Подготовка;
20251208;18:40:27;-0,5;0,0;0,0;0,0;50,0;Подготовка;
20251208;18:40:32;-0,5;0,0;0,0;0,0;50,0;Подготовка;
20251208;18:40:37;-0,5;0,0;0,0;0,0;50,0;Подготовка;
20251208;18:40:42;-0,5;0,0;0,0;0,0;50,0;Подготовка;
20251208;18:40:47;-0,5;0,0;0,0;0,0;50,0;Подготовка;
20251208;18:40:52;-0,5;0,0;0,0;0,0;50,0;Подготовка;
20251208;18:40:57;-0,5;0,0;0,0;0,0;50,0;Подготовка;
20251208;18:41:02;-0,5;0,0;0,0;0,0;50,0;Подготовка;
20251208;18:41:07;-0,5;0,0;0,0;0,0;50,0;Подготовка;
20251208;18:41:12;-0,5;0,0;0,0;0,0;50,0;Подготовка;
20251208;18:41:17;-0,5;0,0;0,0;0,0;50,0;Подготовка;
20251208;18:41:22;-0,5;0,0;0,0;0,0;50,0;Подготовка;
20251208;18:41:27;-0,5;0,0;0,0;0,0;50,0;Подготовка;
20251208;18:41:32;-0,5;0,0;0,0;0,0;50,0;Подготовка;
20251208;18:41:37;-0,5;0,0;0,0;0,0;50,0;Подготовка;
20251208;18:41:42;-0,5;0,0;0,0;0,0;50,0;Подготовка;
20251208;18:41:47;-0,5;0,0;0,0;0,0;50,0;Подготовка;
20251208;18:41:53;-0,5;0,0;0,0;0,0;50,0;Подготовка;
20251208;18:41:58;-0,5;0,0;0,0;0,0;50,0;Подготовка;
20251208;18:42:03;-0,5;0,0;0,0;0,0;50,0;Подготовка;
20251208;18:42:08;-0,5;0,0;0,0;0,0;50,0;Подготовка;
20251208;18:42:13;-0,5;0,0;0,0;0,0;50,0;Подготовка;
20251208;18:42:18;-0,5;0,0;0,0;0,0;50,0;Подготовка;
20251208;18:42:23;-0,5;0,0;0,0;0,0;50,0;Подготовка;
20251208;18:42:28;-0,5;0,0;0,0;0,0;50,0;Подготовка;
20251208;18:42:33;-0,5;0,0;0,0;0,0;50,0;Подготовка;
20251208;18:42:38;-0,5;0,0;0,0;0,0;50,0;Подготовка;
20251208;18:42:43;-0,5;0,0;0,0;0,0;50,0;Подготовка;
20251208;18:42:48;-0,5;0,0;0,0;0,0;50,0;Подготовка;
20251208;18:42:53;-0,5;0,0;0,0;0,0;50,0;Подготовка;
20251208;18:42:58;-0,5;0,0;0,0;0,0;50,0;Подготовка;
20251208;18:43:03;-0,5;0,0;0,0;0,0;50,0;Подготовка;
20251208;18:43:08;-0,5;0,0;0,0;0,0;50,0;Подготовка;
20251208;18:43:13;-0,5;0,0;0,0;0,0;50,0;Подготовка;
20251208;18:43:18;-0,5;0,0;0,0;0,0;50,0;Подготовка;
20251208;18:43:23;-0,5;0,0;0,0;0,0;50,0;Подготовка;
20251208;18:43:28;-0,5;0,0;0,0;0,0;50,0;Подготовка;
20251208;18:43:33;-0,5;0,0;0,0;0,0;50,0;Подготовка;
20251208;18:43:38;-0,5;0,0;0,0;0,0;50,0;Подготовка;
20251208;18:43:43;-0,5;0,0;0,0;0,0;50,0;Подготовка;
20251208;18:43:48;-0,5;0,0;0,0;0,0;50,0;Подготовка;
20251208;18:43:53;-0,5;0,0;0,0;0,0;50,0;Подготовка;
20251208;18:43:59;-0,5;0,0;0,0;0,0;50,0;Подготовка;
20251208;18:44:04;-0,5;0,0;0,0;0,0;50,0;Подготовка;
20251208;18:44:09;-0,5;0,0;0,0;0,0;50,0;Подготовка;
20251208;18:44:14;-0,5;0,0;0,0;0,0;50,0;Подготовка;
20251208;18:44:19;-0,5;0,0;0,0;0,0;50,0;Подготовка;
20251208;18:44:24;-0,5;0,0;0,0;0,0;50,0;Подготовка;
20251208;18:44:29;-0,5;0,0;0,0;0,0;50,0;Подготовка;
20251208;18:44:34;-0,5;0,0;0,0;0,0;50,0;Подготовка;
20251208;18:44:39;-0,5;0,0;0,0;0,0;50,0;Подготовка;
20251208;18:44:44;-0,5;0,0;0,0;0,0;50,0;Подготовка;
20251208;18:44:49;-0,5;0,0;0,0;0,0;50,0;Подготовка;
20251208;18:44:54;-0,5;0,0;0,0;0,0;50,0;Подготовка;
20251208;18:44:59;-0,5;0,0;0,0;0,0;50,0;Подготовка;
20251208;18:45:04;-0,5;0,0;0,0;0,0;50,0;Подготовка;
20251208;18:45:09;-0,5;0,0;0,0;0,0;50,0;Подготовка;
20251208;18:45:14;-0,5;0,0;0,0;0,0;50,0;Подготовка;
20251208;18:45:19;-0,5;0,0;0,0;0,0;50,0;Подготовка;
20251208;18:45:24;-0,5;0,0;0,0;0,0;50,0;Подготовка;
20251208;18:45:29;-0,5;0,0;0,0;0,0;50,0;Подготовка;
20251208;18:45:34;-0,5;0,0;0,0;0,0;50,0;Подготовка;
20251208;18:45:39;-0,5;0,0;0,0;0,0;50,0;Подготовка;
20251208;18:45:44;-0,5;0,0;0,0;0,0;50,0;Подготовка;
20251208;18:45:49;-0,5;0,0;0,0;0,0;50,0;Подготовка;
20251208;18:45:54;-0,5;0,0;0,0;0,0;50,0;Подготовка;
20251208;18:45:59;-0,5;0,0;0,0;0,0;50,0;Подготовка;
20251208;18:46:05;-0,5;0,0;0,0;0,0;50,0;Подготовка;
20251208;18:46:10;-0,5;0,0;0,0;0,0;50,0;Подготовка;
20251208;18:46:15;-0,5;0,0;0,0;0,0;50,0;Подготовка;
20251208;18:46:20;-0,5;0,0;0,0;0,0;50,0;Подготовка;
20251208;18:46:25;-0,5;0,0;0,0;0,0;50,0;Подготовка;
20251208;18:46:30;-0,5;0,0;0,0;0,0;50,0;Подготовка;
20251208;18:46:35;-0,5;0,0;0,0;0,0;50,0;Подготовка;
20251208;18:46:40;-0,5;0,0;0,0;0,0;50,0;Подготовка;
20251208;18:46:45;-0,5;0,0;0,0;0,0;50,0;Подготовка;
20251208;18:46:50;-0,5;0,0;0,0;0,0;50,0;Подготовка;
20251208;18:46:55;-0,5;0,0;0,0;0,0;50,0;Подготовка;
20251208;18:47:00;-0,5;0,0;0,0;0,0;50,0;Подготовка;
20251208;18:47:05;-0,5;0,0;0,0;0,0;50,0;Подготовка;
20251208;18:47:10;-0,5;0,0;0,0;0,0;50,0;Подготовка;
20251208;18:47:15;-0,5;0,0;0,0;0,0;50,0;Подготовка;
20251208;18:47:20;-0,5;0,0;0,0;0,0;50,0;Подготовка;
20251208;18:47:25;-0,5;0,0;0,0;0,0;50,0;Подготовка;
20251208;18:47:30;-0,5;0,0;0,0;0,0;50,0;Подготовка;
20251208;18:47:35;-0,5;0,0;0,0;0,0;50,0;Подготовка;
20251208;18:47:40;-0,5;0,0;0,0;0,0;50,0;Подготовка;
20251208;18:47:45;-0,5;0,0;0,0;0,0;50,0;Подготовка;
20251208;18:47:50;-0,5;0,0;0,0;0,0;50,0;Подготовка;
20251208;18:47:55;-0,5;0,0;0,0;0,0;50,0;Подготовка;
20251208;18:48:00;-0,5;0,0;0,0;0,0;50,0;Подготовка;
20251208;18:48:05;-0,5;0,0;0,0;0,0;50,0;Подготовка;
20251208;18:48:11;-0,5;0,0;0,0;0,0;50,0;Подготовка;
20251208;18:48:16;-0,5;0,0;0,0;0,0;50,0;Подготовка;
20251208;18:48:21;-0,5;0,0;0,0;0,0;50,0;Подготовка;
20251208;18:48:26;-0,5;0,0;0,0;0,0;50,0;Подготовка;
20251208;18:48:31;-0,5;0,0;0,0;0,0;50,0;Подготовка;
20251208;18:48:36;-0,5;0,0;0,0;0,0;50,0;Подготовка;
20251208;18:48:41;-0,5;0,0;0,0;0,0;50,0;Подготовка;
20251208;18:48:46;-0,5;0,0;0,0;0,0;50,0;Подготовка;
20251208;18:48:51;-0,5;0,0;0,0;0,0;50,0;Подготовка;
20251208;18:48:56;-0,5;0,0;0,0;0,0;50,0;Подготовка;
20251208;18:49:01;-0,5;0,0;0,0;0,0;50,0;Подготовка;
20251208;18:49:06;-0,5;0,0;0,0;0,0;50,0;Подготовка;
20251208;18:49:11;-0,5;0,0;0,0;0,0;50,0;Подготовка;
20251208;18:49:16;-0,5;0,0;0,0;0,0;50,0;Подготовка;
20251208;18:49:21;-0,5;0,0;0,0;0,0;50,0;Подготовка;
20251208;18:49:26;-0,5;0,0;0,0;0,0;50,0;Подготовка;
20251208;18:49:31;-0,5;0,0;0,0;0,0;50,0;Подготовка;
20251208;18:49:36;-0,5;0,0;0,0;0,0;50,0;Подготовка;
20251208;18:49:41;-0,5;0,0;0,0;0,0;50,0;Подготовка;
20251208;18:49:46;-0,5;0,0;0,0;0,0;50,0;Подготовка;
20251208;18:49:51;-0,5;0,0;0,0;0,0;50,0;Подготовка;
20251208;18:49:56;-0,5;0,0;0,0;0,0;50,0;Подготовка;
20251208;18:50:01;-0,5;0,0;0,0;0,0;50,0;Подготовка;
20251208;18:50:06;-0,5;0,0;0,0;0,0;50,0;Подготовка;
20251208;18:50:11;-0,5;0,0;0,0;0,0;50,0;Подготовка;
20251208;18:50:17;-0,5;0,0;0,0;0,0;50,0;Подготовка;
20251208;18:50:22;-0,5;0,0;0,0;0,0;50,0;Подготовка;
20251208;18:50:27;-0,5;0,0;0,0;0,0;50,0;Подготовка;
20251208;18:50:32;-0,5;0,0;0,0;0,0;50,0;Подготовка;
20251208;18:50:37;-0,5;0,0;0,0;0,0;50,0;Подготовка;
20251208;18:50:42;-0,5;0,0;0,0;0,0;50,0;Подготовка;
20251208;18:50:47;-0,5;0,0;0,0;0,0;50,0;Подготовка;
20251208;18:50:52;-0,5;0,0;0,0;0,0;50,0;Подготовка;
20251208;18:50:57;-0,5;0,0;0,0;0,0;50,0;Подготовка;
20251208;18:51:02;-0,5;0,0;0,0;0,0;50,0;Подготовка;
20251208;18:51:07;-0,5;0,0;0,0;0,0;50,0;Подготовка;
20251208;18:51:12;-0,5;0,0;0,0;0,0;50,0;Подготовка;
20251208;18:51:17;-0,5;0,0;0,0;0,0;50,0;Подготовка;
20251208;18:51:22;-0,5;0,0;0,0;0,0;50,0;Подготовка;
20251208;18:51:27;-0,5;0,0;0,0;0,0;50,0;Подготовка;
20251208;18:51:32;-0,5;0,0;0,0;0,0;50,0;Подготовка;
20251208;18:51:37;-0,5;0,0;0,0;0,0;50,0;Подготовка;
20251208;18:51:42;-0,5;0,0;0,0;0,0;50,0;Подготовка;
20251208;18:51:47;-0,5;0,0;0,0;0,0;50,0;Подготовка;
20251208;18:51:52;-0,5;0,0;0,0;0,0;50,0;Подготовка;
20251208;18:51:57;-0,5;0,0;0,0;0,0;50,0;Подготовка;
20251208;18:52:02;-0,5;0,0;0,0;0,0;50,0;Подготовка;
20251208;18:52:07;-0,5;0,0;0,0;0,0;50,0;Подготовка;
20251208;18:52:12;-0,5;0,0;0,0;0,0;50,0;Подготовка;
20251208;18:52:17;-0,5;0,0;0,0;0,0;50,0;Подготовка;
20251208;18:52:23;-0,5;0,0;0,0;0,0;50,0;Подготовка;
20251208;18:52:28;-0,5;0,0;0,0;0,0;50,0;Подготовка;
20251208;18:52:33;-0,5;0,0;0,0;0,0;50,0;Подготовка;
20251208;18:52:38;-0,5;0,0;0,0;0,0;50,0;Подготовка;
20251208;18:52:43;-0,5;0,0;0,0;0,0;50,0;Подготовка;
20251208;18:52:48;-0,5;0,0;0,0;0,0;50,0;Подготовка;
20251208;18:52:53;-0,5;0,0;0,0;0,0;50,0;Подготовка;
20251208;18:52:58;-0,5;0,0;0,0;0,0;50,0;Подготовка;
20251208;18:53:03;-0,5;0,0;0,0;0,0;50,0;Подготовка;
20251208;18:53:08;-0,5;0,0;0,0;0,0;50,0;Подготовка;
20251208;18:53:13;-0,5;0,0;0,0;0,0;50,0;Подготовка;
20251208;18:53:18;-0,5;0,0;0,0;0,0;50,0;Подготовка;
20251208;18:53:23;-0,5;0,0;0,0;0,0;50,0;Подготовка;
20251208;18:53:28;-0,5;0,0;0,0;0,0;50,0;Подготовка;
20251208;18:53:33;-0,5;0,0;0,0;0,0;50,0;Подготовка;
20251208;18:53:38;-0,5;0,0;0,0;0,0;50,0;Подготовка;
20251208;18:53:43;-0,5;0,0;0,0;0,0;50,0;Подготовка;
20251208;18:53:48;-0,5;0,0;0,0;0,0;50,0;Подготовка;
20251208;18:53:53;-0,5;0,0;0,0;0,0;50,0;Подготовка;
20251208;18:53:58;-0,5;0,0;0,0;0,0;50,0;Подготовка;
20251208;18:54:03;-0,5;0,0;0,0;0,0;50,0;Подготовка;
20251208;18:54:08;-0,5;0,0;0,0;0,0;50,0;Подготовка;
20251208;18:54:13;-0,5;0,0;0,0;0,0;50,0;Подготовка;
20251208;18:54:18;-0,5;0,0;0,0;0,0;50,0;Подготовка;
20251208;18:54:23;-0,5;0,0;0,0;0,0;50,0;Подготовка;
20251208;18:54:29;-0,5;0,0;0,0;0,0;50,0;Подготовка;
20251208;18:54:34;-0,5;0,0;0,0;0,0;50,0;Подготовка;
20251208;18:54:39;-0,5;0,0;0,0;0,0;50,0;Подготовка;
20251208;18:54:44;-0,5;0,0;0,0;0,0;50,0;Подготовка;
20251208;18:54:49;-0,5;0,0;0,0;0,0;50,0;Подготовка;
20251208;18:54:54;-0,5;0,0;0,0;0,0;50,0;Подготовка;
20251208;18:54:59;-0,5;0,0;0,0;0,0;50,0;Подготовка;
20251208;18:55:04;-0,5;0,0;0,0;0,0;50,0;Подготовка;
20251208;18:55:09;-0,5;0,0;0,0;0,0;50,0;Подготовка;
20251208;18:55:14;-0,5;0,0;0,0;0,0;50,0;Подготовка;
20251208;18:55:19;-0,5;0,0;0,0;0,0;50,0;Подготовка;
20251208;18:55:24;-0,5;0,0;0,0;0,0;50,0;Подготовка;
20251208;18:55:29;-0,5;0,0;0,0;0,0;50,0;Подготовка;
20251208;18:55:34;-0,5;0,0;0,0;0,0;50,0;Подготовка;
20251208;18:55:39;-0,5;0,0;0,0;0,0;50,0;Подготовка;
20251208;18:55:44;-0,5;0,0;0,0;0,0;50,0;Подготовка;
20251208;18:55:49;-0,5;0,0;0,0;0,0;50,0;Подготовка;
20251208;18:55:54;-0,5;0,0;0,0;0,0;50,0;Подготовка;
20251208;18:55:59;-0,5;0,0;0,0;0,0;50,0;Подготовка;
20251208;18:56:04;-0,5;0,0;0,0;0,0;50,0;Подготовка;
20251208;18:56:09;-0,5;0,0;0,0;0,0;50,0;Подготовка;
20251208;18:56:14;-0,5;0,0;0,0;0,0;50,0;Подготовка;
20251208;18:56:19;-0,5;0,0;0,0;0,0;50,0;Подготовка;
20251208;18:56:24;-0,5;0,0;0,0;0,0;50,0;Подготовка;
20251208;18:56:29;-0,5;0,0;0,0;0,0;50,0;Подготовка;
20251208;18:56:35;-0,5;0,0;0,0;0,0;50,0;Подготовка;
20251208;18:56:40;-0,5;0,0;0,0;0,0;50,0;Подготовка;
20251208;18:56:45;-0,5;0,0;0,0;0,0;50,0;Подготовка;
20251208;18:56:50;-0,5;0,0;0,0;0,0;50,0;Подготовка;
20251208;18:56:55;-0,5;0,0;0,0;0,0;50,0;Подготовка;
20251208;18:57:00;-0,5;0,0;0,0;0,0;50,0;Подготовка;
20251208;18:57:05;-0,5;0,0;0,0;0,0;50,0;Подготовка;
20251208;18:57:10;-0,5;0,0;0,0;0,0;50,0;Подготовка;
20251208;18:57:15;-0,5;0,0;0,0;0,0;50,0;Подготовка;
20251208;18:57:20;-0,5;0,0;0,0;0,0;50,0;Подготовка;
20251208;18:57:25;-0,5;0,0;0,0;0,0;50,0;Подготовка;
20251208;18:57:30;-0,5;0,0;0,0;0,0;50,0;Подготовка;
20251208;18:57:35;-0,5;0,0;0,0;0,0;50,0;Подготовка;
20251208;18:57:40;-0,5;0,0;0,0;0,0;50,0;Подготовка;
20251208;18:57:45;-0,5;0,0;0,0;0,0;50,0;Подготовка;
20251208;18:57:50;-0,5;0,0;0,0;0,0;50,0;Подготовка;
20251208;18:57:55;-0,5;0,0;0,0;0,0;50,0;Подготовка;
20251208;18:58:00;-0,5;0,0;0,0;0,0;50,0;Подготовка;
20251208;18:58:05;-0,5;0,0;0,0;0,0;50,0;Подготовка;
20251208;18:58:10;-0,5;0,0;0,0;0,0;50,0;Подготовка;
20251208;18:58:15;-0,5;0,0;0,0;0,0;50,0;Подготовка;
20251208;18:58:20;-0,5;0,0;0,0;0,0;50,0;Подготовка;
20251208;18:58:25;-0,5;0,0;0,0;0,0;50,0;Подготовка;
20251208;18:58:30;-0,5;0,0;0,0;0,0;50,0;Подготовка;
20251208;18:58:35;-0,5;0,0;0,0;0,0;50,0;Подготовка;
20251208;18:58:41;-0,5;0,0;0,0;0,0;50,0;Подготовка;
20251208;18:58:46;-0,5;0,0;0,0;0,0;50,0;Подготовка;
20251208;18:58:51;-0,5;0,0;0,0;0,0;50,0;Подготовка;
20251208;18:58:56;-0,5;0,0;0,0;0,0;50,0;Подготовка;
20251208;18:59:01;-0,5;0,0;0,0;0,0;50,0;Подготовка;
20251208;18:59:06;-0,5;0,0;0,0;0,0;50,0;Подготовка;
20251208;18:59:11;-0,5;0,0;0,0;0,0;50,0;Подготовка;
20251208;18:59:16;-0,5;0,0;0,0;0,0;50,0;Подготовка;
20251208;18:59:21;-0,5;0,0;0,0;0,0;50,0;Подготовка;
20251208;18:59:26;-0,5;0,0;0,0;0,0;50,0;Подготовка;
20251208;18:59:31;-0,5;0,0;0,0;0,0;50,0;Подготовка;
20251208;18:59:36;-0,5;0,0;0,0;0,0;50,0;Подготовка;
20251208;18:59:41;-0,5;0,0;0,0;0,0;50,0;Подготовка;
20251208;18:59:46;-0,5;0,0;0,0;0,0;50,0;Подготовка;
20251208;18:59:51;-0,5;0,0;0,0;0,0;50,0;Подготовка;
20251208;18:59:56;-0,5;0,0;0,0;0,0;50,0;Подготовка;
20251208;19:00:01;-0,5;0,0;0,0;0,0;50,0;Подготовка;
20251208;19:00:06;-0,5;0,0;0,0;0,0;50,0;Подготовка;
20251208;19:00:11;-0,5;0,0;0,0;0,0;50,0;Подготовка;
20251208;19:00:16;-0,5;0,0;0,0;0,0;50,0;Подготовка;
20251208;19:00:21;-0,5;0,0;0,0;0,0;50,0;Подготовка;
20251208;19:00:26;-0,5;0,0;0,0;0,0;50,0;Подготовка;
20251208;19:00:31;-0,5;0,0;0,0;0,0;50,0;Подготовка;
20251208;19:00:36;-0,5;0,0;0,0;0,0;50,0;Подготовка;
20251208;19:00:41;-0,5;0,0;0,0;0,0;50,0;Подготовка;
20251208;19:00:47;-0,5;0,0;0,0;0,0;50,0;Подготовка;
20251208;19:00:52;-0,5;0,0;0,0;0,0;50,0;Подготовка;
20251208;19:00:57;-0,5;0,0;0,0;0,0;50,0;Подготовка;
20251208;19:01:02;-0,5;0,0;0,0;0,0;50,0;Подготовка;
20251208;19:01:07;-0,5;0,0;0,0;0,0;50,0;Подготовка;
20251208;19:01:12;-0,5;0,0;0,0;0,0;50,0;Подготовка;
20251208;19:01:17;-0,5;0,0;0,0;0,0;50,0;Подготовка;
20251208;19:01:22;-0,5;0,0;0,0;0,0;50,0;Подготовка;
20251208;19:01:27;-0,5;0,0;0,0;0,0;50,0;Подготовка;
20251208;19:01:32;-0,5;0,0;0,0;0,0;50,0;Подготовка;
20251208;19:01:37;-0,5;0,0;0,0;0,0;50,0;Подготовка;
20251208;19:01:42;-0,5;0,0;0,0;0,0;50,0;Подготовка;
20251208;19:01:47;-0,5;0,0;0,0;0,0;50,0;Подготовка;
20251208;19:01:52;-0,5;0,0;0,0;0,0;50,0;Подготовка;
20251208;19:01:57;-0,5;0,0;0,0;0,0;50,0;Подготовка;
20251208;19:02:02;-0,5;0,0;0,0;0,0;50,0;Подготовка;
20251208;19:02:07;-0,5;0,0;0,0;0,0;50,0;Подготовка;
20251208;19:02:12;-0,5;0,0;0,0;0,0;50,0;Подготовка;
20251208;19:02:17;-0,5;0,0;0,0;0,0;50,0;Подготовка;
20251208;19:02:22;-0,5;0,0;0,0;0,0;50,0;Подготовка;
20251208;19:02:27;-0,5;0,0;0,0;0,0;50,0;Подготовка;
20251208;19:02:32;-0,5;0,0;0,0;0,0;50,0;Подготовка;
20251208;19:02:37;-0,5;0,0;0,0;0,0;50,0;Подготовка;
20251208;19:02:42;-0,5;0,0;0,0;0,0;50,0;Подготовка;
20251208;19:02:47;-0,5;0,0;0,0;0,0;50,0;Подготовка;
20251208;19:02:53;-0,5;0,0;0,0;0,0;50,0;Подготовка;
20251208;19:02:58;-0,5;0,0;0,0;0,0;50,0;Подготовка;
20251208;19:03:03;-0,5;0,0;0,0;0,0;50,0;Подготовка;
20251208;19:03:08;-0,5;0,0;0,0;0,0;50,0;Подготовка;
20251208;19:03:13;-0,5;0,0;0,0;0,0;50,0;Подготовка;
20251208;19:03:18;-0,5;0,0;0,0;0,0;50,0;Подготовка;
20251208;19:03:23;-0,5;0,0;0,0;0,0;50,0;Подготовка;
20251208;19:03:28;-0,5;0,0;0,0;0,0;50,0;Подготовка;
20251208;19:03:33;-0,5;0,0;0,0;0,0;50,0;Подготовка;
20251208;19:03:38;-0,5;0,0;0,0;0,0;50,0;Подготовка;
20251208;19:03:43;-0,5;0,0;0,0;0,0;50,0;Подготовка;
20251208;19:03:48;-0,5;0,0;0,0;0,0;50,0;Подготовка;
20251208;19:03:53;-0,5;0,0;0,0;0,0;50,0;Подготовка;
20251208;19:03:58;-0,5;0,0;0,0;0,0;50,0;Подготовка;
20251208;19:04:03;-0,5;0,0;0,0;0,0;50,0;Подготовка;
20251208;19:04:08;-0,5;0,0;0,0;0,0;50,0;Подготовка;
20251208;19:04:13;-0,5;0,0;0,0;0,0;50,0;Подготовка;
20251208;19:04:18;-0,5;0,0;0,0;0,0;50,0;Подготовка;
20251208;19:04:23;-0,5;0,0;0,0;0,0;50,0;Подготовка;
20251208;19:04:28;-0,5;0,0;0,0;0,0;50,0;Подготовка;
20251208;19:04:33;-0,5;0,0;0,0;0,0;50,0;Подготовка;
20251208;19:04:38;-0,5;0,0;0,0;0,0;50,0;Подготовка;
20251208;19:04:43;-0,5;0,0;0,0;0,0;50,0;Подготовка;
20251208;19:04:48;-0,5;0,0;0,0;0,0;50,0;Подготовка;
20251208;19:04:53;-0,5;0,0;0,0;0,0;50,0;Подготовка;
20251208;19:04:59;-0,5;0,0;0,0;0,0;50,0;Подготовка;
20251208;19:05:04;-0,5;0,0;0,0;0,0;50,0;Подготовка;
20251208;19:05:09;-0,5;0,0;0,0;0,0;50,0;Подготовка;
20251208;19:05:14;-0,5;0,0;0,0;0,0;50,0;Подготовка;
20251208;19:05:19;-0,5;0,0;0,0;0,0;50,0;Подготовка;
20251208;19:05:24;-0,5;0,0;0,0;0,0;50,0;Подготовка;
20251208;19:05:29;-0,5;0,0;0,0;0,0;50,0;Подготовка;
20251208;19:05:34;-0,5;0,0;0,0;0,0;50,0;Подготовка;
20251208;19:05:39;-0,5;0,0;0,0;0,0;50,0;Подготовка;
20251208;19:05:44;-0,5;0,0;0,0;0,0;50,0;Подготовка;
20251208;19:05:49;-0,5;0,0;0,0;0,0;50,0;Подготовка;
20251208;19:05:54;-0,5;0,0;0,0;0,0;50,0;Подготовка;
20251208;19:05:59;-0,5;0,0;0,0;0,0;50,0;Подготовка;
20251208;19:06:04;-0,5;0,0;0,0;0,0;50,0;Подготовка;
20251208;19:06:09;-0,5;0,0;0,0;0,0;50,0;Подготовка;
20251208;19:06:14;-0,5;0,0;0,0;0,0;50,0;Подготовка;
20251208;19:06:19;-0,5;0,0;0,0;0,0;50,0;Подготовка;
20251208;19:06:24;-0,5;0,0;0,0;0,0;50,0;Подготовка;
20251208;19:06:29;-0,5;0,0;0,0;0,0;50,0;Подготовка;
20251208;19:06:34;-0,5;0,0;0,0;0,0;50,0;Подготовка;
20251208;19:06:39;-0,5;0,0;0,0;0,0;50,0;Подготовка;
20251208;19:06:44;-0,5;0,0;0,0;0,0;50,0;Подготовка;
20251208;19:06:49;-0,5;0,0;0,0;0,0;50,0;Подготовка;
20251208;19:06:54;-0,5;0,0;0,0;0,0;50,0;Подготовка;
20251208;19:06:59;-0,5;0,0;0,0;0,0;50,0;Подготовка;
20251208;19:07:05;-0,5;0,0;0,0;0,0;50,0;Подготовка;
20251208;19:07:10;-0,5;0,0;0,0;0,0;50,0;Подготовка;
20251208;19:07:15;-0,5;0,0;0,0;0,0;50,0;Подготовка;
20251208;19:07:20;-0,5;0,0;0,0;0,0;50,0;Подготовка;
20251208;19:07:25;-0,5;0,0;0,0;0,0;50,0;Подготовка;
20251208;19:07:30;-0,5;0,0;0,0;0,0;50,0;Подготовка;
20251208;19:07:35;-0,5;0,0;0,0;0,0;50,0;Подготовка;
20251208;19:07:40;-0,5;0,0;0,0;0,0;50,0;Подготовка;
20251208;19:07:45;-0,5;0,0;0,0;0,0;50,0;Подготовка;
20251208;19:07:50;-0,5;0,0;0,0;0,0;50,0;Подготовка;
20251208;19:07:55;-0,5;0,0;0,0;0,0;50,0;Подготовка;
20251208;19:08:00;-0,5;0,0;0,0;0,0;50,0;Подготовка;
20251208;19:08:05;-0,5;0,0;0,0;0,0;50,0;Подготовка;
20251208;19:08:10;-0,5;0,0;0,0;0,0;50,0;Подготовка;
20251208;19:08:15;-0,5;0,0;0,0;0,0;50,0;Подготовка;
20251208;19:08:20;-0,5;0,0;0,0;0,0;50,0;Подготовка;
20251208;19:08:25;-0,5;0,0;0,0;0,0;50,0;Подготовка;
20251208;19:08:30;-0,5;0,0;0,0;0,0;50,0;Подготовка;
20251208;19:08:35;-0,5;0,0;0,0;0,0;50,0;Подготовка;
20251208;19:08:40;-0,5;0,0;0,0;0,0;50,0;Подготовка;
20251208;19:08:45;-0,5;0,0;0,0;0,0;50,0;Подготовка;
20251208;19:08:50;-0,5;0,0;0,0;0,0;50,0;Подготовка;
20251208;19:08:55;-0,5;0,0;0,0;0,0;50,0;Подготовка;
20251208;19:09:00;-0,5;0,0;0,0;0,0;50,0;Подготовка;
20251208;19:09:05;-0,5;0,0;0,0;0,0;50,0;Подготовка;
20251208;19:09:11;-0,5;0,0;0,0;0,0;50,0;Подготовка;
20251208;19:09:16;-0,5;0,0;0,0;0,0;50,0;Подготовка;
20251208;19:09:21;-0,5;0,0;0,0;0,0;50,0;Подготовка;
20251208;19:09:26;-0,5;0,0;0,0;0,0;50,0;Подготовка;
20251208;19:09:31;-0,5;0,0;0,0;0,0;50,0;Подготовка;
20251208;19:09:36;-0,5;0,0;0,0;0,0;50,0;Подготовка;
20251208;19:09:41;-0,5;0,0;0,0;0,0;50,0;Подготовка;
20251208;19:09:46;-0,5;0,0;0,0;0,0;50,0;Подготовка;
20251208;19:09:51;-0,5;0,0;0,0;0,0;50,0;Подготовка;
20251208;19:09:56;-0,5;0,0;0,0;0,0;50,0;Подготовка;
20251208;19:10:01;-0,5;0,0;0,0;0,0;50,0;Подготовка;
20251208;19:10:06;-0,5;0,0;0,0;0,0;50,0;Подготовка;
20251208;19:10:11;-0,5;0,0;0,0;0,0;50,0;Подготовка;
20251208;19:10:16;-0,5;0,0;0,0;0,0;50,0;Подготовка;
20251208;19:10:21;-0,5;0,0;0,0;0,0;50,0;Подготовка;
20251208;19:10:26;-0,5;0,0;0,0;0,0;50,0;Подготовка;
20251208;19:10:31;-0,5;0,0;0,0;0,0;50,0;Подготовка;
20251208;19:10:36;-0,5;0,0;0,0;0,0;50,0;Подготовка;
20251208;19:10:41;-0,5;0,0;0,0;0,0;50,0;Подготовка;
20251208;19:10:46;-0,5;0,0;0,0;0,0;50,0;Подготовка;
20251208;19:10:51;-0,5;0,0;0,0;0,0;50,0;Подготовка;
20251208;19:10:56;-0,5;0,0;0,0;0,0;50,0;Подготовка;
20251208;19:11:01;-0,5;0,0;0,0;0,0;50,0;Подготовка;
20251208;19:11:06;-0,5;0,0;0,0;0,0;50,0;Подготовка;
20251208;19:11:11;-0,5;0,0;0,0;0,0;50,0;Подготовка;
20251208;19:11:17;-0,5;0,0;0,0;0,0;50,0;Подготовка;
20251208;19:11:22;-0,5;0,0;0,0;0,0;50,0;Подготовка;
20251208;19:11:27;-0,5;0,0;0,0;0,0;50,0;Подготовка;
20251208;19:11:32;-0,5;0,0;0,0;0,0;50,0;Подготовка;
20251208;19:11:37;-0,5;0,0;0,0;0,0;50,0;Подготовка;
20251208;19:11:42;-0,5;0,0;0,0;0,0;50,0;Подготовка;
20251208;19:11:47;-0,5;0,0;0,0;0,0;50,0;Подготовка;
20251208;19:11:52;-0,5;0,0;0,0;0,0;50,0;Подготовка;
20251208;19:11:57;-0,5;0,0;0,0;0,0;50,0;Подготовка;
20251208;19:12:02;-0,5;0,0;0,0;0,0;50,0;Подготовка;
20251208;19:12:07;-0,5;0,0;0,0;0,0;50,0;Подготовка;
20251208;19:12:12;-0,5;0,0;0,0;0,0;50,0;Подготовка;
20251208;19:12:17;-0,5;0,0;0,0;0,0;50,0;Подготовка;
20251208;19:12:22;-0,5;0,0;0,0;0,0;50,0;Подготовка;
20251208;19:12:27;-0,5;0,0;0,0;0,0;50,0;Подготовка;
20251208;19:12:32;-0,5;0,0;0,0;0,0;50,0;Подготовка;
20251208;19:12:37;-0,5;0,0;0,0;0,0;50,0;Подготовка;
20251208;19:12:42;-0,5;0,0;0,0;0,0;50,0;Подготовка;
20251208;19:12:47;-0,5;0,0;0,0;0,0;50,0;Подготовка;
20251208;19:12:52;-0,5;0,0;0,0;0,0;50,0;Подготовка;
20251208;19:12:57;-0,5;0,0;0,0;0,0;50,0;Подготовка;
20251208;19:13:02;-0,5;0,0;0,0;0,0;50,0;Подготовка;
20251208;19:13:07;-0,5;0,0;0,0;0,0;50,0;Подготовка;
20251208;19:13:12;-0,5;0,0;0,0;0,0;50,0;Подготовка;
20251208;19:13:17;-0,5;0,0;0,0;0,0;50,0;Подготовка;
20251208;19:13:23;-0,5;0,0;0,0;0,0;50,0;Подготовка;
20251208;19:13:28;-0,5;0,0;0,0;0,0;50,0;Подготовка;
20251208;19:13:33;-0,5;0,0;0,0;0,0;50,0;Подготовка;
20251208;19:13:38;-0,5;0,0;0,0;0,0;50,0;Подготовка;
20251208;19:13:43;-0,5;0,0;0,0;0,0;50,0;Подготовка;
20251208;19:13:48;-0,5;0,0;0,0;0,0;50,0;Подготовка;
20251208;19:13:53;-0,5;0,0;0,0;0,0;50,0;Подготовка;
20251208;19:13:58;-0,5;0,0;0,0;0,0;50,0;Подготовка;
20251208;19:14:03;-0,5;0,0;0,0;0,0;50,0;Подготовка;
20251208;19:14:08;-0,5;0,0;0,0;0,0;50,0;Подготовка;
20251208;19:14:13;-0,5;0,0;0,0;0,0;50,0;Подготовка;
20251208;19:14:18;-0,5;0,0;0,0;0,0;50,0;Подготовка;
20251208;19:14:23;-0,5;0,0;0,0;0,0;50,0;Подготовка;
20251208;19:14:28;-0,5;0,0;0,0;0,0;50,0;Подготовка;
20251208;19:14:33;-0,5;0,0;0,0;0,0;50,0;Подготовка;
20251208;19:14:38;-0,5;0,0;0,0;0,0;50,0;Подготовка;
20251208;19:14:43;-0,5;0,0;0,0;0,0;50,0;Подготовка;
20251208;19:14:48;-0,5;0,0;0,0;0,0;50,0;Подготовка;
20251208;19:14:53;-0,5;0,0;0,0;0,0;50,0;Подготовка;
20251208;19:14:58;-0,5;0,0;0,0;0,0;50,0;Подготовка;
20251208;19:15:03;-0,5;0,0;0,0;0,0;50,0;Подготовка;
20251208;19:15:08;-0,5;0,0;0,0;0,0;50,0;Подготовка;
20251208;19:15:13;-0,5;0,0;0,0;0,0;50,0;Подготовка;
20251208;19:15:18;-0,5;0,0;0,0;0,0;50,0;Подготовка;
20251208;19:15:23;-0,5;0,0;0,0;0,0;50,0;Подготовка;
20251208;19:15:29;-0,5;0,0;0,0;0,0;50,0;Подготовка;
20251208;19:15:34;-0,5;0,0;0,0;0,0;50,0;Подготовка;
20251208;19:15:39;-0,5;0,0;0,0;0,0;50,0;Подготовка;
20251208;19:15:44;-0,5;0,0;0,0;0,0;50,0;Подготовка;
20251208;19:15:49;-0,5;0,0;0,0;0,0;50,0;Подготовка;
20251208;19:15:54;-0,5;0,0;0,0;0,0;50,0;Подготовка;
20251208;19:15:59;-0,5;0,0;0,0;0,0;50,0;Подготовка;
20251208;19:16:04;-0,5;0,0;0,0;0,0;50,0;Подготовка;
20251208;19:16:09;-0,5;0,0;0,0;0,0;50,0;Подготовка;
20251208;19:16:14;-0,5;0,0;0,0;0,0;50,0;Подготовка;
20251208;19:16:19;-0,5;0,0;0,0;0,0;50,0;Подготовка;
20251208;19:16:24;-0,5;0,0;0,0;0,0;50,0;Подготовка;
20251208;19:16:29;-0,5;0,0;0,0;0,0;50,0;Подготовка;
20251208;19:16:34;-0,5;0,0;0,0;0,0;50,0;Подготовка;
20251208;19:16:39;-0,5;0,0;0,0;0,0;50,0;Подготовка;
20251208;19:16:44;-0,5;0,0;0,0;0,0;50,0;Подготовка;
20251208;19:16:49;-0,5;0,0;0,0;0,0;50,0;Подготовка;
20251208;19:16:54;-0,5;0,0;0,0;0,0;50,0;Подготовка;
20251208;19:16:59;-0,5;0,0;0,0;0,0;50,0;Подготовка;
20251208;19:17:04;-0,5;0,0;0,0;0,0;50,0;Подготовка;
20251208;19:17:09;-0,5;0,0;0,0;0,0;50,0;Подготовка;
20251208;19:17:14;-0,5;0,0;0,0;0,0;50,0;Подготовка;
20251208;19:17:19;-0,5;0,0;0,0;0,0;50,0;Подготовка;
20251208;19:17:24;-0,5;0,0;0,0;0,0;50,0;Подготовка;
20251208;19:17:29;-0,5;0,0;0,0;0,0;50,0;Подготовка;
20251208;19:17:35;-0,5;0,0;0,0;0,0;50,0;Подготовка;
20251208;19:17:40;-0,5;0,0;0,0;0,0;50,0;Подготовка;
20251208;19:17:45;-0,5;0,0;0,0;0,0;50,0;Подготовка;
20251208;19:17:50;-0,5;0,0;0,0;0,0;50,0;Подготовка;
20251208;19:17:55;-0,5;0,0;0,0;0,0;50,0;Подготовка;
20251208;19:18:00;-0,5;0,0;0,0;0,0;50,0;Подготовка;
20251208;19:18:05;-0,5;0,0;0,0;0,0;50,0;Подготовка;
20251208;19:18:10;-0,5;0,0;0,0;0,0;50,0;Подготовка;
20251208;19:18:15;-0,5;0,0;0,0;0,0;50,0;Подготовка;
20251208;19:18:20;-0,5;0,0;0,0;0,0;50,0;Подготовка;
20251208;19:18:25;-0,5;0,0;0,0;0,0;50,0;Подготовка;
20251208;19:18:30;-0,5;0,0;0,0;0,0;50,0;Подготовка;
20251208;19:18:35;-0,5;0,0;0,0;0,0;50,0;Подготовка;
20251208;19:18:40;-0,5;0,0;0,0;0,0;50,0;Подготовка;
20251208;19:18:45;-0,5;0,0;0,0;0,0;50,0;Подготовка;
20251208;19:18:50;-0,5;0,0;0,0;0,0;50,0;Подготовка;
20251208;19:18:55;-0,5;0,0;0,0;0,0;50,0;Подготовка;
20251208;19:19:00;-0,5;0,0;0,0;0,0;50,0;Подготовка;
20251208;19:19:05;-0,5;0,0;0,0;0,0;50,0;Подготовка;
20251208;19:19:10;-0,5;0,0;0,0;0,0;50,0;Подготовка;
20251208;19:19:15;-0,5;0,0;0,0;0,0;50,0;Подготовка;
20251208;19:19:20;-0,5;0,0;0,0;0,0;50,0;Подготовка;
20251208;19:19:25;-0,5;0,0;0,0;0,0;50,0;Подготовка;
20251208;19:19:30;-0,5;0,0;0,0;0,0;50,0;Подготовка;
20251208;19:19:35;-0,5;0,0;0,0;0,0;50,0;Подготовка;
20251208;19:19:41;-0,5;0,0;0,0;0,0;50,0;Подготовка;
20251208;19:19:46;-0,5;0,0;0,0;0,0;50,0;Подготовка;
20251208;19:19:51;-0,5;0,0;0,0;0,0;50,0;Подготовка;
20251208;19:19:56;-0,5;0,0;0,0;0,0;50,0;Подготовка;
20251208;19:20:01;-0,5;0,0;0,0;0,0;50,0;Подготовка;
20251208;19:20:06;-0,5;0,0;0,0;0,0;50,0;Подготовка;
20251208;19:20:11;-0,5;0,0;0,0;0,0;50,0;Подготовка;
20251208;19:20:16;-0,5;0,0;0,0;0,0;50,0;Подготовка;
20251208;19:20:21;-0,5;0,0;0,0;0,0;50,0;Подготовка;
20251208;19:20:26;-0,5;0,0;0,0;0,0;50,0;Подготовка;
20251208;19:20:31;-0,5;0,0;0,0;0,0;50,0;Подготовка;
20251208;19:20:36;-0,5;0,0;0,0;0,0;50,0;Подготовка;
20251208;19:20:41;-0,5;0,0;0,0;0,0;50,0;Подготовка;
20251208;19:20:46;-0,5;0,0;0,0;0,0;50,0;Подготовка;
20251208;19:20:51;-0,5;0,0;0,0;0,0;50,0;Подготовка;
20251208;19:20:56;-0,5;0,0;0,0;0,0;50,0;Подготовка;
20251208;19:21:01;-0,5;0,0;0,0;0,0;50,0;Подготовка;
20251208;19:21:06;-0,5;0,0;0,0;0,0;50,0;Подготовка;
20251208;19:21:11;-0,5;0,0;0,0;0,0;50,0;Подготовка;
20251208;19:21:16;-0,5;0,0;0,0;0,0;50,0;Подготовка;
20251208;19:21:21;-0,5;0,0;0,0;0,0;50,0;Подготовка;
20251208;19:21:26;-0,5;0,0;0,0;0,0;50,0;Подготовка;
20251208;19:21:31;-0,5;0,0;0,0;0,0;50,0;Подготовка;
20251208;19:21:36;-0,5;0,0;0,0;0,0;50,0;Подготовка;
20251208;19:21:41;-0,5;0,0;0,0;0,0;50,0;Подготовка;
20251208;19:21:47;-0,5;0,0;0,0;0,0;50,0;Подготовка;
20251208;19:21:52;-0,5;0,0;0,0;0,0;50,0;Подготовка;
20251208;19:21:57;-0,5;0,0;0,0;0,0;50,0;Подготовка;
20251208;19:22:02;-0,5;0,0;0,0;0,0;50,0;Подготовка;
20251208;19:22:07;-0,5;0,0;0,0;0,0;50,0;Подготовка;
20251208;19:22:12;-0,5;0,0;0,0;0,0;50,0;Подготовка;
20251208;19:22:17;-0,5;0,0;0,0;0,0;50,0;Подготовка;
20251208;19:22:22;-0,5;0,0;0,0;0,0;50,0;Подготовка;
20251208;19:22:27;-0,5;0,0;0,0;0,0;50,0;Подготовка;
20251208;19:22:32;-0,5;0,0;0,0;0,0;50,0;Подготовка;
20251208;19:22:37;-0,5;0,0;0,0;0,0;50,0;Подготовка;
20251208;19:22:42;-0,5;0,0;0,0;0,0;50,0;Подготовка;
20251208;19:22:47;-0,5;0,0;0,0;0,0;50,0;Подготовка;
20251208;19:22:52;-0,5;0,0;0,0;0,0;50,0;Подготовка;
20251208;19:22:57;-0,5;0,0;0,0;0,0;50,0;Подготовка;
20251208;19:23:02;-0,5;0,0;0,0;0,0;50,0;Подготовка;
20251208;19:23:07;-0,5;0,0;0,0;0,0;50,0;Подготовка;
20251208;19:23:12;-0,5;0,0;0,0;0,0;50,0;Подготовка;
20251208;19:23:17;-0,5;0,0;0,0;0,0;50,0;Подготовка;
20251208;19:23:22;-0,5;0,0;0,0;0,0;50,0;Подготовка;
20251208;19:23:27;-0,5;0,0;0,0;0,0;50,0;Подготовка;
20251208;19:23:32;-0,5;0,0;0,0;0,0;50,0;Подготовка;
20251208;19:23:37;-0,5;0,0;0,0;0,0;50,0;Подготовка;
20251208;19:23:42;-0,5;0,0;0,0;0,0;50,0;Подготовка;
20251208;19:23:47;-0,5;0,0;0,0;0,0;50,0;Подготовка;
20251208;19:23:53;-0,5;0,0;0,0;0,0;50,0;Подготовка;
20251208;19:23:58;-0,5;0,0;0,0;0,0;50,0;Подготовка;
20251208;19:24:03;-0,5;0,0;0,0;0,0;50,0;Подготовка;
20251208;19:24:08;-0,5;0,0;0,0;0,0;50,0;Подготовка;
20251208;19:24:13;-0,5;0,0;0,0;0,0;50,0;Подготовка;
20251208;19:24:18;-0,5;0,0;0,0;0,0;50,0;Подготовка;
20251208;19:24:23;-0,5;0,0;0,0;0,0;50,0;Подготовка;
20251208;19:24:28;-0,5;0,0;0,0;0,0;50,0;Подготовка;
20251208;19:24:33;-0,5;0,0;0,0;0,0;50,0;Подготовка;
20251208;19:24:38;-0,5;0,0;0,0;0,0;50,0;Подготовка;
20251208;19:24:43;-0,5;0,0;0,0;0,0;50,0;Подготовка;
20251208;19:24:48;-0,5;0,0;0,0;0,0;50,0;Подготовка;
20251208;19:24:53;-0,5;0,0;0,0;0,0;50,0;Подготовка;
20251208;19:24:58;-0,5;0,0;0,0;0,0;50,0;Подготовка;
20251208;19:25:03;-0,5;0,0;0,0;0,0;50,0;Подготовка;
20251208;19:25:08;-0,5;0,0;0,0;0,0;50,0;Подготовка;
20251208;19:25:13;-0,5;0,0;0,0;0,0;50,0;Подготовка;
20251208;19:25:18;-0,5;0,0;0,0;0,0;50,0;Подготовка;
20251208;19:25:23;-0,5;0,0;0,0;0,0;50,0;Подготовка;
20251208;19:25:28;-0,5;0,0;0,0;0,0;50,0;Подготовка;
20251208;19:25:33;-0,5;0,0;0,0;0,0;50,0;Подготовка;
20251208;19:25:38;-0,5;0,0;0,0;0,0;50,0;Подготовка;
20251208;19:25:43;-0,5;0,0;0,0;0,0;50,0;Подготовка;
20251208;19:25:48;-0,5;0,0;0,0;0,0;50,0;Подготовка;
20251208;19:25:53;-0,5;0,0;0,0;0,0;50,0;Подготовка;
20251208;19:25:59;-0,5;0,0;0,0;0,0;50,0;Подготовка;
20251208;19:26:04;-0,5;0,0;0,0;0,0;50,0;Подготовка;
20251208;19:26:09;-0,5;0,0;0,0;0,0;50,0;Подготовка;
20251208;19:26:14;-0,5;0,0;0,0;0,0;50,0;Подготовка;
20251208;19:26:19;-0,5;0,0;0,0;0,0;50,0;Подготовка;
20251208;19:26:24;-0,5;0,0;0,0;0,0;50,0;Подготовка;
20251208;19:26:29;-0,5;0,0;0,0;0,0;50,0;Подготовка;
20251208;19:26:34;-0,5;0,0;0,0;0,0;50,0;Подготовка;
20251208;19:26:39;-0,5;0,0;0,0;0,0;50,0;Подготовка;
20251208;19:26:44;-0,5;0,0;0,0;0,0;50,0;Подготовка;
20251208;19:26:49;-0,5;0,0;0,0;0,0;50,0;Подготовка;
20251208;19:26:54;-0,5;0,0;0,0;0,0;50,0;Подготовка;
20251208;19:26:59;-0,5;0,0;0,0;0,0;50,0;Подготовка;
20251208;19:27:04;-0,5;0,0;0,0;0,0;50,0;Подготовка;
20251208;19:27:09;-0,5;0,0;0,0;0,0;50,0;Подготовка;
20251208;19:27:14;-0,5;0,0;0,0;0,0;50,0;Подготовка;
20251208;19:27:19;-0,5;0,0;0,0;0,0;50,0;Подготовка;
20251208;19:27:24;-0,5;0,0;0,0;0,0;50,0;Подготовка;
20251208;19:27:29;-0,5;0,0;0,0;0,0;50,0;Подготовка;
20251208;19:27:34;-0,5;0,0;0,0;0,0;50,0;Подготовка;
20251208;19:27:39;-0,5;0,0;0,0;0,0;50,0;Подготовка;
20251208;19:27:44;-0,5;0,0;0,0;0,0;50,0;Подготовка;
20251208;19:27:49;-0,5;0,0;0,0;0,0;50,0;Подготовка;
20251208;19:27:54;-0,5;0,0;0,0;0,0;50,0;Подготовка;
20251208;19:27:59;-0,5;0,0;0,0;0,0;50,0;Подготовка;
20251208;19:28:05;-0,5;0,0;0,0;0,0;50,0;Подготовка;
20251208;19:28:10;-0,5;0,0;0,0;0,0;50,0;Подготовка;
20251208;19:28:15;-0,5;0,0;0,0;0,0;50,0;Подготовка;
20251208;19:28:20;-0,5;0,0;0,0;0,0;50,0;Подготовка;
20251208;19:28:25;-0,5;0,0;0,0;0,0;50,0;Подготовка;
20251208;19:28:30;-0,5;0,0;0,0;0,0;50,0;Подготовка;
20251208;19:28:35;-0,5;0,0;0,0;0,0;50,0;Подготовка;
20251208;19:28:40;-0,5;0,0;0,0;0,0;50,0;Подготовка;
20251208;19:28:45;-0,5;0,0;0,0;0,0;50,0;Подготовка;
20251208;19:28:50;-0,5;0,0;0,0;0,0;50,0;Подготовка;
20251208;19:28:55;-0,5;0,0;0,0;0,0;50,0;Подготовка;
20251208;19:29:00;-0,5;0,0;0,0;0,0;50,0;Подготовка;
20251208;19:29:05;-0,5;0,0;0,0;0,0;50,0;Подготовка;
20251208;19:29:10;-0,5;0,0;0,0;0,0;50,0;Подготовка;
20251208;19:29:15;-0,5;0,0;0,0;0,0;50,0;Подготовка;
20251208;19:29:20;-0,5;0,0;0,0;0,0;50,0;Подготовка;
20251208;19:29:25;-0,5;0,0;0,0;0,0;50,0;Подготовка;
20251208;19:29:30;-0,5;0,0;0,0;0,0;50,0;Подготовка;
20251208;19:29:35;-0,5;0,0;0,0;0,0;50,0;Подготовка;
20251208;19:29:40;-0,5;0,0;0,0;0,0;50,0;Подготовка;
20251208;19:29:45;-0,5;0,0;0,0;0,0;50,0;Подготовка;
20251208;19:29:50;-0,5;0,0;0,0;0,0;50,0;Подготовка;
20251208;19:29:55;-0,5;0,0;0,0;0,0;50,0;Подготовка;
20251208;19:30:00;-0,5;0,0;0,0;0,0;50,0;Подготовка;
20251208;19:30:05;-0,5;0,0;0,0;0,0;50,0;Подготовка;
20251208;19:30:11;-0,5;0,0;0,0;0,0;50,0;Подготовка;
20251208;19:30:16;-0,5;0,0;0,0;0,0;50,0;Подготовка;
20251208;19:30:21;-0,5;0,0;0,0;0,0;50,0;Подготовка;
20251208;19:30:26;-0,5;0,0;0,0;0,0;50,0;Подготовка;
20251208;19:30:31;-0,5;0,0;0,0;0,0;50,0;Подготовка;
20251208;19:30:36;-0,5;0,0;0,0;0,0;50,0;Подготовка;
20251208;19:30:41;-0,5;0,0;0,0;0,0;50,0;Подготовка;
20251208;19:30:46;-0,5;0,0;0,0;0,0;50,0;Подготовка;
20251208;19:30:51;-0,5;0,0;0,0;0,0;50,0;Подготовка;
20251208;19:30:56;-0,5;0,0;0,0;0,0;50,0;Подготовка;
20251208;19:31:01;-0,5;0,0;0,0;0,0;50,0;Подготовка;
20251208;19:31:06;-0,5;0,0;0,0;0,0;50,0;Подготовка;
20251208;19:31:11;-0,5;0,0;0,0;0,0;50,0;Подготовка;
20251208;19:31:16;-0,5;0,0;0,0;0,0;50,0;Подготовка;
20251208;19:31:21;-0,5;0,0;0,0;0,0;50,0;Подготовка;
20251208;19:31:26;-0,5;0,0;0,0;0,0;50,0;Подготовка;
20251208;19:31:31;-0,5;0,0;0,0;0,0;50,0;Подготовка;
20251208;19:31:36;-0,5;0,0;0,0;0,0;50,0;Подготовка;
20251208;19:31:41;-0,5;0,0;0,0;0,0;50,0;Подготовка;
20251208;19:31:46;-0,5;0,0;0,0;0,0;50,0;Подготовка;
20251208;19:31:51;-0,5;0,0;0,0;0,0;50,0;Подготовка;
20251208;19:31:56;-0,5;0,0;0,0;0,0;50,0;Подготовка;
20251208;19:32:01;-0,5;0,0;0,0;0,0;50,0;Подготовка;
20251208;19:32:06;-0,5;0,0;0,0;0,0;50,0;Подготовка;
20251208;19:32:11;-0,5;0,0;0,0;0,0;50,0;Подготовка;
20251208;19:32:17;-0,5;0,0;0,0;0,0;50,0;Подготовка;
20251208;19:32:22;-0,5;0,0;0,0;0,0;50,0;Подготовка;
Предприятие;
Объект;
Вид оборудования;
Дисп. наименование;
Тип;
Зав. номер;
Сер. номер;
Год выпуска;
Год ввода в эксплуатацию;
Дата отбора пробы;
Марка пробы;
Температура пробы;
DATE ;TIME ;TS_TEMP ;PROB_TEMP ;PROB_OTN_VL ;PROBE_VlAGOSOD ;SP ;STATUS ; 
20251208;19:32:40;-0,39;0,0;0,0;0,0;50,0;Включение;
20251208;19:32:45;-0,49;0,0;0,0;0,0;50,0;Включение;
20251208;19:32:50;-0,49;0,0;0,0;0,0;50,0;Подготовка;
20251208;19:32:55;-0,49;0,0;0,0;0,0;50,0;Подготовка;
20251208;19:33:00;-0,49;0,0;0,0;0,0;50,0;Подготовка;
20251208;19:33:05;-0,49;0,0;0,0;0,0;50,0;Подготовка;
20251208;19:33:10;-0,5;0,0;0,0;0,0;50,0;Подготовка;
20251208;19:33:15;-0,5;0,0;0,0;0,0;50,0;Подготовка;
20251208;19:33:20;-0,5;0,0;0,0;0,0;50,0;Подготовка;
20251208;19:33:25;-0,5;0,0;0,0;0,0;50,0;Подготовка;
20251208;19:33:30;-0,5;0,0;0,0;0,0;50,0;Подготовка;
20251208;19:33:35;-0,5;0,0;0,0;0,0;50,0;Подготовка;
20251208;19:33:40;-0,5;0,0;0,0;0,0;50,0;Подготовка;
20251208;19:33:45;-0,5;0,0;0,0;0,0;50,0;Подготовка;
20251208;19:33:50;-0,5;0,0;0,0;0,0;50,0;Подготовка;
20251208;19:33:55;-0,5;0,0;0,0;0,0;50,0;Подготовка;
20251208;19:34:00;-0,5;0,0;0,0;0,0;50,0;Подготовка;
20251208;19:34:06;-0,5;0,0;0,0;0,0;50,0;Подготовка;
20251208;19:34:11;-0,5;0,0;0,0;0,0;50,0;Подготовка;
20251208;19:34:16;-0,5;0,0;0,0;0,0;50,0;Подготовка;
20251208;19:34:21;-0,5;0,0;0,0;0,0;50,0;Подготовка;
20251208;19:34:26;-0,5;0,0;0,0;0,0;50,0;Подготовка;
20251208;19:34:31;-0,5;0,0;0,0;0,0;50,0;Подготовка;
20251208;19:34:36;-0,5;0,0;0,0;0,0;50,0;Подготовка;
20251208;19:34:41;-0,5;0,0;0,0;0,0;50,0;Подготовка;
20251208;19:34:46;-0,5;0,0;0,0;0,0;50,0;Подготовка;
20251208;19:34:51;-0,5;0,0;0,0;0,0;50,0;Подготовка;
20251208;19:34:56;-0,5;0,0;0,0;0,0;50,0;Подготовка;
20251208;19:35:01;-0,5;0,0;0,0;0,0;50,0;Подготовка;
20251208;19:35:06;-0,5;0,0;0,0;0,0;50,0;Подготовка;
20251208;19:35:11;-0,5;0,0;0,0;0,0;50,0;Подготовка;
20251208;19:35:16;-0,5;0,0;0,0;0,0;50,0;Подготовка;
20251208;19:35:21;-0,5;0,0;0,0;0,0;50,0;Подготовка;
20251208;19:35:26;-0,5;0,0;0,0;0,0;50,0;Подготовка;
20251208;19:35:31;-0,5;0,0;0,0;0,0;50,0;Подготовка;
20251208;19:35:36;-0,5;0,0;0,0;0,0;50,0;Подготовка;
20251208;19:35:41;-0,5;0,0;0,0;0,0;50,0;Подготовка;
20251208;19:35:46;-0,5;0,0;0,0;0,0;50,0;Подготовка;
20251208;19:35:51;-0,5;0,0;0,0;0,0;50,0;Подготовка;
20251208;19:35:56;-0,5;0,0;0,0;0,0;50,0;Подготовка;
20251208;19:36:01;-0,5;0,0;0,0;0,0;50,0;Подготовка;
20251208;19:36:06;-0,5;0,0;0,0;0,0;50,0;Подготовка;
20251208;19:36:12;-0,5;0,0;0,0;0,0;50,0;Подготовка;
20251208;19:36:17;-0,5;0,0;0,0;0,0;50,0;Подготовка;
20251208;19:36:22;-0,5;0,0;0,0;0,0;50,0;Подготовка;
20251208;19:36:27;-0,5;0,0;0,0;0,0;50,0;Подготовка;
20251208;19:36:32;-0,5;0,0;0,0;0,0;50,0;Подготовка;
20251208;19:36:37;-0,5;0,0;0,0;0,0;50,0;Подготовка;
20251208;19:36:42;-0,5;0,0;0,0;0,0;50,0;Подготовка;
20251208;19:36:47;-0,5;0,0;0,0;0,0;50,0;Подготовка;
20251208;19:36:52;-0,5;0,0;0,0;0,0;50,0;Подготовка;
20251208;19:36:57;-0,5;0,0;0,0;0,0;50,0;Подготовка;
20251208;19:37:02;-0,5;0,0;0,0;0,0;50,0;Подготовка;
20251208;19:37:07;-0,5;0,0;0,0;0,0;50,0;Подготовка;
20251208;19:37:12;-0,5;0,0;0,0;0,0;50,0;Подготовка;
20251208;19:37:17;-0,5;0,0;0,0;0,0;50,0;Подготовка;
20251208;19:37:22;-0,5;0,0;0,0;0,0;50,0;Подготовка;
20251208;19:37:27;-0,5;0,0;0,0;0,0;50,0;Подготовка;
20251208;19:37:32;-0,5;0,0;0,0;0,0;50,0;Подготовка;
20251208;19:37:37;-0,5;0,0;0,0;0,0;50,0;Подготовка;
20251208;19:37:42;-0,5;0,0;0,0;0,0;50,0;Подготовка;
20251208;19:37:47;-0,5;0,0;0,0;0,0;50,0;Подготовка;
20251208;19:37:52;-0,5;0,0;0,0;0,0;50,0;Подготовка;
20251208;19:37:57;-0,5;0,0;0,0;0,0;50,0;Подготовка;
20251208;19:38:02;-0,5;0,0;0,0;0,0;50,0;Подготовка;
20251208;19:38:07;-0,5;0,0;0,0;0,0;50,0;Подготовка;
20251208;19:38:12;-0,5;0,0;0,0;0,0;50,0;Подготовка;
20251208;19:38:18;-0,5;0,0;0,0;0,0;50,0;Подготовка;
20251208;19:38:23;-0,5;0,0;0,0;0,0;50,0;Подготовка;
20251208;19:38:28;-0,5;0,0;0,0;0,0;50,0;Подготовка;
20251208;19:38:33;-0,5;0,0;0,0;0,0;50,0;Подготовка;
20251208;19:38:38;-0,5;0,0;0,0;0,0;50,0;Подготовка;
20251208;19:38:43;-0,5;0,0;0,0;0,0;50,0;Подготовка;
20251208;19:38:48;-0,5;0,0;0,0;0,0;50,0;Подготовка;
20251208;19:38:53;-0,5;0,0;0,0;0,0;50,0;Подготовка;
20251208;19:38:58;-0,5;0,0;0,0;0,0;50,0;Подготовка;
20251208;19:39:03;-0,5;0,0;0,0;0,0;50,0;Подготовка;
20251208;19:39:08;-0,5;0,0;0,0;0,0;50,0;Подготовка;
20251208;19:39:13;-0,5;0,0;0,0;0,0;50,0;Подготовка;
20251208;19:39:18;-0,5;0,0;0,0;0,0;50,0;Подготовка;
20251208;19:39:23;-0,5;0,0;0,0;0,0;50,0;Подготовка;
20251208;19:39:28;-0,5;0,0;0,0;0,0;50,0;Подготовка;
20251208;19:39:33;-0,5;0,0;0,0;0,0;50,0;Подготовка;
20251208;19:39:38;-0,5;0,0;0,0;0,0;50,0;Подготовка;
20251208;19:39:43;-0,5;0,0;0,0;0,0;50,0;Подготовка;
20251208;19:39:48;-0,5;0,0;0,0;0,0;50,0;Подготовка;
20251208;19:39:53;-0,5;0,0;0,0;0,0;50,0;Подготовка;
20251208;19:39:58;-0,5;0,0;0,0;0,0;50,0;Подготовка;
20251208;19:40:03;-0,5;0,0;0,0;0,0;50,0;Подготовка;
20251208;19:40:08;-0,5;0,0;0,0;0,0;50,0;Подготовка;
20251208;19:40:13;-0,5;0,0;0,0;0,0;50,0;Подготовка;
20251208;19:40:18;-0,5;0,0;0,0;0,0;50,0;Подготовка;
20251208;19:40:24;-0,5;0,0;0,0;0,0;50,0;Подготовка;
20251208;19:40:29;-0,5;0,0;0,0;0,0;50,0;Подготовка;
20251208;19:40:34;-0,5;0,0;0,0;0,0;50,0;Подготовка;
20251208;19:40:39;-0,5;0,0;0,0;0,0;50,0;Подготовка;
20251208;19:40:44;-0,5;0,0;0,0;0,0;50,0;Подготовка;
20251208;19:40:49;-0,5;0,0;0,0;0,0;50,0;Подготовка;
20251208;19:40:54;-0,5;0,0;0,0;0,0;50,0;Подготовка;
20251208;19:40:59;-0,5;0,0;0,0;0,0;50,0;Подготовка;
20251208;19:41:04;-0,5;0,0;0,0;0,0;50,0;Подготовка;
20251208;19:41:09;-0,5;0,0;0,0;0,0;50,0;Подготовка;
20251208;19:41:14;-0,5;0,0;0,0;0,0;50,0;Подготовка;
20251208;19:41:19;-0,5;0,0;0,0;0,0;50,0;Подготовка;
20251208;19:41:24;-0,5;0,0;0,0;0,0;50,0;Подготовка;
20251208;19:41:29;-0,5;0,0;0,0;0,0;50,0;Подготовка;
20251208;19:41:34;-0,5;0,0;0,0;0,0;50,0;Подготовка;
20251208;19:41:39;-0,5;0,0;0,0;0,0;50,0;Подготовка;
20251208;19:41:44;-0,5;0,0;0,0;0,0;50,0;Подготовка;
20251208;19:41:49;-0,5;0,0;0,0;0,0;50,0;Подготовка;
20251208;19:41:54;-0,5;0,0;0,0;0,0;50,0;Подготовка;
20251208;19:41:59;-0,5;0,0;0,0;0,0;50,0;Подготовка;
20251208;19:42:04;-0,5;0,0;0,0;0,0;50,0;Подготовка;
20251208;19:42:09;-0,5;0,0;0,0;0,0;50,0;Подготовка;
20251208;19:42:14;-0,5;0,0;0,0;0,0;50,0;Подготовка;
20251208;19:42:19;-0,5;0,0;0,0;0,0;50,0;Подготовка;
20251208;19:42:24;-0,5;0,0;0,0;0,0;50,0;Подготовка;
20251208;19:42:30;-0,5;0,0;0,0;0,0;50,0;Подготовка;
20251208;19:42:35;-0,5;0,0;0,0;0,0;50,0;Подготовка;
20251208;19:42:40;-0,5;0,0;0,0;0,0;50,0;Подготовка;
20251208;19:42:45;-0,5;0,0;0,0;0,0;50,0;Подготовка;
20251208;19:42:50;-0,5;0,0;0,0;0,0;50,0;Подготовка;
20251208;19:42:55;-0,5;0,0;0,0;0,0;50,0;Подготовка;
20251208;19:43:00;-0,5;0,0;0,0;0,0;50,0;Подготовка;
20251208;19:43:05;-0,5;0,0;0,0;0,0;50,0;Подготовка;
20251208;19:43:10;-0,5;0,0;0,0;0,0;50,0;Подготовка;
20251208;19:43:15;-0,5;0,0;0,0;0,0;50,0;Подготовка;
20251208;19:43:20;-0,5;0,0;0,0;0,0;50,0;Подготовка;
20251208;19:43:25;-0,5;0,0;0,0;0,0;50,0;Подготовка;
20251208;19:43:30;-0,5;0,0;0,0;0,0;50,0;Подготовка;
20251208;19:43:35;-0,5;0,0;0,0;0,0;50,0;Подготовка;
20251208;19:43:40;-0,5;0,0;0,0;0,0;50,0;Подготовка;
20251208;19:43:45;-0,5;0,0;0,0;0,0;50,0;Подготовка;
20251208;19:43:50;-0,5;0,0;0,0;0,0;50,0;Подготовка;
20251208;19:43:55;-0,5;0,0;0,0;0,0;50,0;Подготовка;
20251208;19:44:00;-0,5;0,0;0,0;0,0;50,0;Подготовка;
20251208;19:44:05;-0,5;0,0;0,0;0,0;50,0;Подготовка;
20251208;19:44:10;-0,5;0,0;0,0;0,0;50,0;Подготовка;
20251208;19:44:15;-0,5;0,0;0,0;0,0;50,0;Подготовка;
20251208;19:44:20;-0,5;0,0;0,0;0,0;50,0;Подготовка;
20251208;19:44:25;-0,5;0,0;0,0;0,0;50,0;Подготовка;
20251208;19:44:30;-0,5;0,0;0,0;0,0;50,0;Подготовка;
20251208;19:44:36;-0,5;0,0;0,0;0,0;50,0;Подготовка;
20251208;19:44:41;-0,5;0,0;0,0;0,0;50,0;Подготовка;
20251208;19:44:46;-0,5;0,0;0,0;0,0;50,0;Подготовка;
20251208;19:44:51;-0,5;0,0;0,0;0,0;50,0;Подготовка;
20251208;19:44:56;-0,5;0,0;0,0;0,0;50,0;Подготовка;
20251208;19:45:01;-0,5;0,0;0,0;0,0;50,0;Подготовка;
20251208;19:45:06;-0,5;0,0;0,0;0,0;50,0;Подготовка;
20251208;19:45:11;-0,5;0,0;0,0;0,0;50,0;Подготовка;
20251208;19:45:16;-0,5;0,0;0,0;0,0;50,0;Подготовка;
20251208;19:45:21;-0,5;0,0;0,0;0,0;50,0;Подготовка;
20251208;19:45:26;-0,5;0,0;0,0;0,0;50,0;Подготовка;
20251208;19:45:31;-0,5;0,0;0,0;0,0;50,0;Подготовка;
20251208;19:45:36;-0,5;0,0;0,0;0,0;50,0;Подготовка;
20251208;19:45:41;-0,5;0,0;0,0;0,0;50,0;Подготовка;
20251208;19:45:46;-0,5;0,0;0,0;0,0;50,0;Подготовка;
20251208;19:45:51;-0,5;0,0;0,0;0,0;50,0;Подготовка;
20251208;19:45:56;-0,5;0,0;0,0;0,0;50,0;Подготовка;
20251208;19:46:01;-0,5;0,0;0,0;0,0;50,0;Подготовка;
20251208;19:46:06;-0,5;0,0;0,0;0,0;50,0;Подготовка;
20251208;19:46:11;-0,5;0,0;0,0;0,0;50,0;Подготовка;
20251208;19:46:16;-0,5;0,0;0,0;0,0;50,0;Подготовка;
20251208;19:46:21;-0,5;0,0;0,0;0,0;50,0;Подготовка;
20251208;19:46:26;-0,5;0,0;0,0;0,0;50,0;Подготовка;
20251208;19:46:31;-0,5;0,0;0,0;0,0;50,0;Подготовка;
20251208;19:46:36;-0,5;0,0;0,0;0,0;50,0;Подготовка;
20251208;19:46:42;-0,5;0,0;0,0;0,0;50,0;Подготовка;
20251208;19:46:47;-0,5;0,0;0,0;0,0;50,0;Подготовка;
20251208;19:46:52;-0,5;0,0;0,0;0,0;50,0;Подготовка;
20251208;19:46:57;-0,5;0,0;0,0;0,0;50,0;Подготовка;
20251208;19:47:02;-0,5;0,0;0,0;0,0;50,0;Подготовка;
20251208;19:47:07;-0,5;0,0;0,0;0,0;50,0;Подготовка;
20251208;19:47:12;-0,5;0,0;0,0;0,0;50,0;Подготовка;
20251208;19:47:17;-0,5;0,0;0,0;0,0;50,0;Подготовка;
20251208;19:47:22;-0,5;0,0;0,0;0,0;50,0;Подготовка;
20251208;19:47:27;-0,5;0,0;0,0;0,0;50,0;Подготовка;
20251208;19:47:32;-0,5;0,0;0,0;0,0;50,0;Подготовка;
20251208;19:47:37;-0,5;0,0;0,0;0,0;50,0;Подготовка;
20251208;19:47:42;-0,5;0,0;0,0;0,0;50,0;Подготовка;
20251208;19:47:47;-0,5;0,0;0,0;0,0;50,0;Подготовка;
20251208;19:47:52;-0,5;0,0;0,0;0,0;50,0;Подготовка;
20251208;19:47:57;-0,5;0,0;0,0;0,0;50,0;Подготовка;
20251208;19:48:02;-0,5;0,0;0,0;0,0;50,0;Подготовка;
20251208;19:48:07;-0,5;0,0;0,0;0,0;50,0;Подготовка;
20251208;19:48:12;-0,5;0,0;0,0;0,0;50,0;Подготовка;
20251208;19:48:17;-0,5;0,0;0,0;0,0;50,0;Подготовка;
20251208;19:48:22;-0,5;0,0;0,0;0,0;50,0;Подготовка;
20251208;19:48:27;-0,5;0,0;0,0;0,0;50,0;Подготовка;
20251208;19:48:32;-0,5;0,0;0,0;0,0;50,0;Подготовка;
20251208;19:48:37;-0,5;0,0;0,0;0,0;50,0;Подготовка;
20251208;19:48:42;-0,5;0,0;0,0;0,0;50,0;Подготовка;
20251208;19:48:48;-0,5;0,0;0,0;0,0;50,0;Подготовка;
20251208;19:48:53;-0,5;0,0;0,0;0,0;50,0;Подготовка;
20251208;19:48:58;-0,5;0,0;0,0;0,0;50,0;Подготовка;
20251208;19:49:03;-0,5;0,0;0,0;0,0;50,0;Подготовка;
20251208;19:49:08;-0,5;0,0;0,0;0,0;50,0;Подготовка;
20251208;19:49:13;-0,5;0,0;0,0;0,0;50,0;Подготовка;
20251208;19:49:18;-0,5;0,0;0,0;0,0;50,0;Подготовка;
20251208;19:49:23;-0,5;0,0;0,0;0,0;50,0;Подготовка;
20251208;19:49:28;-0,5;0,0;0,0;0,0;50,0;Подготовка;
20251208;19:49:33;-0,5;0,0;0,0;0,0;50,0;Подготовка;
20251208;19:49:38;-0,5;0,0;0,0;0,0;50,0;Подготовка;
20251208;19:49:43;-0,5;0,0;0,0;0,0;50,0;Подготовка;
20251208;19:49:48;-0,5;0,0;0,0;0,0;50,0;Подготовка;
20251208;19:49:53;-0,5;0,0;0,0;0,0;50,0;Подготовка;
20251208;19:49:58;-0,5;0,0;0,0;0,0;50,0;Подготовка;
20251208;19:50:03;-0,5;0,0;0,0;0,0;50,0;Подготовка;
20251208;19:50:08;-0,5;0,0;0,0;0,0;50,0;Подготовка;
20251208;19:50:13;-0,5;0,0;0,0;0,0;50,0;Подготовка;
20251208;19:50:18;-0,5;0,0;0,0;0,0;50,0;Подготовка;
20251208;19:50:23;-0,5;0,0;0,0;0,0;50,0;Подготовка;
20251208;19:50:28;-0,5;0,0;0,0;0,0;50,0;Подготовка;
20251208;19:50:33;-0,5;0,0;0,0;0,0;50,0;Подготовка;
20251208;19:50:38;-0,5;0,0;0,0;0,0;50,0;Подготовка;
20251208;19:50:43;-0,5;0,0;0,0;0,0;50,0;Подготовка;
20251208;19:50:48;-0,5;0,0;0,0;0,0;50,0;Подготовка;
20251208;19:50:54;-0,5;0,0;0,0;0,0;50,0;Подготовка;
20251208;19:50:59;-0,5;0,0;0,0;0,0;50,0;Подготовка;
20251208;19:51:04;-0,5;0,0;0,0;0,0;50,0;Подготовка;
20251208;19:51:09;-0,5;0,0;0,0;0,0;50,0;Подготовка;
20251208;19:51:14;-0,5;0,0;0,0;0,0;50,0;Подготовка;
20251208;19:51:19;-0,5;0,0;0,0;0,0;50,0;Подготовка;
20251208;19:51:24;-0,5;0,0;0,0;0,0;50,0;Подготовка;
20251208;19:51:29;-0,5;0,0;0,0;0,0;50,0;Подготовка;
20251208;19:51:34;-0,5;0,0;0,0;0,0;50,0;Подготовка;
20251208;19:51:39;-0,5;0,0;0,0;0,0;50,0;Подготовка;
20251208;19:51:44;-0,5;0,0;0,0;0,0;50,0;Подготовка;
20251208;19:51:49;-0,5;0,0;0,0;0,0;50,0;Подготовка;
20251208;19:51:54;-0,5;0,0;0,0;0,0;50,0;Подготовка;
20251208;19:51:59;-0,5;0,0;0,0;0,0;50,0;Подготовка;
20251208;19:52:04;-0,5;0,0;0,0;0,0;50,0;Подготовка;
20251208;19:52:09;-0,5;0,0;0,0;0,0;50,0;Подготовка;
20251208;19:52:14;-0,5;0,0;0,0;0,0;50,0;Подготовка;
20251208;19:52:19;-0,5;0,0;0,0;0,0;50,0;Подготовка;
20251208;19:52:24;-0,5;0,0;0,0;0,0;50,0;Подготовка;
20251208;19:52:29;-0,5;0,0;0,0;0,0;50,0;Подготовка;
20251208;19:52:34;-0,5;0,0;0,0;0,0;50,0;Подготовка;
20251208;19:52:39;-0,5;0,0;0,0;0,0;50,0;Подготовка;
20251208;19:52:44;-0,5;0,0;0,0;0,0;50,0;Подготовка;
20251208;19:52:49;-0,5;0,0;0,0;0,0;50,0;Подготовка;
20251208;19:52:54;-0,5;0,0;0,0;0,0;50,0;Подготовка;
20251208;19:53:00;-0,5;0,0;0,0;0,0;50,0;Подготовка;
20251208;19:53:05;-0,5;0,0;0,0;0,0;50,0;Подготовка;
20251208;19:53:10;-0,5;0,0;0,0;0,0;50,0;Подготовка;
20251208;19:53:15;-0,5;0,0;0,0;0,0;50,0;Подготовка;
20251208;19:53:20;-0,5;0,0;0,0;0,0;50,0;Подготовка;
20251208;19:53:25;-0,5;0,0;0,0;0,0;50,0;Подготовка;
20251208;19:53:30;-0,5;0,0;0,0;0,0;50,0;Подготовка;
20251208;19:53:35;-0,5;0,0;0,0;0,0;50,0;Подготовка;
20251208;19:53:40;-0,5;0,0;0,0;0,0;50,0;Подготовка;
20251208;19:53:45;-0,5;0,0;0,0;0,0;50,0;Подготовка;
20251208;19:53:50;-0,5;0,0;0,0;0,0;50,0;Подготовка;
20251208;19:53:55;-0,5;0,0;0,0;0,0;50,0;Подготовка;
20251208;19:54:00;-0,5;0,0;0,0;0,0;50,0;Подготовка;
20251208;19:54:05;-0,5;0,0;0,0;0,0;50,0;Подготовка;
20251208;19:54:10;-0,5;0,0;0,0;0,0;50,0;Подготовка;
20251208;19:54:15;-0,5;0,0;0,0;0,0;50,0;Подготовка;
20251208;19:54:20;-0,5;0,0;0,0;0,0;50,0;Подготовка;
20251208;19:54:25;-0,5;0,0;0,0;0,0;50,0;Подготовка;
20251208;19:54:30;-0,5;0,0;0,0;0,0;50,0;Подготовка;
20251208;19:54:35;-0,5;0,0;0,0;0,0;50,0;Подготовка;
20251208;19:54:40;-0,5;0,0;0,0;0,0;50,0;Подготовка;
20251208;19:54:45;-0,5;0,0;0,0;0,0;50,0;Подготовка;
20251208;19:54:50;-0,5;0,0;0,0;0,0;50,0;Подготовка;
20251208;19:54:55;-0,5;0,0;0,0;0,0;50,0;Подготовка;
20251208;19:55:00;-0,5;0,0;0,0;0,0;50,0;Подготовка;
20251208;19:55:06;-0,5;0,0;0,0;0,0;50,0;Подготовка;
20251208;19:55:11;-0,5;0,0;0,0;0,0;50,0;Подготовка;
20251208;19:55:16;-0,5;0,0;0,0;0,0;50,0;Подготовка;
20251208;19:55:21;-0,5;0,0;0,0;0,0;50,0;Подготовка;
20251208;19:55:26;-0,5;0,0;0,0;0,0;50,0;Подготовка;
20251208;19:55:31;-0,5;0,0;0,0;0,0;50,0;Подготовка;
20251208;19:55:36;-0,5;0,0;0,0;0,0;50,0;Подготовка;
20251208;19:55:41;-0,5;0,0;0,0;0,0;50,0;Подготовка;
20251208;19:55:46;-0,5;0,0;0,0;0,0;50,0;Подготовка;
20251208;19:55:51;-0,5;0,0;0,0;0,0;50,0;Подготовка;
20251208;19:55:56;-0,5;0,0;0,0;0,0;50,0;Подготовка;
20251208;19:56:01;-0,5;0,0;0,0;0,0;50,0;Подготовка;
20251208;19:56:06;-0,5;0,0;0,0;0,0;50,0;Подготовка;
20251208;19:56:11;-0,5;0,0;0,0;0,0;50,0;Подготовка;
20251208;19:56:16;-0,5;0,0;0,0;0,0;50,0;Подготовка;
20251208;19:56:21;-0,5;0,0;0,0;0,0;50,0;Подготовка;
20251208;19:56:26;-0,5;0,0;0,0;0,0;50,0;Подготовка;
20251208;19:56:31;-0,5;0,0;0,0;0,0;50,0;Подготовка;
20251208;19:56:36;-0,5;0,0;0,0;0,0;50,0;Подготовка;
20251208;19:56:41;-0,5;0,0;0,0;0,0;50,0;Подготовка;
20251208;19:56:46;-0,5;0,0;0,0;0,0;50,0;Подготовка;
20251208;19:56:51;-0,5;0,0;0,0;0,0;50,0;Подготовка;
20251208;19:56:56;-0,5;0,0;0,0;0,0;50,0;Подготовка;
20251208;19:57:01;-0,5;0,0;0,0;0,0;50,0;Подготовка;
20251208;19:57:06;-0,5;0,0;0,0;0,0;50,0;Подготовка;
20251208;19:57:12;-0,5;0,0;0,0;0,0;50,0;Подготовка;
20251208;19:57:17;-0,5;0,0;0,0;0,0;50,0;Подготовка;
20251208;19:57:22;-0,5;0,0;0,0;0,0;50,0;Подготовка;
20251208;19:57:27;-0,5;0,0;0,0;0,0;50,0;Подготовка;
20251208;19:57:32;-0,5;0,0;0,0;0,0;50,0;Подготовка;
20251208;19:57:37;-0,5;0,0;0,0;0,0;50,0;Подготовка;
20251208;19:57:42;-0,5;0,0;0,0;0,0;50,0;Подготовка;
20251208;19:57:47;-0,5;0,0;0,0;0,0;50,0;Подготовка;
20251208;19:57:52;-0,5;0,0;0,0;0,0;50,0;Подготовка;
20251208;19:57:57;-0,5;0,0;0,0;0,0;50,0;Подготовка;
20251208;19:58:02;-0,5;0,0;0,0;0,0;50,0;Подготовка;
20251208;19:58:07;-0,5;0,0;0,0;0,0;50,0;Подготовка;
20251208;19:58:12;-0,5;0,0;0,0;0,0;50,0;Подготовка;
20251208;19:58:17;-0,5;0,0;0,0;0,0;50,0;Подготовка;
20251208;19:58:22;-0,5;0,0;0,0;0,0;50,0;Подготовка;
20251208;19:58:27;-0,5;0,0;0,0;0,0;50,0;Подготовка;
20251208;19:58:32;-0,5;0,0;0,0;0,0;50,0;Подготовка;
20251208;19:58:37;-0,5;0,0;0,0;0,0;50,0;Подготовка;
20251208;19:58:42;-0,5;0,0;0,0;0,0;50,0;Подготовка;
20251208;19:58:47;-0,5;0,0;0,0;0,0;50,0;Подготовка;
20251208;19:58:52;-0,5;0,0;0,0;0,0;50,0;Подготовка;
20251208;19:58:57;-0,5;0,0;0,0;0,0;50,0;Подготовка;
20251208;19:59:02;-0,5;0,0;0,0;0,0;50,0;Подготовка;
20251208;19:59:07;-0,5;0,0;0,0;0,0;50,0;Подготовка;
20251208;19:59:12;-0,5;0,0;0,0;0,0;50,0;Подготовка;
20251208;19:59:18;-0,5;0,0;0,0;0,0;50,0;Подготовка;
20251208;19:59:23;-0,5;0,0;0,0;0,0;50,0;Подготовка;
20251208;19:59:28;-0,5;0,0;0,0;0,0;50,0;Подготовка;
20251208;19:59:33;-0,5;0,0;0,0;0,0;50,0;Подготовка;
20251208;19:59:38;-0,5;0,0;0,0;0,0;50,0;Подготовка;
20251208;19:59:43;-0,5;0,0;0,0;0,0;50,0;Подготовка;
20251208;19:59:48;-0,5;0,0;0,0;0,0;50,0;Подготовка;
20251208;19:59:53;-0,5;0,0;0,0;0,0;50,0;Подготовка;
20251208;19:59:58;-0,5;0,0;0,0;0,0;50,0;Подготовка;
20251208;20:00:03;-0,5;0,0;0,0;0,0;50,0;Подготовка;
20251208;20:00:08;-0,5;0,0;0,0;0,0;50,0;Подготовка;
20251208;20:00:13;-0,5;0,0;0,0;0,0;50,0;Подготовка;
20251208;20:00:18;-0,5;0,0;0,0;0,0;50,0;Подготовка;
20251208;20:00:23;-0,5;0,0;0,0;0,0;50,0;Подготовка;
20251208;20:00:28;-0,5;0,0;0,0;0,0;50,0;Подготовка;
20251208;20:00:33;-0,5;0,0;0,0;0,0;50,0;Подготовка;
20251208;20:00:38;-0,5;0,0;0,0;0,0;50,0;Подготовка;
20251208;20:00:43;-0,5;0,0;0,0;0,0;50,0;Подготовка;
20251208;20:00:48;-0,5;0,0;0,0;0,0;50,0;Подготовка;
20251208;20:00:53;-0,5;0,0;0,0;0,0;50,0;Подготовка;
20251208;20:00:58;-0,5;0,0;0,0;0,0;50,0;Подготовка;
20251208;20:01:03;-0,5;0,0;0,0;0,0;50,0;Подготовка;
20251208;20:01:08;-0,5;0,0;0,0;0,0;50,0;Подготовка;
20251208;20:01:13;-0,5;0,0;0,0;0,0;50,0;Подготовка;
20251208;20:01:18;-0,5;0,0;0,0;0,0;50,0;Подготовка;
20251208;20:01:24;-0,5;0,0;0,0;0,0;50,0;Подготовка;
20251208;20:01:29;-0,5;0,0;0,0;0,0;50,0;Подготовка;
20251208;20:01:34;-0,5;0,0;0,0;0,0;50,0;Подготовка;
20251208;20:01:39;-0,5;0,0;0,0;0,0;50,0;Подготовка;
20251208;20:01:44;-0,5;0,0;0,0;0,0;50,0;Подготовка;
20251208;20:01:49;-0,5;0,0;0,0;0,0;50,0;Подготовка;
20251208;20:01:54;-0,5;0,0;0,0;0,0;50,0;Подготовка;
20251208;20:01:59;-0,5;0,0;0,0;0,0;50,0;Подготовка;
20251208;20:02:04;-0,5;0,0;0,0;0,0;50,0;Подготовка;
20251208;20:02:09;-0,5;0,0;0,0;0,0;50,0;Подготовка;
20251208;20:02:14;-0,5;0,0;0,0;0,0;50,0;Подготовка;
20251208;20:02:19;-0,5;0,0;0,0;0,0;50,0;Подготовка;
20251208;20:02:24;-0,5;0,0;0,0;0,0;50,0;Подготовка;
20251208;20:02:29;-0,5;0,0;0,0;0,0;50,0;Подготовка;
20251208;20:02:34;-0,5;0,0;0,0;0,0;50,0;Подготовка;
20251208;20:02:39;-0,5;0,0;0,0;0,0;50,0;Подготовка;
20251208;20:02:44;-0,5;0,0;0,0;0,0;50,0;Подготовка;
20251208;20:02:49;-0,5;0,0;0,0;0,0;50,0;Подготовка;
20251208;20:02:54;-0,5;0,0;0,0;0,0;50,0;Подготовка;
20251208;20:02:59;-0,5;0,0;0,0;0,0;50,0;Подготовка;
20251208;20:03:04;-0,5;0,0;0,0;0,0;50,0;Подготовка;
20251208;20:03:09;-0,5;0,0;0,0;0,0;50,0;Подготовка;
20251208;20:03:14;-0,5;0,0;0,0;0,0;50,0;Подготовка;
20251208;20:03:19;-0,5;0,0;0,0;0,0;50,0;Подготовка;
20251208;20:03:24;-0,5;0,0;0,0;0,0;50,0;Подготовка;
20251208;20:03:30;-0,5;0,0;0,0;0,0;50,0;Подготовка;
20251208;20:03:35;-0,5;0,0;0,0;0,0;50,0;Подготовка;
20251208;20:03:40;-0,5;0,0;0,0;0,0;50,0;Подготовка;
20251208;20:03:45;-0,5;0,0;0,0;0,0;50,0;Подготовка;
20251208;20:03:50;-0,5;0,0;0,0;0,0;50,0;Подготовка;
20251208;20:03:55;-0,5;0,0;0,0;0,0;50,0;Подготовка;
20251208;20:04:00;-0,5;0,0;0,0;0,0;50,0;Подготовка;
20251208;20:04:05;-0,5;0,0;0,0;0,0;50,0;Подготовка;
20251208;20:04:10;-0,5;0,0;0,0;0,0;50,0;Подготовка;
20251208;20:04:15;-0,5;0,0;0,0;0,0;50,0;Подготовка;
20251208;20:04:20;-0,5;0,0;0,0;0,0;50,0;Подготовка;
20251208;20:04:25;-0,5;0,0;0,0;0,0;50,0;Подготовка;
20251208;20:04:30;-0,5;0,0;0,0;0,0;50,0;Подготовка;
20251208;20:04:35;-0,5;0,0;0,0;0,0;50,0;Подготовка;
20251208;20:04:40;-0,5;0,0;0,0;0,0;50,0;Подготовка;
20251208;20:04:45;-0,5;0,0;0,0;0,0;50,0;Подготовка;
20251208;20:04:50;-0,5;0,0;0,0;0,0;50,0;Подготовка;
20251208;20:04:55;-0,5;0,0;0,0;0,0;50,0;Подготовка;
20251208;20:05:00;-0,5;0,0;0,0;0,0;50,0;Подготовка;
20251208;20:05:05;-0,5;0,0;0,0;0,0;50,0;Подготовка;
20251208;20:05:10;-0,5;0,0;0,0;0,0;50,0;Подготовка;
20251208;20:05:15;-0,5;0,0;0,0;0,0;50,0;Подготовка;
20251208;20:05:20;-0,5;0,0;0,0;0,0;50,0;Подготовка;
20251208;20:05:25;-0,5;0,0;0,0;0,0;50,0;Подготовка;
20251208;20:05:30;-0,5;0,0;0,0;0,0;50,0;Подготовка;
20251208;20:05:36;-0,5;0,0;0,0;0,0;50,0;Подготовка;
20251208;20:05:41;-0,5;0,0;0,0;0,0;50,0;Подготовка;
20251208;20:05:46;-0,5;0,0;0,0;0,0;50,0;Подготовка;
20251208;20:05:51;-0,5;0,0;0,0;0,0;50,0;Подготовка;
20251208;20:05:56;-0,5;0,0;0,0;0,0;50,0;Подготовка;
20251208;20:06:01;-0,5;0,0;0,0;0,0;50,0;Подготовка;
20251208;20:06:06;-0,5;0,0;0,0;0,0;50,0;Подготовка;
20251208;20:06:11;-0,5;0,0;0,0;0,0;50,0;Подготовка;
20251208;20:06:16;-0,5;0,0;0,0;0,0;50,0;Подготовка;
20251208;20:06:21;-0,5;0,0;0,0;0,0;50,0;Подготовка;
20251208;20:06:26;-0,5;0,0;0,0;0,0;50,0;Подготовка;
20251208;20:06:31;-0,5;0,0;0,0;0,0;50,0;Подготовка;
20251208;20:06:36;-0,5;0,0;0,0;0,0;50,0;Подготовка;
20251208;20:06:41;-0,5;0,0;0,0;0,0;50,0;Подготовка;
20251208;20:06:46;-0,5;0,0;0,0;0,0;50,0;Подготовка;
20251208;20:06:51;-0,5;0,0;0,0;0,0;50,0;Подготовка;
20251208;20:06:56;-0,5;0,0;0,0;0,0;50,0;Подготовка;
20251208;20:07:01;-0,5;0,0;0,0;0,0;50,0;Подготовка;
20251208;20:07:06;-0,5;0,0;0,0;0,0;50,0;Подготовка;
20251208;20:07:11;-0,5;0,0;0,0;0,0;50,0;Подготовка;
20251208;20:07:16;-0,5;0,0;0,0;0,0;50,0;Подготовка;
20251208;20:07:21;-0,5;0,0;0,0;0,0;50,0;Подготовка;
20251208;20:07:26;-0,5;0,0;0,0;0,0;50,0;Подготовка;
20251208;20:07:31;-0,5;0,0;0,0;0,0;50,0;Подготовка;
20251208;20:07:36;-0,5;0,0;0,0;0,0;50,0;Подготовка;
20251208;20:07:42;-0,5;0,0;0,0;0,0;50,0;Подготовка;
20251208;20:07:47;-0,5;0,0;0,0;0,0;50,0;Подготовка;
20251208;20:07:52;-0,5;0,0;0,0;0,0;50,0;Подготовка;
20251208;20:07:57;-0,5;0,0;0,0;0,0;50,0;Подготовка;
20251208;20:08:02;-0,5;0,0;0,0;0,0;50,0;Подготовка;
20251208;20:08:07;-0,5;0,0;0,0;0,0;50,0;Подготовка;
20251208;20:08:12;-0,5;0,0;0,0;0,0;50,0;Подготовка;
20251208;20:08:17;-0,5;0,0;0,0;0,0;50,0;Подготовка;
20251208;20:08:22;-0,5;0,0;0,0;0,0;50,0;Подготовка;
20251208;20:08:27;-0,5;0,0;0,0;0,0;50,0;Подготовка;
20251208;20:08:32;-0,5;0,0;0,0;0,0;50,0;Подготовка;
20251208;20:08:37;-0,5;0,0;0,0;0,0;50,0;Подготовка;
20251208;20:08:42;-0,5;0,0;0,0;0,0;50,0;Подготовка;
20251208;20:08:47;-0,5;0,0;0,0;0,0;50,0;Подготовка;
20251208;20:08:52;-0,5;0,0;0,0;0,0;50,0;Подготовка;
20251208;20:08:57;-0,5;0,0;0,0;0,0;50,0;Подготовка;
20251208;20:09:02;-0,5;0,0;0,0;0,0;50,0;Подготовка;
20251208;20:09:07;-0,5;0,0;0,0;0,0;50,0;Подготовка;
20251208;20:09:12;-0,5;0,0;0,0;0,0;50,0;Подготовка;
20251208;20:09:17;-0,5;0,0;0,0;0,0;50,0;Подготовка;
20251208;20:09:22;-0,5;0,0;0,0;0,0;50,0;Подготовка;
20251208;20:09:27;-0,5;0,0;0,0;0,0;50,0;Подготовка;
20251208;20:09:32;-0,5;0,0;0,0;0,0;50,0;Подготовка;
20251208;20:09:37;-0,5;0,0;0,0;0,0;50,0;Подготовка;
20251208;20:09:42;-0,5;0,0;0,0;0,0;50,0;Подготовка;
20251208;20:09:48;-0,5;0,0;0,0;0,0;50,0;Подготовка;
20251208;20:09:53;-0,5;0,0;0,0;0,0;50,0;Подготовка;
20251208;20:09:58;-0,5;0,0;0,0;0,0;50,0;Подготовка;
20251208;20:10:03;-0,5;0,0;0,0;0,0;50,0;Подготовка;
20251208;20:10:08;-0,5;0,0;0,0;0,0;50,0;Подготовка;
20251208;20:10:13;-0,5;0,0;0,0;0,0;50,0;Подготовка;
20251208;20:10:18;-0,5;0,0;0,0;0,0;50,0;Подготовка;
20251208;20:10:23;-0,5;0,0;0,0;0,0;50,0;Подготовка;
20251208;20:10:28;-0,5;0,0;0,0;0,0;50,0;Подготовка;
20251208;20:10:33;-0,5;0,0;0,0;0,0;50,0;Подготовка;
20251208;20:10:38;-0,5;0,0;0,0;0,0;50,0;Подготовка;
20251208;20:10:43;-0,5;0,0;0,0;0,0;50,0;Подготовка;
20251208;20:10:48;-0,5;0,0;0,0;0,0;50,0;Подготовка;
20251208;20:10:53;-0,5;0,0;0,0;0,0;50,0;Подготовка;
20251208;20:10:58;-0,5;0,0;0,0;0,0;50,0;Подготовка;
20251208;20:11:03;-0,5;0,0;0,0;0,0;50,0;Подготовка;
20251208;20:11:08;-0,5;0,0;0,0;0,0;50,0;Подготовка;
20251208;20:11:13;-0,5;0,0;0,0;0,0;50,0;Подготовка;
20251208;20:11:18;-0,5;0,0;0,0;0,0;50,0;Подготовка;
20251208;20:11:23;-0,5;0,0;0,0;0,0;50,0;Подготовка;
20251208;20:11:28;-0,5;0,0;0,0;0,0;50,0;Подготовка;
20251208;20:11:33;-0,5;0,0;0,0;0,0;50,0;Подготовка;
20251208;20:11:38;-0,5;0,0;0,0;0,0;50,0;Подготовка;
20251208;20:11:43;-0,5;0,0;0,0;0,0;50,0;Подготовка;
20251208;20:11:48;-0,5;0,0;0,0;0,0;50,0;Подготовка;
20251208;20:11:54;-0,5;0,0;0,0;0,0;50,0;Подготовка;
20251208;20:11:59;-0,5;0,0;0,0;0,0;50,0;Подготовка;
20251208;20:12:04;-0,5;0,0;0,0;0,0;50,0;Подготовка;
20251208;20:12:09;-0,5;0,0;0,0;0,0;50,0;Подготовка;
20251208;20:12:14;-0,5;0,0;0,0;0,0;50,0;Подготовка;
20251208;20:12:19;-0,5;0,0;0,0;0,0;50,0;Подготовка;
20251208;20:12:24;-0,5;0,0;0,0;0,0;50,0;Подготовка;
20251208;20:12:29;-0,5;0,0;0,0;0,0;50,0;Подготовка;
20251208;20:12:34;-0,5;0,0;0,0;0,0;50,0;Подготовка;
20251208;20:12:39;-0,5;0,0;0,0;0,0;50,0;Подготовка;
20251208;20:12:44;-0,5;0,0;0,0;0,0;50,0;Подготовка;
20251208;20:12:49;-0,5;0,0;0,0;0,0;50,0;Подготовка;
20251208;20:12:54;-0,5;0,0;0,0;0,0;50,0;Подготовка;
20251208;20:12:59;-0,5;0,0;0,0;0,0;50,0;Подготовка;
20251208;20:13:04;-0,5;0,0;0,0;0,0;50,0;Подготовка;
20251208;20:13:09;-0,5;0,0;0,0;0,0;50,0;Подготовка;
20251208;20:13:14;-0,5;0,0;0,0;0,0;50,0;Подготовка;
20251208;20:13:19;-0,5;0,0;0,0;0,0;50,0;Подготовка;
20251208;20:13:24;-0,5;0,0;0,0;0,0;50,0;Подготовка;
20251208;20:13:29;-0,5;0,0;0,0;0,0;50,0;Подготовка;
20251208;20:13:34;-0,5;0,0;0,0;0,0;50,0;Подготовка;
20251208;20:13:39;-0,5;0,0;0,0;0,0;50,0;Подготовка;
20251208;20:13:44;-0,5;0,0;0,0;0,0;50,0;Подготовка;
20251208;20:13:49;-0,5;0,0;0,0;0,0;50,0;Подготовка;
20251208;20:13:54;-0,5;0,0;0,0;0,0;50,0;Подготовка;
20251208;20:14:00;-0,5;0,0;0,0;0,0;50,0;Подготовка;
20251208;20:14:05;-0,5;0,0;0,0;0,0;50,0;Подготовка;
20251208;20:14:10;-0,5;0,0;0,0;0,0;50,0;Подготовка;
20251208;20:14:15;-0,5;0,0;0,0;0,0;50,0;Подготовка;
20251208;20:14:20;-0,5;0,0;0,0;0,0;50,0;Подготовка;
20251208;20:14:25;-0,5;0,0;0,0;0,0;50,0;Подготовка;
20251208;20:14:30;-0,5;0,0;0,0;0,0;50,0;Подготовка;
20251208;20:14:35;-0,5;0,0;0,0;0,0;50,0;Подготовка;
20251208;20:14:40;-0,5;0,0;0,0;0,0;50,0;Подготовка;
20251208;20:14:45;-0,5;0,0;0,0;0,0;50,0;Подготовка;
20251208;20:14:50;-0,5;0,0;0,0;0,0;50,0;Подготовка;
20251208;20:14:55;-0,5;0,0;0,0;0,0;50,0;Подготовка;
20251208;20:15:00;-0,5;0,0;0,0;0,0;50,0;Подготовка;
20251208;20:15:05;-0,5;0,0;0,0;0,0;50,0;Подготовка;
20251208;20:15:10;-0,5;0,0;0,0;0,0;50,0;Подготовка;
20251208;20:15:15;-0,5;0,0;0,0;0,0;50,0;Подготовка;
20251208;20:15:20;-0,5;0,0;0,0;0,0;50,0;Подготовка;
20251208;20:15:25;-0,5;0,0;0,0;0,0;50,0;Подготовка;
20251208;20:15:30;-0,5;0,0;0,0;0,0;50,0;Подготовка;
20251208;20:15:35;-0,5;0,0;0,0;0,0;50,0;Подготовка;
20251208;20:15:40;-0,5;0,0;0,0;0,0;50,0;Подготовка;
20251208;20:15:45;-0,5;0,0;0,0;0,0;50,0;Подготовка;
20251208;20:15:50;-0,5;0,0;0,0;0,0;50,0;Подготовка;
20251208;20:15:55;-0,5;0,0;0,0;0,0;50,0;Подготовка;
20251208;20:16:00;-0,5;0,0;0,0;0,0;50,0;Подготовка;
20251208;20:16:06;-0,5;0,0;0,0;0,0;50,0;Подготовка;
20251208;20:16:11;-0,5;0,0;0,0;0,0;50,0;Подготовка;
20251208;20:16:16;-0,5;0,0;0,0;0,0;50,0;Подготовка;
20251208;20:16:21;-0,5;0,0;0,0;0,0;50,0;Подготовка;
20251208;20:16:26;-0,5;0,0;0,0;0,0;50,0;Подготовка;
20251208;20:16:31;-0,5;0,0;0,0;0,0;50,0;Подготовка;
20251208;20:16:36;-0,5;0,0;0,0;0,0;50,0;Подготовка;
20251208;20:16:41;-0,5;0,0;0,0;0,0;50,0;Подготовка;
20251208;20:16:46;-0,5;0,0;0,0;0,0;50,0;Подготовка;
20251208;20:16:51;-0,5;0,0;0,0;0,0;50,0;Подготовка;
20251208;20:16:56;-0,5;0,0;0,0;0,0;50,0;Подготовка;
20251208;20:17:01;-0,5;0,0;0,0;0,0;50,0;Подготовка;
20251208;20:17:06;-0,5;0,0;0,0;0,0;50,0;Подготовка;
20251208;20:17:11;-0,5;0,0;0,0;0,0;50,0;Подготовка;
20251208;20:17:16;-0,5;0,0;0,0;0,0;50,0;Подготовка;
20251208;20:17:21;-0,5;0,0;0,0;0,0;50,0;Подготовка;
20251208;20:17:26;-0,5;0,0;0,0;0,0;50,0;Подготовка;
20251208;20:17:31;-0,5;0,0;0,0;0,0;50,0;Подготовка;
20251208;20:17:36;-0,5;0,0;0,0;0,0;50,0;Подготовка;
20251208;20:17:41;-0,5;0,0;0,0;0,0;50,0;Подготовка;
20251208;20:17:46;-0,5;0,0;0,0;0,0;50,0;Подготовка;
20251208;20:17:51;-0,5;0,0;0,0;0,0;50,0;Подготовка;
20251208;20:17:56;-0,5;0,0;0,0;0,0;50,0;Подготовка;
20251208;20:18:01;-0,5;0,0;0,0;0,0;50,0;Подготовка;
20251208;20:18:06;-0,5;0,0;0,0;0,0;50,0;Подготовка;
20251208;20:18:12;-0,5;0,0;0,0;0,0;50,0;Подготовка;
20251208;20:18:17;-0,5;0,0;0,0;0,0;50,0;Подготовка;
20251208;20:18:22;-0,5;0,0;0,0;0,0;50,0;Подготовка;
20251208;20:18:27;-0,5;0,0;0,0;0,0;50,0;Подготовка;
20251208;20:18:32;-0,5;0,0;0,0;0,0;50,0;Подготовка;
20251208;20:18:37;-0,5;0,0;0,0;0,0;50,0;Подготовка;
20251208;20:18:42;-0,5;0,0;0,0;0,0;50,0;Подготовка;
20251208;20:18:47;-0,5;0,0;0,0;0,0;50,0;Подготовка;
20251208;20:18:52;-0,5;0,0;0,0;0,0;50,0;Подготовка;
20251208;20:18:57;-0,5;0,0;0,0;0,0;50,0;Подготовка;
20251208;20:19:02;-0,5;0,0;0,0;0,0;50,0;Подготовка;
20251208;20:19:07;-0,5;0,0;0,0;0,0;50,0;Подготовка;
20251208;20:19:12;-0,5;0,0;0,0;0,0;50,0;Подготовка;
20251208;20:19:17;-0,5;0,0;0,0;0,0;50,0;Подготовка;
20251208;20:19:22;-0,5;0,0;0,0;0,0;50,0;Подготовка;
20251208;20:19:27;-0,5;0,0;0,0;0,0;50,0;Подготовка;
20251208;20:19:32;-0,5;0,0;0,0;0,0;50,0;Подготовка;
20251208;20:19:37;-0,5;0,0;0,0;0,0;50,0;Подготовка;
20251208;20:19:42;-0,5;0,0;0,0;0,0;50,0;Подготовка;
20251208;20:19:47;-0,5;0,0;0,0;0,0;50,0;Подготовка;
20251208;20:19:52;-0,5;0,0;0,0;0,0;50,0;Подготовка;
20251208;20:19:57;-0,5;0,0;0,0;0,0;50,0;Подготовка;
20251208;20:20:02;-0,5;0,0;0,0;0,0;50,0;Подготовка;
20251208;20:20:07;-0,5;0,0;0,0;0,0;50,0;Подготовка;
20251208;20:20:12;-0,5;0,0;0,0;0,0;50,0;Подготовка;
20251208;20:20:18;-0,5;0,0;0,0;0,0;50,0;Подготовка;
20251208;20:20:23;-0,5;0,0;0,0;0,0;50,0;Подготовка;
20251208;20:20:28;-0,5;0,0;0,0;0,0;50,0;Подготовка;
20251208;20:20:33;-0,5;0,0;0,0;0,0;50,0;Подготовка;
20251208;20:20:38;-0,5;0,0;0,0;0,0;50,0;Подготовка;
20251208;20:20:43;-0,5;0,0;0,0;0,0;50,0;Подготовка;
20251208;20:20:48;-0,5;0,0;0,0;0,0;50,0;Подготовка;
20251208;20:20:53;-0,5;0,0;0,0;0,0;50,0;Подготовка;
20251208;20:20:58;-0,5;0,0;0,0;0,0;50,0;Подготовка;
20251208;20:21:03;-0,5;0,0;0,0;0,0;50,0;Подготовка;
20251208;20:21:08;-0,5;0,0;0,0;0,0;50,0;Подготовка;
20251208;20:21:13;-0,5;0,0;0,0;0,0;50,0;Подготовка;
20251208;20:21:18;-0,5;0,0;0,0;0,0;50,0;Подготовка;
20251208;20:21:23;-0,5;0,0;0,0;0,0;50,0;Подготовка;
20251208;20:21:28;-0,5;0,0;0,0;0,0;50,0;Подготовка;
20251208;20:21:33;-0,5;0,0;0,0;0,0;50,0;Подготовка;
20251208;20:21:38;-0,5;0,0;0,0;0,0;50,0;Подготовка;
20251208;20:21:43;-0,5;0,0;0,0;0,0;50,0;Подготовка;
20251208;20:21:48;-0,5;0,0;0,0;0,0;50,0;Подготовка;
20251208;20:21:53;-0,5;0,0;0,0;0,0;50,0;Подготовка;
20251208;20:21:58;-0,5;0,0;0,0;0,0;50,0;Подготовка;
20251208;20:22:03;-0,5;0,0;0,0;0,0;50,0;Подготовка;
20251208;20:22:08;-0,5;0,0;0,0;0,0;50,0;Подготовка;
20251208;20:22:13;-0,5;0,0;0,0;0,0;50,0;Подготовка;
20251208;20:22:18;-0,5;0,0;0,0;0,0;50,0;Подготовка;
20251208;20:22:24;-0,5;0,0;0,0;0,0;50,0;Подготовка;
20251208;20:22:29;-0,5;0,0;0,0;0,0;50,0;Подготовка;
20251208;20:22:34;-0,5;0,0;0,0;0,0;50,0;Подготовка;
20251208;20:22:39;-0,5;0,0;0,0;0,0;50,0;Подготовка;
20251208;20:22:44;-0,5;0,0;0,0;0,0;50,0;Подготовка;
20251208;20:22:49;-0,5;0,0;0,0;0,0;50,0;Подготовка;
20251208;20:22:54;-0,5;0,0;0,0;0,0;50,0;Подготовка;
20251208;20:22:59;-0,5;0,0;0,0;0,0;50,0;Подготовка;
20251208;20:23:04;-0,5;0,0;0,0;0,0;50,0;Подготовка;
20251208;20:23:09;-0,5;0,0;0,0;0,0;50,0;Подготовка;
20251208;20:23:14;-0,5;0,0;0,0;0,0;50,0;Подготовка;
20251208;20:23:19;-0,5;0,0;0,0;0,0;50,0;Подготовка;
20251208;20:23:24;-0,5;0,0;0,0;0,0;50,0;Подготовка;
20251208;20:23:29;-0,5;0,0;0,0;0,0;50,0;Подготовка;
20251208;20:23:34;-0,5;0,0;0,0;0,0;50,0;Подготовка;
20251208;20:23:39;-0,5;0,0;0,0;0,0;50,0;Подготовка;
20251208;20:23:44;-0,5;0,0;0,0;0,0;50,0;Подготовка;
20251208;20:23:49;-0,5;0,0;0,0;0,0;50,0;Подготовка;
20251208;20:23:54;-0,5;0,0;0,0;0,0;50,0;Подготовка;
20251208;20:23:59;-0,5;0,0;0,0;0,0;50,0;Подготовка;
20251208;20:24:04;-0,5;0,0;0,0;0,0;50,0;Подготовка;
20251208;20:24:09;-0,5;0,0;0,0;0,0;50,0;Подготовка;
20251208;20:24:14;-0,5;0,0;0,0;0,0;50,0;Подготовка;
20251208;20:24:19;-0,5;0,0;0,0;0,0;50,0;Подготовка;
20251208;20:24:24;-0,5;0,0;0,0;0,0;50,0;Подготовка;
20251208;20:24:30;-0,5;0,0;0,0;0,0;50,0;Подготовка;
20251208;20:24:35;-0,5;0,0;0,0;0,0;50,0;Подготовка;
20251208;20:24:40;-0,5;0,0;0,0;0,0;50,0;Подготовка;
20251208;20:24:45;-0,5;0,0;0,0;0,0;50,0;Подготовка;
20251208;20:24:50;-0,5;0,0;0,0;0,0;50,0;Подготовка;
20251208;20:24:55;-0,5;0,0;0,0;0,0;50,0;Подготовка;
20251208;20:25:00;-0,5;0,0;0,0;0,0;50,0;Подготовка;
20251208;20:25:05;-0,5;0,0;0,0;0,0;50,0;Подготовка;
20251208;20:25:10;-0,5;0,0;0,0;0,0;50,0;Подготовка;
20251208;20:25:15;-0,5;0,0;0,0;0,0;50,0;Подготовка;
20251208;20:25:20;-0,5;0,0;0,0;0,0;50,0;Подготовка;
20251208;20:25:25;-0,5;0,0;0,0;0,0;50,0;Подготовка;
20251208;20:25:30;-0,5;0,0;0,0;0,0;50,0;Подготовка;
20251208;20:25:35;-0,5;0,0;0,0;0,0;50,0;Подготовка;
20251208;20:25:40;-0,5;0,0;0,0;0,0;50,0;Подготовка;
20251208;20:25:45;-0,5;0,0;0,0;0,0;50,0;Подготовка;
20251208;20:25:50;-0,5;0,0;0,0;0,0;50,0;Подготовка;
20251208;20:25:55;-0,5;0,0;0,0;0,0;50,0;Подготовка;
20251208;20:26:00;-0,5;0,0;0,0;0,0;50,0;Подготовка;
20251208;20:26:05;-0,5;0,0;0,0;0,0;50,0;Подготовка;
20251208;20:26:10;-0,5;0,0;0,0;0,0;50,0;Подготовка;
20251208;20:26:15;-0,5;0,0;0,0;0,0;50,0;Подготовка;
20251208;20:26:20;-0,5;0,0;0,0;0,0;50,0;Подготовка;
20251208;20:26:25;-0,5;0,0;0,0;0,0;50,0;Подготовка;
20251208;20:26:30;-0,5;0,0;0,0;0,0;50,0;Подготовка;
20251208;20:26:36;-0,5;0,0;0,0;0,0;50,0;Подготовка;
20251208;20:26:41;-0,5;0,0;0,0;0,0;50,0;Подготовка;
20251208;20:26:46;-0,5;0,0;0,0;0,0;50,0;Подготовка;
20251208;20:26:51;-0,5;0,0;0,0;0,0;50,0;Подготовка;
20251208;20:26:56;-0,5;0,0;0,0;0,0;50,0;Подготовка;
20251208;20:27:01;-0,5;0,0;0,0;0,0;50,0;Подготовка;
20251208;20:27:06;-0,5;0,0;0,0;0,0;50,0;Подготовка;
20251208;20:27:11;-0,5;0,0;0,0;0,0;50,0;Подготовка;
20251208;20:27:16;-0,5;0,0;0,0;0,0;50,0;Подготовка;
20251208;20:27:21;-0,5;0,0;0,0;0,0;50,0;Подготовка;
20251208;20:27:26;-0,5;0,0;0,0;0,0;50,0;Подготовка;
20251208;20:27:31;-0,5;0,0;0,0;0,0;50,0;Подготовка;
20251208;20:27:36;-0,5;0,0;0,0;0,0;50,0;Подготовка;
20251208;20:27:41;-0,5;0,0;0,0;0,0;50,0;Подготовка;
20251208;20:27:46;-0,5;0,0;0,0;0,0;50,0;Подготовка;
20251208;20:27:51;-0,5;0,0;0,0;0,0;50,0;Подготовка;
20251208;20:27:56;-0,5;0,0;0,0;0,0;50,0;Подготовка;
20251208;20:28:01;-0,5;0,0;0,0;0,0;50,0;Подготовка;
20251208;20:28:06;-0,5;0,0;0,0;0,0;50,0;Подготовка;
20251208;20:28:11;-0,5;0,0;0,0;0,0;50,0;Подготовка;
20251208;20:28:16;-0,5;0,0;0,0;0,0;50,0;Подготовка;
20251208;20:28:21;-0,5;0,0;0,0;0,0;50,0;Подготовка;
20251208;20:28:26;-0,5;0,0;0,0;0,0;50,0;Подготовка;
20251208;20:28:31;-0,5;0,0;0,0;0,0;50,0;Подготовка;
20251208;20:28:36;-0,5;0,0;0,0;0,0;50,0;Подготовка;
20251208;20:28:42;-0,5;0,0;0,0;0,0;50,0;Подготовка;
20251208;20:28:47;-0,5;0,0;0,0;0,0;50,0;Подготовка;
20251208;20:28:52;-0,5;0,0;0,0;0,0;50,0;Подготовка;
20251208;20:28:57;-0,5;0,0;0,0;0,0;50,0;Подготовка;
20251208;20:29:02;-0,5;0,0;0,0;0,0;50,0;Подготовка;
20251208;20:29:07;-0,5;0,0;0,0;0,0;50,0;Подготовка;
20251208;20:29:12;-0,5;0,0;0,0;0,0;50,0;Подготовка;
20251208;20:29:17;-0,5;0,0;0,0;0,0;50,0;Подготовка;
20251208;20:29:22;-0,5;0,0;0,0;0,0;50,0;Подготовка;
20251208;20:29:27;-0,5;0,0;0,0;0,0;50,0;Подготовка;
20251208;20:29:32;-0,5;0,0;0,0;0,0;50,0;Подготовка;
20251208;20:29:37;-0,5;0,0;0,0;0,0;50,0;Подготовка;
20251208;20:29:42;-0,5;0,0;0,0;0,0;50,0;Подготовка;
20251208;20:29:47;-0,5;0,0;0,0;0,0;50,0;Подготовка;
20251208;20:29:52;-0,5;0,0;0,0;0,0;50,0;Подготовка;
20251208;20:29:57;-0,5;0,0;0,0;0,0;50,0;Подготовка;
20251208;20:30:02;-0,5;0,0;0,0;0,0;50,0;Подготовка;
20251208;20:30:07;-0,5;0,0;0,0;0,0;50,0;Подготовка;
20251208;20:30:12;-0,5;0,0;0,0;0,0;50,0;Подготовка;
20251208;20:30:17;-0,5;0,0;0,0;0,0;50,0;Подготовка;
20251208;20:30:22;-0,5;0,0;0,0;0,0;50,0;Подготовка;
20251208;20:30:27;-0,5;0,0;0,0;0,0;50,0;Подготовка;
20251208;20:30:32;-0,5;0,0;0,0;0,0;50,0;Подготовка;
20251208;20:30:37;-0,5;0,0;0,0;0,0;50,0;Подготовка;
20251208;20:30:42;-0,5;0,0;0,0;0,0;50,0;Подготовка;
20251208;20:30:48;-0,5;0,0;0,0;0,0;50,0;Подготовка;
20251208;20:30:53;-0,5;0,0;0,0;0,0;50,0;Подготовка;
20251208;20:30:58;-0,5;0,0;0,0;0,0;50,0;Подготовка;
20251208;20:31:03;-0,5;0,0;0,0;0,0;50,0;Подготовка;
20251208;20:31:08;-0,5;0,0;0,0;0,0;50,0;Подготовка;
20251208;20:31:13;-0,5;0,0;0,0;0,0;50,0;Подготовка;
20251208;20:31:18;-0,5;0,0;0,0;0,0;50,0;Подготовка;
20251208;20:31:23;-0,5;0,0;0,0;0,0;50,0;Подготовка;
20251208;20:31:28;-0,5;0,0;0,0;0,0;50,0;Подготовка;
20251208;20:31:33;-0,5;0,0;0,0;0,0;50,0;Подготовка;
20251208;20:31:38;-0,5;0,0;0,0;0,0;50,0;Подготовка;
20251208;20:31:43;-0,5;0,0;0,0;0,0;50,0;Подготовка;
20251208;20:31:48;-0,5;0,0;0,0;0,0;50,0;Подготовка;
20251208;20:31:53;-0,5;0,0;0,0;0,0;50,0;Подготовка;
20251208;20:31:58;-0,5;0,0;0,0;0,0;50,0;Подготовка;
20251208;20:32:03;-0,5;0,0;0,0;0,0;50,0;Подготовка;
20251208;20:32:08;-0,5;0,0;0,0;0,0;50,0;Подготовка;
20251208;20:32:13;-0,5;0,0;0,0;0,0;50,0;Подготовка;
20251208;20:32:18;-0,5;0,0;0,0;0,0;50,0;Подготовка;
20251208;20:32:23;-0,5;0,0;0,0;0,0;50,0;Подготовка;
20251208;20:32:28;-0,5;0,0;0,0;0,0;50,0;Подготовка;
Предприятие;
Объект;
Вид оборудования;
Дисп. наименование;
Тип;
Зав. номер;
Сер. номер;
Год выпуска;
Год ввода в эксплуатацию;
Дата отбора пробы;
Марка пробы;
Температура пробы;
DATE ;TIME ;TS_TEMP ;PROB_TEMP ;PROB_OTN_VL ;PROBE_VlAGOSOD ;SP ;STATUS ; 
20251208;20:32:45;-0,39;0,0;0,0;0,0;50,0;Включение;
20251208;20:32:50;-0,49;0,0;0,0;0,0;50,0;Включение;
20251208;20:32:55;-0,49;0,0;0,0;0,0;50,0;Подготовка;
20251208;20:33:00;-0,49;0,0;0,0;0,0;50,0;Подготовка;
20251208;20:33:05;-0,49;0,0;0,0;0,0;50,0;Подготовка;
20251208;20:33:10;-0,49;0,0;0,0;0,0;50,0;Подготовка;
20251208;20:33:15;-0,5;0,0;0,0;0,0;50,0;Подготовка;
20251208;20:33:20;-0,5;0,0;0,0;0,0;50,0;Подготовка;
20251208;20:33:25;-0,5;0,0;0,0;0,0;50,0;Подготовка;
20251208;20:33:30;-0,5;0,0;0,0;0,0;50,0;Подготовка;
20251208;20:33:35;-0,5;0,0;0,0;0,0;50,0;Подготовка;
20251208;20:33:41;-0,5;0,0;0,0;0,0;50,0;Подготовка;
20251208;20:33:46;-0,5;0,0;0,0;0,0;50,0;Подготовка;
20251208;20:33:51;-0,5;0,0;0,0;0,0;50,0;Подготовка;
20251208;20:33:56;-0,5;0,0;0,0;0,0;50,0;Подготовка;
20251208;20:34:01;-0,5;0,0;0,0;0,0;50,0;Подготовка;
20251208;20:34:06;-0,5;0,0;0,0;0,0;50,0;Подготовка;
20251208;20:34:11;-0,5;0,0;0,0;0,0;50,0;Подготовка;
20251208;20:34:16;-0,5;0,0;0,0;0,0;50,0;Подготовка;
20251208;20:34:21;-0,5;0,0;0,0;0,0;50,0;Подготовка;
20251208;20:34:26;-0,5;0,0;0,0;0,0;50,0;Подготовка;
20251208;20:34:31;-0,5;0,0;0,0;0,0;50,0;Подготовка;
20251208;20:34:36;-0,5;0,0;0,0;0,0;50,0;Подготовка;
20251208;20:34:41;-0,5;0,0;0,0;0,0;50,0;Подготовка;
20251208;20:34:46;-0,5;0,0;0,0;0,0;50,0;Подготовка;
20251208;20:34:51;-0,5;0,0;0,0;0,0;50,0;Подготовка;
20251208;20:34:56;-0,5;0,0;0,0;0,0;50,0;Подготовка;
20251208;20:35:01;-0,5;0,0;0,0;0,0;50,0;Подготовка;
20251208;20:35:06;-0,5;0,0;0,0;0,0;50,0;Подготовка;
20251208;20:35:11;-0,5;0,0;0,0;0,0;50,0;Подготовка;
20251208;20:35:16;-0,5;0,0;0,0;0,0;50,0;Подготовка;
20251208;20:35:21;-0,5;0,0;0,0;0,0;50,0;Подготовка;
20251208;20:35:26;-0,5;0,0;0,0;0,0;50,0;Подготовка;
20251208;20:35:31;-0,5;0,0;0,0;0,0;50,0;Подготовка;
20251208;20:35:36;-0,5;0,0;0,0;0,0;50,0;Подготовка;
20251208;20:35:41;-0,5;0,0;0,0;0,0;50,0;Подготовка;
20251208;20:35:47;-0,5;0,0;0,0;0,0;50,0;Подготовка;
20251208;20:35:52;-0,5;0,0;0,0;0,0;50,0;Подготовка;
20251208;20:35:57;-0,5;0,0;0,0;0,0;50,0;Подготовка;
20251208;20:36:02;-0,5;0,0;0,0;0,0;50,0;Подготовка;
20251208;20:36:07;-0,5;0,0;0,0;0,0;50,0;Подготовка;
20251208;20:36:12;-0,5;0,0;0,0;0,0;50,0;Подготовка;
20251208;20:36:17;-0,5;0,0;0,0;0,0;50,0;Подготовка;
20251208;20:36:22;-0,5;0,0;0,0;0,0;50,0;Подготовка;
20251208;20:36:27;-0,5;0,0;0,0;0,0;50,0;Подготовка;
20251208;20:36:32;-0,5;0,0;0,0;0,0;50,0;Подготовка;
20251208;20:36:37;-0,5;0,0;0,0;0,0;50,0;Подготовка;
20251208;20:36:42;-0,5;0,0;0,0;0,0;50,0;Подготовка;
20251208;20:36:47;-0,5;0,0;0,0;0,0;50,0;Подготовка;
20251208;20:36:52;-0,5;0,0;0,0;0,0;50,0;Подготовка;
20251208;20:36:57;-0,5;0,0;0,0;0,0;50,0;Подготовка;
20251208;20:37:02;-0,5;0,0;0,0;0,0;50,0;Подготовка;
20251208;20:37:07;-0,5;0,0;0,0;0,0;50,0;Подготовка;
20251208;20:37:12;-0,5;0,0;0,0;0,0;50,0;Подготовка;
20251208;20:37:17;-0,5;0,0;0,0;0,0;50,0;Подготовка;
20251208;20:37:22;-0,5;0,0;0,0;0,0;50,0;Подготовка;
20251208;20:37:27;-0,5;0,0;0,0;0,0;50,0;Подготовка;
20251208;20:37:32;-0,5;0,0;0,0;0,0;50,0;Подготовка;
20251208;20:37:37;-0,5;0,0;0,0;0,0;50,0;Подготовка;
20251208;20:37:42;-0,5;0,0;0,0;0,0;50,0;Подготовка;
20251208;20:37:47;-0,5;0,0;0,0;0,0;50,0;Подготовка;
20251208;20:37:53;-0,5;0,0;0,0;0,0;50,0;Подготовка;
20251208;20:37:58;-0,5;0,0;0,0;0,0;50,0;Подготовка;
20251208;20:38:03;-0,5;0,0;0,0;0,0;50,0;Подготовка;
20251208;20:38:08;-0,5;0,0;0,0;0,0;50,0;Подготовка;
20251208;20:38:13;-0,5;0,0;0,0;0,0;50,0;Подготовка;
20251208;20:38:18;-0,5;0,0;0,0;0,0;50,0;Подготовка;
20251208;20:38:23;-0,5;0,0;0,0;0,0;50,0;Подготовка;
20251208;20:38:28;-0,5;0,0;0,0;0,0;50,0;Подготовка;
20251208;20:38:33;-0,5;0,0;0,0;0,0;50,0;Подготовка;
20251208;20:38:38;-0,5;0,0;0,0;0,0;50,0;Подготовка;
20251208;20:38:43;-0,5;0,0;0,0;0,0;50,0;Подготовка;
20251208;20:38:48;-0,5;0,0;0,0;0,0;50,0;Подготовка;
20251208;20:38:53;-0,5;0,0;0,0;0,0;50,0;Подготовка;
20251208;20:38:58;-0,5;0,0;0,0;0,0;50,0;Подготовка;
20251208;20:39:03;-0,5;0,0;0,0;0,0;50,0;Подготовка;
20251208;20:39:08;-0,5;0,0;0,0;0,0;50,0;Подготовка;
20251208;20:39:13;-0,5;0,0;0,0;0,0;50,0;Подготовка;
20251208;20:39:18;-0,5;0,0;0,0;0,0;50,0;Подготовка;
20251208;20:39:23;-0,5;0,0;0,0;0,0;50,0;Подготовка;
20251208;20:39:28;-0,5;0,0;0,0;0,0;50,0;Подготовка;
20251208;20:39:33;-0,5;0,0;0,0;0,0;50,0;Подготовка;
20251208;20:39:38;-0,5;0,0;0,0;0,0;50,0;Подготовка;
20251208;20:39:43;-0,5;0,0;0,0;0,0;50,0;Подготовка;
20251208;20:39:48;-0,5;0,0;0,0;0,0;50,0;Подготовка;
20251208;20:39:53;-0,5;0,0;0,0;0,0;50,0;Подготовка;
20251208;20:39:59;-0,5;0,0;0,0;0,0;50,0;Подготовка;
20251208;20:40:04;-0,5;0,0;0,0;0,0;50,0;Подготовка;
20251208;20:40:09;-0,5;0,0;0,0;0,0;50,0;Подготовка;
20251208;20:40:14;-0,5;0,0;0,0;0,0;50,0;Подготовка;
20251208;20:40:19;-0,5;0,0;0,0;0,0;50,0;Подготовка;
20251208;20:40:24;-0,5;0,0;0,0;0,0;50,0;Подготовка;
20251208;20:40:29;-0,5;0,0;0,0;0,0;50,0;Подготовка;
20251208;20:40:34;-0,5;0,0;0,0;0,0;50,0;Подготовка;
20251208;20:40:39;-0,5;0,0;0,0;0,0;50,0;Подготовка;
20251208;20:40:44;-0,5;0,0;0,0;0,0;50,0;Подготовка;
20251208;20:40:49;-0,5;0,0;0,0;0,0;50,0;Подготовка;
20251208;20:40:54;-0,5;0,0;0,0;0,0;50,0;Подготовка;
20251208;20:40:59;-0,5;0,0;0,0;0,0;50,0;Подготовка;
20251208;20:41:04;-0,5;0,0;0,0;0,0;50,0;Подготовка;
20251208;20:41:09;-0,5;0,0;0,0;0,0;50,0;Подготовка;
20251208;20:41:14;-0,5;0,0;0,0;0,0;50,0;Подготовка;
20251208;20:41:19;-0,5;0,0;0,0;0,0;50,0;Подготовка;
20251208;20:41:24;-0,5;0,0;0,0;0,0;50,0;Подготовка;
20251208;20:41:29;-0,5;0,0;0,0;0,0;50,0;Подготовка;
20251208;20:41:34;-0,5;0,0;0,0;0,0;50,0;Подготовка;
20251208;20:41:39;-0,5;0,0;0,0;0,0;50,0;Подготовка;
20251208;20:41:44;-0,5;0,0;0,0;0,0;50,0;Подготовка;
20251208;20:41:49;-0,5;0,0;0,0;0,0;50,0;Подготовка;
20251208;20:41:54;-0,5;0,0;0,0;0,0;50,0;Подготовка;
20251208;20:41:59;-0,5;0,0;0,0;0,0;50,0;Подготовка;
20251208;20:42:05;-0,5;0,0;0,0;0,0;50,0;Подготовка;
20251208;20:42:10;-0,5;0,0;0,0;0,0;50,0;Подготовка;
20251208;20:42:15;-0,5;0,0;0,0;0,0;50,0;Подготовка;
20251208;20:42:20;-0,5;0,0;0,0;0,0;50,0;Подготовка;
20251208;20:42:25;-0,5;0,0;0,0;0,0;50,0;Подготовка;
20251208;20:42:30;-0,5;0,0;0,0;0,0;50,0;Подготовка;
20251208;20:42:35;-0,5;0,0;0,0;0,0;50,0;Подготовка;
20251208;20:42:40;-0,5;0,0;0,0;0,0;50,0;Подготовка;
20251208;20:42:45;-0,5;0,0;0,0;0,0;50,0;Подготовка;
20251208;20:42:50;-0,5;0,0;0,0;0,0;50,0;Подготовка;
20251208;20:42:55;-0,5;0,0;0,0;0,0;50,0;Подготовка;
20251208;20:43:00;-0,5;0,0;0,0;0,0;50,0;Подготовка;
20251208;20:43:05;-0,5;0,0;0,0;0,0;50,0;Подготовка;
20251208;20:43:10;-0,5;0,0;0,0;0,0;50,0;Подготовка;
20251208;20:43:15;-0,5;0,0;0,0;0,0;50,0;Подготовка;
20251208;20:43:20;-0,5;0,0;0,0;0,0;50,0;Подготовка;
20251208;20:43:25;-0,5;0,0;0,0;0,0;50,0;Подготовка;
20251208;20:43:30;-0,5;0,0;0,0;0,0;50,0;Подготовка;
20251208;20:43:35;-0,5;0,0;0,0;0,0;50,0;Подготовка;
20251208;20:43:40;-0,5;0,0;0,0;0,0;50,0;Подготовка;
20251208;20:43:45;-0,5;0,0;0,0;0,0;50,0;Подготовка;
20251208;20:43:50;-0,5;0,0;0,0;0,0;50,0;Подготовка;
20251208;20:43:55;-0,5;0,0;0,0;0,0;50,0;Подготовка;
20251208;20:44:00;-0,5;0,0;0,0;0,0;50,0;Подготовка;
20251208;20:44:05;-0,5;0,0;0,0;0,0;50,0;Подготовка;
20251208;20:44:11;-0,5;0,0;0,0;0,0;50,0;Подготовка;
20251208;20:44:16;-0,5;0,0;0,0;0,0;50,0;Подготовка;
20251208;20:44:21;-0,5;0,0;0,0;0,0;50,0;Подготовка;
20251208;20:44:26;-0,5;0,0;0,0;0,0;50,0;Подготовка;
20251208;20:44:31;-0,5;0,0;0,0;0,0;50,0;Подготовка;
20251208;20:44:36;-0,5;0,0;0,0;0,0;50,0;Подготовка;
20251208;20:44:41;-0,5;0,0;0,0;0,0;50,0;Подготовка;
20251208;20:44:46;-0,5;0,0;0,0;0,0;50,0;Подготовка;
20251208;20:44:51;-0,5;0,0;0,0;0,0;50,0;Подготовка;
20251208;20:44:56;-0,5;0,0;0,0;0,0;50,0;Подготовка;
20251208;20:45:01;-0,5;0,0;0,0;0,0;50,0;Подготовка;
20251208;20:45:06;-0,5;0,0;0,0;0,0;50,0;Подготовка;
20251208;20:45:11;-0,5;0,0;0,0;0,0;50,0;Подготовка;
20251208;20:45:16;-0,5;0,0;0,0;0,0;50,0;Подготовка;
20251208;20:45:21;-0,5;0,0;0,0;0,0;50,0;Подготовка;
20251208;20:45:26;-0,5;0,0;0,0;0,0;50,0;Подготовка;
20251208;20:45:31;-0,5;0,0;0,0;0,0;50,0;Подготовка;
20251208;20:45:36;-0,5;0,0;0,0;0,0;50,0;Подготовка;
20251208;20:45:41;-0,5;0,0;0,0;0,0;50,0;Подготовка;
20251208;20:45:46;-0,5;0,0;0,0;0,0;50,0;Подготовка;
20251208;20:45:51;-0,5;0,0;0,0;0,0;50,0;Подготовка;
20251208;20:45:56;-0,5;0,0;0,0;0,0;50,0;Подготовка;
20251208;20:46:01;-0,5;0,0;0,0;0,0;50,0;Подготовка;
20251208;20:46:06;-0,5;0,0;0,0;0,0;50,0;Подготовка;
20251208;20:46:11;-0,5;0,0;0,0;0,0;50,0;Подготовка;
20251208;20:46:17;-0,5;0,0;0,0;0,0;50,0;Подготовка;
20251208;20:46:22;-0,5;0,0;0,0;0,0;50,0;Подготовка;
20251208;20:46:27;-0,5;0,0;0,0;0,0;50,0;Подготовка;
20251208;20:46:32;-0,5;0,0;0,0;0,0;50,0;Подготовка;
20251208;20:46:37;-0,5;0,0;0,0;0,0;50,0;Подготовка;
20251208;20:46:42;-0,5;0,0;0,0;0,0;50,0;Подготовка;
20251208;20:46:47;-0,5;0,0;0,0;0,0;50,0;Подготовка;
20251208;20:46:52;-0,5;0,0;0,0;0,0;50,0;Подготовка;
20251208;20:46:57;-0,5;0,0;0,0;0,0;50,0;Подготовка;
20251208;20:47:02;-0,5;0,0;0,0;0,0;50,0;Подготовка;
20251208;20:47:07;-0,5;0,0;0,0;0,0;50,0;Подготовка;
20251208;20:47:12;-0,5;0,0;0,0;0,0;50,0;Подготовка;
20251208;20:47:17;-0,5;0,0;0,0;0,0;50,0;Подготовка;
20251208;20:47:22;-0,5;0,0;0,0;0,0;50,0;Подготовка;
20251208;20:47:27;-0,5;0,0;0,0;0,0;50,0;Подготовка;
20251208;20:47:32;-0,5;0,0;0,0;0,0;50,0;Подготовка;
20251208;20:47:37;-0,5;0,0;0,0;0,0;50,0;Подготовка;
20251208;20:47:42;-0,5;0,0;0,0;0,0;50,0;Подготовка;
20251208;20:47:47;-0,5;0,0;0,0;0,0;50,0;Подготовка;
20251208;20:47:52;-0,5;0,0;0,0;0,0;50,0;Подготовка;
20251208;20:47:57;-0,5;0,0;0,0;0,0;50,0;Подготовка;
20251208;20:48:02;-0,5;0,0;0,0;0,0;50,0;Подготовка;
20251208;20:48:07;-0,5;0,0;0,0;0,0;50,0;Подготовка;
20251208;20:48:12;-0,5;0,0;0,0;0,0;50,0;Подготовка;
20251208;20:48:17;-0,5;0,0;0,0;0,0;50,0;Подготовка;
20251208;20:48:23;-0,5;0,0;0,0;0,0;50,0;Подготовка;
20251208;20:48:28;-0,5;0,0;0,0;0,0;50,0;Подготовка;
20251208;20:48:33;-0,5;0,0;0,0;0,0;50,0;Подготовка;
20251208;20:48:38;-0,5;0,0;0,0;0,0;50,0;Подготовка;
20251208;20:48:43;-0,5;0,0;0,0;0,0;50,0;Подготовка;
20251208;20:48:48;-0,5;0,0;0,0;0,0;50,0;Подготовка;
20251208;20:48:53;-0,5;0,0;0,0;0,0;50,0;Подготовка;
20251208;20:48:58;-0,5;0,0;0,0;0,0;50,0;Подготовка;
20251208;20:49:03;-0,5;0,0;0,0;0,0;50,0;Подготовка;
20251208;20:49:08;-0,5;0,0;0,0;0,0;50,0;Подготовка;
20251208;20:49:13;-0,5;0,0;0,0;0,0;50,0;Подготовка;
20251208;20:49:18;-0,5;0,0;0,0;0,0;50,0;Подготовка;
20251208;20:49:23;-0,5;0,0;0,0;0,0;50,0;Подготовка;
20251208;20:49:28;-0,5;0,0;0,0;0,0;50,0;Подготовка;
20251208;20:49:33;-0,5;0,0;0,0;0,0;50,0;Подготовка;
20251208;20:49:38;-0,5;0,0;0,0;0,0;50,0;Подготовка;
20251208;20:49:43;-0,5;0,0;0,0;0,0;50,0;Подготовка;
20251208;20:49:48;-0,5;0,0;0,0;0,0;50,0;Подготовка;
20251208;20:49:53;-0,5;0,0;0,0;0,0;50,0;Подготовка;
20251208;20:49:58;-0,5;0,0;0,0;0,0;50,0;Подготовка;
20251208;20:50:03;-0,5;0,0;0,0;0,0;50,0;Подготовка;
20251208;20:50:08;-0,5;0,0;0,0;0,0;50,0;Подготовка;
20251208;20:50:13;-0,5;0,0;0,0;0,0;50,0;Подготовка;
20251208;20:50:18;-0,5;0,0;0,0;0,0;50,0;Подготовка;
20251208;20:50:23;-0,5;0,0;0,0;0,0;50,0;Подготовка;
20251208;20:50:29;-0,5;0,0;0,0;0,0;50,0;Подготовка;
20251208;20:50:34;-0,5;0,0;0,0;0,0;50,0;Подготовка;
20251208;20:50:39;-0,5;0,0;0,0;0,0;50,0;Подготовка;
20251208;20:50:44;-0,5;0,0;0,0;0,0;50,0;Подготовка;
20251208;20:50:49;-0,5;0,0;0,0;0,0;50,0;Подготовка;
20251208;20:50:54;-0,5;0,0;0,0;0,0;50,0;Подготовка;
20251208;20:50:59;-0,5;0,0;0,0;0,0;50,0;Подготовка;
20251208;20:51:04;-0,5;0,0;0,0;0,0;50,0;Подготовка;
20251208;20:51:09;-0,5;0,0;0,0;0,0;50,0;Подготовка;
20251208;20:51:14;-0,5;0,0;0,0;0,0;50,0;Подготовка;
20251208;20:51:19;-0,5;0,0;0,0;0,0;50,0;Подготовка;
20251208;20:51:24;-0,5;0,0;0,0;0,0;50,0;Подготовка;
20251208;20:51:29;-0,5;0,0;0,0;0,0;50,0;Подготовка;
20251208;20:51:34;-0,5;0,0;0,0;0,0;50,0;Подготовка;
20251208;20:51:39;-0,5;0,0;0,0;0,0;50,0;Подготовка;
20251208;20:51:44;-0,5;0,0;0,0;0,0;50,0;Подготовка;
20251208;20:51:49;-0,5;0,0;0,0;0,0;50,0;Подготовка;
20251208;20:51:54;-0,5;0,0;0,0;0,0;50,0;Подготовка;
20251208;20:51:59;-0,5;0,0;0,0;0,0;50,0;Подготовка;
20251208;20:52:04;-0,5;0,0;0,0;0,0;50,0;Подготовка;
20251208;20:52:09;-0,5;0,0;0,0;0,0;50,0;Подготовка;
20251208;20:52:14;-0,5;0,0;0,0;0,0;50,0;Подготовка;
20251208;20:52:19;-0,5;0,0;0,0;0,0;50,0;Подготовка;
20251208;20:52:24;-0,5;0,0;0,0;0,0;50,0;Подготовка;
20251208;20:52:29;-0,5;0,0;0,0;0,0;50,0;Подготовка;
20251208;20:52:35;-0,5;0,0;0,0;0,0;50,0;Подготовка;
20251208;20:52:40;-0,5;0,0;0,0;0,0;50,0;Подготовка;
20251208;20:52:45;-0,5;0,0;0,0;0,0;50,0;Подготовка;
20251208;20:52:50;-0,5;0,0;0,0;0,0;50,0;Подготовка;
20251208;20:52:55;-0,5;0,0;0,0;0,0;50,0;Подготовка;
20251208;20:53:00;-0,5;0,0;0,0;0,0;50,0;Подготовка;
20251208;20:53:05;-0,5;0,0;0,0;0,0;50,0;Подготовка;
20251208;20:53:10;-0,5;0,0;0,0;0,0;50,0;Подготовка;
20251208;20:53:15;-0,5;0,0;0,0;0,0;50,0;Подготовка;
20251208;20:53:20;-0,5;0,0;0,0;0,0;50,0;Подготовка;
20251208;20:53:25;-0,5;0,0;0,0;0,0;50,0;Подготовка;
20251208;20:53:30;-0,5;0,0;0,0;0,0;50,0;Подготовка;
20251208;20:53:35;-0,5;0,0;0,0;0,0;50,0;Подготовка;
20251208;20:53:40;-0,5;0,0;0,0;0,0;50,0;Подготовка;
20251208;20:53:45;-0,5;0,0;0,0;0,0;50,0;Подготовка;
20251208;20:53:50;-0,5;0,0;0,0;0,0;50,0;Подготовка;
20251208;20:53:55;-0,5;0,0;0,0;0,0;50,0;Подготовка;
20251208;20:54:00;-0,5;0,0;0,0;0,0;50,0;Подготовка;
20251208;20:54:05;-0,5;0,0;0,0;0,0;50,0;Подготовка;
20251208;20:54:10;-0,5;0,0;0,0;0,0;50,0;Подготовка;
20251208;20:54:15;-0,5;0,0;0,0;0,0;50,0;Подготовка;
20251208;20:54:20;-0,5;0,0;0,0;0,0;50,0;Подготовка;
20251208;20:54:25;-0,5;0,0;0,0;0,0;50,0;Подготовка;
20251208;20:54:30;-0,5;0,0;0,0;0,0;50,0;Подготовка;
20251208;20:54:35;-0,5;0,0;0,0;0,0;50,0;Подготовка;
20251208;20:54:41;-0,5;0,0;0,0;0,0;50,0;Подготовка;
20251208;20:54:46;-0,5;0,0;0,0;0,0;50,0;Подготовка;
20251208;20:54:51;-0,5;0,0;0,0;0,0;50,0;Подготовка;
20251208;20:54:56;-0,5;0,0;0,0;0,0;50,0;Подготовка;
20251208;20:55:01;-0,5;0,0;0,0;0,0;50,0;Подготовка;
20251208;20:55:06;-0,5;0,0;0,0;0,0;50,0;Подготовка;
20251208;20:55:11;-0,5;0,0;0,0;0,0;50,0;Подготовка;
20251208;20:55:16;-0,5;0,0;0,0;0,0;50,0;Подготовка;
20251208;20:55:21;-0,5;0,0;0,0;0,0;50,0;Подготовка;
20251208;20:55:26;-0,5;0,0;0,0;0,0;50,0;Подготовка;
20251208;20:55:31;-0,5;0,0;0,0;0,0;50,0;Подготовка;
20251208;20:55:36;-0,5;0,0;0,0;0,0;50,0;Подготовка;
20251208;20:55:41;-0,5;0,0;0,0;0,0;50,0;Подготовка;
20251208;20:55:46;-0,5;0,0;0,0;0,0;50,0;Подготовка;
20251208;20:55:51;-0,5;0,0;0,0;0,0;50,0;Подготовка;
20251208;20:55:56;-0,5;0,0;0,0;0,0;50,0;Подготовка;
20251208;20:56:01;-0,5;0,0;0,0;0,0;50,0;Подготовка;
20251208;20:56:06;-0,5;0,0;0,0;0,0;50,0;Подготовка;
20251208;20:56:11;-0,5;0,0;0,0;0,0;50,0;Подготовка;
20251208;20:56:16;-0,5;0,0;0,0;0,0;50,0;Подготовка;
20251208;20:56:21;-0,5;0,0;0,0;0,0;50,0;Подготовка;
20251208;20:56:26;-0,5;0,0;0,0;0,0;50,0;Подготовка;
20251208;20:56:31;-0,5;0,0;0,0;0,0;50,0;Подготовка;
20251208;20:56:36;-0,5;0,0;0,0;0,0;50,0;Подготовка;
20251208;20:56:41;-0,5;0,0;0,0;0,0;50,0;Подготовка;
20251208;20:56:47;-0,5;0,0;0,0;0,0;50,0;Подготовка;
20251208;20:56:52;-0,5;0,0;0,0;0,0;50,0;Подготовка;
20251208;20:56:57;-0,5;0,0;0,0;0,0;50,0;Подготовка;
20251208;20:57:02;-0,5;0,0;0,0;0,0;50,0;Подготовка;
20251208;20:57:07;-0,5;0,0;0,0;0,0;50,0;Подготовка;
20251208;20:57:12;-0,5;0,0;0,0;0,0;50,0;Подготовка;
20251208;20:57:17;-0,5;0,0;0,0;0,0;50,0;Подготовка;
20251208;20:57:22;-0,5;0,0;0,0;0,0;50,0;Подготовка;
20251208;20:57:27;-0,5;0,0;0,0;0,0;50,0;Подготовка;
20251208;20:57:32;-0,5;0,0;0,0;0,0;50,0;Подготовка;
20251208;20:57:37;-0,5;0,0;0,0;0,0;50,0;Подготовка;
20251208;20:57:42;-0,5;0,0;0,0;0,0;50,0;Подготовка;
20251208;20:57:47;-0,5;0,0;0,0;0,0;50,0;Подготовка;
20251208;20:57:52;-0,5;0,0;0,0;0,0;50,0;Подготовка;
20251208;20:57:57;-0,5;0,0;0,0;0,0;50,0;Подготовка;
20251208;20:58:02;-0,5;0,0;0,0;0,0;50,0;Подготовка;
20251208;20:58:07;-0,5;0,0;0,0;0,0;50,0;Подготовка;
20251208;20:58:12;-0,5;0,0;0,0;0,0;50,0;Подготовка;
20251208;20:58:17;-0,5;0,0;0,0;0,0;50,0;Подготовка;
20251208;20:58:22;-0,5;0,0;0,0;0,0;50,0;Подготовка;
20251208;20:58:27;-0,5;0,0;0,0;0,0;50,0;Подготовка;
20251208;20:58:32;-0,5;0,0;0,0;0,0;50,0;Подготовка;
20251208;20:58:37;-0,5;0,0;0,0;0,0;50,0;Подготовка;
20251208;20:58:42;-0,5;0,0;0,0;0,0;50,0;Подготовка;
20251208;20:58:47;-0,5;0,0;0,0;0,0;50,0;Подготовка;
20251208;20:58:53;-0,5;0,0;0,0;0,0;50,0;Подготовка;
20251208;20:58:58;-0,5;0,0;0,0;0,0;50,0;Подготовка;
20251208;20:59:03;-0,5;0,0;0,0;0,0;50,0;Подготовка;
20251208;20:59:08;-0,5;0,0;0,0;0,0;50,0;Подготовка;
20251208;20:59:13;-0,5;0,0;0,0;0,0;50,0;Подготовка;
20251208;20:59:18;-0,5;0,0;0,0;0,0;50,0;Подготовка;
20251208;20:59:23;-0,5;0,0;0,0;0,0;50,0;Подготовка;
20251208;20:59:28;-0,5;0,0;0,0;0,0;50,0;Подготовка;
20251208;20:59:33;-0,5;0,0;0,0;0,0;50,0;Подготовка;
20251208;20:59:38;-0,5;0,0;0,0;0,0;50,0;Подготовка;
20251208;20:59:43;-0,5;0,0;0,0;0,0;50,0;Подготовка;
20251208;20:59:48;-0,5;0,0;0,0;0,0;50,0;Подготовка;
20251208;20:59:53;-0,5;0,0;0,0;0,0;50,0;Подготовка;
20251208;20:59:58;-0,5;0,0;0,0;0,0;50,0;Подготовка;
20251208;21:00:03;-0,5;0,0;0,0;0,0;50,0;Подготовка;
20251208;21:00:08;-0,5;0,0;0,0;0,0;50,0;Подготовка;
20251208;21:00:13;-0,5;0,0;0,0;0,0;50,0;Подготовка;
20251208;21:00:18;-0,5;0,0;0,0;0,0;50,0;Подготовка;
20251208;21:00:23;-0,5;0,0;0,0;0,0;50,0;Подготовка;
20251208;21:00:28;-0,5;0,0;0,0;0,0;50,0;Подготовка;
20251208;21:00:33;-0,5;0,0;0,0;0,0;50,0;Подготовка;
20251208;21:00:38;-0,5;0,0;0,0;0,0;50,0;Подготовка;
20251208;21:00:43;-0,5;0,0;0,0;0,0;50,0;Подготовка;
20251208;21:00:48;-0,5;0,0;0,0;0,0;50,0;Подготовка;
20251208;21:00:53;-0,5;0,0;0,0;0,0;50,0;Подготовка;
20251208;21:00:59;-0,5;0,0;0,0;0,0;50,0;Подготовка;
20251208;21:01:04;-0,5;0,0;0,0;0,0;50,0;Подготовка;
20251208;21:01:09;-0,5;0,0;0,0;0,0;50,0;Подготовка;
20251208;21:01:14;-0,5;0,0;0,0;0,0;50,0;Подготовка;
20251208;21:01:19;-0,5;0,0;0,0;0,0;50,0;Подготовка;
20251208;21:01:24;-0,5;0,0;0,0;0,0;50,0;Подготовка;
20251208;21:01:29;-0,5;0,0;0,0;0,0;50,0;Подготовка;
20251208;21:01:34;-0,5;0,0;0,0;0,0;50,0;Подготовка;
20251208;21:01:39;-0,5;0,0;0,0;0,0;50,0;Подготовка;
20251208;21:01:44;-0,5;0,0;0,0;0,0;50,0;Подготовка;
20251208;21:01:49;-0,5;0,0;0,0;0,0;50,0;Подготовка;
20251208;21:01:54;-0,5;0,0;0,0;0,0;50,0;Подготовка;
20251208;21:01:59;-0,5;0,0;0,0;0,0;50,0;Подготовка;
20251208;21:02:04;-0,5;0,0;0,0;0,0;50,0;Подготовка;
20251208;21:02:09;-0,5;0,0;0,0;0,0;50,0;Подготовка;
20251208;21:02:14;-0,5;0,0;0,0;0,0;50,0;Подготовка;
20251208;21:02:19;-0,5;0,0;0,0;0,0;50,0;Подготовка;
20251208;21:02:24;-0,5;0,0;0,0;0,0;50,0;Подготовка;
20251208;21:02:29;-0,5;0,0;0,0;0,0;50,0;Подготовка;
20251208;21:02:34;-0,5;0,0;0,0;0,0;50,0;Подготовка;
20251208;21:02:39;-0,5;0,0;0,0;0,0;50,0;Подготовка;
20251208;21:02:44;-0,5;0,0;0,0;0,0;50,0;Подготовка;
20251208;21:02:49;-0,5;0,0;0,0;0,0;50,0;Подготовка;
20251208;21:02:54;-0,5;0,0;0,0;0,0;50,0;Подготовка;
20251208;21:02:59;-0,5;0,0;0,0;0,0;50,0;Подготовка;
20251208;21:03:05;-0,5;0,0;0,0;0,0;50,0;Подготовка;
20251208;21:03:10;-0,5;0,0;0,0;0,0;50,0;Подготовка;
20251208;21:03:15;-0,5;0,0;0,0;0,0;50,0;Подготовка;
20251208;21:03:20;-0,5;0,0;0,0;0,0;50,0;Подготовка;
20251208;21:03:25;-0,5;0,0;0,0;0,0;50,0;Подготовка;
20251208;21:03:30;-0,5;0,0;0,0;0,0;50,0;Подготовка;
20251208;21:03:35;-0,5;0,0;0,0;0,0;50,0;Подготовка;
20251208;21:03:40;-0,5;0,0;0,0;0,0;50,0;Подготовка;
20251208;21:03:45;-0,5;0,0;0,0;0,0;50,0;Подготовка;
20251208;21:03:50;-0,5;0,0;0,0;0,0;50,0;Подготовка;
20251208;21:03:55;-0,5;0,0;0,0;0,0;50,0;Подготовка;
20251208;21:04:00;-0,5;0,0;0,0;0,0;50,0;Подготовка;
20251208;21:04:05;-0,5;0,0;0,0;0,0;50,0;Подготовка;
20251208;21:04:10;-0,5;0,0;0,0;0,0;50,0;Подготовка;
20251208;21:04:15;-0,5;0,0;0,0;0,0;50,0;Подготовка;
20251208;21:04:20;-0,5;0,0;0,0;0,0;50,0;Подготовка;
20251208;21:04:25;-0,5;0,0;0,0;0,0;50,0;Подготовка;
20251208;21:04:30;-0,5;0,0;0,0;0,0;50,0;Подготовка;
20251208;21:04:35;-0,5;0,0;0,0;0,0;50,0;Подготовка;
20251208;21:04:40;-0,5;0,0;0,0;0,0;50,0;Подготовка;
20251208;21:04:45;-0,5;0,0;0,0;0,0;50,0;Подготовка;
20251208;21:04:50;-0,5;0,0;0,0;0,0;50,0;Подготовка;
20251208;21:04:55;-0,5;0,0;0,0;0,0;50,0;Подготовка;
20251208;21:05:00;-0,5;0,0;0,0;0,0;50,0;Подготовка;
20251208;21:05:05;-0,5;0,0;0,0;0,0;50,0;Подготовка;
20251208;21:05:11;-0,5;0,0;0,0;0,0;50,0;Подготовка;
20251208;21:05:16;-0,5;0,0;0,0;0,0;50,0;Подготовка;
20251208;21:05:21;-0,5;0,0;0,0;0,0;50,0;Подготовка;
20251208;21:05:26;-0,5;0,0;0,0;0,0;50,0;Подготовка;
20251208;21:05:31;-0,5;0,0;0,0;0,0;50,0;Подготовка;
20251208;21:05:36;-0,5;0,0;0,0;0,0;50,0;Подготовка;
20251208;21:05:41;-0,5;0,0;0,0;0,0;50,0;Подготовка;
20251208;21:05:46;-0,5;0,0;0,0;0,0;50,0;Подготовка;
20251208;21:05:51;-0,5;0,0;0,0;0,0;50,0;Подготовка;
20251208;21:05:56;-0,5;0,0;0,0;0,0;50,0;Подготовка;
20251208;21:06:01;-0,5;0,0;0,0;0,0;50,0;Подготовка;
20251208;21:06:06;-0,5;0,0;0,0;0,0;50,0;Подготовка;
20251208;21:06:11;-0,5;0,0;0,0;0,0;50,0;Подготовка;
20251208;21:06:16;-0,5;0,0;0,0;0,0;50,0;Подготовка;
20251208;21:06:21;-0,5;0,0;0,0;0,0;50,0;Подготовка;
20251208;21:06:26;-0,5;0,0;0,0;0,0;50,0;Подготовка;
20251208;21:06:31;-0,5;0,0;0,0;0,0;50,0;Подготовка;
20251208;21:06:36;-0,5;0,0;0,0;0,0;50,0;Подготовка;
20251208;21:06:41;-0,5;0,0;0,0;0,0;50,0;Подготовка;
20251208;21:06:46;-0,5;0,0;0,0;0,0;50,0;Подготовка;
20251208;21:06:51;-0,5;0,0;0,0;0,0;50,0;Подготовка;
20251208;21:06:56;-0,5;0,0;0,0;0,0;50,0;Подготовка;
20251208;21:07:01;-0,5;0,0;0,0;0,0;50,0;Подготовка;
20251208;21:07:06;-0,5;0,0;0,0;0,0;50,0;Подготовка;
20251208;21:07:11;-0,5;0,0;0,0;0,0;50,0;Подготовка;
20251208;21:07:17;-0,5;0,0;0,0;0,0;50,0;Подготовка;
20251208;21:07:22;-0,5;0,0;0,0;0,0;50,0;Подготовка;
20251208;21:07:27;-0,5;0,0;0,0;0,0;50,0;Подготовка;
20251208;21:07:32;-0,5;0,0;0,0;0,0;50,0;Подготовка;
20251208;21:07:37;-0,5;0,0;0,0;0,0;50,0;Подготовка;
20251208;21:07:42;-0,5;0,0;0,0;0,0;50,0;Подготовка;
20251208;21:07:47;-0,5;0,0;0,0;0,0;50,0;Подготовка;
20251208;21:07:52;-0,5;0,0;0,0;0,0;50,0;Подготовка;
20251208;21:07:57;-0,5;0,0;0,0;0,0;50,0;Подготовка;
20251208;21:08:02;-0,5;0,0;0,0;0,0;50,0;Подготовка;
20251208;21:08:07;-0,5;0,0;0,0;0,0;50,0;Подготовка;
20251208;21:08:12;-0,5;0,0;0,0;0,0;50,0;Подготовка;
20251208;21:08:17;-0,5;0,0;0,0;0,0;50,0;Подготовка;
20251208;21:08:22;-0,5;0,0;0,0;0,0;50,0;Подготовка;
20251208;21:08:27;-0,5;0,0;0,0;0,0;50,0;Подготовка;
20251208;21:08:32;-0,5;0,0;0,0;0,0;50,0;Подготовка;
20251208;21:08:37;-0,5;0,0;0,0;0,0;50,0;Подготовка;
20251208;21:08:42;-0,5;0,0;0,0;0,0;50,0;Подготовка;
20251208;21:08:47;-0,5;0,0;0,0;0,0;50,0;Подготовка;
20251208;21:08:52;-0,5;0,0;0,0;0,0;50,0;Подготовка;
20251208;21:08:57;-0,5;0,0;0,0;0,0;50,0;Подготовка;
20251208;21:09:02;-0,5;0,0;0,0;0,0;50,0;Подготовка;
20251208;21:09:07;-0,5;0,0;0,0;0,0;50,0;Подготовка;
20251208;21:09:12;-0,5;0,0;0,0;0,0;50,0;Подготовка;
20251208;21:09:17;-0,5;0,0;0,0;0,0;50,0;Подготовка;
20251208;21:09:23;-0,5;0,0;0,0;0,0;50,0;Подготовка;
20251208;21:09:28;-0,5;0,0;0,0;0,0;50,0;Подготовка;
20251208;21:09:33;-0,5;0,0;0,0;0,0;50,0;Подготовка;
20251208;21:09:38;-0,5;0,0;0,0;0,0;50,0;Подготовка;
20251208;21:09:43;-0,5;0,0;0,0;0,0;50,0;Подготовка;
20251208;21:09:48;-0,5;0,0;0,0;0,0;50,0;Подготовка;
20251208;21:09:53;-0,5;0,0;0,0;0,0;50,0;Подготовка;
20251208;21:09:58;-0,5;0,0;0,0;0,0;50,0;Подготовка;
20251208;21:10:03;-0,5;0,0;0,0;0,0;50,0;Подготовка;
20251208;21:10:08;-0,5;0,0;0,0;0,0;50,0;Подготовка;
20251208;21:10:13;-0,5;0,0;0,0;0,0;50,0;Подготовка;
20251208;21:10:18;-0,5;0,0;0,0;0,0;50,0;Подготовка;
20251208;21:10:23;-0,5;0,0;0,0;0,0;50,0;Подготовка;
20251208;21:10:28;-0,5;0,0;0,0;0,0;50,0;Подготовка;
20251208;21:10:33;-0,5;0,0;0,0;0,0;50,0;Подготовка;
20251208;21:10:38;-0,5;0,0;0,0;0,0;50,0;Подготовка;
20251208;21:10:43;-0,5;0,0;0,0;0,0;50,0;Подготовка;
20251208;21:10:48;-0,5;0,0;0,0;0,0;50,0;Подготовка;
20251208;21:10:53;-0,5;0,0;0,0;0,0;50,0;Подготовка;
20251208;21:10:58;-0,5;0,0;0,0;0,0;50,0;Подготовка;
20251208;21:11:03;-0,5;0,0;0,0;0,0;50,0;Подготовка;
20251208;21:11:08;-0,5;0,0;0,0;0,0;50,0;Подготовка;
20251208;21:11:13;-0,5;0,0;0,0;0,0;50,0;Подготовка;
20251208;21:11:18;-0,5;0,0;0,0;0,0;50,0;Подготовка;
20251208;21:11:23;-0,5;0,0;0,0;0,0;50,0;Подготовка;
20251208;21:11:29;-0,5;0,0;0,0;0,0;50,0;Подготовка;
20251208;21:11:34;-0,5;0,0;0,0;0,0;50,0;Подготовка;
20251208;21:11:39;-0,5;0,0;0,0;0,0;50,0;Подготовка;
20251208;21:11:44;-0,5;0,0;0,0;0,0;50,0;Подготовка;
20251208;21:11:49;-0,5;0,0;0,0;0,0;50,0;Подготовка;
20251208;21:11:54;-0,5;0,0;0,0;0,0;50,0;Подготовка;
20251208;21:11:59;-0,5;0,0;0,0;0,0;50,0;Подготовка;
20251208;21:12:04;-0,5;0,0;0,0;0,0;50,0;Подготовка;
20251208;21:12:09;-0,5;0,0;0,0;0,0;50,0;Подготовка;
20251208;21:12:14;-0,5;0,0;0,0;0,0;50,0;Подготовка;
20251208;21:12:19;-0,5;0,0;0,0;0,0;50,0;Подготовка;
20251208;21:12:24;-0,5;0,0;0,0;0,0;50,0;Подготовка;
20251208;21:12:29;-0,5;0,0;0,0;0,0;50,0;Подготовка;
20251208;21:12:34;-0,5;0,0;0,0;0,0;50,0;Подготовка;
20251208;21:12:39;-0,5;0,0;0,0;0,0;50,0;Подготовка;
20251208;21:12:44;-0,5;0,0;0,0;0,0;50,0;Подготовка;
20251208;21:12:49;-0,5;0,0;0,0;0,0;50,0;Подготовка;
20251208;21:12:54;-0,5;0,0;0,0;0,0;50,0;Подготовка;
20251208;21:12:59;-0,5;0,0;0,0;0,0;50,0;Подготовка;
20251208;21:13:04;-0,5;0,0;0,0;0,0;50,0;Подготовка;
20251208;21:13:09;-0,5;0,0;0,0;0,0;50,0;Подготовка;
20251208;21:13:14;-0,5;0,0;0,0;0,0;50,0;Подготовка;
20251208;21:13:19;-0,5;0,0;0,0;0,0;50,0;Подготовка;
20251208;21:13:24;-0,5;0,0;0,0;0,0;50,0;Подготовка;
20251208;21:13:29;-0,5;0,0;0,0;0,0;50,0;Подготовка;
20251208;21:13:35;-0,5;0,0;0,0;0,0;50,0;Подготовка;
20251208;21:13:40;-0,5;0,0;0,0;0,0;50,0;Подготовка;
20251208;21:13:45;-0,5;0,0;0,0;0,0;50,0;Подготовка;
20251208;21:13:50;-0,5;0,0;0,0;0,0;50,0;Подготовка;
20251208;21:13:55;-0,5;0,0;0,0;0,0;50,0;Подготовка;
20251208;21:14:00;-0,5;0,0;0,0;0,0;50,0;Подготовка;
20251208;21:14:05;-0,5;0,0;0,0;0,0;50,0;Подготовка;
20251208;21:14:10;-0,5;0,0;0,0;0,0;50,0;Подготовка;
20251208;21:14:15;-0,5;0,0;0,0;0,0;50,0;Подготовка;
20251208;21:14:20;-0,5;0,0;0,0;0,0;50,0;Подготовка;
20251208;21:14:25;-0,5;0,0;0,0;0,0;50,0;Подготовка;
20251208;21:14:30;-0,5;0,0;0,0;0,0;50,0;Подготовка;
20251208;21:14:35;-0,5;0,0;0,0;0,0;50,0;Подготовка;
20251208;21:14:40;-0,5;0,0;0,0;0,0;50,0;Подготовка;
20251208;21:14:45;-0,5;0,0;0,0;0,0;50,0;Подготовка;
20251208;21:14:50;-0,5;0,0;0,0;0,0;50,0;Подготовка;
20251208;21:14:55;-0,5;0,0;0,0;0,0;50,0;Подготовка;
20251208;21:15:00;-0,5;0,0;0,0;0,0;50,0;Подготовка;
20251208;21:15:05;-0,5;0,0;0,0;0,0;50,0;Подготовка;
20251208;21:15:10;-0,5;0,0;0,0;0,0;50,0;Подготовка;
20251208;21:15:15;-0,5;0,0;0,0;0,0;50,0;Подготовка;
20251208;21:15:20;-0,5;0,0;0,0;0,0;50,0;Подготовка;
20251208;21:15:25;-0,5;0,0;0,0;0,0;50,0;Подготовка;
20251208;21:15:30;-0,5;0,0;0,0;0,0;50,0;Подготовка;
20251208;21:15:35;-0,5;0,0;0,0;0,0;50,0;Подготовка;
20251208;21:15:41;-0,5;0,0;0,0;0,0;50,0;Подготовка;
20251208;21:15:46;-0,5;0,0;0,0;0,0;50,0;Подготовка;
20251208;21:15:51;-0,5;0,0;0,0;0,0;50,0;Подготовка;
20251208;21:15:56;-0,5;0,0;0,0;0,0;50,0;Подготовка;
20251208;21:16:01;-0,5;0,0;0,0;0,0;50,0;Подготовка;
20251208;21:16:06;-0,5;0,0;0,0;0,0;50,0;Подготовка;
20251208;21:16:11;-0,5;0,0;0,0;0,0;50,0;Подготовка;
20251208;21:16:16;-0,5;0,0;0,0;0,0;50,0;Подготовка;
20251208;21:16:21;-0,5;0,0;0,0;0,0;50,0;Подготовка;
20251208;21:16:26;-0,5;0,0;0,0;0,0;50,0;Подготовка;
20251208;21:16:31;-0,5;0,0;0,0;0,0;50,0;Подготовка;
20251208;21:16:36;-0,5;0,0;0,0;0,0;50,0;Подготовка;
20251208;21:16:41;-0,5;0,0;0,0;0,0;50,0;Подготовка;
20251208;21:16:46;-0,5;0,0;0,0;0,0;50,0;Подготовка;
20251208;21:16:51;-0,5;0,0;0,0;0,0;50,0;Подготовка;
20251208;21:16:56;-0,5;0,0;0,0;0,0;50,0;Подготовка;
20251208;21:17:01;-0,5;0,0;0,0;0,0;50,0;Подготовка;
20251208;21:17:06;-0,5;0,0;0,0;0,0;50,0;Подготовка;
20251208;21:17:11;-0,5;0,0;0,0;0,0;50,0;Подготовка;
20251208;21:17:16;-0,5;0,0;0,0;0,0;50,0;Подготовка;
20251208;21:17:21;-0,5;0,0;0,0;0,0;50,0;Подготовка;
20251208;21:17:26;-0,5;0,0;0,0;0,0;50,0;Подготовка;
20251208;21:17:31;-0,5;0,0;0,0;0,0;50,0;Подготовка;
20251208;21:17:36;-0,5;0,0;0,0;0,0;50,0;Подготовка;
20251208;21:17:41;-0,5;0,0;0,0;0,0;50,0;Подготовка;
20251208;21:17:47;-0,5;0,0;0,0;0,0;50,0;Подготовка;
20251208;21:17:52;-0,5;0,0;0,0;0,0;50,0;Подготовка;
20251208;21:17:57;-0,5;0,0;0,0;0,0;50,0;Подготовка;
20251208;21:18:02;-0,5;0,0;0,0;0,0;50,0;Подготовка;
20251208;21:18:07;-0,5;0,0;0,0;0,0;50,0;Подготовка;
20251208;21:18:12;-0,5;0,0;0,0;0,0;50,0;Подготовка;
20251208;21:18:17;-0,5;0,0;0,0;0,0;50,0;Подготовка;
20251208;21:18:22;-0,5;0,0;0,0;0,0;50,0;Подготовка;
20251208;21:18:27;-0,5;0,0;0,0;0,0;50,0;Подготовка;
20251208;21:18:32;-0,5;0,0;0,0;0,0;50,0;Подготовка;
20251208;21:18:37;-0,5;0,0;0,0;0,0;50,0;Подготовка;
20251208;21:18:42;-0,5;0,0;0,0;0,0;50,0;Подготовка;
20251208;21:18:47;-0,5;0,0;0,0;0,0;50,0;Подготовка;
20251208;21:18:52;-0,5;0,0;0,0;0,0;50,0;Подготовка;
20251208;21:18:57;-0,5;0,0;0,0;0,0;50,0;Подготовка;
20251208;21:19:02;-0,5;0,0;0,0;0,0;50,0;Подготовка;
20251208;21:19:07;-0,5;0,0;0,0;0,0;50,0;Подготовка;
20251208;21:19:12;-0,5;0,0;0,0;0,0;50,0;Подготовка;
20251208;21:19:17;-0,5;0,0;0,0;0,0;50,0;Подготовка;
20251208;21:19:22;-0,5;0,0;0,0;0,0;50,0;Подготовка;
20251208;21:19:27;-0,5;0,0;0,0;0,0;50,0;Подготовка;
20251208;21:19:32;-0,5;0,0;0,0;0,0;50,0;Подготовка;
20251208;21:19:37;-0,5;0,0;0,0;0,0;50,0;Подготовка;
20251208;21:19:42;-0,5;0,0;0,0;0,0;50,0;Подготовка;
20251208;21:19:47;-0,5;0,0;0,0;0,0;50,0;Подготовка;
20251208;21:19:53;-0,5;0,0;0,0;0,0;50,0;Подготовка;
20251208;21:19:58;-0,5;0,0;0,0;0,0;50,0;Подготовка;
20251208;21:20:03;-0,5;0,0;0,0;0,0;50,0;Подготовка;
20251208;21:20:08;-0,5;0,0;0,0;0,0;50,0;Подготовка;
20251208;21:20:13;-0,5;0,0;0,0;0,0;50,0;Подготовка;
20251208;21:20:18;-0,5;0,0;0,0;0,0;50,0;Подготовка;
20251208;21:20:23;-0,5;0,0;0,0;0,0;50,0;Подготовка;
20251208;21:20:28;-0,5;0,0;0,0;0,0;50,0;Подготовка;
20251208;21:20:33;-0,5;0,0;0,0;0,0;50,0;Подготовка;
20251208;21:20:38;-0,5;0,0;0,0;0,0;50,0;Подготовка;
20251208;21:20:43;-0,5;0,0;0,0;0,0;50,0;Подготовка;
20251208;21:20:48;-0,5;0,0;0,0;0,0;50,0;Подготовка;
20251208;21:20:53;-0,5;0,0;0,0;0,0;50,0;Подготовка;
20251208;21:20:58;-0,5;0,0;0,0;0,0;50,0;Подготовка;
20251208;21:21:03;-0,5;0,0;0,0;0,0;50,0;Подготовка;
20251208;21:21:08;-0,5;0,0;0,0;0,0;50,0;Подготовка;
20251208;21:21:13;-0,5;0,0;0,0;0,0;50,0;Подготовка;
20251208;21:21:18;-0,5;0,0;0,0;0,0;50,0;Подготовка;
20251208;21:21:23;-0,5;0,0;0,0;0,0;50,0;Подготовка;
20251208;21:21:28;-0,5;0,0;0,0;0,0;50,0;Подготовка;
20251208;21:21:33;-0,5;0,0;0,0;0,0;50,0;Подготовка;
20251208;21:21:38;-0,5;0,0;0,0;0,0;50,0;Подготовка;
20251208;21:21:43;-0,5;0,0;0,0;0,0;50,0;Подготовка;
20251208;21:21:48;-0,5;0,0;0,0;0,0;50,0;Подготовка;
20251208;21:21:53;-0,5;0,0;0,0;0,0;50,0;Подготовка;
20251208;21:21:59;-0,5;0,0;0,0;0,0;50,0;Подготовка;
20251208;21:22:04;-0,5;0,0;0,0;0,0;50,0;Подготовка;
20251208;21:22:09;-0,5;0,0;0,0;0,0;50,0;Подготовка;
20251208;21:22:14;-0,5;0,0;0,0;0,0;50,0;Подготовка;
20251208;21:22:19;-0,5;0,0;0,0;0,0;50,0;Подготовка;
20251208;21:22:24;-0,5;0,0;0,0;0,0;50,0;Подготовка;
20251208;21:22:29;-0,5;0,0;0,0;0,0;50,0;Подготовка;
20251208;21:22:34;-0,5;0,0;0,0;0,0;50,0;Подготовка;
20251208;21:22:39;-0,5;0,0;0,0;0,0;50,0;Подготовка;
20251208;21:22:44;-0,5;0,0;0,0;0,0;50,0;Подготовка;
20251208;21:22:49;-0,5;0,0;0,0;0,0;50,0;Подготовка;
20251208;21:22:54;-0,5;0,0;0,0;0,0;50,0;Подготовка;
20251208;21:22:59;-0,5;0,0;0,0;0,0;50,0;Подготовка;
20251208;21:23:04;-0,5;0,0;0,0;0,0;50,0;Подготовка;
20251208;21:23:09;-0,5;0,0;0,0;0,0;50,0;Подготовка;
20251208;21:23:14;-0,5;0,0;0,0;0,0;50,0;Подготовка;
20251208;21:23:19;-0,5;0,0;0,0;0,0;50,0;Подготовка;
20251208;21:23:24;-0,5;0,0;0,0;0,0;50,0;Подготовка;
20251208;21:23:29;-0,5;0,0;0,0;0,0;50,0;Подготовка;
20251208;21:23:34;-0,5;0,0;0,0;0,0;50,0;Подготовка;
20251208;21:23:39;-0,5;0,0;0,0;0,0;50,0;Подготовка;
20251208;21:23:44;-0,5;0,0;0,0;0,0;50,0;Подготовка;
20251208;21:23:49;-0,5;0,0;0,0;0,0;50,0;Подготовка;
20251208;21:23:54;-0,5;0,0;0,0;0,0;50,0;Подготовка;
20251208;21:23:59;-0,5;0,0;0,0;0,0;50,0;Подготовка;
20251208;21:24:05;-0,5;0,0;0,0;0,0;50,0;Подготовка;
20251208;21:24:10;-0,5;0,0;0,0;0,0;50,0;Подготовка;
20251208;21:24:15;-0,5;0,0;0,0;0,0;50,0;Подготовка;
20251208;21:24:20;-0,5;0,0;0,0;0,0;50,0;Подготовка;
20251208;21:24:25;-0,5;0,0;0,0;0,0;50,0;Подготовка;
20251208;21:24:30;-0,5;0,0;0,0;0,0;50,0;Подготовка;
20251208;21:24:35;-0,5;0,0;0,0;0,0;50,0;Подготовка;
20251208;21:24:40;-0,5;0,0;0,0;0,0;50,0;Подготовка;
20251208;21:24:45;-0,5;0,0;0,0;0,0;50,0;Подготовка;
20251208;21:24:50;-0,5;0,0;0,0;0,0;50,0;Подготовка;
20251208;21:24:55;-0,5;0,0;0,0;0,0;50,0;Подготовка;
20251208;21:25:00;-0,5;0,0;0,0;0,0;50,0;Подготовка;
20251208;21:25:05;-0,5;0,0;0,0;0,0;50,0;Подготовка;
20251208;21:25:10;-0,5;0,0;0,0;0,0;50,0;Подготовка;
20251208;21:25:15;-0,5;0,0;0,0;0,0;50,0;Подготовка;
20251208;21:25:20;-0,5;0,0;0,0;0,0;50,0;Подготовка;
20251208;21:25:25;-0,5;0,0;0,0;0,0;50,0;Подготовка;
20251208;21:25:30;-0,5;0,0;0,0;0,0;50,0;Подготовка;
20251208;21:25:35;-0,5;0,0;0,0;0,0;50,0;Подготовка;
20251208;21:25:40;-0,5;0,0;0,0;0,0;50,0;Подготовка;
20251208;21:25:45;-0,5;0,0;0,0;0,0;50,0;Подготовка;
20251208;21:25:50;-0,5;0,0;0,0;0,0;50,0;Подготовка;
20251208;21:25:55;-0,5;0,0;0,0;0,0;50,0;Подготовка;
20251208;21:26:00;-0,5;0,0;0,0;0,0;50,0;Подготовка;
20251208;21:26:05;-0,5;0,0;0,0;0,0;50,0;Подготовка;
20251208;21:26:11;-0,5;0,0;0,0;0,0;50,0;Подготовка;
20251208;21:26:16;-0,5;0,0;0,0;0,0;50,0;Подготовка;
20251208;21:26:21;-0,5;0,0;0,0;0,0;50,0;Подготовка;
20251208;21:26:26;-0,5;0,0;0,0;0,0;50,0;Подготовка;
20251208;21:26:31;-0,5;0,0;0,0;0,0;50,0;Подготовка;
20251208;21:26:36;-0,5;0,0;0,0;0,0;50,0;Подготовка;
20251208;21:26:41;-0,5;0,0;0,0;0,0;50,0;Подготовка;
20251208;21:26:46;-0,5;0,0;0,0;0,0;50,0;Подготовка;
20251208;21:26:51;-0,5;0,0;0,0;0,0;50,0;Подготовка;
20251208;21:26:56;-0,5;0,0;0,0;0,0;50,0;Подготовка;
20251208;21:27:01;-0,5;0,0;0,0;0,0;50,0;Подготовка;
20251208;21:27:06;-0,5;0,0;0,0;0,0;50,0;Подготовка;
20251208;21:27:11;-0,5;0,0;0,0;0,0;50,0;Подготовка;
20251208;21:27:16;-0,5;0,0;0,0;0,0;50,0;Подготовка;
20251208;21:27:21;-0,5;0,0;0,0;0,0;50,0;Подготовка;
20251208;21:27:26;-0,5;0,0;0,0;0,0;50,0;Подготовка;
20251208;21:27:31;-0,5;0,0;0,0;0,0;50,0;Подготовка;
20251208;21:27:36;-0,5;0,0;0,0;0,0;50,0;Подготовка;
20251208;21:27:41;-0,5;0,0;0,0;0,0;50,0;Подготовка;
20251208;21:27:46;-0,5;0,0;0,0;0,0;50,0;Подготовка;
20251208;21:27:51;-0,5;0,0;0,0;0,0;50,0;Подготовка;
20251208;21:27:56;-0,5;0,0;0,0;0,0;50,0;Подготовка;
20251208;21:28:01;-0,5;0,0;0,0;0,0;50,0;Подготовка;
20251208;21:28:06;-0,5;0,0;0,0;0,0;50,0;Подготовка;
20251208;21:28:11;-0,5;0,0;0,0;0,0;50,0;Подготовка;
20251208;21:28:17;-0,5;0,0;0,0;0,0;50,0;Подготовка;
20251208;21:28:22;-0,5;0,0;0,0;0,0;50,0;Подготовка;
20251208;21:28:27;-0,5;0,0;0,0;0,0;50,0;Подготовка;
20251208;21:28:32;-0,5;0,0;0,0;0,0;50,0;Подготовка;
20251208;21:28:37;-0,5;0,0;0,0;0,0;50,0;Подготовка;
20251208;21:28:42;-0,5;0,0;0,0;0,0;50,0;Подготовка;
20251208;21:28:47;-0,5;0,0;0,0;0,0;50,0;Подготовка;
20251208;21:28:52;-0,5;0,0;0,0;0,0;50,0;Подготовка;
20251208;21:28:57;-0,5;0,0;0,0;0,0;50,0;Подготовка;
20251208;21:29:02;-0,5;0,0;0,0;0,0;50,0;Подготовка;
20251208;21:29:07;-0,5;0,0;0,0;0,0;50,0;Подготовка;
20251208;21:29:12;-0,5;0,0;0,0;0,0;50,0;Подготовка;
20251208;21:29:17;-0,5;0,0;0,0;0,0;50,0;Подготовка;
20251208;21:29:22;-0,5;0,0;0,0;0,0;50,0;Подготовка;
20251208;21:29:27;-0,5;0,0;0,0;0,0;50,0;Подготовка;
20251208;21:29:32;-0,5;0,0;0,0;0,0;50,0;Подготовка;
20251208;21:29:37;-0,5;0,0;0,0;0,0;50,0;Подготовка;
20251208;21:29:42;-0,5;0,0;0,0;0,0;50,0;Подготовка;
20251208;21:29:47;-0,5;0,0;0,0;0,0;50,0;Подготовка;
20251208;21:29:52;-0,5;0,0;0,0;0,0;50,0;Подготовка;
20251208;21:29:57;-0,5;0,0;0,0;0,0;50,0;Подготовка;
20251208;21:30:02;-0,5;0,0;0,0;0,0;50,0;Подготовка;
20251208;21:30:07;-0,5;0,0;0,0;0,0;50,0;Подготовка;
20251208;21:30:12;-0,5;0,0;0,0;0,0;50,0;Подготовка;
20251208;21:30:17;-0,5;0,0;0,0;0,0;50,0;Подготовка;
20251208;21:30:23;-0,5;0,0;0,0;0,0;50,0;Подготовка;
20251208;21:30:28;-0,5;0,0;0,0;0,0;50,0;Подготовка;
20251208;21:30:33;-0,5;0,0;0,0;0,0;50,0;Подготовка;
20251208;21:30:38;-0,5;0,0;0,0;0,0;50,0;Подготовка;
20251208;21:30:43;-0,5;0,0;0,0;0,0;50,0;Подготовка;
20251208;21:30:48;-0,5;0,0;0,0;0,0;50,0;Подготовка;
20251208;21:30:53;-0,5;0,0;0,0;0,0;50,0;Подготовка;
20251208;21:30:58;-0,5;0,0;0,0;0,0;50,0;Подготовка;
20251208;21:31:03;-0,5;0,0;0,0;0,0;50,0;Подготовка;
20251208;21:31:08;-0,5;0,0;0,0;0,0;50,0;Подготовка;
20251208;21:31:13;-0,5;0,0;0,0;0,0;50,0;Подготовка;
20251208;21:31:18;-0,5;0,0;0,0;0,0;50,0;Подготовка;
20251208;21:31:23;-0,5;0,0;0,0;0,0;50,0;Подготовка;
20251208;21:31:28;-0,5;0,0;0,0;0,0;50,0;Подготовка;
20251208;21:31:33;-0,5;0,0;0,0;0,0;50,0;Подготовка;
20251208;21:31:38;-0,5;0,0;0,0;0,0;50,0;Подготовка;
20251208;21:31:43;-0,5;0,0;0,0;0,0;50,0;Подготовка;
20251208;21:31:48;-0,5;0,0;0,0;0,0;50,0;Подготовка;
20251208;21:31:53;-0,5;0,0;0,0;0,0;50,0;Подготовка;
20251208;21:31:58;-0,5;0,0;0,0;0,0;50,0;Подготовка;
20251208;21:32:03;-0,5;0,0;0,0;0,0;50,0;Подготовка;
20251208;21:32:08;-0,5;0,0;0,0;0,0;50,0;Подготовка;
20251208;21:32:13;-0,5;0,0;0,0;0,0;50,0;Подготовка;
20251208;21:32:18;-0,5;0,0;0,0;0,0;50,0;Подготовка;
20251208;21:32:23;-0,5;0,0;0,0;0,0;50,0;Подготовка;
20251208;21:32:29;-0,5;0,0;0,0;0,0;50,0;Подготовка;
20251208;21:32:34;-0,5;0,0;0,0;0,0;50,0;Подготовка;
Предприятие;
Объект;
Вид оборудования;
Дисп. наименование;
Тип;
Зав. номер;
Сер. номер;
Год выпуска;
Год ввода в эксплуатацию;
Дата отбора пробы;
Марка пробы;
Температура пробы;
DATE ;TIME ;TS_TEMP ;PROB_TEMP ;PROB_OTN_VL ;PROBE_VlAGOSOD ;SP ;STATUS ; 
20251208;21:32:52;-0,39;0,0;0,0;0,0;50,0;Включение;
20251208;21:32:57;-0,49;0,0;0,0;0,0;50,0;Включение;
20251208;21:33:02;-0,49;0,0;0,0;0,0;50,0;Подготовка;
20251208;21:33:07;-0,49;0,0;0,0;0,0;50,0;Подготовка;
20251208;21:33:12;-0,49;0,0;0,0;0,0;50,0;Подготовка;
20251208;21:33:17;-0,49;0,0;0,0;0,0;50,0;Подготовка;
20251208;21:33:22;-0,5;0,0;0,0;0,0;50,0;Подготовка;
20251208;21:33:27;-0,5;0,0;0,0;0,0;50,0;Подготовка;
20251208;21:33:32;-0,5;0,0;0,0;0,0;50,0;Подготовка;
20251208;21:33:37;-0,5;0,0;0,0;0,0;50,0;Подготовка;
20251208;21:33:42;-0,5;0,0;0,0;0,0;50,0;Подготовка;
20251208;21:33:47;-0,5;0,0;0,0;0,0;50,0;Подготовка;
20251208;21:33:52;-0,5;0,0;0,0;0,0;50,0;Подготовка;
20251208;21:33:57;-0,5;0,0;0,0;0,0;50,0;Подготовка;
20251208;21:34:02;-0,5;0,0;0,0;0,0;50,0;Подготовка;
20251208;21:34:07;-0,5;0,0;0,0;0,0;50,0;Подготовка;
20251208;21:34:12;-0,5;0,0;0,0;0,0;50,0;Подготовка;
20251208;21:34:17;-0,5;0,0;0,0;0,0;50,0;Подготовка;
20251208;21:34:23;-0,5;0,0;0,0;0,0;50,0;Подготовка;
20251208;21:34:28;-0,5;0,0;0,0;0,0;50,0;Подготовка;
20251208;21:34:33;-0,5;0,0;0,0;0,0;50,0;Подготовка;
20251208;21:34:38;-0,5;0,0;0,0;0,0;50,0;Подготовка;
20251208;21:34:43;-0,5;0,0;0,0;0,0;50,0;Подготовка;
20251208;21:34:48;-0,5;0,0;0,0;0,0;50,0;Подготовка;
20251208;21:34:53;-0,5;0,0;0,0;0,0;50,0;Подготовка;
20251208;21:34:58;-0,5;0,0;0,0;0,0;50,0;Подготовка;
20251208;21:35:03;-0,5;0,0;0,0;0,0;50,0;Подготовка;
20251208;21:35:08;-0,5;0,0;0,0;0,0;50,0;Подготовка;
20251208;21:35:13;-0,5;0,0;0,0;0,0;50,0;Подготовка;
20251208;21:35:18;-0,5;0,0;0,0;0,0;50,0;Подготовка;
20251208;21:35:23;-0,5;0,0;0,0;0,0;50,0;Подготовка;
20251208;21:35:28;-0,5;0,0;0,0;0,0;50,0;Подготовка;
20251208;21:35:33;-0,5;0,0;0,0;0,0;50,0;Подготовка;
20251208;21:35:38;-0,5;0,0;0,0;0,0;50,0;Подготовка;
20251208;21:35:43;-0,5;0,0;0,0;0,0;50,0;Подготовка;
20251208;21:35:48;-0,5;0,0;0,0;0,0;50,0;Подготовка;
20251208;21:35:53;-0,5;0,0;0,0;0,0;50,0;Подготовка;
20251208;21:35:58;-0,5;0,0;0,0;0,0;50,0;Подготовка;
20251208;21:36:03;-0,5;0,0;0,0;0,0;50,0;Подготовка;
20251208;21:36:08;-0,5;0,0;0,0;0,0;50,0;Подготовка;
20251208;21:36:13;-0,5;0,0;0,0;0,0;50,0;Подготовка;
20251208;21:36:18;-0,5;0,0;0,0;0,0;50,0;Подготовка;
20251208;21:36:23;-0,5;0,0;0,0;0,0;50,0;Подготовка;
20251208;21:36:29;-0,5;0,0;0,0;0,0;50,0;Подготовка;
20251208;21:36:34;-0,5;0,0;0,0;0,0;50,0;Подготовка;
20251208;21:36:39;-0,5;0,0;0,0;0,0;50,0;Подготовка;
20251208;21:36:44;-0,5;0,0;0,0;0,0;50,0;Подготовка;
20251208;21:36:49;-0,5;0,0;0,0;0,0;50,0;Подготовка;
20251208;21:36:54;-0,5;0,0;0,0;0,0;50,0;Подготовка;
20251208;21:36:59;-0,5;0,0;0,0;0,0;50,0;Подготовка;
20251208;21:37:04;-0,5;0,0;0,0;0,0;50,0;Подготовка;
20251208;21:37:09;-0,5;0,0;0,0;0,0;50,0;Подготовка;
20251208;21:37:14;-0,5;0,0;0,0;0,0;50,0;Подготовка;
20251208;21:37:19;-0,5;0,0;0,0;0,0;50,0;Подготовка;
20251208;21:37:24;-0,5;0,0;0,0;0,0;50,0;Подготовка;
20251208;21:37:29;-0,5;0,0;0,0;0,0;50,0;Подготовка;
20251208;21:37:34;-0,5;0,0;0,0;0,0;50,0;Подготовка;
20251208;21:37:39;-0,5;0,0;0,0;0,0;50,0;Подготовка;
20251208;21:37:44;-0,5;0,0;0,0;0,0;50,0;Подготовка;
20251208;21:37:49;-0,5;0,0;0,0;0,0;50,0;Подготовка;
20251208;21:37:54;-0,5;0,0;0,0;0,0;50,0;Подготовка;
20251208;21:37:59;-0,5;0,0;0,0;0,0;50,0;Подготовка;
20251208;21:38:04;-0,5;0,0;0,0;0,0;50,0;Подготовка;
20251208;21:38:09;-0,5;0,0;0,0;0,0;50,0;Подготовка;
20251208;21:38:14;-0,5;0,0;0,0;0,0;50,0;Подготовка;
20251208;21:38:19;-0,5;0,0;0,0;0,0;50,0;Подготовка;
20251208;21:38:24;-0,5;0,0;0,0;0,0;50,0;Подготовка;
20251208;21:38:29;-0,5;0,0;0,0;0,0;50,0;Подготовка;
20251208;21:38:35;-0,5;0,0;0,0;0,0;50,0;Подготовка;
20251208;21:38:40;-0,5;0,0;0,0;0,0;50,0;Подготовка;
20251208;21:38:45;-0,5;0,0;0,0;0,0;50,0;Подготовка;
20251208;21:38:50;-0,5;0,0;0,0;0,0;50,0;Подготовка;
20251208;21:38:55;-0,5;0,0;0,0;0,0;50,0;Подготовка;
20251208;21:39:00;-0,5;0,0;0,0;0,0;50,0;Подготовка;
20251208;21:39:05;-0,5;0,0;0,0;0,0;50,0;Подготовка;
20251208;21:39:10;-0,5;0,0;0,0;0,0;50,0;Подготовка;
20251208;21:39:15;-0,5;0,0;0,0;0,0;50,0;Подготовка;
20251208;21:39:20;-0,5;0,0;0,0;0,0;50,0;Подготовка;
20251208;21:39:25;-0,5;0,0;0,0;0,0;50,0;Подготовка;
20251208;21:39:30;-0,5;0,0;0,0;0,0;50,0;Подготовка;
20251208;21:39:35;-0,5;0,0;0,0;0,0;50,0;Подготовка;
20251208;21:39:40;-0,5;0,0;0,0;0,0;50,0;Подготовка;
20251208;21:39:45;-0,5;0,0;0,0;0,0;50,0;Подготовка;
20251208;21:39:50;-0,5;0,0;0,0;0,0;50,0;Подготовка;
20251208;21:39:55;-0,5;0,0;0,0;0,0;50,0;Подготовка;
20251208;21:40:00;-0,5;0,0;0,0;0,0;50,0;Подготовка;
20251208;21:40:05;-0,5;0,0;0,0;0,0;50,0;Подготовка;
20251208;21:40:10;-0,5;0,0;0,0;0,0;50,0;Подготовка;
20251208;21:40:15;-0,5;0,0;0,0;0,0;50,0;Подготовка;
20251208;21:40:20;-0,5;0,0;0,0;0,0;50,0;Подготовка;
20251208;21:40:25;-0,5;0,0;0,0;0,0;50,0;Подготовка;
20251208;21:40:30;-0,5;0,0;0,0;0,0;50,0;Подготовка;
20251208;21:40:35;-0,5;0,0;0,0;0,0;50,0;Подготовка;
20251208;21:40:41;-0,5;0,0;0,0;0,0;50,0;Подготовка;
20251208;21:40:46;-0,5;0,0;0,0;0,0;50,0;Подготовка;
20251208;21:40:51;-0,5;0,0;0,0;0,0;50,0;Подготовка;
20251208;21:40:56;-0,5;0,0;0,0;0,0;50,0;Подготовка;
20251208;21:41:01;-0,5;0,0;0,0;0,0;50,0;Подготовка;
20251208;21:41:06;-0,5;0,0;0,0;0,0;50,0;Подготовка;
20251208;21:41:11;-0,5;0,0;0,0;0,0;50,0;Подготовка;
20251208;21:41:16;-0,5;0,0;0,0;0,0;50,0;Подготовка;
20251208;21:41:21;-0,5;0,0;0,0;0,0;50,0;Подготовка;
20251208;21:41:26;-0,5;0,0;0,0;0,0;50,0;Подготовка;
20251208;21:41:31;-0,5;0,0;0,0;0,0;50,0;Подготовка;
20251208;21:41:36;-0,5;0,0;0,0;0,0;50,0;Подготовка;
20251208;21:41:41;-0,5;0,0;0,0;0,0;50,0;Подготовка;
20251208;21:41:46;-0,5;0,0;0,0;0,0;50,0;Подготовка;
20251208;21:41:51;-0,5;0,0;0,0;0,0;50,0;Подготовка;
20251208;21:41:56;-0,5;0,0;0,0;0,0;50,0;Подготовка;
20251208;21:42:01;-0,5;0,0;0,0;0,0;50,0;Подготовка;
20251208;21:42:06;-0,5;0,0;0,0;0,0;50,0;Подготовка;
20251208;21:42:11;-0,5;0,0;0,0;0,0;50,0;Подготовка;
20251208;21:42:16;-0,5;0,0;0,0;0,0;50,0;Подготовка;
20251208;21:42:21;-0,5;0,0;0,0;0,0;50,0;Подготовка;
20251208;21:42:26;-0,5;0,0;0,0;0,0;50,0;Подготовка;
20251208;21:42:31;-0,5;0,0;0,0;0,0;50,0;Подготовка;
20251208;21:42:36;-0,5;0,0;0,0;0,0;50,0;Подготовка;
20251208;21:42:41;-0,5;0,0;0,0;0,0;50,0;Подготовка;
20251208;21:42:47;-0,5;0,0;0,0;0,0;50,0;Подготовка;
20251208;21:42:52;-0,5;0,0;0,0;0,0;50,0;Подготовка;
20251208;21:42:57;-0,5;0,0;0,0;0,0;50,0;Подготовка;
20251208;21:43:02;-0,5;0,0;0,0;0,0;50,0;Подготовка;
20251208;21:43:07;-0,5;0,0;0,0;0,0;50,0;Подготовка;
20251208;21:43:12;-0,5;0,0;0,0;0,0;50,0;Подготовка;
20251208;21:43:17;-0,5;0,0;0,0;0,0;50,0;Подготовка;
20251208;21:43:22;-0,5;0,0;0,0;0,0;50,0;Подготовка;
20251208;21:43:27;-0,5;0,0;0,0;0,0;50,0;Подготовка;
20251208;21:43:32;-0,5;0,0;0,0;0,0;50,0;Подготовка;
20251208;21:43:37;-0,5;0,0;0,0;0,0;50,0;Подготовка;
20251208;21:43:42;-0,5;0,0;0,0;0,0;50,0;Подготовка;
20251208;21:43:47;-0,5;0,0;0,0;0,0;50,0;Подготовка;
20251208;21:43:52;-0,5;0,0;0,0;0,0;50,0;Подготовка;
20251208;21:43:57;-0,5;0,0;0,0;0,0;50,0;Подготовка;
20251208;21:44:02;-0,5;0,0;0,0;0,0;50,0;Подготовка;
20251208;21:44:07;-0,5;0,0;0,0;0,0;50,0;Подготовка;
20251208;21:44:12;-0,5;0,0;0,0;0,0;50,0;Подготовка;
20251208;21:44:17;-0,5;0,0;0,0;0,0;50,0;Подготовка;
20251208;21:44:22;-0,5;0,0;0,0;0,0;50,0;Подготовка;
20251208;21:44:27;-0,5;0,0;0,0;0,0;50,0;Подготовка;
20251208;21:44:32;-0,5;0,0;0,0;0,0;50,0;Подготовка;
20251208;21:44:37;-0,5;0,0;0,0;0,0;50,0;Подготовка;
20251208;21:44:42;-0,5;0,0;0,0;0,0;50,0;Подготовка;
20251208;21:44:47;-0,5;0,0;0,0;0,0;50,0;Подготовка;
20251208;21:44:53;-0,5;0,0;0,0;0,0;50,0;Подготовка;
20251208;21:44:58;-0,5;0,0;0,0;0,0;50,0;Подготовка;
20251208;21:45:03;-0,5;0,0;0,0;0,0;50,0;Подготовка;
20251208;21:45:08;-0,5;0,0;0,0;0,0;50,0;Подготовка;
20251208;21:45:13;-0,5;0,0;0,0;0,0;50,0;Подготовка;
20251208;21:45:18;-0,5;0,0;0,0;0,0;50,0;Подготовка;
20251208;21:45:23;-0,5;0,0;0,0;0,0;50,0;Подготовка;
20251208;21:45:28;-0,5;0,0;0,0;0,0;50,0;Подготовка;
20251208;21:45:33;-0,5;0,0;0,0;0,0;50,0;Подготовка;
20251208;21:45:38;-0,5;0,0;0,0;0,0;50,0;Подготовка;
20251208;21:45:43;-0,5;0,0;0,0;0,0;50,0;Подготовка;
20251208;21:45:48;-0,5;0,0;0,0;0,0;50,0;Подготовка;
20251208;21:45:53;-0,5;0,0;0,0;0,0;50,0;Подготовка;
20251208;21:45:58;-0,5;0,0;0,0;0,0;50,0;Подготовка;
20251208;21:46:03;-0,5;0,0;0,0;0,0;50,0;Подготовка;
20251208;21:46:08;-0,5;0,0;0,0;0,0;50,0;Подготовка;
20251208;21:46:13;-0,5;0,0;0,0;0,0;50,0;Подготовка;
20251208;21:46:18;-0,5;0,0;0,0;0,0;50,0;Подготовка;
20251208;21:46:23;-0,5;0,0;0,0;0,0;50,0;Подготовка;
20251208;21:46:28;-0,5;0,0;0,0;0,0;50,0;Подготовка;
20251208;21:46:33;-0,5;0,0;0,0;0,0;50,0;Подготовка;
20251208;21:46:38;-0,5;0,0;0,0;0,0;50,0;Подготовка;
20251208;21:46:43;-0,5;0,0;0,0;0,0;50,0;Подготовка;
20251208;21:46:48;-0,5;0,0;0,0;0,0;50,0;Подготовка;
20251208;21:46:53;-0,5;0,0;0,0;0,0;50,0;Подготовка;
20251208;21:46:59;-0,5;0,0;0,0;0,0;50,0;Подготовка;
20251208;21:47:04;-0,5;0,0;0,0;0,0;50,0;Подготовка;
20251208;21:47:09;-0,5;0,0;0,0;0,0;50,0;Подготовка;
20251208;21:47:14;-0,5;0,0;0,0;0,0;50,0;Подготовка;
20251208;21:47:19;-0,5;0,0;0,0;0,0;50,0;Подготовка;
20251208;21:47:24;-0,5;0,0;0,0;0,0;50,0;Подготовка;
20251208;21:47:29;-0,5;0,0;0,0;0,0;50,0;Подготовка;
20251208;21:47:34;-0,5;0,0;0,0;0,0;50,0;Подготовка;
20251208;21:47:39;-0,5;0,0;0,0;0,0;50,0;Подготовка;
20251208;21:47:44;-0,5;0,0;0,0;0,0;50,0;Подготовка;
20251208;21:47:49;-0,5;0,0;0,0;0,0;50,0;Подготовка;
20251208;21:47:54;-0,5;0,0;0,0;0,0;50,0;Подготовка;
20251208;21:47:59;-0,5;0,0;0,0;0,0;50,0;Подготовка;
20251208;21:48:04;-0,5;0,0;0,0;0,0;50,0;Подготовка;
20251208;21:48:09;-0,5;0,0;0,0;0,0;50,0;Подготовка;
20251208;21:48:14;-0,5;0,0;0,0;0,0;50,0;Подготовка;
20251208;21:48:19;-0,5;0,0;0,0;0,0;50,0;Подготовка;
20251208;21:48:24;-0,5;0,0;0,0;0,0;50,0;Подготовка;
20251208;21:48:29;-0,5;0,0;0,0;0,0;50,0;Подготовка;
20251208;21:48:34;-0,5;0,0;0,0;0,0;50,0;Подготовка;
20251208;21:48:39;-0,5;0,0;0,0;0,0;50,0;Подготовка;
20251208;21:48:44;-0,5;0,0;0,0;0,0;50,0;Подготовка;
20251208;21:48:49;-0,5;0,0;0,0;0,0;50,0;Подготовка;
20251208;21:48:54;-0,5;0,0;0,0;0,0;50,0;Подготовка;
20251208;21:48:59;-0,5;0,0;0,0;0,0;50,0;Подготовка;
20251208;21:49:05;-0,5;0,0;0,0;0,0;50,0;Подготовка;
20251208;21:49:10;-0,5;0,0;0,0;0,0;50,0;Подготовка;
20251208;21:49:15;-0,5;0,0;0,0;0,0;50,0;Подготовка;
20251208;21:49:20;-0,5;0,0;0,0;0,0;50,0;Подготовка;
20251208;21:49:25;-0,5;0,0;0,0;0,0;50,0;Подготовка;
20251208;21:49:30;-0,5;0,0;0,0;0,0;50,0;Подготовка;
20251208;21:49:35;-0,5;0,0;0,0;0,0;50,0;Подготовка;
20251208;21:49:40;-0,5;0,0;0,0;0,0;50,0;Подготовка;
20251208;21:49:45;-0,5;0,0;0,0;0,0;50,0;Подготовка;
20251208;21:49:50;-0,5;0,0;0,0;0,0;50,0;Подготовка;
20251208;21:49:55;-0,5;0,0;0,0;0,0;50,0;Подготовка;
20251208;21:50:00;-0,5;0,0;0,0;0,0;50,0;Подготовка;
20251208;21:50:05;-0,5;0,0;0,0;0,0;50,0;Подготовка;
20251208;21:50:10;-0,5;0,0;0,0;0,0;50,0;Подготовка;
20251208;21:50:15;-0,5;0,0;0,0;0,0;50,0;Подготовка;
20251208;21:50:20;-0,5;0,0;0,0;0,0;50,0;Подготовка;
20251208;21:50:25;-0,5;0,0;0,0;0,0;50,0;Подготовка;
20251208;21:50:30;-0,5;0,0;0,0;0,0;50,0;Подготовка;
20251208;21:50:35;-0,5;0,0;0,0;0,0;50,0;Подготовка;
20251208;21:50:40;-0,5;0,0;0,0;0,0;50,0;Подготовка;
20251208;21:50:45;-0,5;0,0;0,0;0,0;50,0;Подготовка;
20251208;21:50:50;-0,5;0,0;0,0;0,0;50,0;Подготовка;
20251208;21:50:55;-0,5;0,0;0,0;0,0;50,0;Подготовка;
20251208;21:51:00;-0,5;0,0;0,0;0,0;50,0;Подготовка;
20251208;21:51:05;-0,5;0,0;0,0;0,0;50,0;Подготовка;
20251208;21:51:11;-0,5;0,0;0,0;0,0;50,0;Подготовка;
20251208;21:51:16;-0,5;0,0;0,0;0,0;50,0;Подготовка;
20251208;21:51:21;-0,5;0,0;0,0;0,0;50,0;Подготовка;
20251208;21:51:26;-0,5;0,0;0,0;0,0;50,0;Подготовка;
20251208;21:51:31;-0,5;0,0;0,0;0,0;50,0;Подготовка;
20251208;21:51:36;-0,5;0,0;0,0;0,0;50,0;Подготовка;
20251208;21:51:41;-0,5;0,0;0,0;0,0;50,0;Подготовка;
20251208;21:51:46;-0,5;0,0;0,0;0,0;50,0;Подготовка;
20251208;21:51:51;-0,5;0,0;0,0;0,0;50,0;Подготовка;
20251208;21:51:56;-0,5;0,0;0,0;0,0;50,0;Подготовка;
20251208;21:52:01;-0,5;0,0;0,0;0,0;50,0;Подготовка;
20251208;21:52:06;-0,5;0,0;0,0;0,0;50,0;Подготовка;
20251208;21:52:11;-0,5;0,0;0,0;0,0;50,0;Подготовка;
20251208;21:52:16;-0,5;0,0;0,0;0,0;50,0;Подготовка;
20251208;21:52:21;-0,5;0,0;0,0;0,0;50,0;Подготовка;
20251208;21:52:26;-0,5;0,0;0,0;0,0;50,0;Подготовка;
20251208;21:52:31;-0,5;0,0;0,0;0,0;50,0;Подготовка;
20251208;21:52:36;-0,5;0,0;0,0;0,0;50,0;Подготовка;
20251208;21:52:41;-0,5;0,0;0,0;0,0;50,0;Подготовка;
20251208;21:52:46;-0,5;0,0;0,0;0,0;50,0;Подготовка;
20251208;21:52:51;-0,5;0,0;0,0;0,0;50,0;Подготовка;
20251208;21:52:56;-0,5;0,0;0,0;0,0;50,0;Подготовка;
20251208;21:53:01;-0,5;0,0;0,0;0,0;50,0;Подготовка;
20251208;21:53:06;-0,5;0,0;0,0;0,0;50,0;Подготовка;
20251208;21:53:11;-0,5;0,0;0,0;0,0;50,0;Подготовка;
20251208;21:53:17;-0,5;0,0;0,0;0,0;50,0;Подготовка;
20251208;21:53:22;-0,5;0,0;0,0;0,0;50,0;Подготовка;
20251208;21:53:27;-0,5;0,0;0,0;0,0;50,0;Подготовка;
20251208;21:53:32;-0,5;0,0;0,0;0,0;50,0;Подготовка;
20251208;21:53:37;-0,5;0,0;0,0;0,0;50,0;Подготовка;
20251208;21:53:42;-0,5;0,0;0,0;0,0;50,0;Подготовка;
20251208;21:53:47;-0,5;0,0;0,0;0,0;50,0;Подготовка;
20251208;21:53:52;-0,5;0,0;0,0;0,0;50,0;Подготовка;
20251208;21:53:57;-0,5;0,0;0,0;0,0;50,0;Подготовка;
20251208;21:54:02;-0,5;0,0;0,0;0,0;50,0;Подготовка;
20251208;21:54:07;-0,5;0,0;0,0;0,0;50,0;Подготовка;
20251208;21:54:12;-0,5;0,0;0,0;0,0;50,0;Подготовка;
20251208;21:54:17;-0,5;0,0;0,0;0,0;50,0;Подготовка;
20251208;21:54:22;-0,5;0,0;0,0;0,0;50,0;Подготовка;
20251208;21:54:27;-0,5;0,0;0,0;0,0;50,0;Подготовка;
20251208;21:54:32;-0,5;0,0;0,0;0,0;50,0;Подготовка;
20251208;21:54:37;-0,5;0,0;0,0;0,0;50,0;Подготовка;
20251208;21:54:42;-0,5;0,0;0,0;0,0;50,0;Подготовка;
20251208;21:54:47;-0,5;0,0;0,0;0,0;50,0;Подготовка;
20251208;21:54:52;-0,5;0,0;0,0;0,0;50,0;Подготовка;
20251208;21:54:57;-0,5;0,0;0,0;0,0;50,0;Подготовка;
20251208;21:55:02;-0,5;0,0;0,0;0,0;50,0;Подготовка;
20251208;21:55:07;-0,5;0,0;0,0;0,0;50,0;Подготовка;
20251208;21:55:12;-0,5;0,0;0,0;0,0;50,0;Подготовка;
20251208;21:55:17;-0,5;0,0;0,0;0,0;50,0;Подготовка;
20251208;21:55:23;-0,5;0,0;0,0;0,0;50,0;Подготовка;
20251208;21:55:28;-0,5;0,0;0,0;0,0;50,0;Подготовка;
20251208;21:55:33;-0,5;0,0;0,0;0,0;50,0;Подготовка;
20251208;21:55:38;-0,5;0,0;0,0;0,0;50,0;Подготовка;
20251208;21:55:43;-0,5;0,0;0,0;0,0;50,0;Подготовка;
20251208;21:55:48;-0,5;0,0;0,0;0,0;50,0;Подготовка;
20251208;21:55:53;-0,5;0,0;0,0;0,0;50,0;Подготовка;
20251208;21:55:58;-0,5;0,0;0,0;0,0;50,0;Подготовка;
20251208;21:56:03;-0,5;0,0;0,0;0,0;50,0;Подготовка;
20251208;21:56:08;-0,5;0,0;0,0;0,0;50,0;Подготовка;
20251208;21:56:13;-0,5;0,0;0,0;0,0;50,0;Подготовка;
20251208;21:56:18;-0,5;0,0;0,0;0,0;50,0;Подготовка;
20251208;21:56:23;-0,5;0,0;0,0;0,0;50,0;Подготовка;
20251208;21:56:28;-0,5;0,0;0,0;0,0;50,0;Подготовка;
20251208;21:56:33;-0,5;0,0;0,0;0,0;50,0;Подготовка;
20251208;21:56:38;-0,5;0,0;0,0;0,0;50,0;Подготовка;
20251208;21:56:43;-0,5;0,0;0,0;0,0;50,0;Подготовка;
20251208;21:56:48;-0,5;0,0;0,0;0,0;50,0;Подготовка;
20251208;21:56:53;-0,5;0,0;0,0;0,0;50,0;Подготовка;
20251208;21:56:58;-0,5;0,0;0,0;0,0;50,0;Подготовка;
20251208;21:57:03;-0,5;0,0;0,0;0,0;50,0;Подготовка;
20251208;21:57:08;-0,5;0,0;0,0;0,0;50,0;Подготовка;
20251208;21:57:13;-0,5;0,0;0,0;0,0;50,0;Подготовка;
20251208;21:57:18;-0,5;0,0;0,0;0,0;50,0;Подготовка;
20251208;21:57:23;-0,5;0,0;0,0;0,0;50,0;Подготовка;
20251208;21:57:29;-0,5;0,0;0,0;0,0;50,0;Подготовка;
20251208;21:57:34;-0,5;0,0;0,0;0,0;50,0;Подготовка;
20251208;21:57:39;-0,5;0,0;0,0;0,0;50,0;Подготовка;
20251208;21:57:44;-0,5;0,0;0,0;0,0;50,0;Подготовка;
20251208;21:57:49;-0,5;0,0;0,0;0,0;50,0;Подготовка;
20251208;21:57:54;-0,5;0,0;0,0;0,0;50,0;Подготовка;
20251208;21:57:59;-0,5;0,0;0,0;0,0;50,0;Подготовка;
20251208;21:58:04;-0,5;0,0;0,0;0,0;50,0;Подготовка;
20251208;21:58:09;-0,5;0,0;0,0;0,0;50,0;Подготовка;
20251208;21:58:14;-0,5;0,0;0,0;0,0;50,0;Подготовка;
20251208;21:58:19;-0,5;0,0;0,0;0,0;50,0;Подготовка;
20251208;21:58:24;-0,5;0,0;0,0;0,0;50,0;Подготовка;
20251208;21:58:29;-0,5;0,0;0,0;0,0;50,0;Подготовка;
20251208;21:58:34;-0,5;0,0;0,0;0,0;50,0;Подготовка;
20251208;21:58:39;-0,5;0,0;0,0;0,0;50,0;Подготовка;
20251208;21:58:44;-0,5;0,0;0,0;0,0;50,0;Подготовка;
20251208;21:58:49;-0,5;0,0;0,0;0,0;50,0;Подготовка;
20251208;21:58:54;-0,5;0,0;0,0;0,0;50,0;Подготовка;
20251208;21:58:59;-0,5;0,0;0,0;0,0;50,0;Подготовка;
20251208;21:59:04;-0,5;0,0;0,0;0,0;50,0;Подготовка;
20251208;21:59:09;-0,5;0,0;0,0;0,0;50,0;Подготовка;
20251208;21:59:14;-0,5;0,0;0,0;0,0;50,0;Подготовка;
20251208;21:59:19;-0,5;0,0;0,0;0,0;50,0;Подготовка;
20251208;21:59:24;-0,5;0,0;0,0;0,0;50,0;Подготовка;
20251208;21:59:29;-0,5;0,0;0,0;0,0;50,0;Подготовка;
20251208;21:59:35;-0,5;0,0;0,0;0,0;50,0;Подготовка;
20251208;21:59:40;-0,5;0,0;0,0;0,0;50,0;Подготовка;
20251208;21:59:45;-0,5;0,0;0,0;0,0;50,0;Подготовка;
20251208;21:59:50;-0,5;0,0;0,0;0,0;50,0;Подготовка;
20251208;21:59:55;-0,5;0,0;0,0;0,0;50,0;Подготовка;
20251208;22:00:00;-0,5;0,0;0,0;0,0;50,0;Подготовка;
20251208;22:00:05;-0,5;0,0;0,0;0,0;50,0;Подготовка;
20251208;22:00:10;-0,5;0,0;0,0;0,0;50,0;Подготовка;
20251208;22:00:15;-0,5;0,0;0,0;0,0;50,0;Подготовка;
20251208;22:00:20;-0,5;0,0;0,0;0,0;50,0;Подготовка;
20251208;22:00:25;-0,5;0,0;0,0;0,0;50,0;Подготовка;
20251208;22:00:30;-0,5;0,0;0,0;0,0;50,0;Подготовка;
20251208;22:00:35;-0,5;0,0;0,0;0,0;50,0;Подготовка;
20251208;22:00:40;-0,5;0,0;0,0;0,0;50,0;Подготовка;
20251208;22:00:45;-0,5;0,0;0,0;0,0;50,0;Подготовка;
20251208;22:00:50;-0,5;0,0;0,0;0,0;50,0;Подготовка;
20251208;22:00:55;-0,5;0,0;0,0;0,0;50,0;Подготовка;
20251208;22:01:00;-0,5;0,0;0,0;0,0;50,0;Подготовка;
20251208;22:01:05;-0,5;0,0;0,0;0,0;50,0;Подготовка;
20251208;22:01:10;-0,5;0,0;0,0;0,0;50,0;Подготовка;
20251208;22:01:15;-0,5;0,0;0,0;0,0;50,0;Подготовка;
20251208;22:01:20;-0,5;0,0;0,0;0,0;50,0;Подготовка;
20251208;22:01:25;-0,5;0,0;0,0;0,0;50,0;Подготовка;
20251208;22:01:30;-0,5;0,0;0,0;0,0;50,0;Подготовка;
20251208;22:01:35;-0,5;0,0;0,0;0,0;50,0;Подготовка;
20251208;22:01:41;-0,5;0,0;0,0;0,0;50,0;Подготовка;
20251208;22:01:46;-0,5;0,0;0,0;0,0;50,0;Подготовка;
20251208;22:01:51;-0,5;0,0;0,0;0,0;50,0;Подготовка;
20251208;22:01:56;-0,5;0,0;0,0;0,0;50,0;Подготовка;
20251208;22:02:01;-0,5;0,0;0,0;0,0;50,0;Подготовка;
20251208;22:02:06;-0,5;0,0;0,0;0,0;50,0;Подготовка;
20251208;22:02:11;-0,5;0,0;0,0;0,0;50,0;Подготовка;
20251208;22:02:16;-0,5;0,0;0,0;0,0;50,0;Подготовка;
20251208;22:02:21;-0,5;0,0;0,0;0,0;50,0;Подготовка;
20251208;22:02:26;-0,5;0,0;0,0;0,0;50,0;Подготовка;
20251208;22:02:31;-0,5;0,0;0,0;0,0;50,0;Подготовка;
20251208;22:02:36;-0,5;0,0;0,0;0,0;50,0;Подготовка;
20251208;22:02:41;-0,5;0,0;0,0;0,0;50,0;Подготовка;
20251208;22:02:46;-0,5;0,0;0,0;0,0;50,0;Подготовка;
20251208;22:02:51;-0,5;0,0;0,0;0,0;50,0;Подготовка;
20251208;22:02:56;-0,5;0,0;0,0;0,0;50,0;Подготовка;
20251208;22:03:01;-0,5;0,0;0,0;0,0;50,0;Подготовка;
20251208;22:03:06;-0,5;0,0;0,0;0,0;50,0;Подготовка;
20251208;22:03:11;-0,5;0,0;0,0;0,0;50,0;Подготовка;
20251208;22:03:16;-0,5;0,0;0,0;0,0;50,0;Подготовка;
20251208;22:03:21;-0,5;0,0;0,0;0,0;50,0;Подготовка;
20251208;22:03:26;-0,5;0,0;0,0;0,0;50,0;Подготовка;
20251208;22:03:31;-0,5;0,0;0,0;0,0;50,0;Подготовка;
20251208;22:03:36;-0,5;0,0;0,0;0,0;50,0;Подготовка;
20251208;22:03:41;-0,5;0,0;0,0;0,0;50,0;Подготовка;
20251208;22:03:47;-0,5;0,0;0,0;0,0;50,0;Подготовка;
20251208;22:03:52;-0,5;0,0;0,0;0,0;50,0;Подготовка;
20251208;22:03:57;-0,5;0,0;0,0;0,0;50,0;Подготовка;
20251208;22:04:02;-0,5;0,0;0,0;0,0;50,0;Подготовка;
20251208;22:04:07;-0,5;0,0;0,0;0,0;50,0;Подготовка;
20251208;22:04:12;-0,5;0,0;0,0;0,0;50,0;Подготовка;
20251208;22:04:17;-0,5;0,0;0,0;0,0;50,0;Подготовка;
20251208;22:04:22;-0,5;0,0;0,0;0,0;50,0;Подготовка;
20251208;22:04:27;-0,5;0,0;0,0;0,0;50,0;Подготовка;
20251208;22:04:32;-0,5;0,0;0,0;0,0;50,0;Подготовка;
20251208;22:04:37;-0,5;0,0;0,0;0,0;50,0;Подготовка;
20251208;22:04:42;-0,5;0,0;0,0;0,0;50,0;Подготовка;
20251208;22:04:47;-0,5;0,0;0,0;0,0;50,0;Подготовка;
20251208;22:04:52;-0,5;0,0;0,0;0,0;50,0;Подготовка;
20251208;22:04:57;-0,5;0,0;0,0;0,0;50,0;Подготовка;
20251208;22:05:02;-0,5;0,0;0,0;0,0;50,0;Подготовка;
20251208;22:05:07;-0,5;0,0;0,0;0,0;50,0;Подготовка;
20251208;22:05:12;-0,5;0,0;0,0;0,0;50,0;Подготовка;
20251208;22:05:17;-0,5;0,0;0,0;0,0;50,0;Подготовка;
20251208;22:05:22;-0,5;0,0;0,0;0,0;50,0;Подготовка;
20251208;22:05:27;-0,5;0,0;0,0;0,0;50,0;Подготовка;
20251208;22:05:32;-0,5;0,0;0,0;0,0;50,0;Подготовка;
20251208;22:05:37;-0,5;0,0;0,0;0,0;50,0;Подготовка;
20251208;22:05:42;-0,5;0,0;0,0;0,0;50,0;Подготовка;
20251208;22:05:47;-0,5;0,0;0,0;0,0;50,0;Подготовка;
20251208;22:05:53;-0,5;0,0;0,0;0,0;50,0;Подготовка;
20251208;22:05:58;-0,5;0,0;0,0;0,0;50,0;Подготовка;
20251208;22:06:03;-0,5;0,0;0,0;0,0;50,0;Подготовка;
20251208;22:06:08;-0,5;0,0;0,0;0,0;50,0;Подготовка;
20251208;22:06:13;-0,5;0,0;0,0;0,0;50,0;Подготовка;
20251208;22:06:18;-0,5;0,0;0,0;0,0;50,0;Подготовка;
20251208;22:06:23;-0,5;0,0;0,0;0,0;50,0;Подготовка;
20251208;22:06:28;-0,5;0,0;0,0;0,0;50,0;Подготовка;
20251208;22:06:33;-0,5;0,0;0,0;0,0;50,0;Подготовка;
20251208;22:06:38;-0,5;0,0;0,0;0,0;50,0;Подготовка;
20251208;22:06:43;-0,5;0,0;0,0;0,0;50,0;Подготовка;
20251208;22:06:48;-0,5;0,0;0,0;0,0;50,0;Подготовка;
20251208;22:06:53;-0,5;0,0;0,0;0,0;50,0;Подготовка;
20251208;22:06:58;-0,5;0,0;0,0;0,0;50,0;Подготовка;
20251208;22:07:03;-0,5;0,0;0,0;0,0;50,0;Подготовка;
20251208;22:07:08;-0,5;0,0;0,0;0,0;50,0;Подготовка;
20251208;22:07:13;-0,5;0,0;0,0;0,0;50,0;Подготовка;
20251208;22:07:18;-0,5;0,0;0,0;0,0;50,0;Подготовка;
20251208;22:07:23;-0,5;0,0;0,0;0,0;50,0;Подготовка;
20251208;22:07:28;-0,5;0,0;0,0;0,0;50,0;Подготовка;
20251208;22:07:33;-0,5;0,0;0,0;0,0;50,0;Подготовка;
20251208;22:07:38;-0,5;0,0;0,0;0,0;50,0;Подготовка;
20251208;22:07:43;-0,5;0,0;0,0;0,0;50,0;Подготовка;
20251208;22:07:48;-0,5;0,0;0,0;0,0;50,0;Подготовка;
20251208;22:07:53;-0,5;0,0;0,0;0,0;50,0;Подготовка;
20251208;22:07:59;-0,5;0,0;0,0;0,0;50,0;Подготовка;
20251208;22:08:04;-0,5;0,0;0,0;0,0;50,0;Подготовка;
20251208;22:08:09;-0,5;0,0;0,0;0,0;50,0;Подготовка;
20251208;22:08:14;-0,5;0,0;0,0;0,0;50,0;Подготовка;
20251208;22:08:19;-0,5;0,0;0,0;0,0;50,0;Подготовка;
20251208;22:08:24;-0,5;0,0;0,0;0,0;50,0;Подготовка;
20251208;22:08:29;-0,5;0,0;0,0;0,0;50,0;Подготовка;
20251208;22:08:34;-0,5;0,0;0,0;0,0;50,0;Подготовка;
20251208;22:08:39;-0,5;0,0;0,0;0,0;50,0;Подготовка;
20251208;22:08:44;-0,5;0,0;0,0;0,0;50,0;Подготовка;
20251208;22:08:49;-0,5;0,0;0,0;0,0;50,0;Подготовка;
20251208;22:08:54;-0,5;0,0;0,0;0,0;50,0;Подготовка;
20251208;22:08:59;-0,5;0,0;0,0;0,0;50,0;Подготовка;
20251208;22:09:04;-0,5;0,0;0,0;0,0;50,0;Подготовка;
20251208;22:09:09;-0,5;0,0;0,0;0,0;50,0;Подготовка;
20251208;22:09:14;-0,5;0,0;0,0;0,0;50,0;Подготовка;
20251208;22:09:19;-0,5;0,0;0,0;0,0;50,0;Подготовка;
20251208;22:09:24;-0,5;0,0;0,0;0,0;50,0;Подготовка;
20251208;22:09:29;-0,5;0,0;0,0;0,0;50,0;Подготовка;
20251208;22:09:34;-0,5;0,0;0,0;0,0;50,0;Подготовка;
20251208;22:09:39;-0,5;0,0;0,0;0,0;50,0;Подготовка;
20251208;22:09:44;-0,5;0,0;0,0;0,0;50,0;Подготовка;
20251208;22:09:49;-0,5;0,0;0,0;0,0;50,0;Подготовка;
20251208;22:09:54;-0,5;0,0;0,0;0,0;50,0;Подготовка;
20251208;22:09:59;-0,5;0,0;0,0;0,0;50,0;Подготовка;
20251208;22:10:05;-0,5;0,0;0,0;0,0;50,0;Подготовка;
20251208;22:10:10;-0,5;0,0;0,0;0,0;50,0;Подготовка;
20251208;22:10:15;-0,5;0,0;0,0;0,0;50,0;Подготовка;
20251208;22:10:20;-0,5;0,0;0,0;0,0;50,0;Подготовка;
20251208;22:10:25;-0,5;0,0;0,0;0,0;50,0;Подготовка;
20251208;22:10:30;-0,5;0,0;0,0;0,0;50,0;Подготовка;
20251208;22:10:35;-0,5;0,0;0,0;0,0;50,0;Подготовка;
20251208;22:10:40;-0,5;0,0;0,0;0,0;50,0;Подготовка;
20251208;22:10:45;-0,5;0,0;0,0;0,0;50,0;Подготовка;
20251208;22:10:50;-0,5;0,0;0,0;0,0;50,0;Подготовка;
20251208;22:10:55;-0,5;0,0;0,0;0,0;50,0;Подготовка;
20251208;22:11:00;-0,5;0,0;0,0;0,0;50,0;Подготовка;
20251208;22:11:05;-0,5;0,0;0,0;0,0;50,0;Подготовка;
20251208;22:11:10;-0,5;0,0;0,0;0,0;50,0;Подготовка;
20251208;22:11:15;-0,5;0,0;0,0;0,0;50,0;Подготовка;
20251208;22:11:20;-0,5;0,0;0,0;0,0;50,0;Подготовка;
20251208;22:11:25;-0,5;0,0;0,0;0,0;50,0;Подготовка;
20251208;22:11:30;-0,5;0,0;0,0;0,0;50,0;Подготовка;
20251208;22:11:35;-0,5;0,0;0,0;0,0;50,0;Подготовка;
20251208;22:11:40;-0,5;0,0;0,0;0,0;50,0;Подготовка;
20251208;22:11:45;-0,5;0,0;0,0;0,0;50,0;Подготовка;
20251208;22:11:50;-0,5;0,0;0,0;0,0;50,0;Подготовка;
20251208;22:11:55;-0,5;0,0;0,0;0,0;50,0;Подготовка;
20251208;22:12:00;-0,5;0,0;0,0;0,0;50,0;Подготовка;
20251208;22:12:05;-0,5;0,0;0,0;0,0;50,0;Подготовка;
20251208;22:12:11;-0,5;0,0;0,0;0,0;50,0;Подготовка;
20251208;22:12:16;-0,5;0,0;0,0;0,0;50,0;Подготовка;
20251208;22:12:21;-0,5;0,0;0,0;0,0;50,0;Подготовка;
20251208;22:12:26;-0,5;0,0;0,0;0,0;50,0;Подготовка;
20251208;22:12:31;-0,5;0,0;0,0;0,0;50,0;Подготовка;
20251208;22:12:36;-0,5;0,0;0,0;0,0;50,0;Подготовка;
20251208;22:12:41;-0,5;0,0;0,0;0,0;50,0;Подготовка;
20251208;22:12:46;-0,5;0,0;0,0;0,0;50,0;Подготовка;
20251208;22:12:51;-0,5;0,0;0,0;0,0;50,0;Подготовка;
20251208;22:12:56;-0,5;0,0;0,0;0,0;50,0;Подготовка;
20251208;22:13:01;-0,5;0,0;0,0;0,0;50,0;Подготовка;
20251208;22:13:06;-0,5;0,0;0,0;0,0;50,0;Подготовка;
20251208;22:13:11;-0,5;0,0;0,0;0,0;50,0;Подготовка;
20251208;22:13:16;-0,5;0,0;0,0;0,0;50,0;Подготовка;
20251208;22:13:21;-0,5;0,0;0,0;0,0;50,0;Подготовка;
20251208;22:13:26;-0,5;0,0;0,0;0,0;50,0;Подготовка;
20251208;22:13:31;-0,5;0,0;0,0;0,0;50,0;Подготовка;
20251208;22:13:36;-0,5;0,0;0,0;0,0;50,0;Подготовка;
20251208;22:13:41;-0,5;0,0;0,0;0,0;50,0;Подготовка;
20251208;22:13:46;-0,5;0,0;0,0;0,0;50,0;Подготовка;
20251208;22:13:51;-0,5;0,0;0,0;0,0;50,0;Подготовка;
20251208;22:13:56;-0,5;0,0;0,0;0,0;50,0;Подготовка;
20251208;22:14:01;-0,5;0,0;0,0;0,0;50,0;Подготовка;
20251208;22:14:06;-0,5;0,0;0,0;0,0;50,0;Подготовка;
20251208;22:14:11;-0,5;0,0;0,0;0,0;50,0;Подготовка;
20251208;22:14:17;-0,5;0,0;0,0;0,0;50,0;Подготовка;
20251208;22:14:22;-0,5;0,0;0,0;0,0;50,0;Подготовка;
20251208;22:14:27;-0,5;0,0;0,0;0,0;50,0;Подготовка;
20251208;22:14:32;-0,5;0,0;0,0;0,0;50,0;Подготовка;
20251208;22:14:37;-0,5;0,0;0,0;0,0;50,0;Подготовка;
20251208;22:14:42;-0,5;0,0;0,0;0,0;50,0;Подготовка;
20251208;22:14:47;-0,5;0,0;0,0;0,0;50,0;Подготовка;
20251208;22:14:52;-0,5;0,0;0,0;0,0;50,0;Подготовка;
20251208;22:14:57;-0,5;0,0;0,0;0,0;50,0;Подготовка;
20251208;22:15:02;-0,5;0,0;0,0;0,0;50,0;Подготовка;
20251208;22:15:07;-0,5;0,0;0,0;0,0;50,0;Подготовка;
20251208;22:15:12;-0,5;0,0;0,0;0,0;50,0;Подготовка;
20251208;22:15:17;-0,5;0,0;0,0;0,0;50,0;Подготовка;
20251208;22:15:22;-0,5;0,0;0,0;0,0;50,0;Подготовка;
20251208;22:15:27;-0,5;0,0;0,0;0,0;50,0;Подготовка;
20251208;22:15:32;-0,5;0,0;0,0;0,0;50,0;Подготовка;
20251208;22:15:37;-0,5;0,0;0,0;0,0;50,0;Подготовка;
20251208;22:15:42;-0,5;0,0;0,0;0,0;50,0;Подготовка;
20251208;22:15:47;-0,5;0,0;0,0;0,0;50,0;Подготовка;
20251208;22:15:52;-0,5;0,0;0,0;0,0;50,0;Подготовка;
20251208;22:15:57;-0,5;0,0;0,0;0,0;50,0;Подготовка;
20251208;22:16:02;-0,5;0,0;0,0;0,0;50,0;Подготовка;
20251208;22:16:07;-0,5;0,0;0,0;0,0;50,0;Подготовка;
20251208;22:16:12;-0,5;0,0;0,0;0,0;50,0;Подготовка;
20251208;22:16:17;-0,5;0,0;0,0;0,0;50,0;Подготовка;
20251208;22:16:23;-0,5;0,0;0,0;0,0;50,0;Подготовка;
20251208;22:16:28;-0,5;0,0;0,0;0,0;50,0;Подготовка;
20251208;22:16:33;-0,5;0,0;0,0;0,0;50,0;Подготовка;
20251208;22:16:38;-0,5;0,0;0,0;0,0;50,0;Подготовка;
20251208;22:16:43;-0,5;0,0;0,0;0,0;50,0;Подготовка;
20251208;22:16:48;-0,5;0,0;0,0;0,0;50,0;Подготовка;
20251208;22:16:53;-0,5;0,0;0,0;0,0;50,0;Подготовка;
20251208;22:16:58;-0,5;0,0;0,0;0,0;50,0;Подготовка;
20251208;22:17:03;-0,5;0,0;0,0;0,0;50,0;Подготовка;
20251208;22:17:08;-0,5;0,0;0,0;0,0;50,0;Подготовка;
20251208;22:17:13;-0,5;0,0;0,0;0,0;50,0;Подготовка;
20251208;22:17:18;-0,5;0,0;0,0;0,0;50,0;Подготовка;
20251208;22:17:23;-0,5;0,0;0,0;0,0;50,0;Подготовка;
20251208;22:17:28;-0,5;0,0;0,0;0,0;50,0;Подготовка;
20251208;22:17:33;-0,5;0,0;0,0;0,0;50,0;Подготовка;
20251208;22:17:38;-0,5;0,0;0,0;0,0;50,0;Подготовка;
20251208;22:17:43;-0,5;0,0;0,0;0,0;50,0;Подготовка;
20251208;22:17:48;-0,5;0,0;0,0;0,0;50,0;Подготовка;
20251208;22:17:53;-0,5;0,0;0,0;0,0;50,0;Подготовка;
20251208;22:17:58;-0,5;0,0;0,0;0,0;50,0;Подготовка;
20251208;22:18:03;-0,5;0,0;0,0;0,0;50,0;Подготовка;
20251208;22:18:08;-0,5;0,0;0,0;0,0;50,0;Подготовка;
20251208;22:18:13;-0,5;0,0;0,0;0,0;50,0;Подготовка;
20251208;22:18:18;-0,5;0,0;0,0;0,0;50,0;Подготовка;
20251208;22:18:23;-0,5;0,0;0,0;0,0;50,0;Подготовка;
20251208;22:18:29;-0,5;0,0;0,0;0,0;50,0;Подготовка;
20251208;22:18:34;-0,5;0,0;0,0;0,0;50,0;Подготовка;
20251208;22:18:39;-0,5;0,0;0,0;0,0;50,0;Подготовка;
20251208;22:18:44;-0,5;0,0;0,0;0,0;50,0;Подготовка;
20251208;22:18:49;-0,5;0,0;0,0;0,0;50,0;Подготовка;
20251208;22:18:54;-0,5;0,0;0,0;0,0;50,0;Подготовка;
20251208;22:18:59;-0,5;0,0;0,0;0,0;50,0;Подготовка;
20251208;22:19:04;-0,5;0,0;0,0;0,0;50,0;Подготовка;
20251208;22:19:09;-0,5;0,0;0,0;0,0;50,0;Подготовка;
20251208;22:19:14;-0,5;0,0;0,0;0,0;50,0;Подготовка;
20251208;22:19:19;-0,5;0,0;0,0;0,0;50,0;Подготовка;
20251208;22:19:24;-0,5;0,0;0,0;0,0;50,0;Подготовка;
20251208;22:19:29;-0,5;0,0;0,0;0,0;50,0;Подготовка;
20251208;22:19:34;-0,5;0,0;0,0;0,0;50,0;Подготовка;
20251208;22:19:39;-0,5;0,0;0,0;0,0;50,0;Подготовка;
20251208;22:19:44;-0,5;0,0;0,0;0,0;50,0;Подготовка;
20251208;22:19:49;-0,5;0,0;0,0;0,0;50,0;Подготовка;
20251208;22:19:54;-0,5;0,0;0,0;0,0;50,0;Подготовка;
20251208;22:19:59;-0,5;0,0;0,0;0,0;50,0;Подготовка;
20251208;22:20:04;-0,5;0,0;0,0;0,0;50,0;Подготовка;
20251208;22:20:09;-0,5;0,0;0,0;0,0;50,0;Подготовка;
20251208;22:20:14;-0,5;0,0;0,0;0,0;50,0;Подготовка;
20251208;22:20:19;-0,5;0,0;0,0;0,0;50,0;Подготовка;
20251208;22:20:24;-0,5;0,0;0,0;0,0;50,0;Подготовка;
20251208;22:20:29;-0,5;0,0;0,0;0,0;50,0;Подготовка;
20251208;22:20:35;-0,5;0,0;0,0;0,0;50,0;Подготовка;
20251208;22:20:40;-0,5;0,0;0,0;0,0;50,0;Подготовка;
20251208;22:20:45;-0,5;0,0;0,0;0,0;50,0;Подготовка;
20251208;22:20:50;-0,5;0,0;0,0;0,0;50,0;Подготовка;
20251208;22:20:55;-0,5;0,0;0,0;0,0;50,0;Подготовка;
20251208;22:21:00;-0,5;0,0;0,0;0,0;50,0;Подготовка;
20251208;22:21:05;-0,5;0,0;0,0;0,0;50,0;Подготовка;
20251208;22:21:10;-0,5;0,0;0,0;0,0;50,0;Подготовка;
20251208;22:21:15;-0,5;0,0;0,0;0,0;50,0;Подготовка;
20251208;22:21:20;-0,5;0,0;0,0;0,0;50,0;Подготовка;
20251208;22:21:25;-0,5;0,0;0,0;0,0;50,0;Подготовка;
20251208;22:21:30;-0,5;0,0;0,0;0,0;50,0;Подготовка;
20251208;22:21:35;-0,5;0,0;0,0;0,0;50,0;Подготовка;
20251208;22:21:40;-0,5;0,0;0,0;0,0;50,0;Подготовка;
20251208;22:21:45;-0,5;0,0;0,0;0,0;50,0;Подготовка;
20251208;22:21:50;-0,5;0,0;0,0;0,0;50,0;Подготовка;
20251208;22:21:55;-0,5;0,0;0,0;0,0;50,0;Подготовка;
20251208;22:22:00;-0,5;0,0;0,0;0,0;50,0;Подготовка;
20251208;22:22:05;-0,5;0,0;0,0;0,0;50,0;Подготовка;
20251208;22:22:10;-0,5;0,0;0,0;0,0;50,0;Подготовка;
20251208;22:22:15;-0,5;0,0;0,0;0,0;50,0;Подготовка;
20251208;22:22:20;-0,5;0,0;0,0;0,0;50,0;Подготовка;
20251208;22:22:25;-0,5;0,0;0,0;0,0;50,0;Подготовка;
20251208;22:22:30;-0,5;0,0;0,0;0,0;50,0;Подготовка;
20251208;22:22:35;-0,5;0,0;0,0;0,0;50,0;Подготовка;
20251208;22:22:41;-0,5;0,0;0,0;0,0;50,0;Подготовка;
20251208;22:22:46;-0,5;0,0;0,0;0,0;50,0;Подготовка;
20251208;22:22:51;-0,5;0,0;0,0;0,0;50,0;Подготовка;
20251208;22:22:56;-0,5;0,0;0,0;0,0;50,0;Подготовка;
20251208;22:23:01;-0,5;0,0;0,0;0,0;50,0;Подготовка;
20251208;22:23:06;-0,5;0,0;0,0;0,0;50,0;Подготовка;
20251208;22:23:11;-0,5;0,0;0,0;0,0;50,0;Подготовка;
20251208;22:23:16;-0,5;0,0;0,0;0,0;50,0;Подготовка;
20251208;22:23:21;-0,5;0,0;0,0;0,0;50,0;Подготовка;
20251208;22:23:26;-0,5;0,0;0,0;0,0;50,0;Подготовка;
20251208;22:23:31;-0,5;0,0;0,0;0,0;50,0;Подготовка;
20251208;22:23:36;-0,5;0,0;0,0;0,0;50,0;Подготовка;
20251208;22:23:41;-0,5;0,0;0,0;0,0;50,0;Подготовка;
20251208;22:23:46;-0,5;0,0;0,0;0,0;50,0;Подготовка;
20251208;22:23:51;-0,5;0,0;0,0;0,0;50,0;Подготовка;
20251208;22:23:56;-0,5;0,0;0,0;0,0;50,0;Подготовка;
20251208;22:24:01;-0,5;0,0;0,0;0,0;50,0;Подготовка;
20251208;22:24:06;-0,5;0,0;0,0;0,0;50,0;Подготовка;
20251208;22:24:11;-0,5;0,0;0,0;0,0;50,0;Подготовка;
20251208;22:24:16;-0,5;0,0;0,0;0,0;50,0;Подготовка;
20251208;22:24:21;-0,5;0,0;0,0;0,0;50,0;Подготовка;
20251208;22:24:26;-0,5;0,0;0,0;0,0;50,0;Подготовка;
20251208;22:24:31;-0,5;0,0;0,0;0,0;50,0;Подготовка;
20251208;22:24:36;-0,5;0,0;0,0;0,0;50,0;Подготовка;
20251208;22:24:41;-0,5;0,0;0,0;0,0;50,0;Подготовка;
20251208;22:24:47;-0,5;0,0;0,0;0,0;50,0;Подготовка;
20251208;22:24:52;-0,5;0,0;0,0;0,0;50,0;Подготовка;
20251208;22:24:57;-0,5;0,0;0,0;0,0;50,0;Подготовка;
20251208;22:25:02;-0,5;0,0;0,0;0,0;50,0;Подготовка;
20251208;22:25:07;-0,5;0,0;0,0;0,0;50,0;Подготовка;
20251208;22:25:12;-0,5;0,0;0,0;0,0;50,0;Подготовка;
20251208;22:25:17;-0,5;0,0;0,0;0,0;50,0;Подготовка;
20251208;22:25:22;-0,5;0,0;0,0;0,0;50,0;Подготовка;
20251208;22:25:27;-0,5;0,0;0,0;0,0;50,0;Подготовка;
20251208;22:25:32;-0,5;0,0;0,0;0,0;50,0;Подготовка;
20251208;22:25:37;-0,5;0,0;0,0;0,0;50,0;Подготовка;
20251208;22:25:42;-0,5;0,0;0,0;0,0;50,0;Подготовка;
20251208;22:25:47;-0,5;0,0;0,0;0,0;50,0;Подготовка;
20251208;22:25:52;-0,5;0,0;0,0;0,0;50,0;Подготовка;
20251208;22:25:57;-0,5;0,0;0,0;0,0;50,0;Подготовка;
20251208;22:26:02;-0,5;0,0;0,0;0,0;50,0;Подготовка;
20251208;22:26:07;-0,5;0,0;0,0;0,0;50,0;Подготовка;
20251208;22:26:12;-0,5;0,0;0,0;0,0;50,0;Подготовка;
20251208;22:26:17;-0,5;0,0;0,0;0,0;50,0;Подготовка;
20251208;22:26:22;-0,5;0,0;0,0;0,0;50,0;Подготовка;
20251208;22:26:27;-0,5;0,0;0,0;0,0;50,0;Подготовка;
20251208;22:26:32;-0,5;0,0;0,0;0,0;50,0;Подготовка;
20251208;22:26:37;-0,5;0,0;0,0;0,0;50,0;Подготовка;
20251208;22:26:42;-0,5;0,0;0,0;0,0;50,0;Подготовка;
20251208;22:26:47;-0,5;0,0;0,0;0,0;50,0;Подготовка;
20251208;22:26:53;-0,5;0,0;0,0;0,0;50,0;Подготовка;
20251208;22:26:58;-0,5;0,0;0,0;0,0;50,0;Подготовка;
20251208;22:27:03;-0,5;0,0;0,0;0,0;50,0;Подготовка;
20251208;22:27:08;-0,5;0,0;0,0;0,0;50,0;Подготовка;
20251208;22:27:13;-0,5;0,0;0,0;0,0;50,0;Подготовка;
20251208;22:27:18;-0,5;0,0;0,0;0,0;50,0;Подготовка;
20251208;22:27:23;-0,5;0,0;0,0;0,0;50,0;Подготовка;
20251208;22:27:28;-0,5;0,0;0,0;0,0;50,0;Подготовка;
20251208;22:27:33;-0,5;0,0;0,0;0,0;50,0;Подготовка;
20251208;22:27:38;-0,5;0,0;0,0;0,0;50,0;Подготовка;
20251208;22:27:43;-0,5;0,0;0,0;0,0;50,0;Подготовка;
20251208;22:27:48;-0,5;0,0;0,0;0,0;50,0;Подготовка;
20251208;22:27:53;-0,5;0,0;0,0;0,0;50,0;Подготовка;
20251208;22:27:58;-0,5;0,0;0,0;0,0;50,0;Подготовка;
20251208;22:28:03;-0,5;0,0;0,0;0,0;50,0;Подготовка;
20251208;22:28:08;-0,5;0,0;0,0;0,0;50,0;Подготовка;
20251208;22:28:13;-0,5;0,0;0,0;0,0;50,0;Подготовка;
20251208;22:28:18;-0,5;0,0;0,0;0,0;50,0;Подготовка;
20251208;22:28:23;-0,5;0,0;0,0;0,0;50,0;Подготовка;
20251208;22:28:28;-0,5;0,0;0,0;0,0;50,0;Подготовка;
20251208;22:28:33;-0,5;0,0;0,0;0,0;50,0;Подготовка;
20251208;22:28:38;-0,5;0,0;0,0;0,0;50,0;Подготовка;
20251208;22:28:43;-0,5;0,0;0,0;0,0;50,0;Подготовка;
20251208;22:28:48;-0,5;0,0;0,0;0,0;50,0;Подготовка;
20251208;22:28:53;-0,5;0,0;0,0;0,0;50,0;Подготовка;
20251208;22:28:59;-0,5;0,0;0,0;0,0;50,0;Подготовка;
20251208;22:29:04;-0,5;0,0;0,0;0,0;50,0;Подготовка;
20251208;22:29:09;-0,5;0,0;0,0;0,0;50,0;Подготовка;
20251208;22:29:14;-0,5;0,0;0,0;0,0;50,0;Подготовка;
20251208;22:29:19;-0,5;0,0;0,0;0,0;50,0;Подготовка;
20251208;22:29:24;-0,5;0,0;0,0;0,0;50,0;Подготовка;
20251208;22:29:29;-0,5;0,0;0,0;0,0;50,0;Подготовка;
20251208;22:29:34;-0,5;0,0;0,0;0,0;50,0;Подготовка;
20251208;22:29:39;-0,5;0,0;0,0;0,0;50,0;Подготовка;
20251208;22:29:44;-0,5;0,0;0,0;0,0;50,0;Подготовка;
20251208;22:29:49;-0,5;0,0;0,0;0,0;50,0;Подготовка;
20251208;22:29:54;-0,5;0,0;0,0;0,0;50,0;Подготовка;
20251208;22:29:59;-0,5;0,0;0,0;0,0;50,0;Подготовка;
20251208;22:30:04;-0,5;0,0;0,0;0,0;50,0;Подготовка;
20251208;22:30:09;-0,5;0,0;0,0;0,0;50,0;Подготовка;
20251208;22:30:14;-0,5;0,0;0,0;0,0;50,0;Подготовка;
20251208;22:30:19;-0,5;0,0;0,0;0,0;50,0;Подготовка;
20251208;22:30:24;-0,5;0,0;0,0;0,0;50,0;Подготовка;
20251208;22:30:29;-0,5;0,0;0,0;0,0;50,0;Подготовка;
20251208;22:30:34;-0,5;0,0;0,0;0,0;50,0;Подготовка;
20251208;22:30:39;-0,5;0,0;0,0;0,0;50,0;Подготовка;
20251208;22:30:44;-0,5;0,0;0,0;0,0;50,0;Подготовка;
20251208;22:30:49;-0,5;0,0;0,0;0,0;50,0;Подготовка;
20251208;22:30:54;-0,5;0,0;0,0;0,0;50,0;Подготовка;
20251208;22:30:59;-0,5;0,0;0,0;0,0;50,0;Подготовка;
20251208;22:31:05;-0,5;0,0;0,0;0,0;50,0;Подготовка;
20251208;22:31:10;-0,5;0,0;0,0;0,0;50,0;Подготовка;
20251208;22:31:15;-0,5;0,0;0,0;0,0;50,0;Подготовка;
20251208;22:31:20;-0,5;0,0;0,0;0,0;50,0;Подготовка;
20251208;22:31:25;-0,5;0,0;0,0;0,0;50,0;Подготовка;
20251208;22:31:30;-0,5;0,0;0,0;0,0;50,0;Подготовка;
20251208;22:31:35;-0,5;0,0;0,0;0,0;50,0;Подготовка;
20251208;22:31:40;-0,5;0,0;0,0;0,0;50,0;Подготовка;
20251208;22:31:45;-0,5;0,0;0,0;0,0;50,0;Подготовка;
20251208;22:31:50;-0,5;0,0;0,0;0,0;50,0;Подготовка;
20251208;22:31:55;-0,5;0,0;0,0;0,0;50,0;Подготовка;
20251208;22:32:00;-0,5;0,0;0,0;0,0;50,0;Подготовка;
20251208;22:32:05;-0,5;0,0;0,0;0,0;50,0;Подготовка;
20251208;22:32:10;-0,5;0,0;0,0;0,0;50,0;Подготовка;
20251208;22:32:15;-0,5;0,0;0,0;0,0;50,0;Подготовка;
20251208;22:32:20;-0,5;0,0;0,0;0,0;50,0;Подготовка;
20251208;22:32:25;-0,5;0,0;0,0;0,0;50,0;Подготовка;
20251208;22:32:30;-0,5;0,0;0,0;0,0;50,0;Подготовка;
20251208;22:32:35;-0,5;0,0;0,0;0,0;50,0;Подготовка;
20251208;22:32:40;-0,5;0,0;0,0;0,0;50,0;Подготовка;
Предприятие;
Объект;
Вид оборудования;
Дисп. наименование;
Тип;
Зав. номер;
Сер. номер;
Год выпуска;
Год ввода в эксплуатацию;
Дата отбора пробы;
Марка пробы;
Температура пробы;
DATE ;TIME ;TS_TEMP ;PROB_TEMP ;PROB_OTN_VL ;PROBE_VlAGOSOD ;SP ;STATUS ; 
20251208;22:32:57;-0,39;0,0;0,0;0,0;50,0;Включение;
20251208;22:33:02;-0,49;0,0;0,0;0,0;50,0;Включение;
20251208;22:33:07;-0,49;0,0;0,0;0,0;50,0;Подготовка;
20251208;22:33:12;-0,49;0,0;0,0;0,0;50,0;Подготовка;
20251208;22:33:17;-0,49;0,0;0,0;0,0;50,0;Подготовка;
20251208;22:33:22;-0,49;0,0;0,0;0,0;50,0;Подготовка;
20251208;22:33:27;-0,5;0,0;0,0;0,0;50,0;Подготовка;
20251208;22:33:32;-0,5;0,0;0,0;0,0;50,0;Подготовка;
20251208;22:33:37;-0,5;0,0;0,0;0,0;50,0;Подготовка;
20251208;22:33:42;-0,5;0,0;0,0;0,0;50,0;Подготовка;
20251208;22:33:47;-0,5;0,0;0,0;0,0;50,0;Подготовка;
20251208;22:33:52;-0,5;0,0;0,0;0,0;50,0;Подготовка;
20251208;22:33:58;-0,5;0,0;0,0;0,0;50,0;Подготовка;
20251208;22:34:03;-0,5;0,0;0,0;0,0;50,0;Подготовка;
20251208;22:34:08;-0,5;0,0;0,0;0,0;50,0;Подготовка;
20251208;22:34:13;-0,5;0,0;0,0;0,0;50,0;Подготовка;
20251208;22:34:18;-0,5;0,0;0,0;0,0;50,0;Подготовка;
20251208;22:34:23;-0,5;0,0;0,0;0,0;50,0;Подготовка;
20251208;22:34:28;-0,5;0,0;0,0;0,0;50,0;Подготовка;
20251208;22:34:33;-0,5;0,0;0,0;0,0;50,0;Подготовка;
20251208;22:34:38;-0,5;0,0;0,0;0,0;50,0;Подготовка;
20251208;22:34:43;-0,5;0,0;0,0;0,0;50,0;Подготовка;
20251208;22:34:48;-0,5;0,0;0,0;0,0;50,0;Подготовка;
20251208;22:34:53;-0,5;0,0;0,0;0,0;50,0;Подготовка;
20251208;22:34:58;-0,5;0,0;0,0;0,0;50,0;Подготовка;
20251208;22:35:03;-0,5;0,0;0,0;0,0;50,0;Подготовка;
20251208;22:35:08;-0,5;0,0;0,0;0,0;50,0;Подготовка;
20251208;22:35:13;-0,5;0,0;0,0;0,0;50,0;Подготовка;
20251208;22:35:18;-0,5;0,0;0,0;0,0;50,0;Подготовка;
20251208;22:35:23;-0,5;0,0;0,0;0,0;50,0;Подготовка;
20251208;22:35:28;-0,5;0,0;0,0;0,0;50,0;Подготовка;
20251208;22:35:33;-0,5;0,0;0,0;0,0;50,0;Подготовка;
20251208;22:35:38;-0,5;0,0;0,0;0,0;50,0;Подготовка;
20251208;22:35:43;-0,5;0,0;0,0;0,0;50,0;Подготовка;
20251208;22:35:48;-0,5;0,0;0,0;0,0;50,0;Подготовка;
20251208;22:35:53;-0,5;0,0;0,0;0,0;50,0;Подготовка;
20251208;22:35:58;-0,5;0,0;0,0;0,0;50,0;Подготовка;
20251208;22:36:04;-0,5;0,0;0,0;0,0;50,0;Подготовка;
20251208;22:36:09;-0,5;0,0;0,0;0,0;50,0;Подготовка;
20251208;22:36:14;-0,5;0,0;0,0;0,0;50,0;Подготовка;
20251208;22:36:19;-0,5;0,0;0,0;0,0;50,0;Подготовка;
20251208;22:36:24;-0,5;0,0;0,0;0,0;50,0;Подготовка;
20251208;22:36:29;-0,5;0,0;0,0;0,0;50,0;Подготовка;
20251208;22:36:34;-0,5;0,0;0,0;0,0;50,0;Подготовка;
20251208;22:36:39;-0,5;0,0;0,0;0,0;50,0;Подготовка;
20251208;22:36:44;-0,5;0,0;0,0;0,0;50,0;Подготовка;
20251208;22:36:49;-0,5;0,0;0,0;0,0;50,0;Подготовка;
20251208;22:36:54;-0,5;0,0;0,0;0,0;50,0;Подготовка;
20251208;22:36:59;-0,5;0,0;0,0;0,0;50,0;Подготовка;
20251208;22:37:04;-0,5;0,0;0,0;0,0;50,0;Подготовка;
20251208;22:37:09;-0,5;0,0;0,0;0,0;50,0;Подготовка;
20251208;22:37:14;-0,5;0,0;0,0;0,0;50,0;Подготовка;
20251208;22:37:19;-0,5;0,0;0,0;0,0;50,0;Подготовка;
20251208;22:37:24;-0,5;0,0;0,0;0,0;50,0;Подготовка;
20251208;22:37:29;-0,5;0,0;0,0;0,0;50,0;Подготовка;
20251208;22:37:34;-0,5;0,0;0,0;0,0;50,0;Подготовка;
20251208;22:37:39;-0,5;0,0;0,0;0,0;50,0;Подготовка;
20251208;22:37:44;-0,5;0,0;0,0;0,0;50,0;Подготовка;
20251208;22:37:49;-0,5;0,0;0,0;0,0;50,0;Подготовка;
20251208;22:37:54;-0,5;0,0;0,0;0,0;50,0;Подготовка;
20251208;22:37:59;-0,5;0,0;0,0;0,0;50,0;Подготовка;
20251208;22:38:04;-0,5;0,0;0,0;0,0;50,0;Подготовка;
20251208;22:38:10;-0,5;0,0;0,0;0,0;50,0;Подготовка;
20251208;22:38:15;-0,5;0,0;0,0;0,0;50,0;Подготовка;
20251208;22:38:20;-0,5;0,0;0,0;0,0;50,0;Подготовка;
20251208;22:38:25;-0,5;0,0;0,0;0,0;50,0;Подготовка;
20251208;22:38:30;-0,5;0,0;0,0;0,0;50,0;Подготовка;
20251208;22:38:35;-0,5;0,0;0,0;0,0;50,0;Подготовка;
20251208;22:38:40;-0,5;0,0;0,0;0,0;50,0;Подготовка;
20251208;22:38:45;-0,5;0,0;0,0;0,0;50,0;Подготовка;
20251208;22:38:50;-0,5;0,0;0,0;0,0;50,0;Подготовка;
20251208;22:38:55;-0,5;0,0;0,0;0,0;50,0;Подготовка;
20251208;22:39:00;-0,5;0,0;0,0;0,0;50,0;Подготовка;
20251208;22:39:05;-0,5;0,0;0,0;0,0;50,0;Подготовка;
20251208;22:39:10;-0,5;0,0;0,0;0,0;50,0;Подготовка;
20251208;22:39:15;-0,5;0,0;0,0;0,0;50,0;Подготовка;
20251208;22:39:20;-0,5;0,0;0,0;0,0;50,0;Подготовка;
20251208;22:39:25;-0,5;0,0;0,0;0,0;50,0;Подготовка;
20251208;22:39:30;-0,5;0,0;0,0;0,0;50,0;Подготовка;
20251208;22:39:35;-0,5;0,0;0,0;0,0;50,0;Подготовка;
20251208;22:39:40;-0,5;0,0;0,0;0,0;50,0;Подготовка;
20251208;22:39:45;-0,5;0,0;0,0;0,0;50,0;Подготовка;
20251208;22:39:50;-0,5;0,0;0,0;0,0;50,0;Подготовка;
20251208;22:39:55;-0,5;0,0;0,0;0,0;50,0;Подготовка;
20251208;22:40:00;-0,5;0,0;0,0;0,0;50,0;Подготовка;
20251208;22:40:05;-0,5;0,0;0,0;0,0;50,0;Подготовка;
20251208;22:40:10;-0,5;0,0;0,0;0,0;50,0;Подготовка;
20251208;22:40:16;-0,5;0,0;0,0;0,0;50,0;Подготовка;
20251208;22:40:21;-0,5;0,0;0,0;0,0;50,0;Подготовка;
20251208;22:40:26;-0,5;0,0;0,0;0,0;50,0;Подготовка;
20251208;22:40:31;-0,5;0,0;0,0;0,0;50,0;Подготовка;
20251208;22:40:36;-0,5;0,0;0,0;0,0;50,0;Подготовка;
20251208;22:40:41;-0,5;0,0;0,0;0,0;50,0;Подготовка;
20251208;22:40:46;-0,5;0,0;0,0;0,0;50,0;Подготовка;
20251208;22:40:51;-0,5;0,0;0,0;0,0;50,0;Подготовка;
20251208;22:40:56;-0,5;0,0;0,0;0,0;50,0;Подготовка;
20251208;22:41:01;-0,5;0,0;0,0;0,0;50,0;Подготовка;
20251208;22:41:06;-0,5;0,0;0,0;0,0;50,0;Подготовка;
20251208;22:41:11;-0,5;0,0;0,0;0,0;50,0;Подготовка;
20251208;22:41:16;-0,5;0,0;0,0;0,0;50,0;Подготовка;
20251208;22:41:21;-0,5;0,0;0,0;0,0;50,0;Подготовка;
20251208;22:41:26;-0,5;0,0;0,0;0,0;50,0;Подготовка;
20251208;22:41:31;-0,5;0,0;0,0;0,0;50,0;Подготовка;
20251208;22:41:36;-0,5;0,0;0,0;0,0;50,0;Подготовка;
20251208;22:41:41;-0,5;0,0;0,0;0,0;50,0;Подготовка;
20251208;22:41:46;-0,5;0,0;0,0;0,0;50,0;Подготовка;
20251208;22:41:51;-0,5;0,0;0,0;0,0;50,0;Подготовка;
20251208;22:41:56;-0,5;0,0;0,0;0,0;50,0;Подготовка;
20251208;22:42:01;-0,5;0,0;0,0;0,0;50,0;Подготовка;
20251208;22:42:06;-0,5;0,0;0,0;0,0;50,0;Подготовка;
20251208;22:42:11;-0,5;0,0;0,0;0,0;50,0;Подготовка;
20251208;22:42:16;-0,5;0,0;0,0;0,0;50,0;Подготовка;
20251208;22:42:22;-0,5;0,0;0,0;0,0;50,0;Подготовка;
20251208;22:42:27;-0,5;0,0;0,0;0,0;50,0;Подготовка;
20251208;22:42:32;-0,5;0,0;0,0;0,0;50,0;Подготовка;
20251208;22:42:37;-0,5;0,0;0,0;0,0;50,0;Подготовка;
20251208;22:42:42;-0,5;0,0;0,0;0,0;50,0;Подготовка;
20251208;22:42:47;-0,5;0,0;0,0;0,0;50,0;Подготовка;
20251208;22:42:52;-0,5;0,0;0,0;0,0;50,0;Подготовка;
20251208;22:42:57;-0,5;0,0;0,0;0,0;50,0;Подготовка;
20251208;22:43:02;-0,5;0,0;0,0;0,0;50,0;Подготовка;
20251208;22:43:07;-0,5;0,0;0,0;0,0;50,0;Подготовка;
20251208;22:43:12;-0,5;0,0;0,0;0,0;50,0;Подготовка;
20251208;22:43:17;-0,5;0,0;0,0;0,0;50,0;Подготовка;
20251208;22:43:22;-0,5;0,0;0,0;0,0;50,0;Подготовка;
20251208;22:43:27;-0,5;0,0;0,0;0,0;50,0;Подготовка;
20251208;22:43:32;-0,5;0,0;0,0;0,0;50,0;Подготовка;
20251208;22:43:37;-0,5;0,0;0,0;0,0;50,0;Подготовка;
20251208;22:43:42;-0,5;0,0;0,0;0,0;50,0;Подготовка;
20251208;22:43:47;-0,5;0,0;0,0;0,0;50,0;Подготовка;
20251208;22:43:52;-0,5;0,0;0,0;0,0;50,0;Подготовка;
20251208;22:43:57;-0,5;0,0;0,0;0,0;50,0;Подготовка;
20251208;22:44:02;-0,5;0,0;0,0;0,0;50,0;Подготовка;
20251208;22:44:07;-0,5;0,0;0,0;0,0;50,0;Подготовка;
20251208;22:44:12;-0,5;0,0;0,0;0,0;50,0;Подготовка;
20251208;22:44:17;-0,5;0,0;0,0;0,0;50,0;Подготовка;
20251208;22:44:22;-0,5;0,0;0,0;0,0;50,0;Подготовка;
20251208;22:44:28;-0,5;0,0;0,0;0,0;50,0;Подготовка;
20251208;22:44:33;-0,5;0,0;0,0;0,0;50,0;Подготовка;
20251208;22:44:38;-0,5;0,0;0,0;0,0;50,0;Подготовка;
20251208;22:44:43;-0,5;0,0;0,0;0,0;50,0;Подготовка;
20251208;22:44:48;-0,5;0,0;0,0;0,0;50,0;Подготовка;
20251208;22:44:53;-0,5;0,0;0,0;0,0;50,0;Подготовка;
20251208;22:44:58;-0,5;0,0;0,0;0,0;50,0;Подготовка;
20251208;22:45:03;-0,5;0,0;0,0;0,0;50,0;Подготовка;
20251208;22:45:08;-0,5;0,0;0,0;0,0;50,0;Подготовка;
20251208;22:45:13;-0,5;0,0;0,0;0,0;50,0;Подготовка;
20251208;22:45:18;-0,5;0,0;0,0;0,0;50,0;Подготовка;
20251208;22:45:23;-0,5;0,0;0,0;0,0;50,0;Подготовка;
20251208;22:45:28;-0,5;0,0;0,0;0,0;50,0;Подготовка;
20251208;22:45:33;-0,5;0,0;0,0;0,0;50,0;Подготовка;
20251208;22:45:38;-0,5;0,0;0,0;0,0;50,0;Подготовка;
20251208;22:45:43;-0,5;0,0;0,0;0,0;50,0;Подготовка;
20251208;22:45:48;-0,5;0,0;0,0;0,0;50,0;Подготовка;
20251208;22:45:53;-0,5;0,0;0,0;0,0;50,0;Подготовка;
20251208;22:45:58;-0,5;0,0;0,0;0,0;50,0;Подготовка;
20251208;22:46:03;-0,5;0,0;0,0;0,0;50,0;Подготовка;
20251208;22:46:08;-0,5;0,0;0,0;0,0;50,0;Подготовка;
20251208;22:46:13;-0,5;0,0;0,0;0,0;50,0;Подготовка;
20251208;22:46:18;-0,5;0,0;0,0;0,0;50,0;Подготовка;
20251208;22:46:23;-0,5;0,0;0,0;0,0;50,0;Подготовка;
20251208;22:46:28;-0,5;0,0;0,0;0,0;50,0;Подготовка;
20251208;22:46:34;-0,5;0,0;0,0;0,0;50,0;Подготовка;
20251208;22:46:39;-0,5;0,0;0,0;0,0;50,0;Подготовка;
20251208;22:46:44;-0,5;0,0;0,0;0,0;50,0;Подготовка;
20251208;22:46:49;-0,5;0,0;0,0;0,0;50,0;Подготовка;
20251208;22:46:54;-0,5;0,0;0,0;0,0;50,0;Подготовка;
20251208;22:46:59;-0,5;0,0;0,0;0,0;50,0;Подготовка;
20251208;22:47:04;-0,5;0,0;0,0;0,0;50,0;Подготовка;
20251208;22:47:09;-0,5;0,0;0,0;0,0;50,0;Подготовка;
20251208;22:47:14;-0,5;0,0;0,0;0,0;50,0;Подготовка;
20251208;22:47:19;-0,5;0,0;0,0;0,0;50,0;Подготовка;
20251208;22:47:24;-0,5;0,0;0,0;0,0;50,0;Подготовка;
20251208;22:47:29;-0,5;0,0;0,0;0,0;50,0;Подготовка;
20251208;22:47:34;-0,5;0,0;0,0;0,0;50,0;Подготовка;
20251208;22:47:39;-0,5;0,0;0,0;0,0;50,0;Подготовка;
20251208;22:47:44;-0,5;0,0;0,0;0,0;50,0;Подготовка;
20251208;22:47:49;-0,5;0,0;0,0;0,0;50,0;Подготовка;
20251208;22:47:54;-0,5;0,0;0,0;0,0;50,0;Подготовка;
20251208;22:47:59;-0,5;0,0;0,0;0,0;50,0;Подготовка;
20251208;22:48:04;-0,5;0,0;0,0;0,0;50,0;Подготовка;
20251208;22:48:09;-0,5;0,0;0,0;0,0;50,0;Подготовка;
20251208;22:48:14;-0,5;0,0;0,0;0,0;50,0;Подготовка;
20251208;22:48:19;-0,5;0,0;0,0;0,0;50,0;Подготовка;
20251208;22:48:24;-0,5;0,0;0,0;0,0;50,0;Подготовка;
20251208;22:48:29;-0,5;0,0;0,0;0,0;50,0;Подготовка;
20251208;22:48:34;-0,5;0,0;0,0;0,0;50,0;Подготовка;
20251208;22:48:40;-0,5;0,0;0,0;0,0;50,0;Подготовка;
20251208;22:48:45;-0,5;0,0;0,0;0,0;50,0;Подготовка;
20251208;22:48:50;-0,5;0,0;0,0;0,0;50,0;Подготовка;
20251208;22:48:55;-0,5;0,0;0,0;0,0;50,0;Подготовка;
20251208;22:49:00;-0,5;0,0;0,0;0,0;50,0;Подготовка;
20251208;22:49:05;-0,5;0,0;0,0;0,0;50,0;Подготовка;
20251208;22:49:10;-0,5;0,0;0,0;0,0;50,0;Подготовка;
20251208;22:49:15;-0,5;0,0;0,0;0,0;50,0;Подготовка;
20251208;22:49:20;-0,5;0,0;0,0;0,0;50,0;Подготовка;
20251208;22:49:25;-0,5;0,0;0,0;0,0;50,0;Подготовка;
20251208;22:49:30;-0,5;0,0;0,0;0,0;50,0;Подготовка;
20251208;22:49:35;-0,5;0,0;0,0;0,0;50,0;Подготовка;
20251208;22:49:40;-0,5;0,0;0,0;0,0;50,0;Подготовка;
20251208;22:49:45;-0,5;0,0;0,0;0,0;50,0;Подготовка;
20251208;22:49:50;-0,5;0,0;0,0;0,0;50,0;Подготовка;
20251208;22:49:55;-0,5;0,0;0,0;0,0;50,0;Подготовка;
20251208;22:50:00;-0,5;0,0;0,0;0,0;50,0;Подготовка;
20251208;22:50:05;-0,5;0,0;0,0;0,0;50,0;Подготовка;
20251208;22:50:10;-0,5;0,0;0,0;0,0;50,0;Подготовка;
20251208;22:50:15;-0,5;0,0;0,0;0,0;50,0;Подготовка;
20251208;22:50:20;-0,5;0,0;0,0;0,0;50,0;Подготовка;
20251208;22:50:25;-0,5;0,0;0,0;0,0;50,0;Подготовка;
20251208;22:50:30;-0,5;0,0;0,0;0,0;50,0;Подготовка;
20251208;22:50:35;-0,5;0,0;0,0;0,0;50,0;Подготовка;
20251208;22:50:40;-0,5;0,0;0,0;0,0;50,0;Подготовка;
20251208;22:50:46;-0,5;0,0;0,0;0,0;50,0;Подготовка;
20251208;22:50:51;-0,5;0,0;0,0;0,0;50,0;Подготовка;
20251208;22:50:56;-0,5;0,0;0,0;0,0;50,0;Подготовка;
20251208;22:51:01;-0,5;0,0;0,0;0,0;50,0;Подготовка;
20251208;22:51:06;-0,5;0,0;0,0;0,0;50,0;Подготовка;
20251208;22:51:11;-0,5;0,0;0,0;0,0;50,0;Подготовка;
20251208;22:51:16;-0,5;0,0;0,0;0,0;50,0;Подготовка;
20251208;22:51:21;-0,5;0,0;0,0;0,0;50,0;Подготовка;
20251208;22:51:26;-0,5;0,0;0,0;0,0;50,0;Подготовка;
20251208;22:51:31;-0,5;0,0;0,0;0,0;50,0;Подготовка;
20251208;22:51:36;-0,5;0,0;0,0;0,0;50,0;Подготовка;
20251208;22:51:41;-0,5;0,0;0,0;0,0;50,0;Подготовка;
20251208;22:51:46;-0,5;0,0;0,0;0,0;50,0;Подготовка;
20251208;22:51:51;-0,5;0,0;0,0;0,0;50,0;Подготовка;
20251208;22:51:56;-0,5;0,0;0,0;0,0;50,0;Подготовка;
20251208;22:52:01;-0,5;0,0;0,0;0,0;50,0;Подготовка;
20251208;22:52:06;-0,5;0,0;0,0;0,0;50,0;Подготовка;
20251208;22:52:11;-0,5;0,0;0,0;0,0;50,0;Подготовка;
20251208;22:52:16;-0,5;0,0;0,0;0,0;50,0;Подготовка;
20251208;22:52:21;-0,5;0,0;0,0;0,0;50,0;Подготовка;
20251208;22:52:26;-0,5;0,0;0,0;0,0;50,0;Подготовка;
20251208;22:52:31;-0,5;0,0;0,0;0,0;50,0;Подготовка;
20251208;22:52:36;-0,5;0,0;0,0;0,0;50,0;Подготовка;
20251208;22:52:41;-0,5;0,0;0,0;0,0;50,0;Подготовка;
20251208;22:52:46;-0,5;0,0;0,0;0,0;50,0;Подготовка;
20251208;22:52:52;-0,5;0,0;0,0;0,0;50,0;Подготовка;
20251208;22:52:57;-0,5;0,0;0,0;0,0;50,0;Подготовка;
20251208;22:53:02;-0,5;0,0;0,0;0,0;50,0;Подготовка;
20251208;22:53:07;-0,5;0,0;0,0;0,0;50,0;Подготовка;
20251208;22:53:12;-0,5;0,0;0,0;0,0;50,0;Подготовка;
20251208;22:53:17;-0,5;0,0;0,0;0,0;50,0;Подготовка;
20251208;22:53:22;-0,5;0,0;0,0;0,0;50,0;Подготовка;
20251208;22:53:27;-0,5;0,0;0,0;0,0;50,0;Подготовка;
20251208;22:53:32;-0,5;0,0;0,0;0,0;50,0;Подготовка;
20251208;22:53:37;-0,5;0,0;0,0;0,0;50,0;Подготовка;
20251208;22:53:42;-0,5;0,0;0,0;0,0;50,0;Подготовка;
20251208;22:53:47;-0,5;0,0;0,0;0,0;50,0;Подготовка;
20251208;22:53:52;-0,5;0,0;0,0;0,0;50,0;Подготовка;
20251208;22:53:57;-0,5;0,0;0,0;0,0;50,0;Подготовка;
20251208;22:54:02;-0,5;0,0;0,0;0,0;50,0;Подготовка;
20251208;22:54:07;-0,5;0,0;0,0;0,0;50,0;Подготовка;
20251208;22:54:12;-0,5;0,0;0,0;0,0;50,0;Подготовка;
20251208;22:54:17;-0,5;0,0;0,0;0,0;50,0;Подготовка;
20251208;22:54:22;-0,5;0,0;0,0;0,0;50,0;Подготовка;
20251208;22:54:27;-0,5;0,0;0,0;0,0;50,0;Подготовка;
20251208;22:54:32;-0,5;0,0;0,0;0,0;50,0;Подготовка;
20251208;22:54:37;-0,5;0,0;0,0;0,0;50,0;Подготовка;
20251208;22:54:42;-0,5;0,0;0,0;0,0;50,0;Подготовка;
20251208;22:54:47;-0,5;0,0;0,0;0,0;50,0;Подготовка;
20251208;22:54:52;-0,5;0,0;0,0;0,0;50,0;Подготовка;
20251208;22:54:58;-0,5;0,0;0,0;0,0;50,0;Подготовка;
20251208;22:55:03;-0,5;0,0;0,0;0,0;50,0;Подготовка;
20251208;22:55:08;-0,5;0,0;0,0;0,0;50,0;Подготовка;
20251208;22:55:13;-0,5;0,0;0,0;0,0;50,0;Подготовка;
20251208;22:55:18;-0,5;0,0;0,0;0,0;50,0;Подготовка;
20251208;22:55:23;-0,5;0,0;0,0;0,0;50,0;Подготовка;
20251208;22:55:28;-0,5;0,0;0,0;0,0;50,0;Подготовка;
20251208;22:55:33;-0,5;0,0;0,0;0,0;50,0;Подготовка;
20251208;22:55:38;-0,5;0,0;0,0;0,0;50,0;Подготовка;
20251208;22:55:43;-0,5;0,0;0,0;0,0;50,0;Подготовка;
20251208;22:55:48;-0,5;0,0;0,0;0,0;50,0;Подготовка;
20251208;22:55:53;-0,5;0,0;0,0;0,0;50,0;Подготовка;
20251208;22:55:58;-0,5;0,0;0,0;0,0;50,0;Подготовка;
20251208;22:56:03;-0,5;0,0;0,0;0,0;50,0;Подготовка;
20251208;22:56:08;-0,5;0,0;0,0;0,0;50,0;Подготовка;
20251208;22:56:13;-0,5;0,0;0,0;0,0;50,0;Подготовка;
20251208;22:56:18;-0,5;0,0;0,0;0,0;50,0;Подготовка;
20251208;22:56:23;-0,5;0,0;0,0;0,0;50,0;Подготовка;
20251208;22:56:28;-0,5;0,0;0,0;0,0;50,0;Подготовка;
20251208;22:56:33;-0,5;0,0;0,0;0,0;50,0;Подготовка;
20251208;22:56:38;-0,5;0,0;0,0;0,0;50,0;Подготовка;
20251208;22:56:43;-0,5;0,0;0,0;0,0;50,0;Подготовка;
20251208;22:56:48;-0,5;0,0;0,0;0,0;50,0;Подготовка;
20251208;22:56:53;-0,5;0,0;0,0;0,0;50,0;Подготовка;
20251208;22:56:58;-0,5;0,0;0,0;0,0;50,0;Подготовка;
20251208;22:57:04;-0,5;0,0;0,0;0,0;50,0;Подготовка;
20251208;22:57:09;-0,5;0,0;0,0;0,0;50,0;Подготовка;
20251208;22:57:14;-0,5;0,0;0,0;0,0;50,0;Подготовка;
20251208;22:57:19;-0,5;0,0;0,0;0,0;50,0;Подготовка;
20251208;22:57:24;-0,5;0,0;0,0;0,0;50,0;Подготовка;
20251208;22:57:29;-0,5;0,0;0,0;0,0;50,0;Подготовка;
20251208;22:57:34;-0,5;0,0;0,0;0,0;50,0;Подготовка;
20251208;22:57:39;-0,5;0,0;0,0;0,0;50,0;Подготовка;
20251208;22:57:44;-0,5;0,0;0,0;0,0;50,0;Подготовка;
20251208;22:57:49;-0,5;0,0;0,0;0,0;50,0;Подготовка;
20251208;22:57:54;-0,5;0,0;0,0;0,0;50,0;Подготовка;
20251208;22:57:59;-0,5;0,0;0,0;0,0;50,0;Подготовка;
20251208;22:58:04;-0,5;0,0;0,0;0,0;50,0;Подготовка;
20251208;22:58:09;-0,5;0,0;0,0;0,0;50,0;Подготовка;
20251208;22:58:14;-0,5;0,0;0,0;0,0;50,0;Подготовка;
20251208;22:58:19;-0,5;0,0;0,0;0,0;50,0;Подготовка;
20251208;22:58:24;-0,5;0,0;0,0;0,0;50,0;Подготовка;
20251208;22:58:29;-0,5;0,0;0,0;0,0;50,0;Подготовка;
20251208;22:58:34;-0,5;0,0;0,0;0,0;50,0;Подготовка;
20251208;22:58:39;-0,5;0,0;0,0;0,0;50,0;Подготовка;
20251208;22:58:44;-0,5;0,0;0,0;0,0;50,0;Подготовка;
20251208;22:58:49;-0,5;0,0;0,0;0,0;50,0;Подготовка;
20251208;22:58:54;-0,5;0,0;0,0;0,0;50,0;Подготовка;
20251208;22:58:59;-0,5;0,0;0,0;0,0;50,0;Подготовка;
20251208;22:59:04;-0,5;0,0;0,0;0,0;50,0;Подготовка;
20251208;22:59:10;-0,5;0,0;0,0;0,0;50,0;Подготовка;
20251208;22:59:15;-0,5;0,0;0,0;0,0;50,0;Подготовка;
20251208;22:59:20;-0,5;0,0;0,0;0,0;50,0;Подготовка;
20251208;22:59:25;-0,5;0,0;0,0;0,0;50,0;Подготовка;
20251208;22:59:30;-0,5;0,0;0,0;0,0;50,0;Подготовка;
20251208;22:59:35;-0,5;0,0;0,0;0,0;50,0;Подготовка;
20251208;22:59:40;-0,5;0,0;0,0;0,0;50,0;Подготовка;
20251208;22:59:45;-0,5;0,0;0,0;0,0;50,0;Подготовка;
20251208;22:59:50;-0,5;0,0;0,0;0,0;50,0;Подготовка;
20251208;22:59:55;-0,5;0,0;0,0;0,0;50,0;Подготовка;
20251208;23:00:00;-0,5;0,0;0,0;0,0;50,0;Подготовка;
20251208;23:00:05;-0,5;0,0;0,0;0,0;50,0;Подготовка;
20251208;23:00:10;-0,5;0,0;0,0;0,0;50,0;Подготовка;
20251208;23:00:15;-0,5;0,0;0,0;0,0;50,0;Подготовка;
20251208;23:00:20;-0,5;0,0;0,0;0,0;50,0;Подготовка;
20251208;23:00:25;-0,5;0,0;0,0;0,0;50,0;Подготовка;
20251208;23:00:30;-0,5;0,0;0,0;0,0;50,0;Подготовка;
20251208;23:00:35;-0,5;0,0;0,0;0,0;50,0;Подготовка;
20251208;23:00:40;-0,5;0,0;0,0;0,0;50,0;Подготовка;
20251208;23:00:45;-0,5;0,0;0,0;0,0;50,0;Подготовка;
20251208;23:00:50;-0,5;0,0;0,0;0,0;50,0;Подготовка;
20251208;23:00:55;-0,5;0,0;0,0;0,0;50,0;Подготовка;
20251208;23:01:00;-0,5;0,0;0,0;0,0;50,0;Подготовка;
20251208;23:01:05;-0,5;0,0;0,0;0,0;50,0;Подготовка;
20251208;23:01:10;-0,5;0,0;0,0;0,0;50,0;Подготовка;
20251208;23:01:16;-0,5;0,0;0,0;0,0;50,0;Подготовка;
20251208;23:01:21;-0,5;0,0;0,0;0,0;50,0;Подготовка;
20251208;23:01:26;-0,5;0,0;0,0;0,0;50,0;Подготовка;
20251208;23:01:31;-0,5;0,0;0,0;0,0;50,0;Подготовка;
20251208;23:01:36;-0,5;0,0;0,0;0,0;50,0;Подготовка;
20251208;23:01:41;-0,5;0,0;0,0;0,0;50,0;Подготовка;
20251208;23:01:46;-0,5;0,0;0,0;0,0;50,0;Подготовка;
20251208;23:01:51;-0,5;0,0;0,0;0,0;50,0;Подготовка;
20251208;23:01:56;-0,5;0,0;0,0;0,0;50,0;Подготовка;
20251208;23:02:01;-0,5;0,0;0,0;0,0;50,0;Подготовка;
20251208;23:02:06;-0,5;0,0;0,0;0,0;50,0;Подготовка;
20251208;23:02:11;-0,5;0,0;0,0;0,0;50,0;Подготовка;
20251208;23:02:16;-0,5;0,0;0,0;0,0;50,0;Подготовка;
20251208;23:02:21;-0,5;0,0;0,0;0,0;50,0;Подготовка;
20251208;23:02:26;-0,5;0,0;0,0;0,0;50,0;Подготовка;
20251208;23:02:31;-0,5;0,0;0,0;0,0;50,0;Подготовка;
20251208;23:02:36;-0,5;0,0;0,0;0,0;50,0;Подготовка;
20251208;23:02:41;-0,5;0,0;0,0;0,0;50,0;Подготовка;
20251208;23:02:46;-0,5;0,0;0,0;0,0;50,0;Подготовка;
20251208;23:02:51;-0,5;0,0;0,0;0,0;50,0;Подготовка;
20251208;23:02:56;-0,5;0,0;0,0;0,0;50,0;Подготовка;
20251208;23:03:01;-0,5;0,0;0,0;0,0;50,0;Подготовка;
20251208;23:03:06;-0,5;0,0;0,0;0,0;50,0;Подготовка;
20251208;23:03:11;-0,5;0,0;0,0;0,0;50,0;Подготовка;
20251208;23:03:16;-0,5;0,0;0,0;0,0;50,0;Подготовка;
20251208;23:03:22;-0,5;0,0;0,0;0,0;50,0;Подготовка;
20251208;23:03:27;-0,5;0,0;0,0;0,0;50,0;Подготовка;
20251208;23:03:32;-0,5;0,0;0,0;0,0;50,0;Подготовка;
20251208;23:03:37;-0,5;0,0;0,0;0,0;50,0;Подготовка;
20251208;23:03:42;-0,5;0,0;0,0;0,0;50,0;Подготовка;
20251208;23:03:47;-0,5;0,0;0,0;0,0;50,0;Подготовка;
20251208;23:03:52;-0,5;0,0;0,0;0,0;50,0;Подготовка;
20251208;23:03:57;-0,5;0,0;0,0;0,0;50,0;Подготовка;
20251208;23:04:02;-0,5;0,0;0,0;0,0;50,0;Подготовка;
20251208;23:04:07;-0,5;0,0;0,0;0,0;50,0;Подготовка;
20251208;23:04:12;-0,5;0,0;0,0;0,0;50,0;Подготовка;
20251208;23:04:17;-0,5;0,0;0,0;0,0;50,0;Подготовка;
20251208;23:04:22;-0,5;0,0;0,0;0,0;50,0;Подготовка;
20251208;23:04:27;-0,5;0,0;0,0;0,0;50,0;Подготовка;
20251208;23:04:32;-0,5;0,0;0,0;0,0;50,0;Подготовка;
20251208;23:04:37;-0,5;0,0;0,0;0,0;50,0;Подготовка;
20251208;23:04:42;-0,5;0,0;0,0;0,0;50,0;Подготовка;
20251208;23:04:47;-0,5;0,0;0,0;0,0;50,0;Подготовка;
20251208;23:04:52;-0,5;0,0;0,0;0,0;50,0;Подготовка;
20251208;23:04:57;-0,5;0,0;0,0;0,0;50,0;Подготовка;
20251208;23:05:02;-0,5;0,0;0,0;0,0;50,0;Подготовка;
20251208;23:05:07;-0,5;0,0;0,0;0,0;50,0;Подготовка;
20251208;23:05:12;-0,5;0,0;0,0;0,0;50,0;Подготовка;
20251208;23:05:17;-0,5;0,0;0,0;0,0;50,0;Подготовка;
20251208;23:05:22;-0,5;0,0;0,0;0,0;50,0;Подготовка;
20251208;23:05:28;-0,5;0,0;0,0;0,0;50,0;Подготовка;
20251208;23:05:33;-0,5;0,0;0,0;0,0;50,0;Подготовка;
20251208;23:05:38;-0,5;0,0;0,0;0,0;50,0;Подготовка;
20251208;23:05:43;-0,5;0,0;0,0;0,0;50,0;Подготовка;
20251208;23:05:48;-0,5;0,0;0,0;0,0;50,0;Подготовка;
20251208;23:05:53;-0,5;0,0;0,0;0,0;50,0;Подготовка;
20251208;23:05:58;-0,5;0,0;0,0;0,0;50,0;Подготовка;
20251208;23:06:03;-0,5;0,0;0,0;0,0;50,0;Подготовка;
20251208;23:06:08;-0,5;0,0;0,0;0,0;50,0;Подготовка;
20251208;23:06:13;-0,5;0,0;0,0;0,0;50,0;Подготовка;
20251208;23:06:18;-0,5;0,0;0,0;0,0;50,0;Подготовка;
20251208;23:06:23;-0,5;0,0;0,0;0,0;50,0;Подготовка;
20251208;23:06:28;-0,5;0,0;0,0;0,0;50,0;Подготовка;
20251208;23:06:33;-0,5;0,0;0,0;0,0;50,0;Подготовка;
20251208;23:06:38;-0,5;0,0;0,0;0,0;50,0;Подготовка;
20251208;23:06:43;-0,5;0,0;0,0;0,0;50,0;Подготовка;
20251208;23:06:48;-0,5;0,0;0,0;0,0;50,0;Подготовка;
20251208;23:06:53;-0,5;0,0;0,0;0,0;50,0;Подготовка;
20251208;23:06:58;-0,5;0,0;0,0;0,0;50,0;Подготовка;
20251208;23:07:03;-0,5;0,0;0,0;0,0;50,0;Подготовка;
20251208;23:07:08;-0,5;0,0;0,0;0,0;50,0;Подготовка;
20251208;23:07:13;-0,5;0,0;0,0;0,0;50,0;Подготовка;
20251208;23:07:18;-0,5;0,0;0,0;0,0;50,0;Подготовка;
20251208;23:07:23;-0,5;0,0;0,0;0,0;50,0;Подготовка;
20251208;23:07:28;-0,5;0,0;0,0;0,0;50,0;Подготовка;
20251208;23:07:34;-0,5;0,0;0,0;0,0;50,0;Подготовка;
20251208;23:07:39;-0,5;0,0;0,0;0,0;50,0;Подготовка;
20251208;23:07:44;-0,5;0,0;0,0;0,0;50,0;Подготовка;
20251208;23:07:49;-0,5;0,0;0,0;0,0;50,0;Подготовка;
20251208;23:07:54;-0,5;0,0;0,0;0,0;50,0;Подготовка;
20251208;23:07:59;-0,5;0,0;0,0;0,0;50,0;Подготовка;
20251208;23:08:04;-0,5;0,0;0,0;0,0;50,0;Подготовка;
20251208;23:08:09;-0,5;0,0;0,0;0,0;50,0;Подготовка;
20251208;23:08:14;-0,5;0,0;0,0;0,0;50,0;Подготовка;
20251208;23:08:19;-0,5;0,0;0,0;0,0;50,0;Подготовка;
20251208;23:08:24;-0,5;0,0;0,0;0,0;50,0;Подготовка;
20251208;23:08:29;-0,5;0,0;0,0;0,0;50,0;Подготовка;
20251208;23:08:34;-0,5;0,0;0,0;0,0;50,0;Подготовка;
20251208;23:08:39;-0,5;0,0;0,0;0,0;50,0;Подготовка;
20251208;23:08:44;-0,5;0,0;0,0;0,0;50,0;Подготовка;
20251208;23:08:49;-0,5;0,0;0,0;0,0;50,0;Подготовка;
20251208;23:08:54;-0,5;0,0;0,0;0,0;50,0;Подготовка;
20251208;23:08:59;-0,5;0,0;0,0;0,0;50,0;Подготовка;
20251208;23:09:04;-0,5;0,0;0,0;0,0;50,0;Подготовка;
20251208;23:09:09;-0,5;0,0;0,0;0,0;50,0;Подготовка;
20251208;23:09:14;-0,5;0,0;0,0;0,0;50,0;Подготовка;
20251208;23:09:19;-0,5;0,0;0,0;0,0;50,0;Подготовка;
20251208;23:09:24;-0,5;0,0;0,0;0,0;50,0;Подготовка;
20251208;23:09:29;-0,5;0,0;0,0;0,0;50,0;Подготовка;
20251208;23:09:34;-0,5;0,0;0,0;0,0;50,0;Подготовка;
20251208;23:09:40;-0,5;0,0;0,0;0,0;50,0;Подготовка;
20251208;23:09:45;-0,5;0,0;0,0;0,0;50,0;Подготовка;
20251208;23:09:50;-0,5;0,0;0,0;0,0;50,0;Подготовка;
20251208;23:09:55;-0,5;0,0;0,0;0,0;50,0;Подготовка;
20251208;23:10:00;-0,5;0,0;0,0;0,0;50,0;Подготовка;
20251208;23:10:05;-0,5;0,0;0,0;0,0;50,0;Подготовка;
20251208;23:10:10;-0,5;0,0;0,0;0,0;50,0;Подготовка;
20251208;23:10:15;-0,5;0,0;0,0;0,0;50,0;Подготовка;
20251208;23:10:20;-0,5;0,0;0,0;0,0;50,0;Подготовка;
20251208;23:10:25;-0,5;0,0;0,0;0,0;50,0;Подготовка;
20251208;23:10:30;-0,5;0,0;0,0;0,0;50,0;Подготовка;
20251208;23:10:35;-0,5;0,0;0,0;0,0;50,0;Подготовка;
20251208;23:10:40;-0,5;0,0;0,0;0,0;50,0;Подготовка;
20251208;23:10:45;-0,5;0,0;0,0;0,0;50,0;Подготовка;
20251208;23:10:50;-0,5;0,0;0,0;0,0;50,0;Подготовка;
20251208;23:10:55;-0,5;0,0;0,0;0,0;50,0;Подготовка;
20251208;23:11:00;-0,5;0,0;0,0;0,0;50,0;Подготовка;
20251208;23:11:05;-0,5;0,0;0,0;0,0;50,0;Подготовка;
20251208;23:11:10;-0,5;0,0;0,0;0,0;50,0;Подготовка;
20251208;23:11:15;-0,5;0,0;0,0;0,0;50,0;Подготовка;
20251208;23:11:20;-0,5;0,0;0,0;0,0;50,0;Подготовка;
20251208;23:11:25;-0,5;0,0;0,0;0,0;50,0;Подготовка;
20251208;23:11:30;-0,5;0,0;0,0;0,0;50,0;Подготовка;
20251208;23:11:35;-0,5;0,0;0,0;0,0;50,0;Подготовка;
20251208;23:11:40;-0,5;0,0;0,0;0,0;50,0;Подготовка;
20251208;23:11:46;-0,5;0,0;0,0;0,0;50,0;Подготовка;
20251208;23:11:51;-0,5;0,0;0,0;0,0;50,0;Подготовка;
20251208;23:11:56;-0,5;0,0;0,0;0,0;50,0;Подготовка;
20251208;23:12:01;-0,5;0,0;0,0;0,0;50,0;Подготовка;
20251208;23:12:06;-0,5;0,0;0,0;0,0;50,0;Подготовка;
20251208;23:12:11;-0,5;0,0;0,0;0,0;50,0;Подготовка;
20251208;23:12:16;-0,5;0,0;0,0;0,0;50,0;Подготовка;
20251208;23:12:21;-0,5;0,0;0,0;0,0;50,0;Подготовка;
20251208;23:12:26;-0,5;0,0;0,0;0,0;50,0;Подготовка;
20251208;23:12:31;-0,5;0,0;0,0;0,0;50,0;Подготовка;
20251208;23:12:36;-0,5;0,0;0,0;0,0;50,0;Подготовка;
20251208;23:12:41;-0,5;0,0;0,0;0,0;50,0;Подготовка;
20251208;23:12:46;-0,5;0,0;0,0;0,0;50,0;Подготовка;
20251208;23:12:51;-0,5;0,0;0,0;0,0;50,0;Подготовка;
20251208;23:12:56;-0,5;0,0;0,0;0,0;50,0;Подготовка;
20251208;23:13:01;-0,5;0,0;0,0;0,0;50,0;Подготовка;
20251208;23:13:06;-0,5;0,0;0,0;0,0;50,0;Подготовка;
20251208;23:13:11;-0,5;0,0;0,0;0,0;50,0;Подготовка;
20251208;23:13:16;-0,5;0,0;0,0;0,0;50,0;Подготовка;
20251208;23:13:21;-0,5;0,0;0,0;0,0;50,0;Подготовка;
20251208;23:13:26;-0,5;0,0;0,0;0,0;50,0;Подготовка;
20251208;23:13:31;-0,5;0,0;0,0;0,0;50,0;Подготовка;
20251208;23:13:36;-0,5;0,0;0,0;0,0;50,0;Подготовка;
20251208;23:13:41;-0,5;0,0;0,0;0,0;50,0;Подготовка;
20251208;23:13:46;-0,5;0,0;0,0;0,0;50,0;Подготовка;
20251208;23:13:52;-0,5;0,0;0,0;0,0;50,0;Подготовка;
20251208;23:13:57;-0,5;0,0;0,0;0,0;50,0;Подготовка;
20251208;23:14:02;-0,5;0,0;0,0;0,0;50,0;Подготовка;
20251208;23:14:07;-0,5;0,0;0,0;0,0;50,0;Подготовка;
20251208;23:14:12;-0,5;0,0;0,0;0,0;50,0;Подготовка;
20251208;23:14:17;-0,5;0,0;0,0;0,0;50,0;Подготовка;
20251208;23:14:22;-0,5;0,0;0,0;0,0;50,0;Подготовка;
20251208;23:14:27;-0,5;0,0;0,0;0,0;50,0;Подготовка;
20251208;23:14:32;-0,5;0,0;0,0;0,0;50,0;Подготовка;
20251208;23:14:37;-0,5;0,0;0,0;0,0;50,0;Подготовка;
20251208;23:14:42;-0,5;0,0;0,0;0,0;50,0;Подготовка;
20251208;23:14:47;-0,5;0,0;0,0;0,0;50,0;Подготовка;
20251208;23:14:52;-0,5;0,0;0,0;0,0;50,0;Подготовка;
20251208;23:14:57;-0,5;0,0;0,0;0,0;50,0;Подготовка;
20251208;23:15:02;-0,5;0,0;0,0;0,0;50,0;Подготовка;
20251208;23:15:07;-0,5;0,0;0,0;0,0;50,0;Подготовка;
20251208;23:15:12;-0,5;0,0;0,0;0,0;50,0;Подготовка;
20251208;23:15:17;-0,5;0,0;0,0;0,0;50,0;Подготовка;
20251208;23:15:22;-0,5;0,0;0,0;0,0;50,0;Подготовка;
20251208;23:15:27;-0,5;0,0;0,0;0,0;50,0;Подготовка;
20251208;23:15:32;-0,5;0,0;0,0;0,0;50,0;Подготовка;
20251208;23:15:37;-0,5;0,0;0,0;0,0;50,0;Подготовка;
20251208;23:15:42;-0,5;0,0;0,0;0,0;50,0;Подготовка;
20251208;23:15:47;-0,5;0,0;0,0;0,0;50,0;Подготовка;
20251208;23:15:52;-0,5;0,0;0,0;0,0;50,0;Подготовка;
20251208;23:15:58;-0,5;0,0;0,0;0,0;50,0;Подготовка;
20251208;23:16:03;-0,5;0,0;0,0;0,0;50,0;Подготовка;
20251208;23:16:08;-0,5;0,0;0,0;0,0;50,0;Подготовка;
20251208;23:16:13;-0,5;0,0;0,0;0,0;50,0;Подготовка;
20251208;23:16:18;-0,5;0,0;0,0;0,0;50,0;Подготовка;
20251208;23:16:23;-0,5;0,0;0,0;0,0;50,0;Подготовка;
20251208;23:16:28;-0,5;0,0;0,0;0,0;50,0;Подготовка;
20251208;23:16:33;-0,5;0,0;0,0;0,0;50,0;Подготовка;
20251208;23:16:38;-0,5;0,0;0,0;0,0;50,0;Подготовка;
20251208;23:16:43;-0,5;0,0;0,0;0,0;50,0;Подготовка;
20251208;23:16:48;-0,5;0,0;0,0;0,0;50,0;Подготовка;
20251208;23:16:53;-0,5;0,0;0,0;0,0;50,0;Подготовка;
20251208;23:16:58;-0,5;0,0;0,0;0,0;50,0;Подготовка;
20251208;23:17:03;-0,5;0,0;0,0;0,0;50,0;Подготовка;
20251208;23:17:08;-0,5;0,0;0,0;0,0;50,0;Подготовка;
20251208;23:17:13;-0,5;0,0;0,0;0,0;50,0;Подготовка;
20251208;23:17:18;-0,5;0,0;0,0;0,0;50,0;Подготовка;
20251208;23:17:23;-0,5;0,0;0,0;0,0;50,0;Подготовка;
20251208;23:17:28;-0,5;0,0;0,0;0,0;50,0;Подготовка;
20251208;23:17:33;-0,5;0,0;0,0;0,0;50,0;Подготовка;
20251208;23:17:38;-0,5;0,0;0,0;0,0;50,0;Подготовка;
20251208;23:17:43;-0,5;0,0;0,0;0,0;50,0;Подготовка;
20251208;23:17:48;-0,5;0,0;0,0;0,0;50,0;Подготовка;
20251208;23:17:53;-0,5;0,0;0,0;0,0;50,0;Подготовка;
20251208;23:17:58;-0,5;0,0;0,0;0,0;50,0;Подготовка;
20251208;23:18:04;-0,5;0,0;0,0;0,0;50,0;Подготовка;
20251208;23:18:09;-0,5;0,0;0,0;0,0;50,0;Подготовка;
20251208;23:18:14;-0,5;0,0;0,0;0,0;50,0;Подготовка;
20251208;23:18:19;-0,5;0,0;0,0;0,0;50,0;Подготовка;
20251208;23:18:24;-0,5;0,0;0,0;0,0;50,0;Подготовка;
20251208;23:18:29;-0,5;0,0;0,0;0,0;50,0;Подготовка;
20251208;23:18:34;-0,5;0,0;0,0;0,0;50,0;Подготовка;
20251208;23:18:39;-0,5;0,0;0,0;0,0;50,0;Подготовка;
20251208;23:18:44;-0,5;0,0;0,0;0,0;50,0;Подготовка;
20251208;23:18:49;-0,5;0,0;0,0;0,0;50,0;Подготовка;
20251208;23:18:54;-0,5;0,0;0,0;0,0;50,0;Подготовка;
20251208;23:18:59;-0,5;0,0;0,0;0,0;50,0;Подготовка;
20251208;23:19:04;-0,5;0,0;0,0;0,0;50,0;Подготовка;
20251208;23:19:09;-0,5;0,0;0,0;0,0;50,0;Подготовка;
20251208;23:19:14;-0,5;0,0;0,0;0,0;50,0;Подготовка;
20251208;23:19:19;-0,5;0,0;0,0;0,0;50,0;Подготовка;
20251208;23:19:24;-0,5;0,0;0,0;0,0;50,0;Подготовка;
20251208;23:19:29;-0,5;0,0;0,0;0,0;50,0;Подготовка;
20251208;23:19:34;-0,5;0,0;0,0;0,0;50,0;Подготовка;
20251208;23:19:39;-0,5;0,0;0,0;0,0;50,0;Подготовка;
20251208;23:19:44;-0,5;0,0;0,0;0,0;50,0;Подготовка;
20251208;23:19:49;-0,5;0,0;0,0;0,0;50,0;Подготовка;
20251208;23:19:54;-0,5;0,0;0,0;0,0;50,0;Подготовка;
20251208;23:19:59;-0,5;0,0;0,0;0,0;50,0;Подготовка;
20251208;23:20:04;-0,5;0,0;0,0;0,0;50,0;Подготовка;
20251208;23:20:10;-0,5;0,0;0,0;0,0;50,0;Подготовка;
20251208;23:20:15;-0,5;0,0;0,0;0,0;50,0;Подготовка;
20251208;23:20:20;-0,5;0,0;0,0;0,0;50,0;Подготовка;
20251208;23:20:25;-0,5;0,0;0,0;0,0;50,0;Подготовка;
20251208;23:20:30;-0,5;0,0;0,0;0,0;50,0;Подготовка;
20251208;23:20:35;-0,5;0,0;0,0;0,0;50,0;Подготовка;
20251208;23:20:40;-0,5;0,0;0,0;0,0;50,0;Подготовка;
20251208;23:20:45;-0,5;0,0;0,0;0,0;50,0;Подготовка;
20251208;23:20:50;-0,5;0,0;0,0;0,0;50,0;Подготовка;
20251208;23:20:55;-0,5;0,0;0,0;0,0;50,0;Подготовка;
20251208;23:21:00;-0,5;0,0;0,0;0,0;50,0;Подготовка;
20251208;23:21:05;-0,5;0,0;0,0;0,0;50,0;Подготовка;
20251208;23:21:10;-0,5;0,0;0,0;0,0;50,0;Подготовка;
20251208;23:21:15;-0,5;0,0;0,0;0,0;50,0;Подготовка;
20251208;23:21:20;-0,5;0,0;0,0;0,0;50,0;Подготовка;
20251208;23:21:25;-0,5;0,0;0,0;0,0;50,0;Подготовка;
20251208;23:21:30;-0,5;0,0;0,0;0,0;50,0;Подготовка;
20251208;23:21:35;-0,5;0,0;0,0;0,0;50,0;Подготовка;
20251208;23:21:40;-0,5;0,0;0,0;0,0;50,0;Подготовка;
20251208;23:21:45;-0,5;0,0;0,0;0,0;50,0;Подготовка;
20251208;23:21:50;-0,5;0,0;0,0;0,0;50,0;Подготовка;
20251208;23:21:55;-0,5;0,0;0,0;0,0;50,0;Подготовка;
20251208;23:22:00;-0,5;0,0;0,0;0,0;50,0;Подготовка;
20251208;23:22:05;-0,5;0,0;0,0;0,0;50,0;Подготовка;
20251208;23:22:10;-0,5;0,0;0,0;0,0;50,0;Подготовка;
20251208;23:22:16;-0,5;0,0;0,0;0,0;50,0;Подготовка;
20251208;23:22:21;-0,5;0,0;0,0;0,0;50,0;Подготовка;
20251208;23:22:26;-0,5;0,0;0,0;0,0;50,0;Подготовка;
20251208;23:22:31;-0,5;0,0;0,0;0,0;50,0;Подготовка;
20251208;23:22:36;-0,5;0,0;0,0;0,0;50,0;Подготовка;
20251208;23:22:41;-0,5;0,0;0,0;0,0;50,0;Подготовка;
20251208;23:22:46;-0,5;0,0;0,0;0,0;50,0;Подготовка;
20251208;23:22:51;-0,5;0,0;0,0;0,0;50,0;Подготовка;
20251208;23:22:56;-0,5;0,0;0,0;0,0;50,0;Подготовка;
20251208;23:23:01;-0,5;0,0;0,0;0,0;50,0;Подготовка;
20251208;23:23:06;-0,5;0,0;0,0;0,0;50,0;Подготовка;
20251208;23:23:11;-0,5;0,0;0,0;0,0;50,0;Подготовка;
20251208;23:23:16;-0,5;0,0;0,0;0,0;50,0;Подготовка;
20251208;23:23:21;-0,5;0,0;0,0;0,0;50,0;Подготовка;
20251208;23:23:26;-0,5;0,0;0,0;0,0;50,0;Подготовка;
20251208;23:23:31;-0,5;0,0;0,0;0,0;50,0;Подготовка;
20251208;23:23:36;-0,5;0,0;0,0;0,0;50,0;Подготовка;
20251208;23:23:41;-0,5;0,0;0,0;0,0;50,0;Подготовка;
20251208;23:23:46;-0,5;0,0;0,0;0,0;50,0;Подготовка;
20251208;23:23:51;-0,5;0,0;0,0;0,0;50,0;Подготовка;
20251208;23:23:56;-0,5;0,0;0,0;0,0;50,0;Подготовка;
20251208;23:24:01;-0,5;0,0;0,0;0,0;50,0;Подготовка;
20251208;23:24:06;-0,5;0,0;0,0;0,0;50,0;Подготовка;
20251208;23:24:11;-0,5;0,0;0,0;0,0;50,0;Подготовка;
20251208;23:24:16;-0,5;0,0;0,0;0,0;50,0;Подготовка;
20251208;23:24:22;-0,5;0,0;0,0;0,0;50,0;Подготовка;
20251208;23:24:27;-0,5;0,0;0,0;0,0;50,0;Подготовка;
20251208;23:24:32;-0,5;0,0;0,0;0,0;50,0;Подготовка;
20251208;23:24:37;-0,5;0,0;0,0;0,0;50,0;Подготовка;
20251208;23:24:42;-0,5;0,0;0,0;0,0;50,0;Подготовка;
20251208;23:24:47;-0,5;0,0;0,0;0,0;50,0;Подготовка;
20251208;23:24:52;-0,5;0,0;0,0;0,0;50,0;Подготовка;
20251208;23:24:57;-0,5;0,0;0,0;0,0;50,0;Подготовка;
20251208;23:25:02;-0,5;0,0;0,0;0,0;50,0;Подготовка;
20251208;23:25:07;-0,5;0,0;0,0;0,0;50,0;Подготовка;
20251208;23:25:12;-0,5;0,0;0,0;0,0;50,0;Подготовка;
20251208;23:25:17;-0,5;0,0;0,0;0,0;50,0;Подготовка;
20251208;23:25:22;-0,5;0,0;0,0;0,0;50,0;Подготовка;
20251208;23:25:27;-0,5;0,0;0,0;0,0;50,0;Подготовка;
20251208;23:25:32;-0,5;0,0;0,0;0,0;50,0;Подготовка;
20251208;23:25:37;-0,5;0,0;0,0;0,0;50,0;Подготовка;
20251208;23:25:42;-0,5;0,0;0,0;0,0;50,0;Подготовка;
20251208;23:25:47;-0,5;0,0;0,0;0,0;50,0;Подготовка;
20251208;23:25:52;-0,5;0,0;0,0;0,0;50,0;Подготовка;
20251208;23:25:57;-0,5;0,0;0,0;0,0;50,0;Подготовка;
20251208;23:26:02;-0,5;0,0;0,0;0,0;50,0;Подготовка;
20251208;23:26:07;-0,5;0,0;0,0;0,0;50,0;Подготовка;
20251208;23:26:12;-0,5;0,0;0,0;0,0;50,0;Подготовка;
20251208;23:26:17;-0,5;0,0;0,0;0,0;50,0;Подготовка;
20251208;23:26:22;-0,5;0,0;0,0;0,0;50,0;Подготовка;
20251208;23:26:28;-0,5;0,0;0,0;0,0;50,0;Подготовка;
20251208;23:26:33;-0,5;0,0;0,0;0,0;50,0;Подготовка;
20251208;23:26:38;-0,5;0,0;0,0;0,0;50,0;Подготовка;
20251208;23:26:43;-0,5;0,0;0,0;0,0;50,0;Подготовка;
20251208;23:26:48;-0,5;0,0;0,0;0,0;50,0;Подготовка;
20251208;23:26:53;-0,5;0,0;0,0;0,0;50,0;Подготовка;
20251208;23:26:58;-0,5;0,0;0,0;0,0;50,0;Подготовка;
20251208;23:27:03;-0,5;0,0;0,0;0,0;50,0;Подготовка;
20251208;23:27:08;-0,5;0,0;0,0;0,0;50,0;Подготовка;
20251208;23:27:13;-0,5;0,0;0,0;0,0;50,0;Подготовка;
20251208;23:27:18;-0,5;0,0;0,0;0,0;50,0;Подготовка;
20251208;23:27:23;-0,5;0,0;0,0;0,0;50,0;Подготовка;
20251208;23:27:28;-0,5;0,0;0,0;0,0;50,0;Подготовка;
20251208;23:27:33;-0,5;0,0;0,0;0,0;50,0;Подготовка;
20251208;23:27:38;-0,5;0,0;0,0;0,0;50,0;Подготовка;
20251208;23:27:43;-0,5;0,0;0,0;0,0;50,0;Подготовка;
20251208;23:27:48;-0,5;0,0;0,0;0,0;50,0;Подготовка;
20251208;23:27:53;-0,5;0,0;0,0;0,0;50,0;Подготовка;
20251208;23:27:58;-0,5;0,0;0,0;0,0;50,0;Подготовка;
20251208;23:28:03;-0,5;0,0;0,0;0,0;50,0;Подготовка;
20251208;23:28:08;-0,5;0,0;0,0;0,0;50,0;Подготовка;
20251208;23:28:13;-0,5;0,0;0,0;0,0;50,0;Подготовка;
20251208;23:28:18;-0,5;0,0;0,0;0,0;50,0;Подготовка;
20251208;23:28:23;-0,5;0,0;0,0;0,0;50,0;Подготовка;
20251208;23:28:28;-0,5;0,0;0,0;0,0;50,0;Подготовка;
20251208;23:28:34;-0,5;0,0;0,0;0,0;50,0;Подготовка;
20251208;23:28:39;-0,5;0,0;0,0;0,0;50,0;Подготовка;
20251208;23:28:44;-0,5;0,0;0,0;0,0;50,0;Подготовка;
20251208;23:28:49;-0,5;0,0;0,0;0,0;50,0;Подготовка;
20251208;23:28:54;-0,5;0,0;0,0;0,0;50,0;Подготовка;
20251208;23:28:59;-0,5;0,0;0,0;0,0;50,0;Подготовка;
20251208;23:29:04;-0,5;0,0;0,0;0,0;50,0;Подготовка;
20251208;23:29:09;-0,5;0,0;0,0;0,0;50,0;Подготовка;
20251208;23:29:14;-0,5;0,0;0,0;0,0;50,0;Подготовка;
20251208;23:29:19;-0,5;0,0;0,0;0,0;50,0;Подготовка;
20251208;23:29:24;-0,5;0,0;0,0;0,0;50,0;Подготовка;
20251208;23:29:29;-0,5;0,0;0,0;0,0;50,0;Подготовка;
20251208;23:29:34;-0,5;0,0;0,0;0,0;50,0;Подготовка;
20251208;23:29:39;-0,5;0,0;0,0;0,0;50,0;Подготовка;
20251208;23:29:44;-0,5;0,0;0,0;0,0;50,0;Подготовка;
20251208;23:29:49;-0,5;0,0;0,0;0,0;50,0;Подготовка;
20251208;23:29:54;-0,5;0,0;0,0;0,0;50,0;Подготовка;
20251208;23:29:59;-0,5;0,0;0,0;0,0;50,0;Подготовка;
20251208;23:30:04;-0,5;0,0;0,0;0,0;50,0;Подготовка;
20251208;23:30:09;-0,5;0,0;0,0;0,0;50,0;Подготовка;
20251208;23:30:14;-0,5;0,0;0,0;0,0;50,0;Подготовка;
20251208;23:30:19;-0,5;0,0;0,0;0,0;50,0;Подготовка;
20251208;23:30:24;-0,5;0,0;0,0;0,0;50,0;Подготовка;
20251208;23:30:29;-0,5;0,0;0,0;0,0;50,0;Подготовка;
20251208;23:30:34;-0,5;0,0;0,0;0,0;50,0;Подготовка;
20251208;23:30:40;-0,5;0,0;0,0;0,0;50,0;Подготовка;
20251208;23:30:45;-0,5;0,0;0,0;0,0;50,0;Подготовка;
20251208;23:30:50;-0,5;0,0;0,0;0,0;50,0;Подготовка;
20251208;23:30:55;-0,5;0,0;0,0;0,0;50,0;Подготовка;
20251208;23:31:00;-0,5;0,0;0,0;0,0;50,0;Подготовка;
20251208;23:31:05;-0,5;0,0;0,0;0,0;50,0;Подготовка;
20251208;23:31:10;-0,5;0,0;0,0;0,0;50,0;Подготовка;
20251208;23:31:15;-0,5;0,0;0,0;0,0;50,0;Подготовка;
20251208;23:31:20;-0,5;0,0;0,0;0,0;50,0;Подготовка;
20251208;23:31:25;-0,5;0,0;0,0;0,0;50,0;Подготовка;
20251208;23:31:30;-0,5;0,0;0,0;0,0;50,0;Подготовка;
20251208;23:31:35;-0,5;0,0;0,0;0,0;50,0;Подготовка;
20251208;23:31:40;-0,5;0,0;0,0;0,0;50,0;Подготовка;
20251208;23:31:45;-0,5;0,0;0,0;0,0;50,0;Подготовка;
20251208;23:31:50;-0,5;0,0;0,0;0,0;50,0;Подготовка;
20251208;23:31:55;-0,5;0,0;0,0;0,0;50,0;Подготовка;
20251208;23:32:00;-0,5;0,0;0,0;0,0;50,0;Подготовка;
20251208;23:32:05;-0,5;0,0;0,0;0,0;50,0;Подготовка;
20251208;23:32:10;-0,5;0,0;0,0;0,0;50,0;Подготовка;
20251208;23:32:15;-0,5;0,0;0,0;0,0;50,0;Подготовка;
20251208;23:32:20;-0,5;0,0;0,0;0,0;50,0;Подготовка;
20251208;23:32:25;-0,5;0,0;0,0;0,0;50,0;Подготовка;
20251208;23:32:30;-0,5;0,0;0,0;0,0;50,0;Подготовка;
20251208;23:32:35;-0,5;0,0;0,0;0,0;50,0;Подготовка;
20251208;23:32:40;-0,5;0,0;0,0;0,0;50,0;Подготовка;
20251208;23:32:46;-0,5;0,0;0,0;0,0;50,0;Подготовка;
Предприятие;
Объект;
Вид оборудования;
Дисп. наименование;
Тип;
Зав. номер;
Сер. номер;
Год выпуска;
Год ввода в эксплуатацию;
Дата отбора пробы;
Марка пробы;
Температура пробы;
DATE ;TIME ;TS_TEMP ;PROB_TEMP ;PROB_OTN_VL ;PROBE_VlAGOSOD ;SP ;STATUS ; 
20251208;23:33:03;-0,39;0,0;0,0;0,0;50,0;Включение;
20251208;23:33:08;-0,49;0,0;0,0;0,0;50,0;Включение;
20251208;23:33:13;-0,49;0,0;0,0;0,0;50,0;Подготовка;
20251208;23:33:18;-0,49;0,0;0,0;0,0;50,0;Подготовка;
20251208;23:33:23;-0,49;0,0;0,0;0,0;50,0;Подготовка;
20251208;23:33:28;-0,49;0,0;0,0;0,0;50,0;Подготовка;
20251208;23:33:33;-0,5;0,0;0,0;0,0;50,0;Подготовка;
20251208;23:33:38;-0,5;0,0;0,0;0,0;50,0;Подготовка;
20251208;23:33:43;-0,5;0,0;0,0;0,0;50,0;Подготовка;
20251208;23:33:48;-0,5;0,0;0,0;0,0;50,0;Подготовка;
20251208;23:33:53;-0,5;0,0;0,0;0,0;50,0;Подготовка;
20251208;23:33:58;-0,5;0,0;0,0;0,0;50,0;Подготовка;
20251208;23:34:03;-0,5;0,0;0,0;0,0;50,0;Подготовка;
20251208;23:34:08;-0,5;0,0;0,0;0,0;50,0;Подготовка;
20251208;23:34:13;-0,5;0,0;0,0;0,0;50,0;Подготовка;
20251208;23:34:18;-0,5;0,0;0,0;0,0;50,0;Подготовка;
20251208;23:34:23;-0,5;0,0;0,0;0,0;50,0;Подготовка;
20251208;23:34:28;-0,5;0,0;0,0;0,0;50,0;Подготовка;
20251208;23:34:33;-0,5;0,0;0,0;0,0;50,0;Подготовка;
20251208;23:34:38;-0,5;0,0;0,0;0,0;50,0;Подготовка;
20251208;23:34:43;-0,5;0,0;0,0;0,0;50,0;Подготовка;
20251208;23:34:48;-0,5;0,0;0,0;0,0;50,0;Подготовка;
20251208;23:34:53;-0,5;0,0;0,0;0,0;50,0;Подготовка;
20251208;23:34:59;-0,5;0,0;0,0;0,0;50,0;Подготовка;
20251208;23:35:04;-0,5;0,0;0,0;0,0;50,0;Подготовка;
20251208;23:35:09;-0,5;0,0;0,0;0,0;50,0;Подготовка;
20251208;23:35:14;-0,5;0,0;0,0;0,0;50,0;Подготовка;
20251208;23:35:19;-0,5;0,0;0,0;0,0;50,0;Подготовка;
20251208;23:35:24;-0,5;0,0;0,0;0,0;50,0;Подготовка;
20251208;23:35:29;-0,5;0,0;0,0;0,0;50,0;Подготовка;
20251208;23:35:34;-0,5;0,0;0,0;0,0;50,0;Подготовка;
20251208;23:35:39;-0,5;0,0;0,0;0,0;50,0;Подготовка;
20251208;23:35:44;-0,5;0,0;0,0;0,0;50,0;Подготовка;
20251208;23:35:49;-0,5;0,0;0,0;0,0;50,0;Подготовка;
20251208;23:35:54;-0,5;0,0;0,0;0,0;50,0;Подготовка;
20251208;23:35:59;-0,5;0,0;0,0;0,0;50,0;Подготовка;
20251208;23:36:04;-0,5;0,0;0,0;0,0;50,0;Подготовка;
20251208;23:36:09;-0,5;0,0;0,0;0,0;50,0;Подготовка;
20251208;23:36:14;-0,5;0,0;0,0;0,0;50,0;Подготовка;
20251208;23:36:19;-0,5;0,0;0,0;0,0;50,0;Подготовка;
20251208;23:36:24;-0,5;0,0;0,0;0,0;50,0;Подготовка;
20251208;23:36:29;-0,5;0,0;0,0;0,0;50,0;Подготовка;
20251208;23:36:34;-0,5;0,0;0,0;0,0;50,0;Подготовка;
20251208;23:36:39;-0,5;0,0;0,0;0,0;50,0;Подготовка;
20251208;23:36:44;-0,5;0,0;0,0;0,0;50,0;Подготовка;
20251208;23:36:49;-0,5;0,0;0,0;0,0;50,0;Подготовка;
20251208;23:36:54;-0,5;0,0;0,0;0,0;50,0;Подготовка;
20251208;23:36:59;-0,5;0,0;0,0;0,0;50,0;Подготовка;
20251208;23:37:05;-0,5;0,0;0,0;0,0;50,0;Подготовка;
20251208;23:37:10;-0,5;0,0;0,0;0,0;50,0;Подготовка;
20251208;23:37:15;-0,5;0,0;0,0;0,0;50,0;Подготовка;
20251208;23:37:20;-0,5;0,0;0,0;0,0;50,0;Подготовка;
20251208;23:37:25;-0,5;0,0;0,0;0,0;50,0;Подготовка;
20251208;23:37:30;-0,5;0,0;0,0;0,0;50,0;Подготовка;
20251208;23:37:35;-0,5;0,0;0,0;0,0;50,0;Подготовка;
20251208;23:37:40;-0,5;0,0;0,0;0,0;50,0;Подготовка;
20251208;23:37:45;-0,5;0,0;0,0;0,0;50,0;Подготовка;
20251208;23:37:50;-0,5;0,0;0,0;0,0;50,0;Подготовка;
20251208;23:37:55;-0,5;0,0;0,0;0,0;50,0;Подготовка;
20251208;23:38:00;-0,5;0,0;0,0;0,0;50,0;Подготовка;
20251208;23:38:05;-0,5;0,0;0,0;0,0;50,0;Подготовка;
20251208;23:38:10;-0,5;0,0;0,0;0,0;50,0;Подготовка;
20251208;23:38:15;-0,5;0,0;0,0;0,0;50,0;Подготовка;
20251208;23:38:20;-0,5;0,0;0,0;0,0;50,0;Подготовка;
20251208;23:38:25;-0,5;0,0;0,0;0,0;50,0;Подготовка;
20251208;23:38:30;-0,5;0,0;0,0;0,0;50,0;Подготовка;
20251208;23:38:35;-0,5;0,0;0,0;0,0;50,0;Подготовка;
20251208;23:38:40;-0,5;0,0;0,0;0,0;50,0;Подготовка;
20251208;23:38:45;-0,5;0,0;0,0;0,0;50,0;Подготовка;
20251208;23:38:50;-0,5;0,0;0,0;0,0;50,0;Подготовка;
20251208;23:38:55;-0,5;0,0;0,0;0,0;50,0;Подготовка;
20251208;23:39:00;-0,5;0,0;0,0;0,0;50,0;Подготовка;
20251208;23:39:05;-0,5;0,0;0,0;0,0;50,0;Подготовка;
20251208;23:39:11;-0,5;0,0;0,0;0,0;50,0;Подготовка;
20251208;23:39:16;-0,5;0,0;0,0;0,0;50,0;Подготовка;
20251208;23:39:21;-0,5;0,0;0,0;0,0;50,0;Подготовка;
20251208;23:39:26;-0,5;0,0;0,0;0,0;50,0;Подготовка;
20251208;23:39:31;-0,5;0,0;0,0;0,0;50,0;Подготовка;
20251208;23:39:36;-0,5;0,0;0,0;0,0;50,0;Подготовка;
20251208;23:39:41;-0,5;0,0;0,0;0,0;50,0;Подготовка;
20251208;23:39:46;-0,5;0,0;0,0;0,0;50,0;Подготовка;
20251208;23:39:51;-0,5;0,0;0,0;0,0;50,0;Подготовка;
20251208;23:39:56;-0,5;0,0;0,0;0,0;50,0;Подготовка;
20251208;23:40:01;-0,5;0,0;0,0;0,0;50,0;Подготовка;
20251208;23:40:06;-0,5;0,0;0,0;0,0;50,0;Подготовка;
20251208;23:40:11;-0,5;0,0;0,0;0,0;50,0;Подготовка;
20251208;23:40:16;-0,5;0,0;0,0;0,0;50,0;Подготовка;
20251208;23:40:21;-0,5;0,0;0,0;0,0;50,0;Подготовка;
20251208;23:40:26;-0,5;0,0;0,0;0,0;50,0;Подготовка;
20251208;23:40:31;-0,5;0,0;0,0;0,0;50,0;Подготовка;
20251208;23:40:36;-0,5;0,0;0,0;0,0;50,0;Подготовка;
20251208;23:40:41;-0,5;0,0;0,0;0,0;50,0;Подготовка;
20251208;23:40:46;-0,5;0,0;0,0;0,0;50,0;Подготовка;
20251208;23:40:51;-0,5;0,0;0,0;0,0;50,0;Подготовка;
20251208;23:40:56;-0,5;0,0;0,0;0,0;50,0;Подготовка;
20251208;23:41:01;-0,5;0,0;0,0;0,0;50,0;Подготовка;
20251208;23:41:06;-0,5;0,0;0,0;0,0;50,0;Подготовка;
20251208;23:41:11;-0,5;0,0;0,0;0,0;50,0;Подготовка;
20251208;23:41:17;-0,5;0,0;0,0;0,0;50,0;Подготовка;
20251208;23:41:22;-0,5;0,0;0,0;0,0;50,0;Подготовка;
20251208;23:41:27;-0,5;0,0;0,0;0,0;50,0;Подготовка;
20251208;23:41:32;-0,5;0,0;0,0;0,0;50,0;Подготовка;
20251208;23:41:37;-0,5;0,0;0,0;0,0;50,0;Подготовка;
20251208;23:41:42;-0,5;0,0;0,0;0,0;50,0;Подготовка;
20251208;23:41:47;-0,5;0,0;0,0;0,0;50,0;Подготовка;
20251208;23:41:52;-0,5;0,0;0,0;0,0;50,0;Подготовка;
20251208;23:41:57;-0,5;0,0;0,0;0,0;50,0;Подготовка;
20251208;23:42:02;-0,5;0,0;0,0;0,0;50,0;Подготовка;
20251208;23:42:07;-0,5;0,0;0,0;0,0;50,0;Подготовка;
20251208;23:42:12;-0,5;0,0;0,0;0,0;50,0;Подготовка;
20251208;23:42:17;-0,5;0,0;0,0;0,0;50,0;Подготовка;
20251208;23:42:22;-0,5;0,0;0,0;0,0;50,0;Подготовка;
20251208;23:42:27;-0,5;0,0;0,0;0,0;50,0;Подготовка;
20251208;23:42:32;-0,5;0,0;0,0;0,0;50,0;Подготовка;
20251208;23:42:37;-0,5;0,0;0,0;0,0;50,0;Подготовка;
20251208;23:42:42;-0,5;0,0;0,0;0,0;50,0;Подготовка;
20251208;23:42:47;-0,5;0,0;0,0;0,0;50,0;Подготовка;
20251208;23:42:52;-0,5;0,0;0,0;0,0;50,0;Подготовка;
20251208;23:42:57;-0,5;0,0;0,0;0,0;50,0;Подготовка;
20251208;23:43:02;-0,5;0,0;0,0;0,0;50,0;Подготовка;
20251208;23:43:07;-0,5;0,0;0,0;0,0;50,0;Подготовка;
20251208;23:43:12;-0,5;0,0;0,0;0,0;50,0;Подготовка;
20251208;23:43:17;-0,5;0,0;0,0;0,0;50,0;Подготовка;
20251208;23:43:23;-0,5;0,0;0,0;0,0;50,0;Подготовка;
20251208;23:43:28;-0,5;0,0;0,0;0,0;50,0;Подготовка;
20251208;23:43:33;-0,5;0,0;0,0;0,0;50,0;Подготовка;
20251208;23:43:38;-0,5;0,0;0,0;0,0;50,0;Подготовка;
20251208;23:43:43;-0,5;0,0;0,0;0,0;50,0;Подготовка;
20251208;23:43:48;-0,5;0,0;0,0;0,0;50,0;Подготовка;
20251208;23:43:53;-0,5;0,0;0,0;0,0;50,0;Подготовка;
20251208;23:43:58;-0,5;0,0;0,0;0,0;50,0;Подготовка;
20251208;23:44:03;-0,5;0,0;0,0;0,0;50,0;Подготовка;
20251208;23:44:08;-0,5;0,0;0,0;0,0;50,0;Подготовка;
20251208;23:44:13;-0,5;0,0;0,0;0,0;50,0;Подготовка;
20251208;23:44:18;-0,5;0,0;0,0;0,0;50,0;Подготовка;
20251208;23:44:23;-0,5;0,0;0,0;0,0;50,0;Подготовка;
20251208;23:44:28;-0,5;0,0;0,0;0,0;50,0;Подготовка;
20251208;23:44:33;-0,5;0,0;0,0;0,0;50,0;Подготовка;
20251208;23:44:38;-0,5;0,0;0,0;0,0;50,0;Подготовка;
20251208;23:44:43;-0,5;0,0;0,0;0,0;50,0;Подготовка;
20251208;23:44:48;-0,5;0,0;0,0;0,0;50,0;Подготовка;
20251208;23:44:53;-0,5;0,0;0,0;0,0;50,0;Подготовка;
20251208;23:44:58;-0,5;0,0;0,0;0,0;50,0;Подготовка;
20251208;23:45:03;-0,5;0,0;0,0;0,0;50,0;Подготовка;
20251208;23:45:08;-0,5;0,0;0,0;0,0;50,0;Подготовка;
20251208;23:45:13;-0,5;0,0;0,0;0,0;50,0;Подготовка;
20251208;23:45:18;-0,5;0,0;0,0;0,0;50,0;Подготовка;
20251208;23:45:23;-0,5;0,0;0,0;0,0;50,0;Подготовка;
20251208;23:45:29;-0,5;0,0;0,0;0,0;50,0;Подготовка;
20251208;23:45:34;-0,5;0,0;0,0;0,0;50,0;Подготовка;
20251208;23:45:39;-0,5;0,0;0,0;0,0;50,0;Подготовка;
20251208;23:45:44;-0,5;0,0;0,0;0,0;50,0;Подготовка;
20251208;23:45:49;-0,5;0,0;0,0;0,0;50,0;Подготовка;
20251208;23:45:54;-0,5;0,0;0,0;0,0;50,0;Подготовка;
20251208;23:45:59;-0,5;0,0;0,0;0,0;50,0;Подготовка;
20251208;23:46:04;-0,5;0,0;0,0;0,0;50,0;Подготовка;
20251208;23:46:09;-0,5;0,0;0,0;0,0;50,0;Подготовка;
20251208;23:46:14;-0,5;0,0;0,0;0,0;50,0;Подготовка;
20251208;23:46:19;-0,5;0,0;0,0;0,0;50,0;Подготовка;
20251208;23:46:24;-0,5;0,0;0,0;0,0;50,0;Подготовка;
20251208;23:46:29;-0,5;0,0;0,0;0,0;50,0;Подготовка;
20251208;23:46:34;-0,5;0,0;0,0;0,0;50,0;Подготовка;
20251208;23:46:39;-0,5;0,0;0,0;0,0;50,0;Подготовка;
20251208;23:46:44;-0,5;0,0;0,0;0,0;50,0;Подготовка;
20251208;23:46:49;-0,5;0,0;0,0;0,0;50,0;Подготовка;
20251208;23:46:54;-0,5;0,0;0,0;0,0;50,0;Подготовка;
20251208;23:46:59;-0,5;0,0;0,0;0,0;50,0;Подготовка;
20251208;23:47:04;-0,5;0,0;0,0;0,0;50,0;Подготовка;
20251208;23:47:09;-0,5;0,0;0,0;0,0;50,0;Подготовка;
20251208;23:47:14;-0,5;0,0;0,0;0,0;50,0;Подготовка;
20251208;23:47:19;-0,5;0,0;0,0;0,0;50,0;Подготовка;
20251208;23:47:24;-0,5;0,0;0,0;0,0;50,0;Подготовка;
20251208;23:47:29;-0,5;0,0;0,0;0,0;50,0;Подготовка;
20251208;23:47:35;-0,5;0,0;0,0;0,0;50,0;Подготовка;
20251208;23:47:40;-0,5;0,0;0,0;0,0;50,0;Подготовка;
20251208;23:47:45;-0,5;0,0;0,0;0,0;50,0;Подготовка;
20251208;23:47:50;-0,5;0,0;0,0;0,0;50,0;Подготовка;
20251208;23:47:55;-0,5;0,0;0,0;0,0;50,0;Подготовка;
20251208;23:48:00;-0,5;0,0;0,0;0,0;50,0;Подготовка;
20251208;23:48:05;-0,5;0,0;0,0;0,0;50,0;Подготовка;
20251208;23:48:10;-0,5;0,0;0,0;0,0;50,0;Подготовка;
20251208;23:48:15;-0,5;0,0;0,0;0,0;50,0;Подготовка;
20251208;23:48:20;-0,5;0,0;0,0;0,0;50,0;Подготовка;
20251208;23:48:25;-0,5;0,0;0,0;0,0;50,0;Подготовка;
20251208;23:48:30;-0,5;0,0;0,0;0,0;50,0;Подготовка;
20251208;23:48:35;-0,5;0,0;0,0;0,0;50,0;Подготовка;
20251208;23:48:40;-0,5;0,0;0,0;0,0;50,0;Подготовка;
20251208;23:48:45;-0,5;0,0;0,0;0,0;50,0;Подготовка;
20251208;23:48:50;-0,5;0,0;0,0;0,0;50,0;Подготовка;
20251208;23:48:55;-0,5;0,0;0,0;0,0;50,0;Подготовка;
20251208;23:49:00;-0,5;0,0;0,0;0,0;50,0;Подготовка;
20251208;23:49:05;-0,5;0,0;0,0;0,0;50,0;Подготовка;
20251208;23:49:10;-0,5;0,0;0,0;0,0;50,0;Подготовка;
20251208;23:49:15;-0,5;0,0;0,0;0,0;50,0;Подготовка;
20251208;23:49:20;-0,5;0,0;0,0;0,0;50,0;Подготовка;
20251208;23:49:25;-0,5;0,0;0,0;0,0;50,0;Подготовка;
20251208;23:49:30;-0,5;0,0;0,0;0,0;50,0;Подготовка;
20251208;23:49:35;-0,5;0,0;0,0;0,0;50,0;Подготовка;
20251208;23:49:41;-0,5;0,0;0,0;0,0;50,0;Подготовка;
20251208;23:49:46;-0,5;0,0;0,0;0,0;50,0;Подготовка;
20251208;23:49:51;-0,5;0,0;0,0;0,0;50,0;Подготовка;
20251208;23:49:56;-0,5;0,0;0,0;0,0;50,0;Подготовка;
20251208;23:50:01;-0,5;0,0;0,0;0,0;50,0;Подготовка;
20251208;23:50:06;-0,5;0,0;0,0;0,0;50,0;Подготовка;
20251208;23:50:11;-0,5;0,0;0,0;0,0;50,0;Подготовка;
20251208;23:50:16;-0,5;0,0;0,0;0,0;50,0;Подготовка;
20251208;23:50:21;-0,5;0,0;0,0;0,0;50,0;Подготовка;
20251208;23:50:26;-0,5;0,0;0,0;0,0;50,0;Подготовка;
20251208;23:50:31;-0,5;0,0;0,0;0,0;50,0;Подготовка;
20251208;23:50:36;-0,5;0,0;0,0;0,0;50,0;Подготовка;
20251208;23:50:41;-0,5;0,0;0,0;0,0;50,0;Подготовка;
20251208;23:50:46;-0,5;0,0;0,0;0,0;50,0;Подготовка;
20251208;23:50:51;-0,5;0,0;0,0;0,0;50,0;Подготовка;
20251208;23:50:56;-0,5;0,0;0,0;0,0;50,0;Подготовка;
20251208;23:51:01;-0,5;0,0;0,0;0,0;50,0;Подготовка;
20251208;23:51:06;-0,5;0,0;0,0;0,0;50,0;Подготовка;
20251208;23:51:11;-0,5;0,0;0,0;0,0;50,0;Подготовка;
20251208;23:51:16;-0,5;0,0;0,0;0,0;50,0;Подготовка;
20251208;23:51:21;-0,5;0,0;0,0;0,0;50,0;Подготовка;
20251208;23:51:26;-0,5;0,0;0,0;0,0;50,0;Подготовка;
20251208;23:51:31;-0,5;0,0;0,0;0,0;50,0;Подготовка;
20251208;23:51:36;-0,5;0,0;0,0;0,0;50,0;Подготовка;
20251208;23:51:41;-0,5;0,0;0,0;0,0;50,0;Подготовка;
20251208;23:51:47;-0,5;0,0;0,0;0,0;50,0;Подготовка;
20251208;23:51:52;-0,5;0,0;0,0;0,0;50,0;Подготовка;
20251208;23:51:57;-0,5;0,0;0,0;0,0;50,0;Подготовка;
20251208;23:52:02;-0,5;0,0;0,0;0,0;50,0;Подготовка;
20251208;23:52:07;-0,5;0,0;0,0;0,0;50,0;Подготовка;
20251208;23:52:12;-0,5;0,0;0,0;0,0;50,0;Подготовка;
20251208;23:52:17;-0,5;0,0;0,0;0,0;50,0;Подготовка;
20251208;23:52:22;-0,5;0,0;0,0;0,0;50,0;Подготовка;
20251208;23:52:27;-0,5;0,0;0,0;0,0;50,0;Подготовка;
20251208;23:52:32;-0,5;0,0;0,0;0,0;50,0;Подготовка;
20251208;23:52:37;-0,5;0,0;0,0;0,0;50,0;Подготовка;
20251208;23:52:42;-0,5;0,0;0,0;0,0;50,0;Подготовка;
20251208;23:52:47;-0,5;0,0;0,0;0,0;50,0;Подготовка;
20251208;23:52:52;-0,5;0,0;0,0;0,0;50,0;Подготовка;
20251208;23:52:57;-0,5;0,0;0,0;0,0;50,0;Подготовка;
20251208;23:53:02;-0,5;0,0;0,0;0,0;50,0;Подготовка;
20251208;23:53:07;-0,5;0,0;0,0;0,0;50,0;Подготовка;
20251208;23:53:12;-0,5;0,0;0,0;0,0;50,0;Подготовка;
20251208;23:53:17;-0,5;0,0;0,0;0,0;50,0;Подготовка;
20251208;23:53:22;-0,5;0,0;0,0;0,0;50,0;Подготовка;
20251208;23:53:27;-0,5;0,0;0,0;0,0;50,0;Подготовка;
20251208;23:53:32;-0,5;0,0;0,0;0,0;50,0;Подготовка;
20251208;23:53:37;-0,5;0,0;0,0;0,0;50,0;Подготовка;
20251208;23:53:42;-0,5;0,0;0,0;0,0;50,0;Подготовка;
20251208;23:53:47;-0,5;0,0;0,0;0,0;50,0;Подготовка;
20251208;23:53:53;-0,5;0,0;0,0;0,0;50,0;Подготовка;
20251208;23:53:58;-0,5;0,0;0,0;0,0;50,0;Подготовка;
20251208;23:54:03;-0,5;0,0;0,0;0,0;50,0;Подготовка;
20251208;23:54:08;-0,5;0,0;0,0;0,0;50,0;Подготовка;
20251208;23:54:13;-0,5;0,0;0,0;0,0;50,0;Подготовка;
20251208;23:54:18;-0,5;0,0;0,0;0,0;50,0;Подготовка;
20251208;23:54:23;-0,5;0,0;0,0;0,0;50,0;Подготовка;
20251208;23:54:28;-0,5;0,0;0,0;0,0;50,0;Подготовка;
20251208;23:54:33;-0,5;0,0;0,0;0,0;50,0;Подготовка;
20251208;23:54:38;-0,5;0,0;0,0;0,0;50,0;Подготовка;
20251208;23:54:43;-0,5;0,0;0,0;0,0;50,0;Подготовка;
20251208;23:54:48;-0,5;0,0;0,0;0,0;50,0;Подготовка;
20251208;23:54:53;-0,5;0,0;0,0;0,0;50,0;Подготовка;
20251208;23:54:58;-0,5;0,0;0,0;0,0;50,0;Подготовка;
20251208;23:55:03;-0,5;0,0;0,0;0,0;50,0;Подготовка;
20251208;23:55:08;-0,5;0,0;0,0;0,0;50,0;Подготовка;
20251208;23:55:13;-0,5;0,0;0,0;0,0;50,0;Подготовка;
20251208;23:55:18;-0,5;0,0;0,0;0,0;50,0;Подготовка;
20251208;23:55:23;-0,5;0,0;0,0;0,0;50,0;Подготовка;
20251208;23:55:28;-0,5;0,0;0,0;0,0;50,0;Подготовка;
20251208;23:55:33;-0,5;0,0;0,0;0,0;50,0;Подготовка;
20251208;23:55:38;-0,5;0,0;0,0;0,0;50,0;Подготовка;
20251208;23:55:43;-0,5;0,0;0,0;0,0;50,0;Подготовка;
20251208;23:55:48;-0,5;0,0;0,0;0,0;50,0;Подготовка;
20251208;23:55:53;-0,5;0,0;0,0;0,0;50,0;Подготовка;
20251208;23:55:59;-0,5;0,0;0,0;0,0;50,0;Подготовка;
20251208;23:56:04;-0,5;0,0;0,0;0,0;50,0;Подготовка;
20251208;23:56:09;-0,5;0,0;0,0;0,0;50,0;Подготовка;
20251208;23:56:14;-0,5;0,0;0,0;0,0;50,0;Подготовка;
20251208;23:56:19;-0,5;0,0;0,0;0,0;50,0;Подготовка;
20251208;23:56:24;-0,5;0,0;0,0;0,0;50,0;Подготовка;
20251208;23:56:29;-0,5;0,0;0,0;0,0;50,0;Подготовка;
20251208;23:56:34;-0,5;0,0;0,0;0,0;50,0;Подготовка;
20251208;23:56:39;-0,5;0,0;0,0;0,0;50,0;Подготовка;
20251208;23:56:44;-0,5;0,0;0,0;0,0;50,0;Подготовка;
20251208;23:56:49;-0,5;0,0;0,0;0,0;50,0;Подготовка;
20251208;23:56:54;-0,5;0,0;0,0;0,0;50,0;Подготовка;
20251208;23:56:59;-0,5;0,0;0,0;0,0;50,0;Подготовка;
20251208;23:57:04;-0,5;0,0;0,0;0,0;50,0;Подготовка;
20251208;23:57:09;-0,5;0,0;0,0;0,0;50,0;Подготовка;
20251208;23:57:14;-0,5;0,0;0,0;0,0;50,0;Подготовка;
20251208;23:57:19;-0,5;0,0;0,0;0,0;50,0;Подготовка;
20251208;23:57:24;-0,5;0,0;0,0;0,0;50,0;Подготовка;
20251208;23:57:29;-0,5;0,0;0,0;0,0;50,0;Подготовка;
20251208;23:57:34;-0,5;0,0;0,0;0,0;50,0;Подготовка;
20251208;23:57:39;-0,5;0,0;0,0;0,0;50,0;Подготовка;
20251208;23:57:44;-0,5;0,0;0,0;0,0;50,0;Подготовка;
20251208;23:57:49;-0,5;0,0;0,0;0,0;50,0;Подготовка;
20251208;23:57:54;-0,5;0,0;0,0;0,0;50,0;Подготовка;
20251208;23:57:59;-0,5;0,0;0,0;0,0;50,0;Подготовка;
20251208;23:58:05;-0,5;0,0;0,0;0,0;50,0;Подготовка;
20251208;23:58:10;-0,5;0,0;0,0;0,0;50,0;Подготовка;
20251208;23:58:15;-0,5;0,0;0,0;0,0;50,0;Подготовка;
20251208;23:58:20;-0,5;0,0;0,0;0,0;50,0;Подготовка;
20251208;23:58:25;-0,5;0,0;0,0;0,0;50,0;Подготовка;
20251208;23:58:30;-0,5;0,0;0,0;0,0;50,0;Подготовка;
20251208;23:58:35;-0,5;0,0;0,0;0,0;50,0;Подготовка;
20251208;23:58:40;-0,5;0,0;0,0;0,0;50,0;Подготовка;
20251208;23:58:45;-0,5;0,0;0,0;0,0;50,0;Подготовка;
20251208;23:58:50;-0,5;0,0;0,0;0,0;50,0;Подготовка;
20251208;23:58:55;-0,5;0,0;0,0;0,0;50,0;Подготовка;
20251208;23:59:00;-0,5;0,0;0,0;0,0;50,0;Подготовка;
20251208;23:59:05;-0,5;0,0;0,0;0,0;50,0;Подготовка;
20251208;23:59:10;-0,5;0,0;0,0;0,0;50,0;Подготовка;
20251208;23:59:15;-0,5;0,0;0,0;0,0;50,0;Подготовка;
20251208;23:59:20;-0,5;0,0;0,0;0,0;50,0;Подготовка;
20251208;23:59:25;-0,5;0,0;0,0;0,0;50,0;Подготовка;
20251208;23:59:30;-0,5;0,0;0,0;0,0;50,0;Подготовка;
20251208;23:59:35;-0,5;0,0;0,0;0,0;50,0;Подготовка;
20251208;23:59:40;-0,5;0,0;0,0;0,0;50,0;Подготовка;
20251208;23:59:45;-0,5;0,0;0,0;0,0;50,0;Подготовка;
20251208;23:59:50;-0,5;0,0;0,0;0,0;50,0;Подготовка;
20251208;23:59:55;-0,5;0,0;0,0;0,0;50,0;Подготовка;
